ISO-10303-21;
HEADER;
FILE_DESCRIPTION(('STEP AP214'),'1');
FILE_NAME('pj-320e.stp','2021-03-25T09:30:05',('TraceParts'),('TraceParts S.A.'),'Spatial InterOp 3D',' ',' ');
FILE_SCHEMA(('AUTOMOTIVE_DESIGN { 1 0 10303 214 1 1 1 1 }'));
ENDSEC;
DATA;
#1=PRODUCT_DEFINITION_CONTEXT('',#9,'design');
#2=APPLICATION_PROTOCOL_DEFINITION('INTERNATIONAL STANDARD','automotive_design',1994,#9);
#3=PRODUCT_CATEGORY_RELATIONSHIP('NONE','NONE',#10,#11);
#4=SHAPE_DEFINITION_REPRESENTATION(#12,#13);
#5= (GEOMETRIC_REPRESENTATION_CONTEXT(3)GLOBAL_UNCERTAINTY_ASSIGNED_CONTEXT((#16))GLOBAL_UNIT_ASSIGNED_CONTEXT((#18,#19,#20))REPRESENTATION_CONTEXT('NONE','WORKSPACE'));
#9=APPLICATION_CONTEXT(' ');
#10=PRODUCT_CATEGORY('part','NONE');
#11=PRODUCT_RELATED_PRODUCT_CATEGORY('detail',' ',(#22));
#12=PRODUCT_DEFINITION_SHAPE('NONE','NONE',#23);
#13=ADVANCED_BREP_SHAPE_REPRESENTATION('pj-320e',(#24,#25),#5);
#16=UNCERTAINTY_MEASURE_WITH_UNIT(LENGTH_MEASURE(1.0E-06),#18,'','');
#18= (CONVERSION_BASED_UNIT('MILLIMETRE',#28)LENGTH_UNIT()NAMED_UNIT(#31));
#19= (NAMED_UNIT(#33)PLANE_ANGLE_UNIT()SI_UNIT($,.RADIAN.));
#20= (NAMED_UNIT(#33)SOLID_ANGLE_UNIT()SI_UNIT($,.STERADIAN.));
#22=PRODUCT('pj-320e','pj-320e','PART-pj-320e-DESC',(#39));
#23=PRODUCT_DEFINITION('','NONE',#40,#1);
#24=MANIFOLD_SOLID_BREP('pj-320e',#41);
#25=AXIS2_PLACEMENT_3D('',#42,#43,#44);
#28=LENGTH_MEASURE_WITH_UNIT(LENGTH_MEASURE(1.0),#45);
#31=DIMENSIONAL_EXPONENTS(1.0,0.0,0.0,0.0,0.0,0.0,0.0);
#33=DIMENSIONAL_EXPONENTS(0.0,0.0,0.0,0.0,0.0,0.0,0.0);
#39=PRODUCT_CONTEXT('',#9,'mechanical');
#40=PRODUCT_DEFINITION_FORMATION_WITH_SPECIFIED_SOURCE(' ','NONE',#22,.NOT_KNOWN.);
#41=CLOSED_SHELL('',(#46,#47,#48,#49,#50,#51,#52,#53,#54,#55,#56,#57,#58,#59,#60,#61,#62,#63,#64,#65,#66,#67,#68,#69,#70,#71,#72,#73,#74,#75,#76,#77,#78,#79,#80,#81,#82,#83,#84,#85,#86,#87,#88,#89,#90,#91,#92,#93,#94,#95,#96,#97,#98,#99,#100,#101,#102,#103,#104,#105,#106,#107,#108,#109,#110,#111,#112,#113,#114,#115,#116,#117,#118,#119,#120,#121,#122,#123,#124,#125,#126,#127,#128,#129,#130,#131,#132,#133,#134,#135,#136,#137,#138,#139,#140,#141,#142,#143,#144,#145,#146,#147,#148,#149,#150,#151,#152,#153,#154,#155,#156,#157,#158,#159,#160,#161,#162,#163,#164,#165,#166,#167,#168,#169,#170,#171,#172,#173,#174,#175,#176,#177,#178,#179,#180,#181,#182,#183,#184,#185,#186,#187,#188,#189,#190,#191,#192,#193,#194,#195,#196,#197,#198,#199,#200,#201,#202,#203,#204,#205,#206,#207,#208,#209,#210,#211,#212,#213,#214,#215,#216,#217,#218,#219,#220,#221,#222,#223,#224,#225,#226,#227,#228,#229,#230,#231,#232,#233,#234,#235,#236,#237,#238,#239,#240,#241,#242,#243,#244,#245,#246,#247,#248,#249,#250,#251,#252,#253,#254,#255,#256,#257,#258,#259,#260,#261,#262,#263,#264,#265,#266,#267,#268,#269,#270,#271,#272,#273,#274,#275,#276,#277,#278,#279,#280,#281,#282,#283,#284,#285,#286,#287,#288,#289,#290,#291,#292,#293,#294,#295,#296,#297,#298,#299,#300,#301,#302,#303,#304,#305,#306,#307,#308,#309,#310,#311,#312,#313,#314,#315,#316,#317,#318,#319,#320,#321,#322,#323,#324,#325,#326,#327,#328,#329,#330,#331,#332,#333,#334,#335,#336,#337,#338,#339,#340,#341,#342,#343,#344,#345,#346,#347,#348,#349,#350,#351,#352,#353,#354,#355,#356,#357,#358,#359,#360,#361,#362,#363,#364,#365,#366,#367,#368,#369,#370,#371,#372,#373,#374,#375,#376,#377,#378,#379,#380,#381,#382,#383,#384,#385,#386,#387,#388,#389,#390,#391,#392,#393,#394,#395,#396,#397,#398,#399,#400,#401,#402,#403,#404,#405,#406,#407,#408,#409,#410,#411,#412,#413,#414,#415,#416,#417,#418,#419,#420,#421,#422,#423,#424,#425,#426,#427,#428,#429,#430,#431,#432,#433,#434,#435,#436,#437,#438,#439,#440,#441,#442,#443,#444,#445,#446,#447,#448,#449,#450,#451,#452,#453,#454,#455,#456,#457,#458,#459,#460,#461,#462,#463,#464,#465,#466,#467,#468,#469,#470,#471,#472,#473,#474,#475,#476,#477,#478,#479,#480,#481,#482,#483,#484,#485,#486,#487,#488,#489,#490,#491,#492,#493,#494,#495,#496,#497,#498,#499,#500,#501,#502,#503,#504,#505,#506,#507,#508,#509,#510,#511,#512,#513,#514,#515,#516,#517,#518,#519,#520,#521,#522,#523,#524,#525,#526,#527,#528,#529,#530,#531,#532,#533,#534,#535,#536,#537,#538,#539,#540,#541,#542,#543,#544,#545,#546,#547,#548,#549,#550,#551,#552,#553,#554,#555,#556,#557,#558,#559,#560,#561,#562,#563,#564,#565,#566,#567,#568,#569,#570,#571,#572,#573,#574,#575,#576,#577,#578,#579,#580,#581,#582,#583,#584,#585,#586,#587,#588,#589,#590,#591,#592,#593,#594,#595,#596,#597,#598,#599,#600,#601,#602,#603,#604,#605,#606,#607,#608,#609,#610,#611,#612,#613,#614,#615,#616,#617,#618,#619,#620,#621,#622,#623,#624,#625,#626,#627,#628,#629,#630,#631,#632,#633,#634,#635,#636,#637,#638,#639,#640,#641));
#42=CARTESIAN_POINT('',(0.0,0.0,0.0));
#43=DIRECTION('',(0.0,0.0,1.0));
#44=DIRECTION('',(1.0,0.0,0.0));
#45= (NAMED_UNIT(#31)LENGTH_UNIT()SI_UNIT(.MILLI.,.METRE.));
#46=ADVANCED_FACE('',(#643),#644,.F.);
#47=ADVANCED_FACE('',(#645),#646,.T.);
#48=ADVANCED_FACE('',(#647),#648,.T.);
#49=ADVANCED_FACE('',(#649),#650,.F.);
#50=ADVANCED_FACE('',(#651),#652,.F.);
#51=ADVANCED_FACE('',(#653),#654,.T.);
#52=ADVANCED_FACE('',(#655),#656,.T.);
#53=ADVANCED_FACE('',(#657),#658,.T.);
#54=ADVANCED_FACE('',(#659),#660,.T.);
#55=ADVANCED_FACE('',(#661),#662,.T.);
#56=ADVANCED_FACE('',(#663),#664,.T.);
#57=ADVANCED_FACE('',(#665),#666,.T.);
#58=ADVANCED_FACE('',(#667),#668,.T.);
#59=ADVANCED_FACE('',(#669),#670,.T.);
#60=ADVANCED_FACE('',(#671),#672,.T.);
#61=ADVANCED_FACE('',(#673),#674,.T.);
#62=ADVANCED_FACE('',(#675),#676,.T.);
#63=ADVANCED_FACE('',(#677,#678),#679,.T.);
#64=ADVANCED_FACE('',(#680),#681,.T.);
#65=ADVANCED_FACE('',(#682),#683,.T.);
#66=ADVANCED_FACE('',(#684),#685,.F.);
#67=ADVANCED_FACE('',(#686),#687,.F.);
#68=ADVANCED_FACE('',(#688,#689,#690,#691,#692,#693,#694,#695,#696,#697,#698,#699,#700,#701,#702,#703,#704,#705,#706,#707,#708,#709),#710,.T.);
#69=ADVANCED_FACE('',(#711),#712,.T.);
#70=ADVANCED_FACE('',(#713),#714,.T.);
#71=ADVANCED_FACE('',(#715),#716,.T.);
#72=ADVANCED_FACE('',(#717),#718,.T.);
#73=ADVANCED_FACE('',(#719),#720,.F.);
#74=ADVANCED_FACE('',(#721),#722,.T.);
#75=ADVANCED_FACE('',(#723),#724,.F.);
#76=ADVANCED_FACE('',(#725,#726,#727,#728),#729,.T.);
#77=ADVANCED_FACE('',(#730),#731,.T.);
#78=ADVANCED_FACE('',(#732),#733,.T.);
#79=ADVANCED_FACE('',(#734),#735,.T.);
#80=ADVANCED_FACE('',(#736),#737,.T.);
#81=ADVANCED_FACE('',(#738),#739,.T.);
#82=ADVANCED_FACE('',(#740),#741,.T.);
#83=ADVANCED_FACE('',(#742),#743,.T.);
#84=ADVANCED_FACE('',(#744),#745,.T.);
#85=ADVANCED_FACE('',(#746),#747,.T.);
#86=ADVANCED_FACE('',(#748),#749,.T.);
#87=ADVANCED_FACE('',(#750),#751,.T.);
#88=ADVANCED_FACE('',(#752),#753,.T.);
#89=ADVANCED_FACE('',(#754),#755,.T.);
#90=ADVANCED_FACE('',(#756),#757,.T.);
#91=ADVANCED_FACE('',(#758),#759,.T.);
#92=ADVANCED_FACE('',(#760),#761,.T.);
#93=ADVANCED_FACE('',(#762),#763,.F.);
#94=ADVANCED_FACE('',(#764),#765,.T.);
#95=ADVANCED_FACE('',(#766),#767,.F.);
#96=ADVANCED_FACE('',(#768),#769,.F.);
#97=ADVANCED_FACE('',(#770),#771,.F.);
#98=ADVANCED_FACE('',(#772),#773,.F.);
#99=ADVANCED_FACE('',(#774),#775,.F.);
#100=ADVANCED_FACE('',(#776),#777,.F.);
#101=ADVANCED_FACE('',(#778),#779,.T.);
#102=ADVANCED_FACE('',(#780),#781,.T.);
#103=ADVANCED_FACE('',(#782),#783,.T.);
#104=ADVANCED_FACE('',(#784),#785,.T.);
#105=ADVANCED_FACE('',(#786),#787,.F.);
#106=ADVANCED_FACE('',(#788),#789,.F.);
#107=ADVANCED_FACE('',(#790),#791,.F.);
#108=ADVANCED_FACE('',(#792),#793,.F.);
#109=ADVANCED_FACE('',(#794),#795,.F.);
#110=ADVANCED_FACE('',(#796),#797,.T.);
#111=ADVANCED_FACE('',(#798),#799,.F.);
#112=ADVANCED_FACE('',(#800),#801,.T.);
#113=ADVANCED_FACE('',(#802),#803,.T.);
#114=ADVANCED_FACE('',(#804),#805,.T.);
#115=ADVANCED_FACE('',(#806),#807,.T.);
#116=ADVANCED_FACE('',(#808),#809,.T.);
#117=ADVANCED_FACE('',(#810),#811,.T.);
#118=ADVANCED_FACE('',(#812),#813,.T.);
#119=ADVANCED_FACE('',(#814),#815,.F.);
#120=ADVANCED_FACE('',(#816),#817,.F.);
#121=ADVANCED_FACE('',(#818),#819,.F.);
#122=ADVANCED_FACE('',(#820),#821,.F.);
#123=ADVANCED_FACE('',(#822),#823,.F.);
#124=ADVANCED_FACE('',(#824),#825,.F.);
#125=ADVANCED_FACE('',(#826),#827,.F.);
#126=ADVANCED_FACE('',(#828),#829,.F.);
#127=ADVANCED_FACE('',(#830),#831,.T.);
#128=ADVANCED_FACE('',(#832),#833,.T.);
#129=ADVANCED_FACE('',(#834),#835,.T.);
#130=ADVANCED_FACE('',(#836),#837,.T.);
#131=ADVANCED_FACE('',(#838),#839,.F.);
#132=ADVANCED_FACE('',(#840),#841,.F.);
#133=ADVANCED_FACE('',(#842,#843),#844,.T.);
#134=ADVANCED_FACE('',(#845),#846,.F.);
#135=ADVANCED_FACE('',(#847),#848,.F.);
#136=ADVANCED_FACE('',(#849),#850,.F.);
#137=ADVANCED_FACE('',(#851),#852,.F.);
#138=ADVANCED_FACE('',(#853),#854,.F.);
#139=ADVANCED_FACE('',(#855),#856,.T.);
#140=ADVANCED_FACE('',(#857),#858,.T.);
#141=ADVANCED_FACE('',(#859),#860,.T.);
#142=ADVANCED_FACE('',(#861),#862,.T.);
#143=ADVANCED_FACE('',(#863),#864,.F.);
#144=ADVANCED_FACE('',(#865),#866,.T.);
#145=ADVANCED_FACE('',(#867),#868,.F.);
#146=ADVANCED_FACE('',(#869),#870,.F.);
#147=ADVANCED_FACE('',(#871),#872,.F.);
#148=ADVANCED_FACE('',(#873),#874,.F.);
#149=ADVANCED_FACE('',(#875),#876,.F.);
#150=ADVANCED_FACE('',(#877),#878,.F.);
#151=ADVANCED_FACE('',(#879),#880,.F.);
#152=ADVANCED_FACE('',(#881,#882),#883,.T.);
#153=ADVANCED_FACE('',(#884,#885),#886,.T.);
#154=ADVANCED_FACE('',(#887,#888),#889,.T.);
#155=ADVANCED_FACE('',(#890),#891,.F.);
#156=ADVANCED_FACE('',(#892),#893,.F.);
#157=ADVANCED_FACE('',(#894),#895,.F.);
#158=ADVANCED_FACE('',(#896),#897,.F.);
#159=ADVANCED_FACE('',(#898),#899,.F.);
#160=ADVANCED_FACE('',(#900),#901,.F.);
#161=ADVANCED_FACE('',(#902),#903,.F.);
#162=ADVANCED_FACE('',(#904),#905,.F.);
#163=ADVANCED_FACE('',(#906),#907,.F.);
#164=ADVANCED_FACE('',(#908),#909,.F.);
#165=ADVANCED_FACE('',(#910),#911,.F.);
#166=ADVANCED_FACE('',(#912),#913,.F.);
#167=ADVANCED_FACE('',(#914),#915,.F.);
#168=ADVANCED_FACE('',(#916),#917,.F.);
#169=ADVANCED_FACE('',(#918),#919,.F.);
#170=ADVANCED_FACE('',(#920),#921,.F.);
#171=ADVANCED_FACE('',(#922),#923,.F.);
#172=ADVANCED_FACE('',(#924),#925,.F.);
#173=ADVANCED_FACE('',(#926),#927,.F.);
#174=ADVANCED_FACE('',(#928),#929,.T.);
#175=ADVANCED_FACE('',(#930),#931,.T.);
#176=ADVANCED_FACE('',(#932),#933,.T.);
#177=ADVANCED_FACE('',(#934),#935,.T.);
#178=ADVANCED_FACE('',(#936),#937,.T.);
#179=ADVANCED_FACE('',(#938),#939,.T.);
#180=ADVANCED_FACE('',(#940),#941,.T.);
#181=ADVANCED_FACE('',(#942),#943,.T.);
#182=ADVANCED_FACE('',(#944),#945,.T.);
#183=ADVANCED_FACE('',(#946),#947,.T.);
#184=ADVANCED_FACE('',(#948),#949,.T.);
#185=ADVANCED_FACE('',(#950),#951,.T.);
#186=ADVANCED_FACE('',(#952),#953,.T.);
#187=ADVANCED_FACE('',(#954),#955,.T.);
#188=ADVANCED_FACE('',(#956),#957,.T.);
#189=ADVANCED_FACE('',(#958),#959,.T.);
#190=ADVANCED_FACE('',(#960),#961,.T.);
#191=ADVANCED_FACE('',(#962),#963,.T.);
#192=ADVANCED_FACE('',(#964),#965,.T.);
#193=ADVANCED_FACE('',(#966),#967,.T.);
#194=ADVANCED_FACE('',(#968),#969,.T.);
#195=ADVANCED_FACE('',(#970),#971,.F.);
#196=ADVANCED_FACE('',(#972),#973,.F.);
#197=ADVANCED_FACE('',(#974),#975,.F.);
#198=ADVANCED_FACE('',(#976),#977,.F.);
#199=ADVANCED_FACE('',(#978),#979,.F.);
#200=ADVANCED_FACE('',(#980),#981,.F.);
#201=ADVANCED_FACE('',(#982),#983,.F.);
#202=ADVANCED_FACE('',(#984),#985,.F.);
#203=ADVANCED_FACE('',(#986,#987),#988,.T.);
#204=ADVANCED_FACE('',(#989),#990,.T.);
#205=ADVANCED_FACE('',(#991),#992,.T.);
#206=ADVANCED_FACE('',(#993),#994,.T.);
#207=ADVANCED_FACE('',(#995),#996,.T.);
#208=ADVANCED_FACE('',(#997),#998,.T.);
#209=ADVANCED_FACE('',(#999),#1000,.T.);
#210=ADVANCED_FACE('',(#1001),#1002,.T.);
#211=ADVANCED_FACE('',(#1003),#1004,.T.);
#212=ADVANCED_FACE('',(#1005),#1006,.F.);
#213=ADVANCED_FACE('',(#1007),#1008,.F.);
#214=ADVANCED_FACE('',(#1009),#1010,.F.);
#215=ADVANCED_FACE('',(#1011),#1012,.T.);
#216=ADVANCED_FACE('',(#1013),#1014,.F.);
#217=ADVANCED_FACE('',(#1015),#1016,.F.);
#218=ADVANCED_FACE('',(#1017),#1018,.F.);
#219=ADVANCED_FACE('',(#1019),#1020,.F.);
#220=ADVANCED_FACE('',(#1021),#1022,.F.);
#221=ADVANCED_FACE('',(#1023),#1024,.F.);
#222=ADVANCED_FACE('',(#1025),#1026,.F.);
#223=ADVANCED_FACE('',(#1027),#1028,.F.);
#224=ADVANCED_FACE('',(#1029),#1030,.F.);
#225=ADVANCED_FACE('',(#1031),#1032,.F.);
#226=ADVANCED_FACE('',(#1033),#1034,.F.);
#227=ADVANCED_FACE('',(#1035),#1036,.F.);
#228=ADVANCED_FACE('',(#1037),#1038,.F.);
#229=ADVANCED_FACE('',(#1039),#1040,.F.);
#230=ADVANCED_FACE('',(#1041),#1042,.F.);
#231=ADVANCED_FACE('',(#1043),#1044,.F.);
#232=ADVANCED_FACE('',(#1045),#1046,.F.);
#233=ADVANCED_FACE('',(#1047),#1048,.F.);
#234=ADVANCED_FACE('',(#1049),#1050,.F.);
#235=ADVANCED_FACE('',(#1051),#1052,.F.);
#236=ADVANCED_FACE('',(#1053),#1054,.F.);
#237=ADVANCED_FACE('',(#1055),#1056,.F.);
#238=ADVANCED_FACE('',(#1057),#1058,.F.);
#239=ADVANCED_FACE('',(#1059),#1060,.F.);
#240=ADVANCED_FACE('',(#1061),#1062,.F.);
#241=ADVANCED_FACE('',(#1063),#1064,.F.);
#242=ADVANCED_FACE('',(#1065),#1066,.F.);
#243=ADVANCED_FACE('',(#1067),#1068,.F.);
#244=ADVANCED_FACE('',(#1069),#1070,.F.);
#245=ADVANCED_FACE('',(#1071),#1072,.F.);
#246=ADVANCED_FACE('',(#1073),#1074,.F.);
#247=ADVANCED_FACE('',(#1075),#1076,.F.);
#248=ADVANCED_FACE('',(#1077),#1078,.F.);
#249=ADVANCED_FACE('',(#1079),#1080,.F.);
#250=ADVANCED_FACE('',(#1081),#1082,.F.);
#251=ADVANCED_FACE('',(#1083),#1084,.F.);
#252=ADVANCED_FACE('',(#1085),#1086,.F.);
#253=ADVANCED_FACE('',(#1087),#1088,.F.);
#254=ADVANCED_FACE('',(#1089),#1090,.F.);
#255=ADVANCED_FACE('',(#1091),#1092,.F.);
#256=ADVANCED_FACE('',(#1093),#1094,.T.);
#257=ADVANCED_FACE('',(#1095),#1096,.T.);
#258=ADVANCED_FACE('',(#1097),#1098,.T.);
#259=ADVANCED_FACE('',(#1099),#1100,.T.);
#260=ADVANCED_FACE('',(#1101),#1102,.T.);
#261=ADVANCED_FACE('',(#1103),#1104,.T.);
#262=ADVANCED_FACE('',(#1105),#1106,.T.);
#263=ADVANCED_FACE('',(#1107),#1108,.T.);
#264=ADVANCED_FACE('',(#1109),#1110,.T.);
#265=ADVANCED_FACE('',(#1111,#1112),#1113,.T.);
#266=ADVANCED_FACE('',(#1114),#1115,.T.);
#267=ADVANCED_FACE('',(#1116),#1117,.T.);
#268=ADVANCED_FACE('',(#1118),#1119,.T.);
#269=ADVANCED_FACE('',(#1120),#1121,.T.);
#270=ADVANCED_FACE('',(#1122),#1123,.T.);
#271=ADVANCED_FACE('',(#1124,#1125),#1126,.T.);
#272=ADVANCED_FACE('',(#1127,#1128),#1129,.T.);
#273=ADVANCED_FACE('',(#1130),#1131,.F.);
#274=ADVANCED_FACE('',(#1132),#1133,.F.);
#275=ADVANCED_FACE('',(#1134),#1135,.F.);
#276=ADVANCED_FACE('',(#1136),#1137,.F.);
#277=ADVANCED_FACE('',(#1138),#1139,.F.);
#278=ADVANCED_FACE('',(#1140),#1141,.F.);
#279=ADVANCED_FACE('',(#1142),#1143,.F.);
#280=ADVANCED_FACE('',(#1144),#1145,.F.);
#281=ADVANCED_FACE('',(#1146),#1147,.F.);
#282=ADVANCED_FACE('',(#1148),#1149,.F.);
#283=ADVANCED_FACE('',(#1150),#1151,.F.);
#284=ADVANCED_FACE('',(#1152),#1153,.F.);
#285=ADVANCED_FACE('',(#1154),#1155,.F.);
#286=ADVANCED_FACE('',(#1156),#1157,.F.);
#287=ADVANCED_FACE('',(#1158),#1159,.F.);
#288=ADVANCED_FACE('',(#1160),#1161,.F.);
#289=ADVANCED_FACE('',(#1162),#1163,.F.);
#290=ADVANCED_FACE('',(#1164),#1165,.F.);
#291=ADVANCED_FACE('',(#1166),#1167,.F.);
#292=ADVANCED_FACE('',(#1168),#1169,.F.);
#293=ADVANCED_FACE('',(#1170),#1171,.F.);
#294=ADVANCED_FACE('',(#1172),#1173,.F.);
#295=ADVANCED_FACE('',(#1174),#1175,.F.);
#296=ADVANCED_FACE('',(#1176),#1177,.F.);
#297=ADVANCED_FACE('',(#1178),#1179,.F.);
#298=ADVANCED_FACE('',(#1180),#1181,.F.);
#299=ADVANCED_FACE('',(#1182),#1183,.F.);
#300=ADVANCED_FACE('',(#1184),#1185,.F.);
#301=ADVANCED_FACE('',(#1186),#1187,.F.);
#302=ADVANCED_FACE('',(#1188),#1189,.F.);
#303=ADVANCED_FACE('',(#1190),#1191,.F.);
#304=ADVANCED_FACE('',(#1192),#1193,.F.);
#305=ADVANCED_FACE('',(#1194),#1195,.F.);
#306=ADVANCED_FACE('',(#1196),#1197,.F.);
#307=ADVANCED_FACE('',(#1198),#1199,.F.);
#308=ADVANCED_FACE('',(#1200),#1201,.F.);
#309=ADVANCED_FACE('',(#1202),#1203,.F.);
#310=ADVANCED_FACE('',(#1204),#1205,.F.);
#311=ADVANCED_FACE('',(#1206),#1207,.F.);
#312=ADVANCED_FACE('',(#1208),#1209,.F.);
#313=ADVANCED_FACE('',(#1210),#1211,.F.);
#314=ADVANCED_FACE('',(#1212),#1213,.F.);
#315=ADVANCED_FACE('',(#1214),#1215,.F.);
#316=ADVANCED_FACE('',(#1216),#1217,.F.);
#317=ADVANCED_FACE('',(#1218),#1219,.F.);
#318=ADVANCED_FACE('',(#1220),#1221,.F.);
#319=ADVANCED_FACE('',(#1222),#1223,.F.);
#320=ADVANCED_FACE('',(#1224),#1225,.F.);
#321=ADVANCED_FACE('',(#1226),#1227,.F.);
#322=ADVANCED_FACE('',(#1228),#1229,.F.);
#323=ADVANCED_FACE('',(#1230),#1231,.F.);
#324=ADVANCED_FACE('',(#1232),#1233,.F.);
#325=ADVANCED_FACE('',(#1234),#1235,.F.);
#326=ADVANCED_FACE('',(#1236),#1237,.F.);
#327=ADVANCED_FACE('',(#1238),#1239,.F.);
#328=ADVANCED_FACE('',(#1240),#1241,.F.);
#329=ADVANCED_FACE('',(#1242),#1243,.F.);
#330=ADVANCED_FACE('',(#1244),#1245,.F.);
#331=ADVANCED_FACE('',(#1246),#1247,.F.);
#332=ADVANCED_FACE('',(#1248),#1249,.F.);
#333=ADVANCED_FACE('',(#1250),#1251,.F.);
#334=ADVANCED_FACE('',(#1252),#1253,.F.);
#335=ADVANCED_FACE('',(#1254),#1255,.F.);
#336=ADVANCED_FACE('',(#1256),#1257,.F.);
#337=ADVANCED_FACE('',(#1258),#1259,.F.);
#338=ADVANCED_FACE('',(#1260),#1261,.F.);
#339=ADVANCED_FACE('',(#1262),#1263,.F.);
#340=ADVANCED_FACE('',(#1264),#1265,.F.);
#341=ADVANCED_FACE('',(#1266),#1267,.F.);
#342=ADVANCED_FACE('',(#1268),#1269,.F.);
#343=ADVANCED_FACE('',(#1270),#1271,.F.);
#344=ADVANCED_FACE('',(#1272),#1273,.F.);
#345=ADVANCED_FACE('',(#1274),#1275,.F.);
#346=ADVANCED_FACE('',(#1276),#1277,.F.);
#347=ADVANCED_FACE('',(#1278),#1279,.F.);
#348=ADVANCED_FACE('',(#1280),#1281,.F.);
#349=ADVANCED_FACE('',(#1282),#1283,.F.);
#350=ADVANCED_FACE('',(#1284),#1285,.F.);
#351=ADVANCED_FACE('',(#1286),#1287,.F.);
#352=ADVANCED_FACE('',(#1288),#1289,.F.);
#353=ADVANCED_FACE('',(#1290),#1291,.F.);
#354=ADVANCED_FACE('',(#1292),#1293,.F.);
#355=ADVANCED_FACE('',(#1294),#1295,.F.);
#356=ADVANCED_FACE('',(#1296),#1297,.F.);
#357=ADVANCED_FACE('',(#1298),#1299,.F.);
#358=ADVANCED_FACE('',(#1300),#1301,.F.);
#359=ADVANCED_FACE('',(#1302),#1303,.F.);
#360=ADVANCED_FACE('',(#1304),#1305,.F.);
#361=ADVANCED_FACE('',(#1306),#1307,.F.);
#362=ADVANCED_FACE('',(#1308),#1309,.F.);
#363=ADVANCED_FACE('',(#1310),#1311,.F.);
#364=ADVANCED_FACE('',(#1312),#1313,.F.);
#365=ADVANCED_FACE('',(#1314),#1315,.F.);
#366=ADVANCED_FACE('',(#1316),#1317,.F.);
#367=ADVANCED_FACE('',(#1318),#1319,.F.);
#368=ADVANCED_FACE('',(#1320),#1321,.F.);
#369=ADVANCED_FACE('',(#1322),#1323,.F.);
#370=ADVANCED_FACE('',(#1324),#1325,.F.);
#371=ADVANCED_FACE('',(#1326),#1327,.F.);
#372=ADVANCED_FACE('',(#1328),#1329,.F.);
#373=ADVANCED_FACE('',(#1330),#1331,.F.);
#374=ADVANCED_FACE('',(#1332),#1333,.F.);
#375=ADVANCED_FACE('',(#1334),#1335,.F.);
#376=ADVANCED_FACE('',(#1336),#1337,.F.);
#377=ADVANCED_FACE('',(#1338),#1339,.F.);
#378=ADVANCED_FACE('',(#1340),#1341,.F.);
#379=ADVANCED_FACE('',(#1342),#1343,.F.);
#380=ADVANCED_FACE('',(#1344),#1345,.F.);
#381=ADVANCED_FACE('',(#1346),#1347,.F.);
#382=ADVANCED_FACE('',(#1348),#1349,.F.);
#383=ADVANCED_FACE('',(#1350),#1351,.F.);
#384=ADVANCED_FACE('',(#1352),#1353,.F.);
#385=ADVANCED_FACE('',(#1354),#1355,.F.);
#386=ADVANCED_FACE('',(#1356),#1357,.F.);
#387=ADVANCED_FACE('',(#1358),#1359,.F.);
#388=ADVANCED_FACE('',(#1360),#1361,.F.);
#389=ADVANCED_FACE('',(#1362),#1363,.F.);
#390=ADVANCED_FACE('',(#1364),#1365,.F.);
#391=ADVANCED_FACE('',(#1366),#1367,.F.);
#392=ADVANCED_FACE('',(#1368),#1369,.F.);
#393=ADVANCED_FACE('',(#1370),#1371,.F.);
#394=ADVANCED_FACE('',(#1372),#1373,.F.);
#395=ADVANCED_FACE('',(#1374),#1375,.F.);
#396=ADVANCED_FACE('',(#1376),#1377,.F.);
#397=ADVANCED_FACE('',(#1378),#1379,.F.);
#398=ADVANCED_FACE('',(#1380),#1381,.F.);
#399=ADVANCED_FACE('',(#1382),#1383,.F.);
#400=ADVANCED_FACE('',(#1384),#1385,.F.);
#401=ADVANCED_FACE('',(#1386),#1387,.F.);
#402=ADVANCED_FACE('',(#1388),#1389,.F.);
#403=ADVANCED_FACE('',(#1390),#1391,.F.);
#404=ADVANCED_FACE('',(#1392),#1393,.F.);
#405=ADVANCED_FACE('',(#1394),#1395,.F.);
#406=ADVANCED_FACE('',(#1396),#1397,.F.);
#407=ADVANCED_FACE('',(#1398),#1399,.F.);
#408=ADVANCED_FACE('',(#1400),#1401,.F.);
#409=ADVANCED_FACE('',(#1402),#1403,.F.);
#410=ADVANCED_FACE('',(#1404),#1405,.F.);
#411=ADVANCED_FACE('',(#1406),#1407,.F.);
#412=ADVANCED_FACE('',(#1408),#1409,.F.);
#413=ADVANCED_FACE('',(#1410),#1411,.F.);
#414=ADVANCED_FACE('',(#1412),#1413,.F.);
#415=ADVANCED_FACE('',(#1414),#1415,.F.);
#416=ADVANCED_FACE('',(#1416),#1417,.F.);
#417=ADVANCED_FACE('',(#1418),#1419,.F.);
#418=ADVANCED_FACE('',(#1420),#1421,.F.);
#419=ADVANCED_FACE('',(#1422),#1423,.F.);
#420=ADVANCED_FACE('',(#1424),#1425,.F.);
#421=ADVANCED_FACE('',(#1426),#1427,.F.);
#422=ADVANCED_FACE('',(#1428),#1429,.F.);
#423=ADVANCED_FACE('',(#1430),#1431,.F.);
#424=ADVANCED_FACE('',(#1432),#1433,.F.);
#425=ADVANCED_FACE('',(#1434),#1435,.F.);
#426=ADVANCED_FACE('',(#1436),#1437,.F.);
#427=ADVANCED_FACE('',(#1438),#1439,.F.);
#428=ADVANCED_FACE('',(#1440),#1441,.F.);
#429=ADVANCED_FACE('',(#1442),#1443,.F.);
#430=ADVANCED_FACE('',(#1444),#1445,.F.);
#431=ADVANCED_FACE('',(#1446),#1447,.F.);
#432=ADVANCED_FACE('',(#1448),#1449,.F.);
#433=ADVANCED_FACE('',(#1450),#1451,.F.);
#434=ADVANCED_FACE('',(#1452),#1453,.F.);
#435=ADVANCED_FACE('',(#1454),#1455,.F.);
#436=ADVANCED_FACE('',(#1456),#1457,.F.);
#437=ADVANCED_FACE('',(#1458),#1459,.F.);
#438=ADVANCED_FACE('',(#1460),#1461,.F.);
#439=ADVANCED_FACE('',(#1462),#1463,.F.);
#440=ADVANCED_FACE('',(#1464),#1465,.F.);
#441=ADVANCED_FACE('',(#1466),#1467,.F.);
#442=ADVANCED_FACE('',(#1468),#1469,.F.);
#443=ADVANCED_FACE('',(#1470),#1471,.F.);
#444=ADVANCED_FACE('',(#1472),#1473,.F.);
#445=ADVANCED_FACE('',(#1474),#1475,.F.);
#446=ADVANCED_FACE('',(#1476),#1477,.F.);
#447=ADVANCED_FACE('',(#1478),#1479,.F.);
#448=ADVANCED_FACE('',(#1480),#1481,.F.);
#449=ADVANCED_FACE('',(#1482),#1483,.F.);
#450=ADVANCED_FACE('',(#1484),#1485,.F.);
#451=ADVANCED_FACE('',(#1486),#1487,.F.);
#452=ADVANCED_FACE('',(#1488),#1489,.F.);
#453=ADVANCED_FACE('',(#1490),#1491,.F.);
#454=ADVANCED_FACE('',(#1492),#1493,.F.);
#455=ADVANCED_FACE('',(#1494),#1495,.F.);
#456=ADVANCED_FACE('',(#1496),#1497,.F.);
#457=ADVANCED_FACE('',(#1498),#1499,.F.);
#458=ADVANCED_FACE('',(#1500),#1501,.F.);
#459=ADVANCED_FACE('',(#1502),#1503,.F.);
#460=ADVANCED_FACE('',(#1504),#1505,.F.);
#461=ADVANCED_FACE('',(#1506),#1507,.F.);
#462=ADVANCED_FACE('',(#1508),#1509,.F.);
#463=ADVANCED_FACE('',(#1510),#1511,.F.);
#464=ADVANCED_FACE('',(#1512),#1513,.F.);
#465=ADVANCED_FACE('',(#1514),#1515,.F.);
#466=ADVANCED_FACE('',(#1516),#1517,.F.);
#467=ADVANCED_FACE('',(#1518),#1519,.F.);
#468=ADVANCED_FACE('',(#1520),#1521,.F.);
#469=ADVANCED_FACE('',(#1522),#1523,.F.);
#470=ADVANCED_FACE('',(#1524),#1525,.F.);
#471=ADVANCED_FACE('',(#1526),#1527,.F.);
#472=ADVANCED_FACE('',(#1528),#1529,.F.);
#473=ADVANCED_FACE('',(#1530),#1531,.F.);
#474=ADVANCED_FACE('',(#1532),#1533,.F.);
#475=ADVANCED_FACE('',(#1534),#1535,.F.);
#476=ADVANCED_FACE('',(#1536),#1537,.F.);
#477=ADVANCED_FACE('',(#1538),#1539,.F.);
#478=ADVANCED_FACE('',(#1540),#1541,.F.);
#479=ADVANCED_FACE('',(#1542),#1543,.F.);
#480=ADVANCED_FACE('',(#1544),#1545,.F.);
#481=ADVANCED_FACE('',(#1546),#1547,.F.);
#482=ADVANCED_FACE('',(#1548),#1549,.F.);
#483=ADVANCED_FACE('',(#1550),#1551,.F.);
#484=ADVANCED_FACE('',(#1552),#1553,.F.);
#485=ADVANCED_FACE('',(#1554),#1555,.F.);
#486=ADVANCED_FACE('',(#1556),#1557,.F.);
#487=ADVANCED_FACE('',(#1558),#1559,.F.);
#488=ADVANCED_FACE('',(#1560),#1561,.F.);
#489=ADVANCED_FACE('',(#1562),#1563,.F.);
#490=ADVANCED_FACE('',(#1564),#1565,.F.);
#491=ADVANCED_FACE('',(#1566),#1567,.F.);
#492=ADVANCED_FACE('',(#1568),#1569,.F.);
#493=ADVANCED_FACE('',(#1570),#1571,.F.);
#494=ADVANCED_FACE('',(#1572),#1573,.F.);
#495=ADVANCED_FACE('',(#1574),#1575,.F.);
#496=ADVANCED_FACE('',(#1576),#1577,.F.);
#497=ADVANCED_FACE('',(#1578),#1579,.F.);
#498=ADVANCED_FACE('',(#1580),#1581,.F.);
#499=ADVANCED_FACE('',(#1582),#1583,.F.);
#500=ADVANCED_FACE('',(#1584),#1585,.F.);
#501=ADVANCED_FACE('',(#1586),#1587,.F.);
#502=ADVANCED_FACE('',(#1588),#1589,.F.);
#503=ADVANCED_FACE('',(#1590),#1591,.F.);
#504=ADVANCED_FACE('',(#1592),#1593,.F.);
#505=ADVANCED_FACE('',(#1594),#1595,.F.);
#506=ADVANCED_FACE('',(#1596),#1597,.F.);
#507=ADVANCED_FACE('',(#1598),#1599,.F.);
#508=ADVANCED_FACE('',(#1600),#1601,.F.);
#509=ADVANCED_FACE('',(#1602),#1603,.F.);
#510=ADVANCED_FACE('',(#1604),#1605,.F.);
#511=ADVANCED_FACE('',(#1606),#1607,.F.);
#512=ADVANCED_FACE('',(#1608),#1609,.F.);
#513=ADVANCED_FACE('',(#1610),#1611,.F.);
#514=ADVANCED_FACE('',(#1612),#1613,.F.);
#515=ADVANCED_FACE('',(#1614),#1615,.F.);
#516=ADVANCED_FACE('',(#1616),#1617,.F.);
#517=ADVANCED_FACE('',(#1618),#1619,.F.);
#518=ADVANCED_FACE('',(#1620),#1621,.F.);
#519=ADVANCED_FACE('',(#1622),#1623,.F.);
#520=ADVANCED_FACE('',(#1624),#1625,.F.);
#521=ADVANCED_FACE('',(#1626),#1627,.F.);
#522=ADVANCED_FACE('',(#1628),#1629,.F.);
#523=ADVANCED_FACE('',(#1630),#1631,.F.);
#524=ADVANCED_FACE('',(#1632),#1633,.F.);
#525=ADVANCED_FACE('',(#1634),#1635,.F.);
#526=ADVANCED_FACE('',(#1636),#1637,.F.);
#527=ADVANCED_FACE('',(#1638),#1639,.F.);
#528=ADVANCED_FACE('',(#1640),#1641,.F.);
#529=ADVANCED_FACE('',(#1642),#1643,.F.);
#530=ADVANCED_FACE('',(#1644),#1645,.F.);
#531=ADVANCED_FACE('',(#1646),#1647,.F.);
#532=ADVANCED_FACE('',(#1648),#1649,.F.);
#533=ADVANCED_FACE('',(#1650),#1651,.F.);
#534=ADVANCED_FACE('',(#1652),#1653,.F.);
#535=ADVANCED_FACE('',(#1654),#1655,.F.);
#536=ADVANCED_FACE('',(#1656),#1657,.F.);
#537=ADVANCED_FACE('',(#1658),#1659,.F.);
#538=ADVANCED_FACE('',(#1660),#1661,.F.);
#539=ADVANCED_FACE('',(#1662),#1663,.F.);
#540=ADVANCED_FACE('',(#1664),#1665,.F.);
#541=ADVANCED_FACE('',(#1666),#1667,.F.);
#542=ADVANCED_FACE('',(#1668),#1669,.F.);
#543=ADVANCED_FACE('',(#1670),#1671,.F.);
#544=ADVANCED_FACE('',(#1672),#1673,.F.);
#545=ADVANCED_FACE('',(#1674),#1675,.F.);
#546=ADVANCED_FACE('',(#1676),#1677,.F.);
#547=ADVANCED_FACE('',(#1678),#1679,.F.);
#548=ADVANCED_FACE('',(#1680),#1681,.F.);
#549=ADVANCED_FACE('',(#1682),#1683,.F.);
#550=ADVANCED_FACE('',(#1684),#1685,.F.);
#551=ADVANCED_FACE('',(#1686),#1687,.F.);
#552=ADVANCED_FACE('',(#1688),#1689,.F.);
#553=ADVANCED_FACE('',(#1690),#1691,.F.);
#554=ADVANCED_FACE('',(#1692),#1693,.F.);
#555=ADVANCED_FACE('',(#1694),#1695,.F.);
#556=ADVANCED_FACE('',(#1696),#1697,.F.);
#557=ADVANCED_FACE('',(#1698),#1699,.F.);
#558=ADVANCED_FACE('',(#1700),#1701,.F.);
#559=ADVANCED_FACE('',(#1702),#1703,.F.);
#560=ADVANCED_FACE('',(#1704),#1705,.F.);
#561=ADVANCED_FACE('',(#1706),#1707,.F.);
#562=ADVANCED_FACE('',(#1708),#1709,.F.);
#563=ADVANCED_FACE('',(#1710),#1711,.F.);
#564=ADVANCED_FACE('',(#1712),#1713,.F.);
#565=ADVANCED_FACE('',(#1714),#1715,.F.);
#566=ADVANCED_FACE('',(#1716),#1717,.F.);
#567=ADVANCED_FACE('',(#1718),#1719,.F.);
#568=ADVANCED_FACE('',(#1720),#1721,.F.);
#569=ADVANCED_FACE('',(#1722),#1723,.F.);
#570=ADVANCED_FACE('',(#1724),#1725,.F.);
#571=ADVANCED_FACE('',(#1726),#1727,.F.);
#572=ADVANCED_FACE('',(#1728),#1729,.F.);
#573=ADVANCED_FACE('',(#1730),#1731,.F.);
#574=ADVANCED_FACE('',(#1732),#1733,.F.);
#575=ADVANCED_FACE('',(#1734),#1735,.F.);
#576=ADVANCED_FACE('',(#1736),#1737,.F.);
#577=ADVANCED_FACE('',(#1738),#1739,.F.);
#578=ADVANCED_FACE('',(#1740),#1741,.F.);
#579=ADVANCED_FACE('',(#1742),#1743,.F.);
#580=ADVANCED_FACE('',(#1744),#1745,.F.);
#581=ADVANCED_FACE('',(#1746),#1747,.F.);
#582=ADVANCED_FACE('',(#1748),#1749,.F.);
#583=ADVANCED_FACE('',(#1750),#1751,.F.);
#584=ADVANCED_FACE('',(#1752),#1753,.F.);
#585=ADVANCED_FACE('',(#1754),#1755,.F.);
#586=ADVANCED_FACE('',(#1756),#1757,.F.);
#587=ADVANCED_FACE('',(#1758),#1759,.F.);
#588=ADVANCED_FACE('',(#1760),#1761,.F.);
#589=ADVANCED_FACE('',(#1762),#1763,.F.);
#590=ADVANCED_FACE('',(#1764),#1765,.F.);
#591=ADVANCED_FACE('',(#1766),#1767,.F.);
#592=ADVANCED_FACE('',(#1768),#1769,.F.);
#593=ADVANCED_FACE('',(#1770),#1771,.F.);
#594=ADVANCED_FACE('',(#1772),#1773,.F.);
#595=ADVANCED_FACE('',(#1774),#1775,.F.);
#596=ADVANCED_FACE('',(#1776),#1777,.F.);
#597=ADVANCED_FACE('',(#1778),#1779,.F.);
#598=ADVANCED_FACE('',(#1780),#1781,.F.);
#599=ADVANCED_FACE('',(#1782),#1783,.F.);
#600=ADVANCED_FACE('',(#1784),#1785,.F.);
#601=ADVANCED_FACE('',(#1786),#1787,.F.);
#602=ADVANCED_FACE('',(#1788),#1789,.F.);
#603=ADVANCED_FACE('',(#1790),#1791,.F.);
#604=ADVANCED_FACE('',(#1792),#1793,.F.);
#605=ADVANCED_FACE('',(#1794),#1795,.F.);
#606=ADVANCED_FACE('',(#1796),#1797,.F.);
#607=ADVANCED_FACE('',(#1798),#1799,.F.);
#608=ADVANCED_FACE('',(#1800),#1801,.F.);
#609=ADVANCED_FACE('',(#1802),#1803,.F.);
#610=ADVANCED_FACE('',(#1804),#1805,.F.);
#611=ADVANCED_FACE('',(#1806),#1807,.F.);
#612=ADVANCED_FACE('',(#1808),#1809,.F.);
#613=ADVANCED_FACE('',(#1810),#1811,.F.);
#614=ADVANCED_FACE('',(#1812),#1813,.F.);
#615=ADVANCED_FACE('',(#1814),#1815,.F.);
#616=ADVANCED_FACE('',(#1816),#1817,.F.);
#617=ADVANCED_FACE('',(#1818),#1819,.F.);
#618=ADVANCED_FACE('',(#1820),#1821,.F.);
#619=ADVANCED_FACE('',(#1822),#1823,.F.);
#620=ADVANCED_FACE('',(#1824),#1825,.F.);
#621=ADVANCED_FACE('',(#1826),#1827,.F.);
#622=ADVANCED_FACE('',(#1828),#1829,.F.);
#623=ADVANCED_FACE('',(#1830),#1831,.F.);
#624=ADVANCED_FACE('',(#1832),#1833,.F.);
#625=ADVANCED_FACE('',(#1834),#1835,.F.);
#626=ADVANCED_FACE('',(#1836),#1837,.F.);
#627=ADVANCED_FACE('',(#1838),#1839,.F.);
#628=ADVANCED_FACE('',(#1840),#1841,.F.);
#629=ADVANCED_FACE('',(#1842),#1843,.F.);
#630=ADVANCED_FACE('',(#1844),#1845,.F.);
#631=ADVANCED_FACE('',(#1846),#1847,.F.);
#632=ADVANCED_FACE('',(#1848),#1849,.F.);
#633=ADVANCED_FACE('',(#1850),#1851,.F.);
#634=ADVANCED_FACE('',(#1852),#1853,.F.);
#635=ADVANCED_FACE('',(#1854),#1855,.F.);
#636=ADVANCED_FACE('',(#1856),#1857,.F.);
#637=ADVANCED_FACE('',(#1858),#1859,.F.);
#638=ADVANCED_FACE('',(#1860),#1861,.F.);
#639=ADVANCED_FACE('',(#1862),#1863,.F.);
#640=ADVANCED_FACE('',(#1864),#1865,.F.);
#641=ADVANCED_FACE('',(#1866),#1867,.F.);
#643=FACE_OUTER_BOUND('',#1868,.T.);
#644=CYLINDRICAL_SURFACE('',#1869,0.15232224);
#645=FACE_OUTER_BOUND('',#1870,.T.);
#646=CYLINDRICAL_SURFACE('',#1871,0.07215264);
#647=FACE_OUTER_BOUND('',#1872,.T.);
#648=CYLINDRICAL_SURFACE('',#1873,0.5);
#649=FACE_OUTER_BOUND('',#1874,.T.);
#650=CONICAL_SURFACE('',#1875,1.949999999724,0.7853981633973);
#651=FACE_OUTER_BOUND('',#1876,.T.);
#652=CONICAL_SURFACE('',#1877,1.949999999724,0.7853981633973);
#653=FACE_OUTER_BOUND('',#1878,.T.);
#654=CYLINDRICAL_SURFACE('',#1879,0.5);
#655=FACE_OUTER_BOUND('',#1880,.T.);
#656=CYLINDRICAL_SURFACE('',#1881,0.5);
#657=FACE_OUTER_BOUND('',#1882,.T.);
#658=CYLINDRICAL_SURFACE('',#1883,0.5);
#659=FACE_OUTER_BOUND('',#1884,.T.);
#660=CYLINDRICAL_SURFACE('',#1885,0.5);
#661=FACE_OUTER_BOUND('',#1886,.T.);
#662=TOROIDAL_SURFACE('',#1887,0.2,0.2);
#663=FACE_OUTER_BOUND('',#1888,.T.);
#664=TOROIDAL_SURFACE('',#1889,0.2,0.2);
#665=FACE_OUTER_BOUND('',#1890,.T.);
#666=TOROIDAL_SURFACE('',#1891,2.6,0.2);
#667=FACE_OUTER_BOUND('',#1892,.T.);
#668=TOROIDAL_SURFACE('',#1893,2.6,0.2);
#669=FACE_OUTER_BOUND('',#1894,.T.);
#670=PLANE('',#1895);
#671=FACE_OUTER_BOUND('',#1896,.T.);
#672=PLANE('',#1897);
#673=FACE_OUTER_BOUND('',#1898,.T.);
#674=CYLINDRICAL_SURFACE('',#1899,2.8);
#675=FACE_OUTER_BOUND('',#1900,.T.);
#676=TOROIDAL_SURFACE('',#1901,2.6,0.2);
#677=FACE_OUTER_BOUND('',#1902,.T.);
#678=FACE_BOUND('',#1903,.T.);
#679=PLANE('',#1904);
#680=FACE_OUTER_BOUND('',#1905,.T.);
#681=TOROIDAL_SURFACE('',#1906,2.6,0.2);
#682=FACE_OUTER_BOUND('',#1907,.T.);
#683=CYLINDRICAL_SURFACE('',#1908,2.8);
#684=FACE_OUTER_BOUND('',#1909,.T.);
#685=PLANE('',#1910);
#686=FACE_OUTER_BOUND('',#1911,.T.);
#687=PLANE('',#1912);
#688=FACE_OUTER_BOUND('',#1913,.T.);
#689=FACE_BOUND('',#1914,.T.);
#690=FACE_BOUND('',#1915,.T.);
#691=FACE_BOUND('',#1916,.T.);
#692=FACE_BOUND('',#1917,.T.);
#693=FACE_BOUND('',#1918,.T.);
#694=FACE_BOUND('',#1919,.T.);
#695=FACE_BOUND('',#1920,.T.);
#696=FACE_BOUND('',#1921,.T.);
#697=FACE_BOUND('',#1922,.T.);
#698=FACE_BOUND('',#1923,.T.);
#699=FACE_BOUND('',#1924,.T.);
#700=FACE_BOUND('',#1925,.T.);
#701=FACE_BOUND('',#1926,.T.);
#702=FACE_BOUND('',#1927,.T.);
#703=FACE_BOUND('',#1928,.T.);
#704=FACE_BOUND('',#1929,.T.);
#705=FACE_BOUND('',#1930,.T.);
#706=FACE_BOUND('',#1931,.T.);
#707=FACE_BOUND('',#1932,.T.);
#708=FACE_BOUND('',#1933,.T.);
#709=FACE_BOUND('',#1934,.T.);
#710=PLANE('',#1935);
#711=FACE_OUTER_BOUND('',#1936,.T.);
#712=PLANE('',#1937);
#713=FACE_OUTER_BOUND('',#1938,.T.);
#714=PLANE('',#1939);
#715=FACE_OUTER_BOUND('',#1940,.T.);
#716=PLANE('',#1941);
#717=FACE_OUTER_BOUND('',#1942,.T.);
#718=PLANE('',#1943);
#719=FACE_OUTER_BOUND('',#1944,.T.);
#720=PLANE('',#1945);
#721=FACE_OUTER_BOUND('',#1946,.T.);
#722=PLANE('',#1947);
#723=FACE_OUTER_BOUND('',#1948,.T.);
#724=PLANE('',#1949);
#725=FACE_OUTER_BOUND('',#1950,.T.);
#726=FACE_BOUND('',#1951,.T.);
#727=FACE_BOUND('',#1952,.T.);
#728=FACE_BOUND('',#1953,.T.);
#729=PLANE('',#1954);
#730=FACE_OUTER_BOUND('',#1955,.T.);
#731=CYLINDRICAL_SURFACE('',#1956,0.4);
#732=FACE_OUTER_BOUND('',#1957,.T.);
#733=(B_SPLINE_SURFACE(3,3,((#1959,#1960,#1961,#1962),(#1963,#1964,#1965,#1966),(#1967,#1968,#1969,#1970),(#1971,#1972,#1973,#1974),(#1975,#1976,#1977,#1978),(#1979,#1980,#1981,#1982),(#1983,#1984,#1985,#1986)),.UNSPECIFIED.,.F.,.F.,.F.)B_SPLINE_SURFACE_WITH_KNOTS((4,3,4),(4,4),(0.129871366178037,1.0,1.87012860461521),(0.0459459820919179,0.954054017909089),.UNSPECIFIED.)RATIONAL_B_SPLINE_SURFACE(((1.31802831470226,1.0606556712114,1.06065567121168,1.31802831470312),(1.08850958002751,0.875955278309113,0.875955278309349,1.08850958002822),(1.12877654252629,0.908359272715255,0.9083592727155,1.12877654252702),(1.43882920219859,1.15786765442982,1.15786765443014,1.43882920219953),(1.12877655293352,0.908359281090257,0.908359281090501,1.12877655293425),(1.08850958273072,0.875955280484459,0.875955280484695,1.08850958273142),(1.31802829159018,1.06065565261243,1.06065565261272,1.31802829159103)))BOUNDED_SURFACE()REPRESENTATION_ITEM('')GEOMETRIC_REPRESENTATION_ITEM()SURFACE());
#734=FACE_OUTER_BOUND('',#1993,.T.);
#735=PLANE('',#1994);
#736=FACE_OUTER_BOUND('',#1995,.T.);
#737=PLANE('',#1996);
#738=FACE_OUTER_BOUND('',#1997,.T.);
#739=(B_SPLINE_SURFACE(3,3,((#1999,#2000,#2001,#2002),(#2003,#2004,#2005,#2006),(#2007,#2008,#2009,#2010),(#2011,#2012,#2013,#2014),(#2015,#2016,#2017,#2018),(#2019,#2020,#2021,#2022),(#2023,#2024,#2025,#2026)),.UNSPECIFIED.,.F.,.F.,.F.)B_SPLINE_SURFACE_WITH_KNOTS((4,3,4),(4,4),(0.129871366178047,1.0,1.8701286046152),(0.0459459820919186,0.95405401790908),.UNSPECIFIED.)RATIONAL_B_SPLINE_SURFACE(((1.31802831470226,1.06065567121139,1.06065567121168,1.3180283147031),(1.08850958002751,0.875955278309116,0.87595527830935,1.08850958002821),(1.12877654252629,0.908359272715261,0.908359272715503,1.12877654252702),(1.43882920219859,1.15786765442983,1.15786765443014,1.43882920219952),(1.12877655293352,0.908359281090262,0.908359281090504,1.12877655293425),(1.08850958273072,0.875955280484462,0.875955280484696,1.08850958273142),(1.31802829159017,1.06065565261243,1.06065565261271,1.31802829159102)))BOUNDED_SURFACE()REPRESENTATION_ITEM('')GEOMETRIC_REPRESENTATION_ITEM()SURFACE());
#740=FACE_OUTER_BOUND('',#2033,.T.);
#741=CYLINDRICAL_SURFACE('',#2034,0.4);
#742=FACE_OUTER_BOUND('',#2035,.T.);
#743=TOROIDAL_SURFACE('',#2036,0.2,0.2);
#744=FACE_OUTER_BOUND('',#2037,.T.);
#745=TOROIDAL_SURFACE('',#2038,0.2,0.2);
#746=FACE_OUTER_BOUND('',#2039,.T.);
#747=CYLINDRICAL_SURFACE('',#2040,0.4);
#748=FACE_OUTER_BOUND('',#2041,.T.);
#749=CYLINDRICAL_SURFACE('',#2042,0.4);
#750=FACE_OUTER_BOUND('',#2043,.T.);
#751=PLANE('',#2044);
#752=FACE_OUTER_BOUND('',#2045,.T.);
#753=CYLINDRICAL_SURFACE('',#2046,0.5);
#754=FACE_OUTER_BOUND('',#2047,.T.);
#755=PLANE('',#2048);
#756=FACE_OUTER_BOUND('',#2049,.T.);
#757=PLANE('',#2050);
#758=FACE_OUTER_BOUND('',#2051,.T.);
#759=PLANE('',#2052);
#760=FACE_OUTER_BOUND('',#2053,.T.);
#761=PLANE('',#2054);
#762=FACE_OUTER_BOUND('',#2055,.T.);
#763=PLANE('',#2056);
#764=FACE_OUTER_BOUND('',#2057,.T.);
#765=PLANE('',#2058);
#766=FACE_OUTER_BOUND('',#2059,.T.);
#767=CYLINDRICAL_SURFACE('',#2060,1.55);
#768=FACE_OUTER_BOUND('',#2061,.T.);
#769=CYLINDRICAL_SURFACE('',#2062,1.55);
#770=FACE_OUTER_BOUND('',#2063,.T.);
#771=PLANE('',#2064);
#772=FACE_OUTER_BOUND('',#2065,.T.);
#773=PLANE('',#2066);
#774=FACE_OUTER_BOUND('',#2067,.T.);
#775=PLANE('',#2068);
#776=FACE_OUTER_BOUND('',#2069,.T.);
#777=PLANE('',#2070);
#778=FACE_OUTER_BOUND('',#2071,.T.);
#779=PLANE('',#2072);
#780=FACE_OUTER_BOUND('',#2073,.T.);
#781=PLANE('',#2074);
#782=FACE_OUTER_BOUND('',#2075,.T.);
#783=CYLINDRICAL_SURFACE('',#2076,0.5);
#784=FACE_OUTER_BOUND('',#2077,.T.);
#785=PLANE('',#2078);
#786=FACE_OUTER_BOUND('',#2079,.T.);
#787=PLANE('',#2080);
#788=FACE_OUTER_BOUND('',#2081,.T.);
#789=PLANE('',#2082);
#790=FACE_OUTER_BOUND('',#2083,.T.);
#791=PLANE('',#2084);
#792=FACE_OUTER_BOUND('',#2085,.T.);
#793=PLANE('',#2086);
#794=FACE_OUTER_BOUND('',#2087,.T.);
#795=PLANE('',#2088);
#796=FACE_OUTER_BOUND('',#2089,.T.);
#797=PLANE('',#2090);
#798=FACE_OUTER_BOUND('',#2091,.T.);
#799=PLANE('',#2092);
#800=FACE_OUTER_BOUND('',#2093,.T.);
#801=PLANE('',#2094);
#802=FACE_OUTER_BOUND('',#2095,.T.);
#803=PLANE('',#2096);
#804=FACE_OUTER_BOUND('',#2097,.T.);
#805=PLANE('',#2098);
#806=FACE_OUTER_BOUND('',#2099,.T.);
#807=CYLINDRICAL_SURFACE('',#2100,0.5);
#808=FACE_OUTER_BOUND('',#2101,.T.);
#809=PLANE('',#2102);
#810=FACE_OUTER_BOUND('',#2103,.T.);
#811=PLANE('',#2104);
#812=FACE_OUTER_BOUND('',#2105,.T.);
#813=PLANE('',#2106);
#814=FACE_OUTER_BOUND('',#2107,.T.);
#815=PLANE('',#2108);
#816=FACE_OUTER_BOUND('',#2109,.T.);
#817=PLANE('',#2110);
#818=FACE_OUTER_BOUND('',#2111,.T.);
#819=PLANE('',#2112);
#820=FACE_OUTER_BOUND('',#2113,.T.);
#821=PLANE('',#2114);
#822=FACE_OUTER_BOUND('',#2115,.T.);
#823=PLANE('',#2116);
#824=FACE_OUTER_BOUND('',#2117,.T.);
#825=PLANE('',#2118);
#826=FACE_OUTER_BOUND('',#2119,.T.);
#827=PLANE('',#2120);
#828=FACE_OUTER_BOUND('',#2121,.T.);
#829=PLANE('',#2122);
#830=FACE_OUTER_BOUND('',#2123,.T.);
#831=PLANE('',#2124);
#832=FACE_OUTER_BOUND('',#2125,.T.);
#833=PLANE('',#2126);
#834=FACE_OUTER_BOUND('',#2127,.T.);
#835=PLANE('',#2128);
#836=FACE_OUTER_BOUND('',#2129,.T.);
#837=CYLINDRICAL_SURFACE('',#2130,0.5);
#838=FACE_OUTER_BOUND('',#2131,.T.);
#839=PLANE('',#2132);
#840=FACE_OUTER_BOUND('',#2133,.T.);
#841=PLANE('',#2134);
#842=FACE_OUTER_BOUND('',#2135,.T.);
#843=FACE_BOUND('',#2136,.T.);
#844=PLANE('',#2137);
#845=FACE_OUTER_BOUND('',#2138,.T.);
#846=CYLINDRICAL_SURFACE('',#2139,1.8);
#847=FACE_OUTER_BOUND('',#2140,.T.);
#848=CONICAL_SURFACE('',#2141,1.949999999724,0.7853981633973);
#849=FACE_OUTER_BOUND('',#2142,.T.);
#850=CONICAL_SURFACE('',#2143,1.949999999724,0.7853981633973);
#851=FACE_OUTER_BOUND('',#2144,.T.);
#852=CYLINDRICAL_SURFACE('',#2145,1.8);
#853=FACE_OUTER_BOUND('',#2146,.T.);
#854=PLANE('',#2147);
#855=FACE_OUTER_BOUND('',#2148,.T.);
#856=PLANE('',#2149);
#857=FACE_OUTER_BOUND('',#2150,.T.);
#858=PLANE('',#2151);
#859=FACE_OUTER_BOUND('',#2152,.T.);
#860=PLANE('',#2153);
#861=FACE_OUTER_BOUND('',#2154,.T.);
#862=CYLINDRICAL_SURFACE('',#2155,0.5);
#863=FACE_OUTER_BOUND('',#2156,.T.);
#864=PLANE('',#2157);
#865=FACE_OUTER_BOUND('',#2158,.T.);
#866=PLANE('',#2159);
#867=FACE_OUTER_BOUND('',#2160,.T.);
#868=PLANE('',#2161);
#869=FACE_OUTER_BOUND('',#2162,.T.);
#870=PLANE('',#2163);
#871=FACE_OUTER_BOUND('',#2164,.T.);
#872=PLANE('',#2165);
#873=FACE_OUTER_BOUND('',#2166,.T.);
#874=PLANE('',#2167);
#875=FACE_OUTER_BOUND('',#2168,.T.);
#876=PLANE('',#2169);
#877=FACE_OUTER_BOUND('',#2170,.T.);
#878=PLANE('',#2171);
#879=FACE_OUTER_BOUND('',#2172,.T.);
#880=PLANE('',#2173);
#881=FACE_OUTER_BOUND('',#2174,.T.);
#882=FACE_BOUND('',#2175,.T.);
#883=PLANE('',#2176);
#884=FACE_OUTER_BOUND('',#2177,.T.);
#885=FACE_BOUND('',#2178,.T.);
#886=PLANE('',#2179);
#887=FACE_OUTER_BOUND('',#2180,.T.);
#888=FACE_BOUND('',#2181,.T.);
#889=PLANE('',#2182);
#890=FACE_OUTER_BOUND('',#2183,.T.);
#891=PLANE('',#2184);
#892=FACE_OUTER_BOUND('',#2185,.T.);
#893=PLANE('',#2186);
#894=FACE_OUTER_BOUND('',#2187,.T.);
#895=PLANE('',#2188);
#896=FACE_OUTER_BOUND('',#2189,.T.);
#897=PLANE('',#2190);
#898=FACE_OUTER_BOUND('',#2191,.T.);
#899=PLANE('',#2192);
#900=FACE_OUTER_BOUND('',#2193,.T.);
#901=PLANE('',#2194);
#902=FACE_OUTER_BOUND('',#2195,.T.);
#903=PLANE('',#2196);
#904=FACE_OUTER_BOUND('',#2197,.T.);
#905=PLANE('',#2198);
#906=FACE_OUTER_BOUND('',#2199,.T.);
#907=PLANE('',#2200);
#908=FACE_OUTER_BOUND('',#2201,.T.);
#909=PLANE('',#2202);
#910=FACE_OUTER_BOUND('',#2203,.T.);
#911=PLANE('',#2204);
#912=FACE_OUTER_BOUND('',#2205,.T.);
#913=PLANE('',#2206);
#914=FACE_OUTER_BOUND('',#2207,.T.);
#915=PLANE('',#2208);
#916=FACE_OUTER_BOUND('',#2209,.T.);
#917=PLANE('',#2210);
#918=FACE_OUTER_BOUND('',#2211,.T.);
#919=PLANE('',#2212);
#920=FACE_OUTER_BOUND('',#2213,.T.);
#921=PLANE('',#2214);
#922=FACE_OUTER_BOUND('',#2215,.T.);
#923=PLANE('',#2216);
#924=FACE_OUTER_BOUND('',#2217,.T.);
#925=PLANE('',#2218);
#926=FACE_OUTER_BOUND('',#2219,.T.);
#927=PLANE('',#2220);
#928=FACE_OUTER_BOUND('',#2221,.T.);
#929=PLANE('',#2222);
#930=FACE_OUTER_BOUND('',#2223,.T.);
#931=CYLINDRICAL_SURFACE('',#2224,0.3);
#932=FACE_OUTER_BOUND('',#2225,.T.);
#933=PLANE('',#2226);
#934=FACE_OUTER_BOUND('',#2227,.T.);
#935=PLANE('',#2228);
#936=FACE_OUTER_BOUND('',#2229,.T.);
#937=PLANE('',#2230);
#938=FACE_OUTER_BOUND('',#2231,.T.);
#939=CYLINDRICAL_SURFACE('',#2232,0.3);
#940=FACE_OUTER_BOUND('',#2233,.T.);
#941=PLANE('',#2234);
#942=FACE_OUTER_BOUND('',#2235,.T.);
#943=PLANE('',#2236);
#944=FACE_OUTER_BOUND('',#2237,.T.);
#945=PLANE('',#2238);
#946=FACE_OUTER_BOUND('',#2239,.T.);
#947=CYLINDRICAL_SURFACE('',#2240,0.3);
#948=FACE_OUTER_BOUND('',#2241,.T.);
#949=PLANE('',#2242);
#950=FACE_OUTER_BOUND('',#2243,.T.);
#951=CYLINDRICAL_SURFACE('',#2244,0.3);
#952=FACE_OUTER_BOUND('',#2245,.T.);
#953=PLANE('',#2246);
#954=FACE_OUTER_BOUND('',#2247,.T.);
#955=PLANE('',#2248);
#956=FACE_OUTER_BOUND('',#2249,.T.);
#957=PLANE('',#2250);
#958=FACE_OUTER_BOUND('',#2251,.T.);
#959=CYLINDRICAL_SURFACE('',#2252,0.3);
#960=FACE_OUTER_BOUND('',#2253,.T.);
#961=PLANE('',#2254);
#962=FACE_OUTER_BOUND('',#2255,.T.);
#963=CYLINDRICAL_SURFACE('',#2256,0.3);
#964=FACE_OUTER_BOUND('',#2257,.T.);
#965=PLANE('',#2258);
#966=FACE_OUTER_BOUND('',#2259,.T.);
#967=PLANE('',#2260);
#968=FACE_OUTER_BOUND('',#2261,.T.);
#969=PLANE('',#2262);
#970=FACE_OUTER_BOUND('',#2263,.T.);
#971=PLANE('',#2264);
#972=FACE_OUTER_BOUND('',#2265,.T.);
#973=PLANE('',#2266);
#974=FACE_OUTER_BOUND('',#2267,.T.);
#975=PLANE('',#2268);
#976=FACE_OUTER_BOUND('',#2269,.T.);
#977=PLANE('',#2270);
#978=FACE_OUTER_BOUND('',#2271,.T.);
#979=PLANE('',#2272);
#980=FACE_OUTER_BOUND('',#2273,.T.);
#981=PLANE('',#2274);
#982=FACE_OUTER_BOUND('',#2275,.T.);
#983=PLANE('',#2276);
#984=FACE_OUTER_BOUND('',#2277,.T.);
#985=PLANE('',#2278);
#986=FACE_OUTER_BOUND('',#2279,.T.);
#987=FACE_BOUND('',#2280,.T.);
#988=PLANE('',#2281);
#989=FACE_OUTER_BOUND('',#2282,.T.);
#990=PLANE('',#2283);
#991=FACE_OUTER_BOUND('',#2284,.T.);
#992=CYLINDRICAL_SURFACE('',#2285,0.2);
#993=FACE_OUTER_BOUND('',#2286,.T.);
#994=PLANE('',#2287);
#995=FACE_OUTER_BOUND('',#2288,.T.);
#996=PLANE('',#2289);
#997=FACE_OUTER_BOUND('',#2290,.T.);
#998=CYLINDRICAL_SURFACE('',#2291,0.2);
#999=FACE_OUTER_BOUND('',#2292,.T.);
#1000=PLANE('',#2293);
#1001=FACE_OUTER_BOUND('',#2294,.T.);
#1002=PLANE('',#2295);
#1003=FACE_OUTER_BOUND('',#2296,.T.);
#1004=CYLINDRICAL_SURFACE('',#2297,0.07215264);
#1005=FACE_OUTER_BOUND('',#2298,.T.);
#1006=PLANE('',#2299);
#1007=FACE_OUTER_BOUND('',#2300,.T.);
#1008=PLANE('',#2301);
#1009=FACE_OUTER_BOUND('',#2302,.T.);
#1010=PLANE('',#2303);
#1011=FACE_OUTER_BOUND('',#2304,.T.);
#1012=CYLINDRICAL_SURFACE('',#2305,0.10422048);
#1013=FACE_OUTER_BOUND('',#2306,.T.);
#1014=PLANE('',#2307);
#1015=FACE_OUTER_BOUND('',#2308,.T.);
#1016=PLANE('',#2309);
#1017=FACE_OUTER_BOUND('',#2310,.T.);
#1018=PLANE('',#2311);
#1019=FACE_OUTER_BOUND('',#2312,.T.);
#1020=PLANE('',#2313);
#1021=FACE_OUTER_BOUND('',#2314,.T.);
#1022=CYLINDRICAL_SURFACE('',#2315,0.15232224);
#1023=FACE_OUTER_BOUND('',#2316,.T.);
#1024=PLANE('',#2317);
#1025=FACE_OUTER_BOUND('',#2318,.T.);
#1026=PLANE('',#2319);
#1027=FACE_OUTER_BOUND('',#2320,.T.);
#1028=PLANE('',#2321);
#1029=FACE_OUTER_BOUND('',#2322,.T.);
#1030=PLANE('',#2323);
#1031=FACE_OUTER_BOUND('',#2324,.T.);
#1032=CYLINDRICAL_SURFACE('',#2325,0.07215264);
#1033=FACE_OUTER_BOUND('',#2326,.T.);
#1034=PLANE('',#2327);
#1035=FACE_OUTER_BOUND('',#2328,.T.);
#1036=PLANE('',#2329);
#1037=FACE_OUTER_BOUND('',#2330,.T.);
#1038=PLANE('',#2331);
#1039=FACE_OUTER_BOUND('',#2332,.T.);
#1040=PLANE('',#2333);
#1041=FACE_OUTER_BOUND('',#2334,.T.);
#1042=PLANE('',#2335);
#1043=FACE_OUTER_BOUND('',#2336,.T.);
#1044=PLANE('',#2337);
#1045=FACE_OUTER_BOUND('',#2338,.T.);
#1046=PLANE('',#2339);
#1047=FACE_OUTER_BOUND('',#2340,.T.);
#1048=PLANE('',#2341);
#1049=FACE_OUTER_BOUND('',#2342,.T.);
#1050=PLANE('',#2343);
#1051=FACE_OUTER_BOUND('',#2344,.T.);
#1052=PLANE('',#2345);
#1053=FACE_OUTER_BOUND('',#2346,.T.);
#1054=PLANE('',#2347);
#1055=FACE_OUTER_BOUND('',#2348,.T.);
#1056=PLANE('',#2349);
#1057=FACE_OUTER_BOUND('',#2350,.T.);
#1058=PLANE('',#2351);
#1059=FACE_OUTER_BOUND('',#2352,.T.);
#1060=PLANE('',#2353);
#1061=FACE_OUTER_BOUND('',#2354,.T.);
#1062=PLANE('',#2355);
#1063=FACE_OUTER_BOUND('',#2356,.T.);
#1064=PLANE('',#2357);
#1065=FACE_OUTER_BOUND('',#2358,.T.);
#1066=PLANE('',#2359);
#1067=FACE_OUTER_BOUND('',#2360,.T.);
#1068=PLANE('',#2361);
#1069=FACE_OUTER_BOUND('',#2362,.T.);
#1070=PLANE('',#2363);
#1071=FACE_OUTER_BOUND('',#2364,.T.);
#1072=PLANE('',#2365);
#1073=FACE_OUTER_BOUND('',#2366,.T.);
#1074=PLANE('',#2367);
#1075=FACE_OUTER_BOUND('',#2368,.T.);
#1076=PLANE('',#2369);
#1077=FACE_OUTER_BOUND('',#2370,.T.);
#1078=PLANE('',#2371);
#1079=FACE_OUTER_BOUND('',#2372,.T.);
#1080=PLANE('',#2373);
#1081=FACE_OUTER_BOUND('',#2374,.T.);
#1082=PLANE('',#2375);
#1083=FACE_OUTER_BOUND('',#2376,.T.);
#1084=PLANE('',#2377);
#1085=FACE_OUTER_BOUND('',#2378,.T.);
#1086=PLANE('',#2379);
#1087=FACE_OUTER_BOUND('',#2380,.T.);
#1088=PLANE('',#2381);
#1089=FACE_OUTER_BOUND('',#2382,.T.);
#1090=PLANE('',#2383);
#1091=FACE_OUTER_BOUND('',#2384,.T.);
#1092=PLANE('',#2385);
#1093=FACE_OUTER_BOUND('',#2386,.T.);
#1094=PLANE('',#2387);
#1095=FACE_OUTER_BOUND('',#2388,.T.);
#1096=PLANE('',#2389);
#1097=FACE_OUTER_BOUND('',#2390,.T.);
#1098=PLANE('',#2391);
#1099=FACE_OUTER_BOUND('',#2392,.T.);
#1100=PLANE('',#2393);
#1101=FACE_OUTER_BOUND('',#2394,.T.);
#1102=PLANE('',#2395);
#1103=FACE_OUTER_BOUND('',#2396,.T.);
#1104=PLANE('',#2397);
#1105=FACE_OUTER_BOUND('',#2398,.T.);
#1106=PLANE('',#2399);
#1107=FACE_OUTER_BOUND('',#2400,.T.);
#1108=PLANE('',#2401);
#1109=FACE_OUTER_BOUND('',#2402,.T.);
#1110=PLANE('',#2403);
#1111=FACE_OUTER_BOUND('',#2404,.T.);
#1112=FACE_BOUND('',#2405,.T.);
#1113=PLANE('',#2406);
#1114=FACE_OUTER_BOUND('',#2407,.T.);
#1115=PLANE('',#2408);
#1116=FACE_OUTER_BOUND('',#2409,.T.);
#1117=PLANE('',#2410);
#1118=FACE_OUTER_BOUND('',#2411,.T.);
#1119=PLANE('',#2412);
#1120=FACE_OUTER_BOUND('',#2413,.T.);
#1121=PLANE('',#2414);
#1122=FACE_OUTER_BOUND('',#2415,.T.);
#1123=PLANE('',#2416);
#1124=FACE_OUTER_BOUND('',#2417,.T.);
#1125=FACE_BOUND('',#2418,.T.);
#1126=PLANE('',#2419);
#1127=FACE_OUTER_BOUND('',#2420,.T.);
#1128=FACE_BOUND('',#2421,.T.);
#1129=PLANE('',#2422);
#1130=FACE_OUTER_BOUND('',#2423,.T.);
#1131=PLANE('',#2424);
#1132=FACE_OUTER_BOUND('',#2425,.T.);
#1133=PLANE('',#2426);
#1134=FACE_OUTER_BOUND('',#2427,.T.);
#1135=PLANE('',#2428);
#1136=FACE_OUTER_BOUND('',#2429,.T.);
#1137=PLANE('',#2430);
#1138=FACE_OUTER_BOUND('',#2431,.T.);
#1139=PLANE('',#2432);
#1140=FACE_OUTER_BOUND('',#2433,.T.);
#1141=PLANE('',#2434);
#1142=FACE_OUTER_BOUND('',#2435,.T.);
#1143=PLANE('',#2436);
#1144=FACE_OUTER_BOUND('',#2437,.T.);
#1145=PLANE('',#2438);
#1146=FACE_OUTER_BOUND('',#2439,.T.);
#1147=PLANE('',#2440);
#1148=FACE_OUTER_BOUND('',#2441,.T.);
#1149=PLANE('',#2442);
#1150=FACE_OUTER_BOUND('',#2443,.T.);
#1151=PLANE('',#2444);
#1152=FACE_OUTER_BOUND('',#2445,.T.);
#1153=PLANE('',#2446);
#1154=FACE_OUTER_BOUND('',#2447,.T.);
#1155=PLANE('',#2448);
#1156=FACE_OUTER_BOUND('',#2449,.T.);
#1157=PLANE('',#2450);
#1158=FACE_OUTER_BOUND('',#2451,.T.);
#1159=PLANE('',#2452);
#1160=FACE_OUTER_BOUND('',#2453,.T.);
#1161=PLANE('',#2454);
#1162=FACE_OUTER_BOUND('',#2455,.T.);
#1163=PLANE('',#2456);
#1164=FACE_OUTER_BOUND('',#2457,.T.);
#1165=PLANE('',#2458);
#1166=FACE_OUTER_BOUND('',#2459,.T.);
#1167=PLANE('',#2460);
#1168=FACE_OUTER_BOUND('',#2461,.T.);
#1169=PLANE('',#2462);
#1170=FACE_OUTER_BOUND('',#2463,.T.);
#1171=PLANE('',#2464);
#1172=FACE_OUTER_BOUND('',#2465,.T.);
#1173=PLANE('',#2466);
#1174=FACE_OUTER_BOUND('',#2467,.T.);
#1175=PLANE('',#2468);
#1176=FACE_OUTER_BOUND('',#2469,.T.);
#1177=PLANE('',#2470);
#1178=FACE_OUTER_BOUND('',#2471,.T.);
#1179=PLANE('',#2472);
#1180=FACE_OUTER_BOUND('',#2473,.T.);
#1181=PLANE('',#2474);
#1182=FACE_OUTER_BOUND('',#2475,.T.);
#1183=PLANE('',#2476);
#1184=FACE_OUTER_BOUND('',#2477,.T.);
#1185=PLANE('',#2478);
#1186=FACE_OUTER_BOUND('',#2479,.T.);
#1187=PLANE('',#2480);
#1188=FACE_OUTER_BOUND('',#2481,.T.);
#1189=PLANE('',#2482);
#1190=FACE_OUTER_BOUND('',#2483,.T.);
#1191=PLANE('',#2484);
#1192=FACE_OUTER_BOUND('',#2485,.T.);
#1193=PLANE('',#2486);
#1194=FACE_OUTER_BOUND('',#2487,.T.);
#1195=PLANE('',#2488);
#1196=FACE_OUTER_BOUND('',#2489,.T.);
#1197=PLANE('',#2490);
#1198=FACE_OUTER_BOUND('',#2491,.T.);
#1199=PLANE('',#2492);
#1200=FACE_OUTER_BOUND('',#2493,.T.);
#1201=PLANE('',#2494);
#1202=FACE_OUTER_BOUND('',#2495,.T.);
#1203=PLANE('',#2496);
#1204=FACE_OUTER_BOUND('',#2497,.T.);
#1205=PLANE('',#2498);
#1206=FACE_OUTER_BOUND('',#2499,.T.);
#1207=PLANE('',#2500);
#1208=FACE_OUTER_BOUND('',#2501,.T.);
#1209=PLANE('',#2502);
#1210=FACE_OUTER_BOUND('',#2503,.T.);
#1211=PLANE('',#2504);
#1212=FACE_OUTER_BOUND('',#2505,.T.);
#1213=PLANE('',#2506);
#1214=FACE_OUTER_BOUND('',#2507,.T.);
#1215=PLANE('',#2508);
#1216=FACE_OUTER_BOUND('',#2509,.T.);
#1217=PLANE('',#2510);
#1218=FACE_OUTER_BOUND('',#2511,.T.);
#1219=PLANE('',#2512);
#1220=FACE_OUTER_BOUND('',#2513,.T.);
#1221=PLANE('',#2514);
#1222=FACE_OUTER_BOUND('',#2515,.T.);
#1223=PLANE('',#2516);
#1224=FACE_OUTER_BOUND('',#2517,.T.);
#1225=PLANE('',#2518);
#1226=FACE_OUTER_BOUND('',#2519,.T.);
#1227=PLANE('',#2520);
#1228=FACE_OUTER_BOUND('',#2521,.T.);
#1229=PLANE('',#2522);
#1230=FACE_OUTER_BOUND('',#2523,.T.);
#1231=PLANE('',#2524);
#1232=FACE_OUTER_BOUND('',#2525,.T.);
#1233=PLANE('',#2526);
#1234=FACE_OUTER_BOUND('',#2527,.T.);
#1235=PLANE('',#2528);
#1236=FACE_OUTER_BOUND('',#2529,.T.);
#1237=PLANE('',#2530);
#1238=FACE_OUTER_BOUND('',#2531,.T.);
#1239=PLANE('',#2532);
#1240=FACE_OUTER_BOUND('',#2533,.T.);
#1241=PLANE('',#2534);
#1242=FACE_OUTER_BOUND('',#2535,.T.);
#1243=PLANE('',#2536);
#1244=FACE_OUTER_BOUND('',#2537,.T.);
#1245=PLANE('',#2538);
#1246=FACE_OUTER_BOUND('',#2539,.T.);
#1247=PLANE('',#2540);
#1248=FACE_OUTER_BOUND('',#2541,.T.);
#1249=PLANE('',#2542);
#1250=FACE_OUTER_BOUND('',#2543,.T.);
#1251=PLANE('',#2544);
#1252=FACE_OUTER_BOUND('',#2545,.T.);
#1253=PLANE('',#2546);
#1254=FACE_OUTER_BOUND('',#2547,.T.);
#1255=PLANE('',#2548);
#1256=FACE_OUTER_BOUND('',#2549,.T.);
#1257=PLANE('',#2550);
#1258=FACE_OUTER_BOUND('',#2551,.T.);
#1259=PLANE('',#2552);
#1260=FACE_OUTER_BOUND('',#2553,.T.);
#1261=PLANE('',#2554);
#1262=FACE_OUTER_BOUND('',#2555,.T.);
#1263=PLANE('',#2556);
#1264=FACE_OUTER_BOUND('',#2557,.T.);
#1265=PLANE('',#2558);
#1266=FACE_OUTER_BOUND('',#2559,.T.);
#1267=PLANE('',#2560);
#1268=FACE_OUTER_BOUND('',#2561,.T.);
#1269=PLANE('',#2562);
#1270=FACE_OUTER_BOUND('',#2563,.T.);
#1271=PLANE('',#2564);
#1272=FACE_OUTER_BOUND('',#2565,.T.);
#1273=PLANE('',#2566);
#1274=FACE_OUTER_BOUND('',#2567,.T.);
#1275=PLANE('',#2568);
#1276=FACE_OUTER_BOUND('',#2569,.T.);
#1277=PLANE('',#2570);
#1278=FACE_OUTER_BOUND('',#2571,.T.);
#1279=PLANE('',#2572);
#1280=FACE_OUTER_BOUND('',#2573,.T.);
#1281=PLANE('',#2574);
#1282=FACE_OUTER_BOUND('',#2575,.T.);
#1283=PLANE('',#2576);
#1284=FACE_OUTER_BOUND('',#2577,.T.);
#1285=PLANE('',#2578);
#1286=FACE_OUTER_BOUND('',#2579,.T.);
#1287=PLANE('',#2580);
#1288=FACE_OUTER_BOUND('',#2581,.T.);
#1289=PLANE('',#2582);
#1290=FACE_OUTER_BOUND('',#2583,.T.);
#1291=PLANE('',#2584);
#1292=FACE_OUTER_BOUND('',#2585,.T.);
#1293=PLANE('',#2586);
#1294=FACE_OUTER_BOUND('',#2587,.T.);
#1295=PLANE('',#2588);
#1296=FACE_OUTER_BOUND('',#2589,.T.);
#1297=PLANE('',#2590);
#1298=FACE_OUTER_BOUND('',#2591,.T.);
#1299=PLANE('',#2592);
#1300=FACE_OUTER_BOUND('',#2593,.T.);
#1301=PLANE('',#2594);
#1302=FACE_OUTER_BOUND('',#2595,.T.);
#1303=PLANE('',#2596);
#1304=FACE_OUTER_BOUND('',#2597,.T.);
#1305=PLANE('',#2598);
#1306=FACE_OUTER_BOUND('',#2599,.T.);
#1307=PLANE('',#2600);
#1308=FACE_OUTER_BOUND('',#2601,.T.);
#1309=PLANE('',#2602);
#1310=FACE_OUTER_BOUND('',#2603,.T.);
#1311=PLANE('',#2604);
#1312=FACE_OUTER_BOUND('',#2605,.T.);
#1313=PLANE('',#2606);
#1314=FACE_OUTER_BOUND('',#2607,.T.);
#1315=PLANE('',#2608);
#1316=FACE_OUTER_BOUND('',#2609,.T.);
#1317=PLANE('',#2610);
#1318=FACE_OUTER_BOUND('',#2611,.T.);
#1319=PLANE('',#2612);
#1320=FACE_OUTER_BOUND('',#2613,.T.);
#1321=PLANE('',#2614);
#1322=FACE_OUTER_BOUND('',#2615,.T.);
#1323=PLANE('',#2616);
#1324=FACE_OUTER_BOUND('',#2617,.T.);
#1325=PLANE('',#2618);
#1326=FACE_OUTER_BOUND('',#2619,.T.);
#1327=PLANE('',#2620);
#1328=FACE_OUTER_BOUND('',#2621,.T.);
#1329=PLANE('',#2622);
#1330=FACE_OUTER_BOUND('',#2623,.T.);
#1331=PLANE('',#2624);
#1332=FACE_OUTER_BOUND('',#2625,.T.);
#1333=PLANE('',#2626);
#1334=FACE_OUTER_BOUND('',#2627,.T.);
#1335=PLANE('',#2628);
#1336=FACE_OUTER_BOUND('',#2629,.T.);
#1337=PLANE('',#2630);
#1338=FACE_OUTER_BOUND('',#2631,.T.);
#1339=PLANE('',#2632);
#1340=FACE_OUTER_BOUND('',#2633,.T.);
#1341=PLANE('',#2634);
#1342=FACE_OUTER_BOUND('',#2635,.T.);
#1343=PLANE('',#2636);
#1344=FACE_OUTER_BOUND('',#2637,.T.);
#1345=PLANE('',#2638);
#1346=FACE_OUTER_BOUND('',#2639,.T.);
#1347=PLANE('',#2640);
#1348=FACE_OUTER_BOUND('',#2641,.T.);
#1349=PLANE('',#2642);
#1350=FACE_OUTER_BOUND('',#2643,.T.);
#1351=PLANE('',#2644);
#1352=FACE_OUTER_BOUND('',#2645,.T.);
#1353=PLANE('',#2646);
#1354=FACE_OUTER_BOUND('',#2647,.T.);
#1355=PLANE('',#2648);
#1356=FACE_OUTER_BOUND('',#2649,.T.);
#1357=PLANE('',#2650);
#1358=FACE_OUTER_BOUND('',#2651,.T.);
#1359=PLANE('',#2652);
#1360=FACE_OUTER_BOUND('',#2653,.T.);
#1361=PLANE('',#2654);
#1362=FACE_OUTER_BOUND('',#2655,.T.);
#1363=PLANE('',#2656);
#1364=FACE_OUTER_BOUND('',#2657,.T.);
#1365=PLANE('',#2658);
#1366=FACE_OUTER_BOUND('',#2659,.T.);
#1367=PLANE('',#2660);
#1368=FACE_OUTER_BOUND('',#2661,.T.);
#1369=PLANE('',#2662);
#1370=FACE_OUTER_BOUND('',#2663,.T.);
#1371=PLANE('',#2664);
#1372=FACE_OUTER_BOUND('',#2665,.T.);
#1373=PLANE('',#2666);
#1374=FACE_OUTER_BOUND('',#2667,.T.);
#1375=PLANE('',#2668);
#1376=FACE_OUTER_BOUND('',#2669,.T.);
#1377=PLANE('',#2670);
#1378=FACE_OUTER_BOUND('',#2671,.T.);
#1379=PLANE('',#2672);
#1380=FACE_OUTER_BOUND('',#2673,.T.);
#1381=PLANE('',#2674);
#1382=FACE_OUTER_BOUND('',#2675,.T.);
#1383=PLANE('',#2676);
#1384=FACE_OUTER_BOUND('',#2677,.T.);
#1385=PLANE('',#2678);
#1386=FACE_OUTER_BOUND('',#2679,.T.);
#1387=PLANE('',#2680);
#1388=FACE_OUTER_BOUND('',#2681,.T.);
#1389=PLANE('',#2682);
#1390=FACE_OUTER_BOUND('',#2683,.T.);
#1391=PLANE('',#2684);
#1392=FACE_OUTER_BOUND('',#2685,.T.);
#1393=PLANE('',#2686);
#1394=FACE_OUTER_BOUND('',#2687,.T.);
#1395=PLANE('',#2688);
#1396=FACE_OUTER_BOUND('',#2689,.T.);
#1397=PLANE('',#2690);
#1398=FACE_OUTER_BOUND('',#2691,.T.);
#1399=PLANE('',#2692);
#1400=FACE_OUTER_BOUND('',#2693,.T.);
#1401=PLANE('',#2694);
#1402=FACE_OUTER_BOUND('',#2695,.T.);
#1403=PLANE('',#2696);
#1404=FACE_OUTER_BOUND('',#2697,.T.);
#1405=PLANE('',#2698);
#1406=FACE_OUTER_BOUND('',#2699,.T.);
#1407=PLANE('',#2700);
#1408=FACE_OUTER_BOUND('',#2701,.T.);
#1409=PLANE('',#2702);
#1410=FACE_OUTER_BOUND('',#2703,.T.);
#1411=PLANE('',#2704);
#1412=FACE_OUTER_BOUND('',#2705,.T.);
#1413=PLANE('',#2706);
#1414=FACE_OUTER_BOUND('',#2707,.T.);
#1415=PLANE('',#2708);
#1416=FACE_OUTER_BOUND('',#2709,.T.);
#1417=PLANE('',#2710);
#1418=FACE_OUTER_BOUND('',#2711,.T.);
#1419=PLANE('',#2712);
#1420=FACE_OUTER_BOUND('',#2713,.T.);
#1421=PLANE('',#2714);
#1422=FACE_OUTER_BOUND('',#2715,.T.);
#1423=PLANE('',#2716);
#1424=FACE_OUTER_BOUND('',#2717,.T.);
#1425=PLANE('',#2718);
#1426=FACE_OUTER_BOUND('',#2719,.T.);
#1427=PLANE('',#2720);
#1428=FACE_OUTER_BOUND('',#2721,.T.);
#1429=PLANE('',#2722);
#1430=FACE_OUTER_BOUND('',#2723,.T.);
#1431=PLANE('',#2724);
#1432=FACE_OUTER_BOUND('',#2725,.T.);
#1433=PLANE('',#2726);
#1434=FACE_OUTER_BOUND('',#2727,.T.);
#1435=PLANE('',#2728);
#1436=FACE_OUTER_BOUND('',#2729,.T.);
#1437=PLANE('',#2730);
#1438=FACE_OUTER_BOUND('',#2731,.T.);
#1439=PLANE('',#2732);
#1440=FACE_OUTER_BOUND('',#2733,.T.);
#1441=PLANE('',#2734);
#1442=FACE_OUTER_BOUND('',#2735,.T.);
#1443=PLANE('',#2736);
#1444=FACE_OUTER_BOUND('',#2737,.T.);
#1445=PLANE('',#2738);
#1446=FACE_OUTER_BOUND('',#2739,.T.);
#1447=PLANE('',#2740);
#1448=FACE_OUTER_BOUND('',#2741,.T.);
#1449=PLANE('',#2742);
#1450=FACE_OUTER_BOUND('',#2743,.T.);
#1451=PLANE('',#2744);
#1452=FACE_OUTER_BOUND('',#2745,.T.);
#1453=PLANE('',#2746);
#1454=FACE_OUTER_BOUND('',#2747,.T.);
#1455=PLANE('',#2748);
#1456=FACE_OUTER_BOUND('',#2749,.T.);
#1457=PLANE('',#2750);
#1458=FACE_OUTER_BOUND('',#2751,.T.);
#1459=PLANE('',#2752);
#1460=FACE_OUTER_BOUND('',#2753,.T.);
#1461=PLANE('',#2754);
#1462=FACE_OUTER_BOUND('',#2755,.T.);
#1463=PLANE('',#2756);
#1464=FACE_OUTER_BOUND('',#2757,.T.);
#1465=PLANE('',#2758);
#1466=FACE_OUTER_BOUND('',#2759,.T.);
#1467=PLANE('',#2760);
#1468=FACE_OUTER_BOUND('',#2761,.T.);
#1469=PLANE('',#2762);
#1470=FACE_OUTER_BOUND('',#2763,.T.);
#1471=PLANE('',#2764);
#1472=FACE_OUTER_BOUND('',#2765,.T.);
#1473=PLANE('',#2766);
#1474=FACE_OUTER_BOUND('',#2767,.T.);
#1475=PLANE('',#2768);
#1476=FACE_OUTER_BOUND('',#2769,.T.);
#1477=PLANE('',#2770);
#1478=FACE_OUTER_BOUND('',#2771,.T.);
#1479=PLANE('',#2772);
#1480=FACE_OUTER_BOUND('',#2773,.T.);
#1481=PLANE('',#2774);
#1482=FACE_OUTER_BOUND('',#2775,.T.);
#1483=PLANE('',#2776);
#1484=FACE_OUTER_BOUND('',#2777,.T.);
#1485=PLANE('',#2778);
#1486=FACE_OUTER_BOUND('',#2779,.T.);
#1487=PLANE('',#2780);
#1488=FACE_OUTER_BOUND('',#2781,.T.);
#1489=PLANE('',#2782);
#1490=FACE_OUTER_BOUND('',#2783,.T.);
#1491=PLANE('',#2784);
#1492=FACE_OUTER_BOUND('',#2785,.T.);
#1493=PLANE('',#2786);
#1494=FACE_OUTER_BOUND('',#2787,.T.);
#1495=PLANE('',#2788);
#1496=FACE_OUTER_BOUND('',#2789,.T.);
#1497=PLANE('',#2790);
#1498=FACE_OUTER_BOUND('',#2791,.T.);
#1499=PLANE('',#2792);
#1500=FACE_OUTER_BOUND('',#2793,.T.);
#1501=PLANE('',#2794);
#1502=FACE_OUTER_BOUND('',#2795,.T.);
#1503=PLANE('',#2796);
#1504=FACE_OUTER_BOUND('',#2797,.T.);
#1505=PLANE('',#2798);
#1506=FACE_OUTER_BOUND('',#2799,.T.);
#1507=PLANE('',#2800);
#1508=FACE_OUTER_BOUND('',#2801,.T.);
#1509=PLANE('',#2802);
#1510=FACE_OUTER_BOUND('',#2803,.T.);
#1511=PLANE('',#2804);
#1512=FACE_OUTER_BOUND('',#2805,.T.);
#1513=PLANE('',#2806);
#1514=FACE_OUTER_BOUND('',#2807,.T.);
#1515=PLANE('',#2808);
#1516=FACE_OUTER_BOUND('',#2809,.T.);
#1517=PLANE('',#2810);
#1518=FACE_OUTER_BOUND('',#2811,.T.);
#1519=PLANE('',#2812);
#1520=FACE_OUTER_BOUND('',#2813,.T.);
#1521=PLANE('',#2814);
#1522=FACE_OUTER_BOUND('',#2815,.T.);
#1523=PLANE('',#2816);
#1524=FACE_OUTER_BOUND('',#2817,.T.);
#1525=PLANE('',#2818);
#1526=FACE_OUTER_BOUND('',#2819,.T.);
#1527=PLANE('',#2820);
#1528=FACE_OUTER_BOUND('',#2821,.T.);
#1529=PLANE('',#2822);
#1530=FACE_OUTER_BOUND('',#2823,.T.);
#1531=PLANE('',#2824);
#1532=FACE_OUTER_BOUND('',#2825,.T.);
#1533=PLANE('',#2826);
#1534=FACE_OUTER_BOUND('',#2827,.T.);
#1535=PLANE('',#2828);
#1536=FACE_OUTER_BOUND('',#2829,.T.);
#1537=PLANE('',#2830);
#1538=FACE_OUTER_BOUND('',#2831,.T.);
#1539=PLANE('',#2832);
#1540=FACE_OUTER_BOUND('',#2833,.T.);
#1541=PLANE('',#2834);
#1542=FACE_OUTER_BOUND('',#2835,.T.);
#1543=PLANE('',#2836);
#1544=FACE_OUTER_BOUND('',#2837,.T.);
#1545=PLANE('',#2838);
#1546=FACE_OUTER_BOUND('',#2839,.T.);
#1547=PLANE('',#2840);
#1548=FACE_OUTER_BOUND('',#2841,.T.);
#1549=PLANE('',#2842);
#1550=FACE_OUTER_BOUND('',#2843,.T.);
#1551=PLANE('',#2844);
#1552=FACE_OUTER_BOUND('',#2845,.T.);
#1553=PLANE('',#2846);
#1554=FACE_OUTER_BOUND('',#2847,.T.);
#1555=PLANE('',#2848);
#1556=FACE_OUTER_BOUND('',#2849,.T.);
#1557=PLANE('',#2850);
#1558=FACE_OUTER_BOUND('',#2851,.T.);
#1559=PLANE('',#2852);
#1560=FACE_OUTER_BOUND('',#2853,.T.);
#1561=PLANE('',#2854);
#1562=FACE_OUTER_BOUND('',#2855,.T.);
#1563=PLANE('',#2856);
#1564=FACE_OUTER_BOUND('',#2857,.T.);
#1565=PLANE('',#2858);
#1566=FACE_OUTER_BOUND('',#2859,.T.);
#1567=PLANE('',#2860);
#1568=FACE_OUTER_BOUND('',#2861,.T.);
#1569=PLANE('',#2862);
#1570=FACE_OUTER_BOUND('',#2863,.T.);
#1571=PLANE('',#2864);
#1572=FACE_OUTER_BOUND('',#2865,.T.);
#1573=PLANE('',#2866);
#1574=FACE_OUTER_BOUND('',#2867,.T.);
#1575=PLANE('',#2868);
#1576=FACE_OUTER_BOUND('',#2869,.T.);
#1577=PLANE('',#2870);
#1578=FACE_OUTER_BOUND('',#2871,.T.);
#1579=PLANE('',#2872);
#1580=FACE_OUTER_BOUND('',#2873,.T.);
#1581=PLANE('',#2874);
#1582=FACE_OUTER_BOUND('',#2875,.T.);
#1583=PLANE('',#2876);
#1584=FACE_OUTER_BOUND('',#2877,.T.);
#1585=PLANE('',#2878);
#1586=FACE_OUTER_BOUND('',#2879,.T.);
#1587=PLANE('',#2880);
#1588=FACE_OUTER_BOUND('',#2881,.T.);
#1589=PLANE('',#2882);
#1590=FACE_OUTER_BOUND('',#2883,.T.);
#1591=PLANE('',#2884);
#1592=FACE_OUTER_BOUND('',#2885,.T.);
#1593=PLANE('',#2886);
#1594=FACE_OUTER_BOUND('',#2887,.T.);
#1595=PLANE('',#2888);
#1596=FACE_OUTER_BOUND('',#2889,.T.);
#1597=PLANE('',#2890);
#1598=FACE_OUTER_BOUND('',#2891,.T.);
#1599=PLANE('',#2892);
#1600=FACE_OUTER_BOUND('',#2893,.T.);
#1601=PLANE('',#2894);
#1602=FACE_OUTER_BOUND('',#2895,.T.);
#1603=PLANE('',#2896);
#1604=FACE_OUTER_BOUND('',#2897,.T.);
#1605=PLANE('',#2898);
#1606=FACE_OUTER_BOUND('',#2899,.T.);
#1607=PLANE('',#2900);
#1608=FACE_OUTER_BOUND('',#2901,.T.);
#1609=PLANE('',#2902);
#1610=FACE_OUTER_BOUND('',#2903,.T.);
#1611=PLANE('',#2904);
#1612=FACE_OUTER_BOUND('',#2905,.T.);
#1613=PLANE('',#2906);
#1614=FACE_OUTER_BOUND('',#2907,.T.);
#1615=PLANE('',#2908);
#1616=FACE_OUTER_BOUND('',#2909,.T.);
#1617=PLANE('',#2910);
#1618=FACE_OUTER_BOUND('',#2911,.T.);
#1619=PLANE('',#2912);
#1620=FACE_OUTER_BOUND('',#2913,.T.);
#1621=PLANE('',#2914);
#1622=FACE_OUTER_BOUND('',#2915,.T.);
#1623=PLANE('',#2916);
#1624=FACE_OUTER_BOUND('',#2917,.T.);
#1625=PLANE('',#2918);
#1626=FACE_OUTER_BOUND('',#2919,.T.);
#1627=PLANE('',#2920);
#1628=FACE_OUTER_BOUND('',#2921,.T.);
#1629=PLANE('',#2922);
#1630=FACE_OUTER_BOUND('',#2923,.T.);
#1631=PLANE('',#2924);
#1632=FACE_OUTER_BOUND('',#2925,.T.);
#1633=PLANE('',#2926);
#1634=FACE_OUTER_BOUND('',#2927,.T.);
#1635=PLANE('',#2928);
#1636=FACE_OUTER_BOUND('',#2929,.T.);
#1637=PLANE('',#2930);
#1638=FACE_OUTER_BOUND('',#2931,.T.);
#1639=PLANE('',#2932);
#1640=FACE_OUTER_BOUND('',#2933,.T.);
#1641=PLANE('',#2934);
#1642=FACE_OUTER_BOUND('',#2935,.T.);
#1643=PLANE('',#2936);
#1644=FACE_OUTER_BOUND('',#2937,.T.);
#1645=PLANE('',#2938);
#1646=FACE_OUTER_BOUND('',#2939,.T.);
#1647=PLANE('',#2940);
#1648=FACE_OUTER_BOUND('',#2941,.T.);
#1649=PLANE('',#2942);
#1650=FACE_OUTER_BOUND('',#2943,.T.);
#1651=PLANE('',#2944);
#1652=FACE_OUTER_BOUND('',#2945,.T.);
#1653=PLANE('',#2946);
#1654=FACE_OUTER_BOUND('',#2947,.T.);
#1655=PLANE('',#2948);
#1656=FACE_OUTER_BOUND('',#2949,.T.);
#1657=PLANE('',#2950);
#1658=FACE_OUTER_BOUND('',#2951,.T.);
#1659=PLANE('',#2952);
#1660=FACE_OUTER_BOUND('',#2953,.T.);
#1661=PLANE('',#2954);
#1662=FACE_OUTER_BOUND('',#2955,.T.);
#1663=PLANE('',#2956);
#1664=FACE_OUTER_BOUND('',#2957,.T.);
#1665=PLANE('',#2958);
#1666=FACE_OUTER_BOUND('',#2959,.T.);
#1667=PLANE('',#2960);
#1668=FACE_OUTER_BOUND('',#2961,.T.);
#1669=PLANE('',#2962);
#1670=FACE_OUTER_BOUND('',#2963,.T.);
#1671=PLANE('',#2964);
#1672=FACE_OUTER_BOUND('',#2965,.T.);
#1673=PLANE('',#2966);
#1674=FACE_OUTER_BOUND('',#2967,.T.);
#1675=PLANE('',#2968);
#1676=FACE_OUTER_BOUND('',#2969,.T.);
#1677=PLANE('',#2970);
#1678=FACE_OUTER_BOUND('',#2971,.T.);
#1679=PLANE('',#2972);
#1680=FACE_OUTER_BOUND('',#2973,.T.);
#1681=PLANE('',#2974);
#1682=FACE_OUTER_BOUND('',#2975,.T.);
#1683=PLANE('',#2976);
#1684=FACE_OUTER_BOUND('',#2977,.T.);
#1685=PLANE('',#2978);
#1686=FACE_OUTER_BOUND('',#2979,.T.);
#1687=PLANE('',#2980);
#1688=FACE_OUTER_BOUND('',#2981,.T.);
#1689=PLANE('',#2982);
#1690=FACE_OUTER_BOUND('',#2983,.T.);
#1691=PLANE('',#2984);
#1692=FACE_OUTER_BOUND('',#2985,.T.);
#1693=PLANE('',#2986);
#1694=FACE_OUTER_BOUND('',#2987,.T.);
#1695=PLANE('',#2988);
#1696=FACE_OUTER_BOUND('',#2989,.T.);
#1697=PLANE('',#2990);
#1698=FACE_OUTER_BOUND('',#2991,.T.);
#1699=PLANE('',#2992);
#1700=FACE_OUTER_BOUND('',#2993,.T.);
#1701=PLANE('',#2994);
#1702=FACE_OUTER_BOUND('',#2995,.T.);
#1703=PLANE('',#2996);
#1704=FACE_OUTER_BOUND('',#2997,.T.);
#1705=PLANE('',#2998);
#1706=FACE_OUTER_BOUND('',#2999,.T.);
#1707=PLANE('',#3000);
#1708=FACE_OUTER_BOUND('',#3001,.T.);
#1709=PLANE('',#3002);
#1710=FACE_OUTER_BOUND('',#3003,.T.);
#1711=PLANE('',#3004);
#1712=FACE_OUTER_BOUND('',#3005,.T.);
#1713=PLANE('',#3006);
#1714=FACE_OUTER_BOUND('',#3007,.T.);
#1715=PLANE('',#3008);
#1716=FACE_OUTER_BOUND('',#3009,.T.);
#1717=PLANE('',#3010);
#1718=FACE_OUTER_BOUND('',#3011,.T.);
#1719=PLANE('',#3012);
#1720=FACE_OUTER_BOUND('',#3013,.T.);
#1721=PLANE('',#3014);
#1722=FACE_OUTER_BOUND('',#3015,.T.);
#1723=PLANE('',#3016);
#1724=FACE_OUTER_BOUND('',#3017,.T.);
#1725=PLANE('',#3018);
#1726=FACE_OUTER_BOUND('',#3019,.T.);
#1727=PLANE('',#3020);
#1728=FACE_OUTER_BOUND('',#3021,.T.);
#1729=PLANE('',#3022);
#1730=FACE_OUTER_BOUND('',#3023,.T.);
#1731=PLANE('',#3024);
#1732=FACE_OUTER_BOUND('',#3025,.T.);
#1733=PLANE('',#3026);
#1734=FACE_OUTER_BOUND('',#3027,.T.);
#1735=PLANE('',#3028);
#1736=FACE_OUTER_BOUND('',#3029,.T.);
#1737=PLANE('',#3030);
#1738=FACE_OUTER_BOUND('',#3031,.T.);
#1739=PLANE('',#3032);
#1740=FACE_OUTER_BOUND('',#3033,.T.);
#1741=PLANE('',#3034);
#1742=FACE_OUTER_BOUND('',#3035,.T.);
#1743=PLANE('',#3036);
#1744=FACE_OUTER_BOUND('',#3037,.T.);
#1745=PLANE('',#3038);
#1746=FACE_OUTER_BOUND('',#3039,.T.);
#1747=PLANE('',#3040);
#1748=FACE_OUTER_BOUND('',#3041,.T.);
#1749=PLANE('',#3042);
#1750=FACE_OUTER_BOUND('',#3043,.T.);
#1751=PLANE('',#3044);
#1752=FACE_OUTER_BOUND('',#3045,.T.);
#1753=PLANE('',#3046);
#1754=FACE_OUTER_BOUND('',#3047,.T.);
#1755=PLANE('',#3048);
#1756=FACE_OUTER_BOUND('',#3049,.T.);
#1757=PLANE('',#3050);
#1758=FACE_OUTER_BOUND('',#3051,.T.);
#1759=PLANE('',#3052);
#1760=FACE_OUTER_BOUND('',#3053,.T.);
#1761=PLANE('',#3054);
#1762=FACE_OUTER_BOUND('',#3055,.T.);
#1763=PLANE('',#3056);
#1764=FACE_OUTER_BOUND('',#3057,.T.);
#1765=PLANE('',#3058);
#1766=FACE_OUTER_BOUND('',#3059,.T.);
#1767=PLANE('',#3060);
#1768=FACE_OUTER_BOUND('',#3061,.T.);
#1769=PLANE('',#3062);
#1770=FACE_OUTER_BOUND('',#3063,.T.);
#1771=PLANE('',#3064);
#1772=FACE_OUTER_BOUND('',#3065,.T.);
#1773=PLANE('',#3066);
#1774=FACE_OUTER_BOUND('',#3067,.T.);
#1775=PLANE('',#3068);
#1776=FACE_OUTER_BOUND('',#3069,.T.);
#1777=PLANE('',#3070);
#1778=FACE_OUTER_BOUND('',#3071,.T.);
#1779=PLANE('',#3072);
#1780=FACE_OUTER_BOUND('',#3073,.T.);
#1781=PLANE('',#3074);
#1782=FACE_OUTER_BOUND('',#3075,.T.);
#1783=PLANE('',#3076);
#1784=FACE_OUTER_BOUND('',#3077,.T.);
#1785=PLANE('',#3078);
#1786=FACE_OUTER_BOUND('',#3079,.T.);
#1787=PLANE('',#3080);
#1788=FACE_OUTER_BOUND('',#3081,.T.);
#1789=PLANE('',#3082);
#1790=FACE_OUTER_BOUND('',#3083,.T.);
#1791=PLANE('',#3084);
#1792=FACE_OUTER_BOUND('',#3085,.T.);
#1793=PLANE('',#3086);
#1794=FACE_OUTER_BOUND('',#3087,.T.);
#1795=PLANE('',#3088);
#1796=FACE_OUTER_BOUND('',#3089,.T.);
#1797=PLANE('',#3090);
#1798=FACE_OUTER_BOUND('',#3091,.T.);
#1799=PLANE('',#3092);
#1800=FACE_OUTER_BOUND('',#3093,.T.);
#1801=PLANE('',#3094);
#1802=FACE_OUTER_BOUND('',#3095,.T.);
#1803=PLANE('',#3096);
#1804=FACE_OUTER_BOUND('',#3097,.T.);
#1805=PLANE('',#3098);
#1806=FACE_OUTER_BOUND('',#3099,.T.);
#1807=PLANE('',#3100);
#1808=FACE_OUTER_BOUND('',#3101,.T.);
#1809=PLANE('',#3102);
#1810=FACE_OUTER_BOUND('',#3103,.T.);
#1811=PLANE('',#3104);
#1812=FACE_OUTER_BOUND('',#3105,.T.);
#1813=PLANE('',#3106);
#1814=FACE_OUTER_BOUND('',#3107,.T.);
#1815=PLANE('',#3108);
#1816=FACE_OUTER_BOUND('',#3109,.T.);
#1817=PLANE('',#3110);
#1818=FACE_OUTER_BOUND('',#3111,.T.);
#1819=PLANE('',#3112);
#1820=FACE_OUTER_BOUND('',#3113,.T.);
#1821=PLANE('',#3114);
#1822=FACE_OUTER_BOUND('',#3115,.T.);
#1823=PLANE('',#3116);
#1824=FACE_OUTER_BOUND('',#3117,.T.);
#1825=PLANE('',#3118);
#1826=FACE_OUTER_BOUND('',#3119,.T.);
#1827=PLANE('',#3120);
#1828=FACE_OUTER_BOUND('',#3121,.T.);
#1829=PLANE('',#3122);
#1830=FACE_OUTER_BOUND('',#3123,.T.);
#1831=PLANE('',#3124);
#1832=FACE_OUTER_BOUND('',#3125,.T.);
#1833=PLANE('',#3126);
#1834=FACE_OUTER_BOUND('',#3127,.T.);
#1835=PLANE('',#3128);
#1836=FACE_OUTER_BOUND('',#3129,.T.);
#1837=PLANE('',#3130);
#1838=FACE_OUTER_BOUND('',#3131,.T.);
#1839=PLANE('',#3132);
#1840=FACE_OUTER_BOUND('',#3133,.T.);
#1841=PLANE('',#3134);
#1842=FACE_OUTER_BOUND('',#3135,.T.);
#1843=PLANE('',#3136);
#1844=FACE_OUTER_BOUND('',#3137,.T.);
#1845=PLANE('',#3138);
#1846=FACE_OUTER_BOUND('',#3139,.T.);
#1847=PLANE('',#3140);
#1848=FACE_OUTER_BOUND('',#3141,.T.);
#1849=PLANE('',#3142);
#1850=FACE_OUTER_BOUND('',#3143,.T.);
#1851=PLANE('',#3144);
#1852=FACE_OUTER_BOUND('',#3145,.T.);
#1853=PLANE('',#3146);
#1854=FACE_OUTER_BOUND('',#3147,.T.);
#1855=PLANE('',#3148);
#1856=FACE_OUTER_BOUND('',#3149,.T.);
#1857=PLANE('',#3150);
#1858=FACE_OUTER_BOUND('',#3151,.T.);
#1859=PLANE('',#3152);
#1860=FACE_OUTER_BOUND('',#3153,.T.);
#1861=PLANE('',#3154);
#1862=FACE_OUTER_BOUND('',#3155,.T.);
#1863=PLANE('',#3156);
#1864=FACE_OUTER_BOUND('',#3157,.T.);
#1865=PLANE('',#3158);
#1866=FACE_OUTER_BOUND('',#3159,.T.);
#1867=PLANE('',#3160);
#1868=EDGE_LOOP('',(#3161,#3162,#3163,#3164));
#1869=AXIS2_PLACEMENT_3D('',#3165,#3166,#3167);
#1870=EDGE_LOOP('',(#3168,#3169,#3170,#3171));
#1871=AXIS2_PLACEMENT_3D('',#3172,#3173,#3174);
#1872=EDGE_LOOP('',(#3175,#3176,#3177,#3178));
#1873=AXIS2_PLACEMENT_3D('',#3179,#3180,#3181);
#1874=EDGE_LOOP('',(#3182,#3183,#3184,#3185));
#1875=AXIS2_PLACEMENT_3D('',#3186,#3187,#3188);
#1876=EDGE_LOOP('',(#3189,#3190,#3191,#3192));
#1877=AXIS2_PLACEMENT_3D('',#3193,#3194,#3195);
#1878=EDGE_LOOP('',(#3196,#3197,#3198,#3199));
#1879=AXIS2_PLACEMENT_3D('',#3200,#3201,#3202);
#1880=EDGE_LOOP('',(#3203,#3204,#3205,#3206));
#1881=AXIS2_PLACEMENT_3D('',#3207,#3208,#3209);
#1882=EDGE_LOOP('',(#3210,#3211,#3212,#3213));
#1883=AXIS2_PLACEMENT_3D('',#3214,#3215,#3216);
#1884=EDGE_LOOP('',(#3217,#3218,#3219,#3220));
#1885=AXIS2_PLACEMENT_3D('',#3221,#3222,#3223);
#1886=EDGE_LOOP('',(#3224,#3225,#3226,#3227));
#1887=AXIS2_PLACEMENT_3D('',#3228,#3229,#3230);
#1888=EDGE_LOOP('',(#3231,#3232,#3233,#3234));
#1889=AXIS2_PLACEMENT_3D('',#3235,#3236,#3237);
#1890=EDGE_LOOP('',(#3238,#3239,#3240,#3241));
#1891=AXIS2_PLACEMENT_3D('',#3242,#3243,#3244);
#1892=EDGE_LOOP('',(#3245,#3246,#3247,#3248));
#1893=AXIS2_PLACEMENT_3D('',#3249,#3250,#3251);
#1894=EDGE_LOOP('',(#3252,#3253,#3254,#3255,#3256));
#1895=AXIS2_PLACEMENT_3D('',#3257,#3258,#3259);
#1896=EDGE_LOOP('',(#3260,#3261,#3262,#3263,#3264));
#1897=AXIS2_PLACEMENT_3D('',#3265,#3266,#3267);
#1898=EDGE_LOOP('',(#3268,#3269,#3270,#3271,#3272,#3273,#3274));
#1899=AXIS2_PLACEMENT_3D('',#3275,#3276,#3277);
#1900=EDGE_LOOP('',(#3278,#3279,#3280,#3281));
#1901=AXIS2_PLACEMENT_3D('',#3282,#3283,#3284);
#1902=EDGE_LOOP('',(#3285,#3286,#3287,#3288));
#1903=EDGE_LOOP('',(#3289,#3290,#3291,#3292));
#1904=AXIS2_PLACEMENT_3D('',#3293,#3294,#3295);
#1905=EDGE_LOOP('',(#3296,#3297,#3298,#3299));
#1906=AXIS2_PLACEMENT_3D('',#3300,#3301,#3302);
#1907=EDGE_LOOP('',(#3303,#3304,#3305,#3306,#3307,#3308,#3309));
#1908=AXIS2_PLACEMENT_3D('',#3310,#3311,#3312);
#1909=EDGE_LOOP('',(#3313,#3314));
#1910=AXIS2_PLACEMENT_3D('',#3315,#3316,#3317);
#1911=EDGE_LOOP('',(#3318,#3319));
#1912=AXIS2_PLACEMENT_3D('',#3320,#3321,#3322);
#1913=EDGE_LOOP('',(#3323,#3324,#3325,#3326,#3327,#3328,#3329,#3330,#3331,#3332));
#1914=EDGE_LOOP('',(#3333,#3334,#3335,#3336,#3337,#3338,#3339,#3340));
#1915=EDGE_LOOP('',(#3341,#3342,#3343,#3344,#3345,#3346,#3347,#3348));
#1916=EDGE_LOOP('',(#3349,#3350,#3351,#3352,#3353,#3354,#3355,#3356));
#1917=EDGE_LOOP('',(#3357,#3358,#3359,#3360,#3361,#3362,#3363,#3364));
#1918=EDGE_LOOP('',(#3365,#3366,#3367,#3368,#3369,#3370,#3371,#3372,#3373,#3374,#3375,#3376,#3377,#3378,#3379,#3380,#3381,#3382,#3383,#3384,#3385,#3386,#3387,#3388,#3389,#3390,#3391,#3392,#3393,#3394,#3395,#3396,#3397,#3398,#3399,#3400,#3401,#3402,#3403,#3404,#3405,#3406,#3407,#3408,#3409,#3410,#3411));
#1919=EDGE_LOOP('',(#3412,#3413,#3414,#3415));
#1920=EDGE_LOOP('',(#3416,#3417,#3418,#3419,#3420,#3421,#3422,#3423,#3424,#3425,#3426,#3427,#3428,#3429,#3430,#3431,#3432,#3433,#3434,#3435,#3436,#3437,#3438,#3439,#3440,#3441,#3442,#3443,#3444,#3445,#3446,#3447,#3448,#3449,#3450,#3451,#3452,#3453,#3454,#3455,#3456,#3457,#3458,#3459,#3460,#3461,#3462,#3463,#3464,#3465,#3466,#3467,#3468,#3469));
#1921=EDGE_LOOP('',(#3470,#3471,#3472,#3473,#3474,#3475,#3476,#3477,#3478,#3479,#3480,#3481,#3482));
#1922=EDGE_LOOP('',(#3483,#3484,#3485,#3486));
#1923=EDGE_LOOP('',(#3487,#3488,#3489,#3490,#3491,#3492,#3493,#3494));
#1924=EDGE_LOOP('',(#3495,#3496,#3497,#3498,#3499,#3500,#3501,#3502,#3503,#3504,#3505,#3506,#3507,#3508,#3509,#3510,#3511,#3512,#3513,#3514,#3515,#3516,#3517,#3518,#3519,#3520,#3521,#3522,#3523,#3524,#3525,#3526,#3527,#3528,#3529,#3530,#3531,#3532,#3533,#3534));
#1925=EDGE_LOOP('',(#3535,#3536,#3537,#3538,#3539,#3540,#3541,#3542,#3543,#3544,#3545,#3546));
#1926=EDGE_LOOP('',(#3547,#3548,#3549,#3550,#3551,#3552,#3553,#3554,#3555,#3556,#3557,#3558,#3559,#3560,#3561,#3562,#3563,#3564,#3565,#3566,#3567,#3568,#3569,#3570,#3571,#3572,#3573,#3574,#3575,#3576,#3577,#3578,#3579,#3580,#3581,#3582,#3583,#3584,#3585,#3586));
#1927=EDGE_LOOP('',(#3587,#3588,#3589,#3590,#3591,#3592,#3593,#3594,#3595,#3596,#3597,#3598,#3599,#3600,#3601,#3602,#3603,#3604,#3605,#3606,#3607,#3608,#3609,#3610));
#1928=EDGE_LOOP('',(#3611,#3612,#3613,#3614,#3615,#3616,#3617,#3618,#3619,#3620));
#1929=EDGE_LOOP('',(#3621,#3622,#3623,#3624,#3625,#3626,#3627,#3628,#3629,#3630));
#1930=EDGE_LOOP('',(#3631,#3632,#3633,#3634,#3635,#3636,#3637,#3638,#3639,#3640,#3641,#3642));
#1931=EDGE_LOOP('',(#3643,#3644,#3645,#3646,#3647,#3648,#3649,#3650,#3651,#3652,#3653,#3654,#3655,#3656,#3657,#3658,#3659,#3660,#3661,#3662,#3663,#3664,#3665,#3666,#3667,#3668,#3669,#3670,#3671,#3672,#3673,#3674,#3675,#3676,#3677,#3678,#3679,#3680,#3681,#3682));
#1932=EDGE_LOOP('',(#3683,#3684,#3685,#3686,#3687,#3688,#3689,#3690));
#1933=EDGE_LOOP('',(#3691,#3692,#3693,#3694,#3695,#3696,#3697,#3698,#3699,#3700,#3701,#3702,#3703,#3704,#3705,#3706,#3707,#3708,#3709,#3710,#3711,#3712,#3713,#3714));
#1934=EDGE_LOOP('',(#3715,#3716,#3717,#3718,#3719,#3720,#3721,#3722,#3723,#3724,#3725,#3726,#3727,#3728,#3729,#3730));
#1935=AXIS2_PLACEMENT_3D('',#3731,#3732,#3733);
#1936=EDGE_LOOP('',(#3734,#3735,#3736,#3737,#3738,#3739,#3740,#3741,#3742,#3743,#3744,#3745,#3746,#3747,#3748,#3749,#3750,#3751,#3752,#3753));
#1937=AXIS2_PLACEMENT_3D('',#3754,#3755,#3756);
#1938=EDGE_LOOP('',(#3757,#3758,#3759,#3760,#3761,#3762,#3763,#3764,#3765,#3766,#3767,#3768,#3769,#3770,#3771,#3772,#3773,#3774,#3775,#3776));
#1939=AXIS2_PLACEMENT_3D('',#3777,#3778,#3779);
#1940=EDGE_LOOP('',(#3780,#3781,#3782,#3783,#3784,#3785,#3786,#3787,#3788,#3789));
#1941=AXIS2_PLACEMENT_3D('',#3790,#3791,#3792);
#1942=EDGE_LOOP('',(#3793,#3794,#3795,#3796));
#1943=AXIS2_PLACEMENT_3D('',#3797,#3798,#3799);
#1944=EDGE_LOOP('',(#3800,#3801,#3802,#3803));
#1945=AXIS2_PLACEMENT_3D('',#3804,#3805,#3806);
#1946=EDGE_LOOP('',(#3807,#3808,#3809,#3810,#3811,#3812,#3813,#3814,#3815,#3816,#3817,#3818));
#1947=AXIS2_PLACEMENT_3D('',#3819,#3820,#3821);
#1948=EDGE_LOOP('',(#3822,#3823,#3824,#3825));
#1949=AXIS2_PLACEMENT_3D('',#3826,#3827,#3828);
#1950=EDGE_LOOP('',(#3829,#3830,#3831,#3832,#3833,#3834,#3835,#3836,#3837,#3838,#3839,#3840,#3841,#3842,#3843,#3844,#3845,#3846,#3847,#3848,#3849,#3850,#3851,#3852,#3853,#3854,#3855,#3856,#3857,#3858,#3859,#3860,#3861,#3862,#3863,#3864,#3865,#3866,#3867,#3868,#3869,#3870));
#1951=EDGE_LOOP('',(#3871,#3872));
#1952=EDGE_LOOP('',(#3873,#3874,#3875,#3876));
#1953=EDGE_LOOP('',(#3877,#3878));
#1954=AXIS2_PLACEMENT_3D('',#3879,#3880,#3881);
#1955=EDGE_LOOP('',(#3882,#3883,#3884,#3885));
#1956=AXIS2_PLACEMENT_3D('',#3886,#3887,#3888);
#1957=EDGE_LOOP('',(#3889,#3890,#3891,#3892));
#1959=CARTESIAN_POINT('',(-8.14758499709784E-06,-2.89999439600612,-4.19999999986485));
#1960=CARTESIAN_POINT('',(-8.14765185738427E-06,-3.07573553303813,-4.20000328270554));
#1961=CARTESIAN_POINT('',(-5.61644672606494E-06,-3.20000328278895,-4.07573553298065));
#1962=CARTESIAN_POINT('',(-2.03678210362811E-06,-3.19999999994735,-3.89999439598503));
#1963=CARTESIAN_POINT('',(0.238549255763645,-2.89999439600612,-4.20000485903159));
#1964=CARTESIAN_POINT('',(0.238551213561606,-3.07573553303813,-4.2000081419122));
#1965=CARTESIAN_POINT('',(0.164441265505915,-3.20000328278895,-4.0757388825929));
#1966=CARTESIAN_POINT('',(0.0596339718772027,-3.19999999994735,-3.89999561070859));
#1967=CARTESIAN_POINT('',(0.400000005652613,-2.89999439600612,-4.03004731052215));
#1968=CARTESIAN_POINT('',(0.400003288493336,-3.07573553303813,-4.0300491985433));
#1969=CARTESIAN_POINT('',(0.27573553697051,-3.20000328278895,-3.95858054449714));
#1970=CARTESIAN_POINT('',(0.0999943974321512,-3.19999999994735,-3.8575086046787));
#1971=CARTESIAN_POINT('',(0.399999999947655,-2.89999439600612,-3.79999999008047));
#1972=CARTESIAN_POINT('',(0.400003282788291,-3.07573553303813,-3.79999999007995));
#1973=CARTESIAN_POINT('',(0.275735533037848,-3.20000328278895,-3.79999999316173));
#1974=CARTESIAN_POINT('',(0.0999943960059864,-3.19999999994735,-3.79999999752007));
#1975=CARTESIAN_POINT('',(0.399999994242706,-2.89999439600612,-3.56995267948166));
#1976=CARTESIAN_POINT('',(0.400003277083319,-3.07573553303813,-3.56995079146019));
#1977=CARTESIAN_POINT('',(0.275735529105198,-3.20000328278895,-3.64141944861141));
#1978=CARTESIAN_POINT('',(0.099994394579831,-3.19999999994735,-3.74249139282201));
#1979=CARTESIAN_POINT('',(0.238549247163608,-2.89999439600612,-3.39999514096859));
#1980=CARTESIAN_POINT('',(0.238551204961549,-3.07573553303813,-3.39999185808836));
#1981=CARTESIAN_POINT('',(0.164441259577616,-3.20000328278895,-3.52426111740694));
#1982=CARTESIAN_POINT('',(0.0596339697273295,-3.19999999994735,-3.70000438929118));
#1983=CARTESIAN_POINT('',(-8.14758514858888E-06,-2.89999439600612,-3.40000000013523));
#1984=CARTESIAN_POINT('',(-8.14765199422772E-06,-3.07573553303813,-3.39999671729476));
#1985=CARTESIAN_POINT('',(-5.61644682327475E-06,-3.20000328278895,-3.5242644670191));
#1986=CARTESIAN_POINT('',(-2.03678213933377E-06,-3.19999999994735,-3.70000560401478));
#1993=EDGE_LOOP('',(#3893,#3894));
#1994=AXIS2_PLACEMENT_3D('',#3895,#3896,#3897);
#1995=EDGE_LOOP('',(#3898,#3899,#3900,#3901));
#1996=AXIS2_PLACEMENT_3D('',#3902,#3903,#3904);
#1997=EDGE_LOOP('',(#3905,#3906,#3907,#3908));
#1999=CARTESIAN_POINT('',(8.14758499047021E-06,-2.89999439600612,-3.40000000013516));
#2000=CARTESIAN_POINT('',(8.14765185073657E-06,-3.07573553303813,-3.39999671729446));
#2001=CARTESIAN_POINT('',(5.61644672148144E-06,-3.20000328278895,-3.52426446701935));
#2002=CARTESIAN_POINT('',(2.03678210197024E-06,-3.19999999994735,-3.70000560401497));
#2003=CARTESIAN_POINT('',(-0.238549255763649,-2.89999439600612,-3.39999514096842));
#2004=CARTESIAN_POINT('',(-0.23855121356161,-3.07573553303813,-3.3999918580878));
#2005=CARTESIAN_POINT('',(-0.164441265505919,-3.20000328278895,-3.5242611174071));
#2006=CARTESIAN_POINT('',(-0.0596339718772063,-3.19999999994735,-3.7000043892914));
#2007=CARTESIAN_POINT('',(-0.400000005652613,-2.89999439600612,-3.56995268947786));
#2008=CARTESIAN_POINT('',(-0.400003288493336,-3.07573553303813,-3.5699508014567));
#2009=CARTESIAN_POINT('',(-0.275735536970513,-3.20000328278895,-3.64141945550286));
#2010=CARTESIAN_POINT('',(-0.0999943974321557,-3.19999999994735,-3.7424913953213));
#2011=CARTESIAN_POINT('',(-0.399999999947655,-2.89999439600612,-3.80000000991953));
#2012=CARTESIAN_POINT('',(-0.400003282788291,-3.07573553303813,-3.80000000992005));
#2013=CARTESIAN_POINT('',(-0.275735533037851,-3.20000328278895,-3.80000000683827));
#2014=CARTESIAN_POINT('',(-0.0999943960059908,-3.19999999994735,-3.80000000247993));
#2015=CARTESIAN_POINT('',(-0.399999994242706,-2.89999439600612,-4.03004732051834));
#2016=CARTESIAN_POINT('',(-0.400003277083319,-3.07573553303813,-4.03004920853981));
#2017=CARTESIAN_POINT('',(-0.275735529105201,-3.20000328278895,-3.95858055138859));
#2018=CARTESIAN_POINT('',(-0.0999943945798355,-3.19999999994735,-3.85750860717799));
#2019=CARTESIAN_POINT('',(-0.238549247163612,-2.89999439600612,-4.20000485903141));
#2020=CARTESIAN_POINT('',(-0.238551204961553,-3.07573553303813,-4.20000814191164));
#2021=CARTESIAN_POINT('',(-0.16444125957762,-3.20000328278895,-4.07573888259306));
#2022=CARTESIAN_POINT('',(-0.0596339697273331,-3.19999999994735,-3.89999561070882));
#2023=CARTESIAN_POINT('',(8.14758514192052E-06,-2.89999439600612,-4.19999999986477));
#2024=CARTESIAN_POINT('',(8.14765198757458E-06,-3.07573553303813,-4.20000328270524));
#2025=CARTESIAN_POINT('',(5.6164468186902E-06,-3.20000328278895,-4.0757355329809));
#2026=CARTESIAN_POINT('',(2.036782137665E-06,-3.19999999994734,-3.89999439598522));
#2033=EDGE_LOOP('',(#3909,#3910,#3911,#3912));
#2034=AXIS2_PLACEMENT_3D('',#3913,#3914,#3915);
#2035=EDGE_LOOP('',(#3916,#3917,#3918,#3919));
#2036=AXIS2_PLACEMENT_3D('',#3920,#3921,#3922);
#2037=EDGE_LOOP('',(#3923,#3924,#3925,#3926));
#2038=AXIS2_PLACEMENT_3D('',#3927,#3928,#3929);
#2039=EDGE_LOOP('',(#3930,#3931,#3932,#3933,#3934));
#2040=AXIS2_PLACEMENT_3D('',#3935,#3936,#3937);
#2041=EDGE_LOOP('',(#3938,#3939,#3940,#3941,#3942));
#2042=AXIS2_PLACEMENT_3D('',#3943,#3944,#3945);
#2043=EDGE_LOOP('',(#3946,#3947,#3948,#3949));
#2044=AXIS2_PLACEMENT_3D('',#3950,#3951,#3952);
#2045=EDGE_LOOP('',(#3953,#3954,#3955,#3956));
#2046=AXIS2_PLACEMENT_3D('',#3957,#3958,#3959);
#2047=EDGE_LOOP('',(#3960,#3961,#3962,#3963,#3964));
#2048=AXIS2_PLACEMENT_3D('',#3965,#3966,#3967);
#2049=EDGE_LOOP('',(#3968,#3969,#3970,#3971));
#2050=AXIS2_PLACEMENT_3D('',#3972,#3973,#3974);
#2051=EDGE_LOOP('',(#3975,#3976,#3977,#3978,#3979));
#2052=AXIS2_PLACEMENT_3D('',#3980,#3981,#3982);
#2053=EDGE_LOOP('',(#3983,#3984,#3985,#3986,#3987,#3988,#3989,#3990));
#2054=AXIS2_PLACEMENT_3D('',#3991,#3992,#3993);
#2055=EDGE_LOOP('',(#3994,#3995,#3996,#3997,#3998,#3999,#4000,#4001));
#2056=AXIS2_PLACEMENT_3D('',#4002,#4003,#4004);
#2057=EDGE_LOOP('',(#4005,#4006,#4007,#4008,#4009,#4010,#4011,#4012,#4013));
#2058=AXIS2_PLACEMENT_3D('',#4014,#4015,#4016);
#2059=EDGE_LOOP('',(#4017,#4018,#4019,#4020,#4021,#4022));
#2060=AXIS2_PLACEMENT_3D('',#4023,#4024,#4025);
#2061=EDGE_LOOP('',(#4026,#4027,#4028,#4029,#4030,#4031));
#2062=AXIS2_PLACEMENT_3D('',#4032,#4033,#4034);
#2063=EDGE_LOOP('',(#4035,#4036,#4037,#4038));
#2064=AXIS2_PLACEMENT_3D('',#4039,#4040,#4041);
#2065=EDGE_LOOP('',(#4042,#4043,#4044,#4045));
#2066=AXIS2_PLACEMENT_3D('',#4046,#4047,#4048);
#2067=EDGE_LOOP('',(#4049,#4050,#4051,#4052,#4053,#4054,#4055,#4056,#4057,#4058,#4059,#4060,#4061,#4062,#4063,#4064,#4065));
#2068=AXIS2_PLACEMENT_3D('',#4066,#4067,#4068);
#2069=EDGE_LOOP('',(#4069,#4070,#4071,#4072));
#2070=AXIS2_PLACEMENT_3D('',#4073,#4074,#4075);
#2071=EDGE_LOOP('',(#4076,#4077,#4078,#4079,#4080,#4081,#4082));
#2072=AXIS2_PLACEMENT_3D('',#4083,#4084,#4085);
#2073=EDGE_LOOP('',(#4086,#4087,#4088,#4089));
#2074=AXIS2_PLACEMENT_3D('',#4090,#4091,#4092);
#2075=EDGE_LOOP('',(#4093,#4094,#4095,#4096));
#2076=AXIS2_PLACEMENT_3D('',#4097,#4098,#4099);
#2077=EDGE_LOOP('',(#4100,#4101,#4102,#4103,#4104,#4105,#4106));
#2078=AXIS2_PLACEMENT_3D('',#4107,#4108,#4109);
#2079=EDGE_LOOP('',(#4110,#4111,#4112,#4113));
#2080=AXIS2_PLACEMENT_3D('',#4114,#4115,#4116);
#2081=EDGE_LOOP('',(#4117,#4118,#4119,#4120));
#2082=AXIS2_PLACEMENT_3D('',#4121,#4122,#4123);
#2083=EDGE_LOOP('',(#4124,#4125,#4126,#4127));
#2084=AXIS2_PLACEMENT_3D('',#4128,#4129,#4130);
#2085=EDGE_LOOP('',(#4131,#4132,#4133,#4134));
#2086=AXIS2_PLACEMENT_3D('',#4135,#4136,#4137);
#2087=EDGE_LOOP('',(#4138,#4139,#4140,#4141));
#2088=AXIS2_PLACEMENT_3D('',#4142,#4143,#4144);
#2089=EDGE_LOOP('',(#4145,#4146,#4147,#4148,#4149,#4150,#4151,#4152,#4153,#4154,#4155,#4156,#4157,#4158,#4159,#4160));
#2090=AXIS2_PLACEMENT_3D('',#4161,#4162,#4163);
#2091=EDGE_LOOP('',(#4164,#4165,#4166,#4167,#4168,#4169,#4170,#4171));
#2092=AXIS2_PLACEMENT_3D('',#4172,#4173,#4174);
#2093=EDGE_LOOP('',(#4175,#4176,#4177,#4178,#4179));
#2094=AXIS2_PLACEMENT_3D('',#4180,#4181,#4182);
#2095=EDGE_LOOP('',(#4183,#4184,#4185,#4186));
#2096=AXIS2_PLACEMENT_3D('',#4187,#4188,#4189);
#2097=EDGE_LOOP('',(#4190,#4191,#4192,#4193,#4194));
#2098=AXIS2_PLACEMENT_3D('',#4195,#4196,#4197);
#2099=EDGE_LOOP('',(#4198,#4199,#4200,#4201));
#2100=AXIS2_PLACEMENT_3D('',#4202,#4203,#4204);
#2101=EDGE_LOOP('',(#4205,#4206,#4207,#4208));
#2102=AXIS2_PLACEMENT_3D('',#4209,#4210,#4211);
#2103=EDGE_LOOP('',(#4212,#4213,#4214,#4215));
#2104=AXIS2_PLACEMENT_3D('',#4216,#4217,#4218);
#2105=EDGE_LOOP('',(#4219,#4220,#4221,#4222));
#2106=AXIS2_PLACEMENT_3D('',#4223,#4224,#4225);
#2107=EDGE_LOOP('',(#4226,#4227,#4228,#4229));
#2108=AXIS2_PLACEMENT_3D('',#4230,#4231,#4232);
#2109=EDGE_LOOP('',(#4233,#4234,#4235,#4236));
#2110=AXIS2_PLACEMENT_3D('',#4237,#4238,#4239);
#2111=EDGE_LOOP('',(#4240,#4241,#4242,#4243));
#2112=AXIS2_PLACEMENT_3D('',#4244,#4245,#4246);
#2113=EDGE_LOOP('',(#4247,#4248,#4249,#4250));
#2114=AXIS2_PLACEMENT_3D('',#4251,#4252,#4253);
#2115=EDGE_LOOP('',(#4254,#4255,#4256,#4257));
#2116=AXIS2_PLACEMENT_3D('',#4258,#4259,#4260);
#2117=EDGE_LOOP('',(#4261,#4262,#4263,#4264));
#2118=AXIS2_PLACEMENT_3D('',#4265,#4266,#4267);
#2119=EDGE_LOOP('',(#4268,#4269,#4270,#4271));
#2120=AXIS2_PLACEMENT_3D('',#4272,#4273,#4274);
#2121=EDGE_LOOP('',(#4275,#4276,#4277,#4278,#4279,#4280,#4281,#4282));
#2122=AXIS2_PLACEMENT_3D('',#4283,#4284,#4285);
#2123=EDGE_LOOP('',(#4286,#4287,#4288,#4289,#4290));
#2124=AXIS2_PLACEMENT_3D('',#4291,#4292,#4293);
#2125=EDGE_LOOP('',(#4294,#4295,#4296,#4297));
#2126=AXIS2_PLACEMENT_3D('',#4298,#4299,#4300);
#2127=EDGE_LOOP('',(#4301,#4302,#4303,#4304,#4305));
#2128=AXIS2_PLACEMENT_3D('',#4306,#4307,#4308);
#2129=EDGE_LOOP('',(#4309,#4310,#4311,#4312));
#2130=AXIS2_PLACEMENT_3D('',#4313,#4314,#4315);
#2131=EDGE_LOOP('',(#4316,#4317,#4318,#4319));
#2132=AXIS2_PLACEMENT_3D('',#4320,#4321,#4322);
#2133=EDGE_LOOP('',(#4323,#4324,#4325,#4326));
#2134=AXIS2_PLACEMENT_3D('',#4327,#4328,#4329);
#2135=EDGE_LOOP('',(#4330,#4331));
#2136=EDGE_LOOP('',(#4332,#4333));
#2137=AXIS2_PLACEMENT_3D('',#4334,#4335,#4336);
#2138=EDGE_LOOP('',(#4337,#4338,#4339,#4340,#4341));
#2139=AXIS2_PLACEMENT_3D('',#4342,#4343,#4344);
#2140=EDGE_LOOP('',(#4345,#4346,#4347,#4348));
#2141=AXIS2_PLACEMENT_3D('',#4349,#4350,#4351);
#2142=EDGE_LOOP('',(#4352,#4353,#4354,#4355));
#2143=AXIS2_PLACEMENT_3D('',#4356,#4357,#4358);
#2144=EDGE_LOOP('',(#4359,#4360,#4361,#4362,#4363));
#2145=AXIS2_PLACEMENT_3D('',#4364,#4365,#4366);
#2146=EDGE_LOOP('',(#4367,#4368,#4369,#4370,#4371,#4372,#4373,#4374));
#2147=AXIS2_PLACEMENT_3D('',#4375,#4376,#4377);
#2148=EDGE_LOOP('',(#4378,#4379,#4380,#4381,#4382));
#2149=AXIS2_PLACEMENT_3D('',#4383,#4384,#4385);
#2150=EDGE_LOOP('',(#4386,#4387,#4388,#4389));
#2151=AXIS2_PLACEMENT_3D('',#4390,#4391,#4392);
#2152=EDGE_LOOP('',(#4393,#4394,#4395,#4396,#4397));
#2153=AXIS2_PLACEMENT_3D('',#4398,#4399,#4400);
#2154=EDGE_LOOP('',(#4401,#4402,#4403,#4404));
#2155=AXIS2_PLACEMENT_3D('',#4405,#4406,#4407);
#2156=EDGE_LOOP('',(#4408,#4409,#4410,#4411));
#2157=AXIS2_PLACEMENT_3D('',#4412,#4413,#4414);
#2158=EDGE_LOOP('',(#4415,#4416,#4417,#4418));
#2159=AXIS2_PLACEMENT_3D('',#4419,#4420,#4421);
#2160=EDGE_LOOP('',(#4422,#4423,#4424,#4425));
#2161=AXIS2_PLACEMENT_3D('',#4426,#4427,#4428);
#2162=EDGE_LOOP('',(#4429,#4430,#4431,#4432));
#2163=AXIS2_PLACEMENT_3D('',#4433,#4434,#4435);
#2164=EDGE_LOOP('',(#4436,#4437,#4438,#4439));
#2165=AXIS2_PLACEMENT_3D('',#4440,#4441,#4442);
#2166=EDGE_LOOP('',(#4443,#4444,#4445,#4446));
#2167=AXIS2_PLACEMENT_3D('',#4447,#4448,#4449);
#2168=EDGE_LOOP('',(#4450,#4451,#4452,#4453));
#2169=AXIS2_PLACEMENT_3D('',#4454,#4455,#4456);
#2170=EDGE_LOOP('',(#4457,#4458,#4459,#4460));
#2171=AXIS2_PLACEMENT_3D('',#4461,#4462,#4463);
#2172=EDGE_LOOP('',(#4464,#4465,#4466,#4467));
#2173=AXIS2_PLACEMENT_3D('',#4468,#4469,#4470);
#2174=EDGE_LOOP('',(#4471,#4472,#4473,#4474,#4475,#4476,#4477,#4478));
#2175=EDGE_LOOP('',(#4479,#4480,#4481,#4482));
#2176=AXIS2_PLACEMENT_3D('',#4483,#4484,#4485);
#2177=EDGE_LOOP('',(#4486,#4487,#4488,#4489,#4490,#4491,#4492,#4493));
#2178=EDGE_LOOP('',(#4494,#4495,#4496,#4497));
#2179=AXIS2_PLACEMENT_3D('',#4498,#4499,#4500);
#2180=EDGE_LOOP('',(#4501,#4502,#4503,#4504,#4505,#4506,#4507,#4508));
#2181=EDGE_LOOP('',(#4509,#4510,#4511,#4512));
#2182=AXIS2_PLACEMENT_3D('',#4513,#4514,#4515);
#2183=EDGE_LOOP('',(#4516,#4517,#4518,#4519));
#2184=AXIS2_PLACEMENT_3D('',#4520,#4521,#4522);
#2185=EDGE_LOOP('',(#4523,#4524,#4525,#4526));
#2186=AXIS2_PLACEMENT_3D('',#4527,#4528,#4529);
#2187=EDGE_LOOP('',(#4530,#4531,#4532,#4533));
#2188=AXIS2_PLACEMENT_3D('',#4534,#4535,#4536);
#2189=EDGE_LOOP('',(#4537,#4538,#4539,#4540));
#2190=AXIS2_PLACEMENT_3D('',#4541,#4542,#4543);
#2191=EDGE_LOOP('',(#4544,#4545,#4546,#4547));
#2192=AXIS2_PLACEMENT_3D('',#4548,#4549,#4550);
#2193=EDGE_LOOP('',(#4551,#4552,#4553,#4554));
#2194=AXIS2_PLACEMENT_3D('',#4555,#4556,#4557);
#2195=EDGE_LOOP('',(#4558,#4559,#4560,#4561));
#2196=AXIS2_PLACEMENT_3D('',#4562,#4563,#4564);
#2197=EDGE_LOOP('',(#4565,#4566,#4567,#4568));
#2198=AXIS2_PLACEMENT_3D('',#4569,#4570,#4571);
#2199=EDGE_LOOP('',(#4572,#4573,#4574,#4575));
#2200=AXIS2_PLACEMENT_3D('',#4576,#4577,#4578);
#2201=EDGE_LOOP('',(#4579,#4580,#4581,#4582));
#2202=AXIS2_PLACEMENT_3D('',#4583,#4584,#4585);
#2203=EDGE_LOOP('',(#4586,#4587,#4588,#4589));
#2204=AXIS2_PLACEMENT_3D('',#4590,#4591,#4592);
#2205=EDGE_LOOP('',(#4593,#4594,#4595,#4596));
#2206=AXIS2_PLACEMENT_3D('',#4597,#4598,#4599);
#2207=EDGE_LOOP('',(#4600,#4601,#4602,#4603));
#2208=AXIS2_PLACEMENT_3D('',#4604,#4605,#4606);
#2209=EDGE_LOOP('',(#4607,#4608,#4609,#4610));
#2210=AXIS2_PLACEMENT_3D('',#4611,#4612,#4613);
#2211=EDGE_LOOP('',(#4614,#4615,#4616,#4617));
#2212=AXIS2_PLACEMENT_3D('',#4618,#4619,#4620);
#2213=EDGE_LOOP('',(#4621,#4622,#4623,#4624));
#2214=AXIS2_PLACEMENT_3D('',#4625,#4626,#4627);
#2215=EDGE_LOOP('',(#4628,#4629,#4630,#4631));
#2216=AXIS2_PLACEMENT_3D('',#4632,#4633,#4634);
#2217=EDGE_LOOP('',(#4635,#4636,#4637,#4638));
#2218=AXIS2_PLACEMENT_3D('',#4639,#4640,#4641);
#2219=EDGE_LOOP('',(#4642,#4643,#4644,#4645));
#2220=AXIS2_PLACEMENT_3D('',#4646,#4647,#4648);
#2221=EDGE_LOOP('',(#4649,#4650,#4651,#4652,#4653,#4654));
#2222=AXIS2_PLACEMENT_3D('',#4655,#4656,#4657);
#2223=EDGE_LOOP('',(#4658,#4659,#4660,#4661));
#2224=AXIS2_PLACEMENT_3D('',#4662,#4663,#4664);
#2225=EDGE_LOOP('',(#4665,#4666,#4667,#4668));
#2226=AXIS2_PLACEMENT_3D('',#4669,#4670,#4671);
#2227=EDGE_LOOP('',(#4672,#4673,#4674,#4675,#4676,#4677));
#2228=AXIS2_PLACEMENT_3D('',#4678,#4679,#4680);
#2229=EDGE_LOOP('',(#4681,#4682,#4683,#4684));
#2230=AXIS2_PLACEMENT_3D('',#4685,#4686,#4687);
#2231=EDGE_LOOP('',(#4688,#4689,#4690,#4691));
#2232=AXIS2_PLACEMENT_3D('',#4692,#4693,#4694);
#2233=EDGE_LOOP('',(#4695,#4696,#4697,#4698));
#2234=AXIS2_PLACEMENT_3D('',#4699,#4700,#4701);
#2235=EDGE_LOOP('',(#4702,#4703,#4704,#4705));
#2236=AXIS2_PLACEMENT_3D('',#4706,#4707,#4708);
#2237=EDGE_LOOP('',(#4709,#4710,#4711,#4712));
#2238=AXIS2_PLACEMENT_3D('',#4713,#4714,#4715);
#2239=EDGE_LOOP('',(#4716,#4717,#4718,#4719));
#2240=AXIS2_PLACEMENT_3D('',#4720,#4721,#4722);
#2241=EDGE_LOOP('',(#4723,#4724,#4725,#4726,#4727,#4728));
#2242=AXIS2_PLACEMENT_3D('',#4729,#4730,#4731);
#2243=EDGE_LOOP('',(#4732,#4733,#4734,#4735));
#2244=AXIS2_PLACEMENT_3D('',#4736,#4737,#4738);
#2245=EDGE_LOOP('',(#4739,#4740,#4741,#4742,#4743,#4744));
#2246=AXIS2_PLACEMENT_3D('',#4745,#4746,#4747);
#2247=EDGE_LOOP('',(#4748,#4749,#4750,#4751));
#2248=AXIS2_PLACEMENT_3D('',#4752,#4753,#4754);
#2249=EDGE_LOOP('',(#4755,#4756,#4757,#4758));
#2250=AXIS2_PLACEMENT_3D('',#4759,#4760,#4761);
#2251=EDGE_LOOP('',(#4762,#4763,#4764,#4765));
#2252=AXIS2_PLACEMENT_3D('',#4766,#4767,#4768);
#2253=EDGE_LOOP('',(#4769,#4770,#4771,#4772,#4773,#4774));
#2254=AXIS2_PLACEMENT_3D('',#4775,#4776,#4777);
#2255=EDGE_LOOP('',(#4778,#4779,#4780,#4781));
#2256=AXIS2_PLACEMENT_3D('',#4782,#4783,#4784);
#2257=EDGE_LOOP('',(#4785,#4786,#4787,#4788,#4789,#4790));
#2258=AXIS2_PLACEMENT_3D('',#4791,#4792,#4793);
#2259=EDGE_LOOP('',(#4794,#4795,#4796,#4797));
#2260=AXIS2_PLACEMENT_3D('',#4798,#4799,#4800);
#2261=EDGE_LOOP('',(#4801,#4802,#4803,#4804));
#2262=AXIS2_PLACEMENT_3D('',#4805,#4806,#4807);
#2263=EDGE_LOOP('',(#4808,#4809,#4810,#4811));
#2264=AXIS2_PLACEMENT_3D('',#4812,#4813,#4814);
#2265=EDGE_LOOP('',(#4815,#4816,#4817,#4818));
#2266=AXIS2_PLACEMENT_3D('',#4819,#4820,#4821);
#2267=EDGE_LOOP('',(#4822,#4823,#4824,#4825));
#2268=AXIS2_PLACEMENT_3D('',#4826,#4827,#4828);
#2269=EDGE_LOOP('',(#4829,#4830,#4831,#4832));
#2270=AXIS2_PLACEMENT_3D('',#4833,#4834,#4835);
#2271=EDGE_LOOP('',(#4836,#4837,#4838,#4839));
#2272=AXIS2_PLACEMENT_3D('',#4840,#4841,#4842);
#2273=EDGE_LOOP('',(#4843,#4844,#4845,#4846));
#2274=AXIS2_PLACEMENT_3D('',#4847,#4848,#4849);
#2275=EDGE_LOOP('',(#4850,#4851,#4852,#4853));
#2276=AXIS2_PLACEMENT_3D('',#4854,#4855,#4856);
#2277=EDGE_LOOP('',(#4857,#4858,#4859,#4860));
#2278=AXIS2_PLACEMENT_3D('',#4861,#4862,#4863);
#2279=EDGE_LOOP('',(#4864,#4865,#4866,#4867,#4868,#4869,#4870,#4871));
#2280=EDGE_LOOP('',(#4872,#4873,#4874,#4875));
#2281=AXIS2_PLACEMENT_3D('',#4876,#4877,#4878);
#2282=EDGE_LOOP('',(#4879,#4880,#4881,#4882,#4883,#4884));
#2283=AXIS2_PLACEMENT_3D('',#4885,#4886,#4887);
#2284=EDGE_LOOP('',(#4888,#4889,#4890,#4891));
#2285=AXIS2_PLACEMENT_3D('',#4892,#4893,#4894);
#2286=EDGE_LOOP('',(#4895,#4896,#4897,#4898,#4899,#4900));
#2287=AXIS2_PLACEMENT_3D('',#4901,#4902,#4903);
#2288=EDGE_LOOP('',(#4904,#4905,#4906,#4907));
#2289=AXIS2_PLACEMENT_3D('',#4908,#4909,#4910);
#2290=EDGE_LOOP('',(#4911,#4912,#4913,#4914));
#2291=AXIS2_PLACEMENT_3D('',#4915,#4916,#4917);
#2292=EDGE_LOOP('',(#4918,#4919,#4920,#4921));
#2293=AXIS2_PLACEMENT_3D('',#4922,#4923,#4924);
#2294=EDGE_LOOP('',(#4925,#4926,#4927,#4928));
#2295=AXIS2_PLACEMENT_3D('',#4929,#4930,#4931);
#2296=EDGE_LOOP('',(#4932,#4933,#4934,#4935));
#2297=AXIS2_PLACEMENT_3D('',#4936,#4937,#4938);
#2298=EDGE_LOOP('',(#4939,#4940,#4941,#4942));
#2299=AXIS2_PLACEMENT_3D('',#4943,#4944,#4945);
#2300=EDGE_LOOP('',(#4946,#4947,#4948,#4949));
#2301=AXIS2_PLACEMENT_3D('',#4950,#4951,#4952);
#2302=EDGE_LOOP('',(#4953,#4954,#4955,#4956));
#2303=AXIS2_PLACEMENT_3D('',#4957,#4958,#4959);
#2304=EDGE_LOOP('',(#4960,#4961,#4962,#4963));
#2305=AXIS2_PLACEMENT_3D('',#4964,#4965,#4966);
#2306=EDGE_LOOP('',(#4967,#4968,#4969,#4970));
#2307=AXIS2_PLACEMENT_3D('',#4971,#4972,#4973);
#2308=EDGE_LOOP('',(#4974,#4975,#4976,#4977));
#2309=AXIS2_PLACEMENT_3D('',#4978,#4979,#4980);
#2310=EDGE_LOOP('',(#4981,#4982,#4983,#4984));
#2311=AXIS2_PLACEMENT_3D('',#4985,#4986,#4987);
#2312=EDGE_LOOP('',(#4988,#4989,#4990,#4991));
#2313=AXIS2_PLACEMENT_3D('',#4992,#4993,#4994);
#2314=EDGE_LOOP('',(#4995,#4996,#4997,#4998));
#2315=AXIS2_PLACEMENT_3D('',#4999,#5000,#5001);
#2316=EDGE_LOOP('',(#5002,#5003,#5004,#5005));
#2317=AXIS2_PLACEMENT_3D('',#5006,#5007,#5008);
#2318=EDGE_LOOP('',(#5009,#5010,#5011,#5012));
#2319=AXIS2_PLACEMENT_3D('',#5013,#5014,#5015);
#2320=EDGE_LOOP('',(#5016,#5017,#5018,#5019));
#2321=AXIS2_PLACEMENT_3D('',#5020,#5021,#5022);
#2322=EDGE_LOOP('',(#5023,#5024,#5025,#5026));
#2323=AXIS2_PLACEMENT_3D('',#5027,#5028,#5029);
#2324=EDGE_LOOP('',(#5030,#5031,#5032,#5033));
#2325=AXIS2_PLACEMENT_3D('',#5034,#5035,#5036);
#2326=EDGE_LOOP('',(#5037,#5038,#5039,#5040));
#2327=AXIS2_PLACEMENT_3D('',#5041,#5042,#5043);
#2328=EDGE_LOOP('',(#5044,#5045,#5046,#5047));
#2329=AXIS2_PLACEMENT_3D('',#5048,#5049,#5050);
#2330=EDGE_LOOP('',(#5051,#5052,#5053,#5054));
#2331=AXIS2_PLACEMENT_3D('',#5055,#5056,#5057);
#2332=EDGE_LOOP('',(#5058,#5059,#5060,#5061));
#2333=AXIS2_PLACEMENT_3D('',#5062,#5063,#5064);
#2334=EDGE_LOOP('',(#5065,#5066,#5067,#5068));
#2335=AXIS2_PLACEMENT_3D('',#5069,#5070,#5071);
#2336=EDGE_LOOP('',(#5072,#5073,#5074,#5075));
#2337=AXIS2_PLACEMENT_3D('',#5076,#5077,#5078);
#2338=EDGE_LOOP('',(#5079,#5080,#5081,#5082));
#2339=AXIS2_PLACEMENT_3D('',#5083,#5084,#5085);
#2340=EDGE_LOOP('',(#5086,#5087,#5088,#5089));
#2341=AXIS2_PLACEMENT_3D('',#5090,#5091,#5092);
#2342=EDGE_LOOP('',(#5093,#5094,#5095,#5096));
#2343=AXIS2_PLACEMENT_3D('',#5097,#5098,#5099);
#2344=EDGE_LOOP('',(#5100,#5101,#5102,#5103));
#2345=AXIS2_PLACEMENT_3D('',#5104,#5105,#5106);
#2346=EDGE_LOOP('',(#5107,#5108,#5109,#5110));
#2347=AXIS2_PLACEMENT_3D('',#5111,#5112,#5113);
#2348=EDGE_LOOP('',(#5114,#5115,#5116,#5117));
#2349=AXIS2_PLACEMENT_3D('',#5118,#5119,#5120);
#2350=EDGE_LOOP('',(#5121,#5122,#5123,#5124));
#2351=AXIS2_PLACEMENT_3D('',#5125,#5126,#5127);
#2352=EDGE_LOOP('',(#5128,#5129,#5130,#5131));
#2353=AXIS2_PLACEMENT_3D('',#5132,#5133,#5134);
#2354=EDGE_LOOP('',(#5135,#5136,#5137,#5138));
#2355=AXIS2_PLACEMENT_3D('',#5139,#5140,#5141);
#2356=EDGE_LOOP('',(#5142,#5143,#5144,#5145));
#2357=AXIS2_PLACEMENT_3D('',#5146,#5147,#5148);
#2358=EDGE_LOOP('',(#5149,#5150,#5151,#5152));
#2359=AXIS2_PLACEMENT_3D('',#5153,#5154,#5155);
#2360=EDGE_LOOP('',(#5156,#5157,#5158,#5159));
#2361=AXIS2_PLACEMENT_3D('',#5160,#5161,#5162);
#2362=EDGE_LOOP('',(#5163,#5164,#5165,#5166));
#2363=AXIS2_PLACEMENT_3D('',#5167,#5168,#5169);
#2364=EDGE_LOOP('',(#5170,#5171,#5172,#5173));
#2365=AXIS2_PLACEMENT_3D('',#5174,#5175,#5176);
#2366=EDGE_LOOP('',(#5177,#5178,#5179,#5180));
#2367=AXIS2_PLACEMENT_3D('',#5181,#5182,#5183);
#2368=EDGE_LOOP('',(#5184,#5185,#5186,#5187));
#2369=AXIS2_PLACEMENT_3D('',#5188,#5189,#5190);
#2370=EDGE_LOOP('',(#5191,#5192,#5193,#5194));
#2371=AXIS2_PLACEMENT_3D('',#5195,#5196,#5197);
#2372=EDGE_LOOP('',(#5198,#5199,#5200,#5201));
#2373=AXIS2_PLACEMENT_3D('',#5202,#5203,#5204);
#2374=EDGE_LOOP('',(#5205,#5206,#5207,#5208));
#2375=AXIS2_PLACEMENT_3D('',#5209,#5210,#5211);
#2376=EDGE_LOOP('',(#5212,#5213,#5214,#5215));
#2377=AXIS2_PLACEMENT_3D('',#5216,#5217,#5218);
#2378=EDGE_LOOP('',(#5219,#5220,#5221,#5222));
#2379=AXIS2_PLACEMENT_3D('',#5223,#5224,#5225);
#2380=EDGE_LOOP('',(#5226,#5227,#5228,#5229));
#2381=AXIS2_PLACEMENT_3D('',#5230,#5231,#5232);
#2382=EDGE_LOOP('',(#5233,#5234,#5235,#5236));
#2383=AXIS2_PLACEMENT_3D('',#5237,#5238,#5239);
#2384=EDGE_LOOP('',(#5240,#5241,#5242,#5243));
#2385=AXIS2_PLACEMENT_3D('',#5244,#5245,#5246);
#2386=EDGE_LOOP('',(#5247,#5248,#5249,#5250,#5251,#5252,#5253,#5254,#5255,#5256,#5257,#5258,#5259,#5260,#5261,#5262,#5263,#5264,#5265,#5266,#5267,#5268,#5269,#5270,#5271,#5272,#5273,#5274,#5275,#5276,#5277,#5278,#5279,#5280,#5281,#5282,#5283,#5284,#5285,#5286,#5287,#5288,#5289,#5290,#5291,#5292,#5293));
#2387=AXIS2_PLACEMENT_3D('',#5294,#5295,#5296);
#2388=EDGE_LOOP('',(#5297,#5298,#5299,#5300));
#2389=AXIS2_PLACEMENT_3D('',#5301,#5302,#5303);
#2390=EDGE_LOOP('',(#5304,#5305,#5306,#5307,#5308,#5309,#5310,#5311,#5312,#5313,#5314,#5315,#5316,#5317,#5318,#5319,#5320,#5321,#5322,#5323,#5324,#5325,#5326,#5327,#5328,#5329,#5330,#5331,#5332,#5333,#5334,#5335,#5336,#5337,#5338,#5339,#5340,#5341,#5342,#5343,#5344,#5345,#5346,#5347,#5348,#5349,#5350,#5351,#5352,#5353,#5354,#5355,#5356,#5357));
#2391=AXIS2_PLACEMENT_3D('',#5358,#5359,#5360);
#2392=EDGE_LOOP('',(#5361,#5362,#5363,#5364,#5365,#5366,#5367,#5368,#5369,#5370,#5371,#5372,#5373));
#2393=AXIS2_PLACEMENT_3D('',#5374,#5375,#5376);
#2394=EDGE_LOOP('',(#5377,#5378,#5379,#5380));
#2395=AXIS2_PLACEMENT_3D('',#5381,#5382,#5383);
#2396=EDGE_LOOP('',(#5384,#5385,#5386,#5387,#5388,#5389,#5390,#5391));
#2397=AXIS2_PLACEMENT_3D('',#5392,#5393,#5394);
#2398=EDGE_LOOP('',(#5395,#5396,#5397,#5398,#5399,#5400,#5401,#5402,#5403,#5404,#5405,#5406,#5407,#5408,#5409,#5410,#5411,#5412,#5413,#5414,#5415,#5416,#5417,#5418,#5419,#5420,#5421,#5422,#5423,#5424,#5425,#5426,#5427,#5428,#5429,#5430,#5431,#5432,#5433,#5434));
#2399=AXIS2_PLACEMENT_3D('',#5435,#5436,#5437);
#2400=EDGE_LOOP('',(#5438,#5439,#5440,#5441,#5442,#5443,#5444,#5445,#5446,#5447,#5448,#5449));
#2401=AXIS2_PLACEMENT_3D('',#5450,#5451,#5452);
#2402=EDGE_LOOP('',(#5453,#5454,#5455,#5456,#5457,#5458,#5459,#5460,#5461,#5462,#5463,#5464,#5465,#5466,#5467,#5468,#5469,#5470,#5471,#5472,#5473,#5474,#5475,#5476,#5477,#5478,#5479,#5480,#5481,#5482,#5483,#5484,#5485,#5486,#5487,#5488,#5489,#5490,#5491,#5492));
#2403=AXIS2_PLACEMENT_3D('',#5493,#5494,#5495);
#2404=EDGE_LOOP('',(#5496,#5497,#5498,#5499,#5500,#5501,#5502,#5503,#5504,#5505,#5506,#5507,#5508,#5509,#5510,#5511,#5512,#5513,#5514,#5515,#5516,#5517,#5518,#5519));
#2405=EDGE_LOOP('',(#5520,#5521,#5522,#5523,#5524,#5525,#5526,#5527,#5528,#5529,#5530,#5531,#5532,#5533,#5534,#5535,#5536,#5537,#5538,#5539));
#2406=AXIS2_PLACEMENT_3D('',#5540,#5541,#5542);
#2407=EDGE_LOOP('',(#5543,#5544,#5545,#5546,#5547,#5548,#5549,#5550,#5551,#5552));
#2408=AXIS2_PLACEMENT_3D('',#5553,#5554,#5555);
#2409=EDGE_LOOP('',(#5556,#5557,#5558,#5559,#5560,#5561,#5562,#5563,#5564,#5565));
#2410=AXIS2_PLACEMENT_3D('',#5566,#5567,#5568);
#2411=EDGE_LOOP('',(#5569,#5570,#5571,#5572,#5573,#5574,#5575,#5576,#5577,#5578,#5579,#5580));
#2412=AXIS2_PLACEMENT_3D('',#5581,#5582,#5583);
#2413=EDGE_LOOP('',(#5584,#5585,#5586,#5587,#5588,#5589,#5590,#5591,#5592,#5593,#5594,#5595,#5596,#5597,#5598,#5599,#5600,#5601,#5602,#5603,#5604,#5605,#5606,#5607,#5608,#5609,#5610,#5611,#5612,#5613,#5614,#5615,#5616,#5617,#5618,#5619,#5620,#5621,#5622,#5623));
#2414=AXIS2_PLACEMENT_3D('',#5624,#5625,#5626);
#2415=EDGE_LOOP('',(#5627,#5628,#5629,#5630,#5631,#5632,#5633,#5634));
#2416=AXIS2_PLACEMENT_3D('',#5635,#5636,#5637);
#2417=EDGE_LOOP('',(#5638,#5639,#5640,#5641,#5642,#5643,#5644,#5645,#5646,#5647,#5648,#5649,#5650,#5651,#5652,#5653,#5654,#5655,#5656,#5657,#5658,#5659,#5660,#5661));
#2418=EDGE_LOOP('',(#5662,#5663,#5664,#5665,#5666,#5667,#5668,#5669,#5670,#5671,#5672,#5673,#5674,#5675,#5676,#5677,#5678,#5679,#5680,#5681));
#2419=AXIS2_PLACEMENT_3D('',#5682,#5683,#5684);
#2420=EDGE_LOOP('',(#5685,#5686,#5687,#5688,#5689,#5690,#5691,#5692,#5693,#5694,#5695,#5696,#5697,#5698,#5699,#5700));
#2421=EDGE_LOOP('',(#5701,#5702,#5703,#5704,#5705,#5706,#5707,#5708,#5709,#5710));
#2422=AXIS2_PLACEMENT_3D('',#5711,#5712,#5713);
#2423=EDGE_LOOP('',(#5714,#5715,#5716,#5717));
#2424=AXIS2_PLACEMENT_3D('',#5718,#5719,#5720);
#2425=EDGE_LOOP('',(#5721,#5722,#5723,#5724));
#2426=AXIS2_PLACEMENT_3D('',#5725,#5726,#5727);
#2427=EDGE_LOOP('',(#5728,#5729,#5730,#5731));
#2428=AXIS2_PLACEMENT_3D('',#5732,#5733,#5734);
#2429=EDGE_LOOP('',(#5735,#5736,#5737,#5738));
#2430=AXIS2_PLACEMENT_3D('',#5739,#5740,#5741);
#2431=EDGE_LOOP('',(#5742,#5743,#5744,#5745));
#2432=AXIS2_PLACEMENT_3D('',#5746,#5747,#5748);
#2433=EDGE_LOOP('',(#5749,#5750,#5751,#5752));
#2434=AXIS2_PLACEMENT_3D('',#5753,#5754,#5755);
#2435=EDGE_LOOP('',(#5756,#5757,#5758,#5759));
#2436=AXIS2_PLACEMENT_3D('',#5760,#5761,#5762);
#2437=EDGE_LOOP('',(#5763,#5764,#5765,#5766));
#2438=AXIS2_PLACEMENT_3D('',#5767,#5768,#5769);
#2439=EDGE_LOOP('',(#5770,#5771,#5772,#5773));
#2440=AXIS2_PLACEMENT_3D('',#5774,#5775,#5776);
#2441=EDGE_LOOP('',(#5777,#5778,#5779,#5780));
#2442=AXIS2_PLACEMENT_3D('',#5781,#5782,#5783);
#2443=EDGE_LOOP('',(#5784,#5785,#5786,#5787));
#2444=AXIS2_PLACEMENT_3D('',#5788,#5789,#5790);
#2445=EDGE_LOOP('',(#5791,#5792,#5793,#5794));
#2446=AXIS2_PLACEMENT_3D('',#5795,#5796,#5797);
#2447=EDGE_LOOP('',(#5798,#5799,#5800,#5801));
#2448=AXIS2_PLACEMENT_3D('',#5802,#5803,#5804);
#2449=EDGE_LOOP('',(#5805,#5806,#5807,#5808));
#2450=AXIS2_PLACEMENT_3D('',#5809,#5810,#5811);
#2451=EDGE_LOOP('',(#5812,#5813,#5814,#5815));
#2452=AXIS2_PLACEMENT_3D('',#5816,#5817,#5818);
#2453=EDGE_LOOP('',(#5819,#5820,#5821,#5822));
#2454=AXIS2_PLACEMENT_3D('',#5823,#5824,#5825);
#2455=EDGE_LOOP('',(#5826,#5827,#5828,#5829));
#2456=AXIS2_PLACEMENT_3D('',#5830,#5831,#5832);
#2457=EDGE_LOOP('',(#5833,#5834,#5835,#5836));
#2458=AXIS2_PLACEMENT_3D('',#5837,#5838,#5839);
#2459=EDGE_LOOP('',(#5840,#5841,#5842,#5843));
#2460=AXIS2_PLACEMENT_3D('',#5844,#5845,#5846);
#2461=EDGE_LOOP('',(#5847,#5848,#5849,#5850));
#2462=AXIS2_PLACEMENT_3D('',#5851,#5852,#5853);
#2463=EDGE_LOOP('',(#5854,#5855,#5856,#5857));
#2464=AXIS2_PLACEMENT_3D('',#5858,#5859,#5860);
#2465=EDGE_LOOP('',(#5861,#5862,#5863,#5864));
#2466=AXIS2_PLACEMENT_3D('',#5865,#5866,#5867);
#2467=EDGE_LOOP('',(#5868,#5869,#5870,#5871));
#2468=AXIS2_PLACEMENT_3D('',#5872,#5873,#5874);
#2469=EDGE_LOOP('',(#5875,#5876,#5877,#5878));
#2470=AXIS2_PLACEMENT_3D('',#5879,#5880,#5881);
#2471=EDGE_LOOP('',(#5882,#5883,#5884,#5885));
#2472=AXIS2_PLACEMENT_3D('',#5886,#5887,#5888);
#2473=EDGE_LOOP('',(#5889,#5890,#5891,#5892));
#2474=AXIS2_PLACEMENT_3D('',#5893,#5894,#5895);
#2475=EDGE_LOOP('',(#5896,#5897,#5898,#5899));
#2476=AXIS2_PLACEMENT_3D('',#5900,#5901,#5902);
#2477=EDGE_LOOP('',(#5903,#5904,#5905,#5906));
#2478=AXIS2_PLACEMENT_3D('',#5907,#5908,#5909);
#2479=EDGE_LOOP('',(#5910,#5911,#5912,#5913));
#2480=AXIS2_PLACEMENT_3D('',#5914,#5915,#5916);
#2481=EDGE_LOOP('',(#5917,#5918,#5919,#5920));
#2482=AXIS2_PLACEMENT_3D('',#5921,#5922,#5923);
#2483=EDGE_LOOP('',(#5924,#5925,#5926,#5927));
#2484=AXIS2_PLACEMENT_3D('',#5928,#5929,#5930);
#2485=EDGE_LOOP('',(#5931,#5932,#5933,#5934));
#2486=AXIS2_PLACEMENT_3D('',#5935,#5936,#5937);
#2487=EDGE_LOOP('',(#5938,#5939,#5940,#5941));
#2488=AXIS2_PLACEMENT_3D('',#5942,#5943,#5944);
#2489=EDGE_LOOP('',(#5945,#5946,#5947,#5948));
#2490=AXIS2_PLACEMENT_3D('',#5949,#5950,#5951);
#2491=EDGE_LOOP('',(#5952,#5953,#5954,#5955));
#2492=AXIS2_PLACEMENT_3D('',#5956,#5957,#5958);
#2493=EDGE_LOOP('',(#5959,#5960,#5961,#5962));
#2494=AXIS2_PLACEMENT_3D('',#5963,#5964,#5965);
#2495=EDGE_LOOP('',(#5966,#5967,#5968,#5969));
#2496=AXIS2_PLACEMENT_3D('',#5970,#5971,#5972);
#2497=EDGE_LOOP('',(#5973,#5974,#5975,#5976));
#2498=AXIS2_PLACEMENT_3D('',#5977,#5978,#5979);
#2499=EDGE_LOOP('',(#5980,#5981,#5982,#5983));
#2500=AXIS2_PLACEMENT_3D('',#5984,#5985,#5986);
#2501=EDGE_LOOP('',(#5987,#5988,#5989,#5990));
#2502=AXIS2_PLACEMENT_3D('',#5991,#5992,#5993);
#2503=EDGE_LOOP('',(#5994,#5995,#5996,#5997));
#2504=AXIS2_PLACEMENT_3D('',#5998,#5999,#6000);
#2505=EDGE_LOOP('',(#6001,#6002,#6003,#6004));
#2506=AXIS2_PLACEMENT_3D('',#6005,#6006,#6007);
#2507=EDGE_LOOP('',(#6008,#6009,#6010,#6011));
#2508=AXIS2_PLACEMENT_3D('',#6012,#6013,#6014);
#2509=EDGE_LOOP('',(#6015,#6016,#6017,#6018));
#2510=AXIS2_PLACEMENT_3D('',#6019,#6020,#6021);
#2511=EDGE_LOOP('',(#6022,#6023,#6024,#6025));
#2512=AXIS2_PLACEMENT_3D('',#6026,#6027,#6028);
#2513=EDGE_LOOP('',(#6029,#6030,#6031,#6032));
#2514=AXIS2_PLACEMENT_3D('',#6033,#6034,#6035);
#2515=EDGE_LOOP('',(#6036,#6037,#6038,#6039));
#2516=AXIS2_PLACEMENT_3D('',#6040,#6041,#6042);
#2517=EDGE_LOOP('',(#6043,#6044,#6045,#6046));
#2518=AXIS2_PLACEMENT_3D('',#6047,#6048,#6049);
#2519=EDGE_LOOP('',(#6050,#6051,#6052,#6053));
#2520=AXIS2_PLACEMENT_3D('',#6054,#6055,#6056);
#2521=EDGE_LOOP('',(#6057,#6058,#6059,#6060));
#2522=AXIS2_PLACEMENT_3D('',#6061,#6062,#6063);
#2523=EDGE_LOOP('',(#6064,#6065,#6066,#6067));
#2524=AXIS2_PLACEMENT_3D('',#6068,#6069,#6070);
#2525=EDGE_LOOP('',(#6071,#6072,#6073,#6074));
#2526=AXIS2_PLACEMENT_3D('',#6075,#6076,#6077);
#2527=EDGE_LOOP('',(#6078,#6079,#6080,#6081));
#2528=AXIS2_PLACEMENT_3D('',#6082,#6083,#6084);
#2529=EDGE_LOOP('',(#6085,#6086,#6087,#6088));
#2530=AXIS2_PLACEMENT_3D('',#6089,#6090,#6091);
#2531=EDGE_LOOP('',(#6092,#6093,#6094,#6095));
#2532=AXIS2_PLACEMENT_3D('',#6096,#6097,#6098);
#2533=EDGE_LOOP('',(#6099,#6100,#6101,#6102));
#2534=AXIS2_PLACEMENT_3D('',#6103,#6104,#6105);
#2535=EDGE_LOOP('',(#6106,#6107,#6108,#6109));
#2536=AXIS2_PLACEMENT_3D('',#6110,#6111,#6112);
#2537=EDGE_LOOP('',(#6113,#6114,#6115,#6116));
#2538=AXIS2_PLACEMENT_3D('',#6117,#6118,#6119);
#2539=EDGE_LOOP('',(#6120,#6121,#6122,#6123));
#2540=AXIS2_PLACEMENT_3D('',#6124,#6125,#6126);
#2541=EDGE_LOOP('',(#6127,#6128,#6129,#6130));
#2542=AXIS2_PLACEMENT_3D('',#6131,#6132,#6133);
#2543=EDGE_LOOP('',(#6134,#6135,#6136,#6137));
#2544=AXIS2_PLACEMENT_3D('',#6138,#6139,#6140);
#2545=EDGE_LOOP('',(#6141,#6142,#6143,#6144));
#2546=AXIS2_PLACEMENT_3D('',#6145,#6146,#6147);
#2547=EDGE_LOOP('',(#6148,#6149,#6150,#6151));
#2548=AXIS2_PLACEMENT_3D('',#6152,#6153,#6154);
#2549=EDGE_LOOP('',(#6155,#6156,#6157,#6158));
#2550=AXIS2_PLACEMENT_3D('',#6159,#6160,#6161);
#2551=EDGE_LOOP('',(#6162,#6163,#6164,#6165));
#2552=AXIS2_PLACEMENT_3D('',#6166,#6167,#6168);
#2553=EDGE_LOOP('',(#6169,#6170,#6171,#6172));
#2554=AXIS2_PLACEMENT_3D('',#6173,#6174,#6175);
#2555=EDGE_LOOP('',(#6176,#6177,#6178,#6179));
#2556=AXIS2_PLACEMENT_3D('',#6180,#6181,#6182);
#2557=EDGE_LOOP('',(#6183,#6184,#6185,#6186));
#2558=AXIS2_PLACEMENT_3D('',#6187,#6188,#6189);
#2559=EDGE_LOOP('',(#6190,#6191,#6192,#6193));
#2560=AXIS2_PLACEMENT_3D('',#6194,#6195,#6196);
#2561=EDGE_LOOP('',(#6197,#6198,#6199,#6200));
#2562=AXIS2_PLACEMENT_3D('',#6201,#6202,#6203);
#2563=EDGE_LOOP('',(#6204,#6205,#6206,#6207));
#2564=AXIS2_PLACEMENT_3D('',#6208,#6209,#6210);
#2565=EDGE_LOOP('',(#6211,#6212,#6213,#6214));
#2566=AXIS2_PLACEMENT_3D('',#6215,#6216,#6217);
#2567=EDGE_LOOP('',(#6218,#6219,#6220,#6221));
#2568=AXIS2_PLACEMENT_3D('',#6222,#6223,#6224);
#2569=EDGE_LOOP('',(#6225,#6226,#6227,#6228));
#2570=AXIS2_PLACEMENT_3D('',#6229,#6230,#6231);
#2571=EDGE_LOOP('',(#6232,#6233,#6234,#6235));
#2572=AXIS2_PLACEMENT_3D('',#6236,#6237,#6238);
#2573=EDGE_LOOP('',(#6239,#6240,#6241,#6242));
#2574=AXIS2_PLACEMENT_3D('',#6243,#6244,#6245);
#2575=EDGE_LOOP('',(#6246,#6247,#6248,#6249));
#2576=AXIS2_PLACEMENT_3D('',#6250,#6251,#6252);
#2577=EDGE_LOOP('',(#6253,#6254,#6255,#6256));
#2578=AXIS2_PLACEMENT_3D('',#6257,#6258,#6259);
#2579=EDGE_LOOP('',(#6260,#6261,#6262,#6263));
#2580=AXIS2_PLACEMENT_3D('',#6264,#6265,#6266);
#2581=EDGE_LOOP('',(#6267,#6268,#6269,#6270));
#2582=AXIS2_PLACEMENT_3D('',#6271,#6272,#6273);
#2583=EDGE_LOOP('',(#6274,#6275,#6276,#6277));
#2584=AXIS2_PLACEMENT_3D('',#6278,#6279,#6280);
#2585=EDGE_LOOP('',(#6281,#6282,#6283,#6284));
#2586=AXIS2_PLACEMENT_3D('',#6285,#6286,#6287);
#2587=EDGE_LOOP('',(#6288,#6289,#6290,#6291));
#2588=AXIS2_PLACEMENT_3D('',#6292,#6293,#6294);
#2589=EDGE_LOOP('',(#6295,#6296,#6297,#6298));
#2590=AXIS2_PLACEMENT_3D('',#6299,#6300,#6301);
#2591=EDGE_LOOP('',(#6302,#6303,#6304,#6305));
#2592=AXIS2_PLACEMENT_3D('',#6306,#6307,#6308);
#2593=EDGE_LOOP('',(#6309,#6310,#6311,#6312));
#2594=AXIS2_PLACEMENT_3D('',#6313,#6314,#6315);
#2595=EDGE_LOOP('',(#6316,#6317,#6318,#6319));
#2596=AXIS2_PLACEMENT_3D('',#6320,#6321,#6322);
#2597=EDGE_LOOP('',(#6323,#6324,#6325,#6326));
#2598=AXIS2_PLACEMENT_3D('',#6327,#6328,#6329);
#2599=EDGE_LOOP('',(#6330,#6331,#6332,#6333));
#2600=AXIS2_PLACEMENT_3D('',#6334,#6335,#6336);
#2601=EDGE_LOOP('',(#6337,#6338,#6339,#6340));
#2602=AXIS2_PLACEMENT_3D('',#6341,#6342,#6343);
#2603=EDGE_LOOP('',(#6344,#6345,#6346,#6347));
#2604=AXIS2_PLACEMENT_3D('',#6348,#6349,#6350);
#2605=EDGE_LOOP('',(#6351,#6352,#6353,#6354));
#2606=AXIS2_PLACEMENT_3D('',#6355,#6356,#6357);
#2607=EDGE_LOOP('',(#6358,#6359,#6360,#6361));
#2608=AXIS2_PLACEMENT_3D('',#6362,#6363,#6364);
#2609=EDGE_LOOP('',(#6365,#6366,#6367,#6368));
#2610=AXIS2_PLACEMENT_3D('',#6369,#6370,#6371);
#2611=EDGE_LOOP('',(#6372,#6373,#6374,#6375));
#2612=AXIS2_PLACEMENT_3D('',#6376,#6377,#6378);
#2613=EDGE_LOOP('',(#6379,#6380,#6381,#6382));
#2614=AXIS2_PLACEMENT_3D('',#6383,#6384,#6385);
#2615=EDGE_LOOP('',(#6386,#6387,#6388,#6389));
#2616=AXIS2_PLACEMENT_3D('',#6390,#6391,#6392);
#2617=EDGE_LOOP('',(#6393,#6394,#6395,#6396));
#2618=AXIS2_PLACEMENT_3D('',#6397,#6398,#6399);
#2619=EDGE_LOOP('',(#6400,#6401,#6402,#6403));
#2620=AXIS2_PLACEMENT_3D('',#6404,#6405,#6406);
#2621=EDGE_LOOP('',(#6407,#6408,#6409,#6410));
#2622=AXIS2_PLACEMENT_3D('',#6411,#6412,#6413);
#2623=EDGE_LOOP('',(#6414,#6415,#6416,#6417));
#2624=AXIS2_PLACEMENT_3D('',#6418,#6419,#6420);
#2625=EDGE_LOOP('',(#6421,#6422,#6423,#6424));
#2626=AXIS2_PLACEMENT_3D('',#6425,#6426,#6427);
#2627=EDGE_LOOP('',(#6428,#6429,#6430,#6431));
#2628=AXIS2_PLACEMENT_3D('',#6432,#6433,#6434);
#2629=EDGE_LOOP('',(#6435,#6436,#6437,#6438));
#2630=AXIS2_PLACEMENT_3D('',#6439,#6440,#6441);
#2631=EDGE_LOOP('',(#6442,#6443,#6444,#6445));
#2632=AXIS2_PLACEMENT_3D('',#6446,#6447,#6448);
#2633=EDGE_LOOP('',(#6449,#6450,#6451,#6452));
#2634=AXIS2_PLACEMENT_3D('',#6453,#6454,#6455);
#2635=EDGE_LOOP('',(#6456,#6457,#6458,#6459));
#2636=AXIS2_PLACEMENT_3D('',#6460,#6461,#6462);
#2637=EDGE_LOOP('',(#6463,#6464,#6465,#6466));
#2638=AXIS2_PLACEMENT_3D('',#6467,#6468,#6469);
#2639=EDGE_LOOP('',(#6470,#6471,#6472,#6473));
#2640=AXIS2_PLACEMENT_3D('',#6474,#6475,#6476);
#2641=EDGE_LOOP('',(#6477,#6478,#6479,#6480));
#2642=AXIS2_PLACEMENT_3D('',#6481,#6482,#6483);
#2643=EDGE_LOOP('',(#6484,#6485,#6486,#6487));
#2644=AXIS2_PLACEMENT_3D('',#6488,#6489,#6490);
#2645=EDGE_LOOP('',(#6491,#6492,#6493,#6494));
#2646=AXIS2_PLACEMENT_3D('',#6495,#6496,#6497);
#2647=EDGE_LOOP('',(#6498,#6499,#6500,#6501));
#2648=AXIS2_PLACEMENT_3D('',#6502,#6503,#6504);
#2649=EDGE_LOOP('',(#6505,#6506,#6507,#6508));
#2650=AXIS2_PLACEMENT_3D('',#6509,#6510,#6511);
#2651=EDGE_LOOP('',(#6512,#6513,#6514,#6515));
#2652=AXIS2_PLACEMENT_3D('',#6516,#6517,#6518);
#2653=EDGE_LOOP('',(#6519,#6520,#6521,#6522));
#2654=AXIS2_PLACEMENT_3D('',#6523,#6524,#6525);
#2655=EDGE_LOOP('',(#6526,#6527,#6528,#6529));
#2656=AXIS2_PLACEMENT_3D('',#6530,#6531,#6532);
#2657=EDGE_LOOP('',(#6533,#6534,#6535,#6536));
#2658=AXIS2_PLACEMENT_3D('',#6537,#6538,#6539);
#2659=EDGE_LOOP('',(#6540,#6541,#6542,#6543));
#2660=AXIS2_PLACEMENT_3D('',#6544,#6545,#6546);
#2661=EDGE_LOOP('',(#6547,#6548,#6549,#6550));
#2662=AXIS2_PLACEMENT_3D('',#6551,#6552,#6553);
#2663=EDGE_LOOP('',(#6554,#6555,#6556,#6557));
#2664=AXIS2_PLACEMENT_3D('',#6558,#6559,#6560);
#2665=EDGE_LOOP('',(#6561,#6562,#6563,#6564));
#2666=AXIS2_PLACEMENT_3D('',#6565,#6566,#6567);
#2667=EDGE_LOOP('',(#6568,#6569,#6570,#6571));
#2668=AXIS2_PLACEMENT_3D('',#6572,#6573,#6574);
#2669=EDGE_LOOP('',(#6575,#6576,#6577,#6578));
#2670=AXIS2_PLACEMENT_3D('',#6579,#6580,#6581);
#2671=EDGE_LOOP('',(#6582,#6583,#6584,#6585));
#2672=AXIS2_PLACEMENT_3D('',#6586,#6587,#6588);
#2673=EDGE_LOOP('',(#6589,#6590,#6591,#6592));
#2674=AXIS2_PLACEMENT_3D('',#6593,#6594,#6595);
#2675=EDGE_LOOP('',(#6596,#6597,#6598,#6599));
#2676=AXIS2_PLACEMENT_3D('',#6600,#6601,#6602);
#2677=EDGE_LOOP('',(#6603,#6604,#6605,#6606));
#2678=AXIS2_PLACEMENT_3D('',#6607,#6608,#6609);
#2679=EDGE_LOOP('',(#6610,#6611,#6612,#6613));
#2680=AXIS2_PLACEMENT_3D('',#6614,#6615,#6616);
#2681=EDGE_LOOP('',(#6617,#6618,#6619,#6620));
#2682=AXIS2_PLACEMENT_3D('',#6621,#6622,#6623);
#2683=EDGE_LOOP('',(#6624,#6625,#6626,#6627));
#2684=AXIS2_PLACEMENT_3D('',#6628,#6629,#6630);
#2685=EDGE_LOOP('',(#6631,#6632,#6633,#6634));
#2686=AXIS2_PLACEMENT_3D('',#6635,#6636,#6637);
#2687=EDGE_LOOP('',(#6638,#6639,#6640,#6641));
#2688=AXIS2_PLACEMENT_3D('',#6642,#6643,#6644);
#2689=EDGE_LOOP('',(#6645,#6646,#6647,#6648));
#2690=AXIS2_PLACEMENT_3D('',#6649,#6650,#6651);
#2691=EDGE_LOOP('',(#6652,#6653,#6654,#6655));
#2692=AXIS2_PLACEMENT_3D('',#6656,#6657,#6658);
#2693=EDGE_LOOP('',(#6659,#6660,#6661,#6662));
#2694=AXIS2_PLACEMENT_3D('',#6663,#6664,#6665);
#2695=EDGE_LOOP('',(#6666,#6667,#6668,#6669));
#2696=AXIS2_PLACEMENT_3D('',#6670,#6671,#6672);
#2697=EDGE_LOOP('',(#6673,#6674,#6675,#6676));
#2698=AXIS2_PLACEMENT_3D('',#6677,#6678,#6679);
#2699=EDGE_LOOP('',(#6680,#6681,#6682,#6683));
#2700=AXIS2_PLACEMENT_3D('',#6684,#6685,#6686);
#2701=EDGE_LOOP('',(#6687,#6688,#6689,#6690));
#2702=AXIS2_PLACEMENT_3D('',#6691,#6692,#6693);
#2703=EDGE_LOOP('',(#6694,#6695,#6696,#6697));
#2704=AXIS2_PLACEMENT_3D('',#6698,#6699,#6700);
#2705=EDGE_LOOP('',(#6701,#6702,#6703,#6704));
#2706=AXIS2_PLACEMENT_3D('',#6705,#6706,#6707);
#2707=EDGE_LOOP('',(#6708,#6709,#6710,#6711));
#2708=AXIS2_PLACEMENT_3D('',#6712,#6713,#6714);
#2709=EDGE_LOOP('',(#6715,#6716,#6717,#6718));
#2710=AXIS2_PLACEMENT_3D('',#6719,#6720,#6721);
#2711=EDGE_LOOP('',(#6722,#6723,#6724,#6725));
#2712=AXIS2_PLACEMENT_3D('',#6726,#6727,#6728);
#2713=EDGE_LOOP('',(#6729,#6730,#6731,#6732));
#2714=AXIS2_PLACEMENT_3D('',#6733,#6734,#6735);
#2715=EDGE_LOOP('',(#6736,#6737,#6738,#6739));
#2716=AXIS2_PLACEMENT_3D('',#6740,#6741,#6742);
#2717=EDGE_LOOP('',(#6743,#6744,#6745,#6746));
#2718=AXIS2_PLACEMENT_3D('',#6747,#6748,#6749);
#2719=EDGE_LOOP('',(#6750,#6751,#6752,#6753));
#2720=AXIS2_PLACEMENT_3D('',#6754,#6755,#6756);
#2721=EDGE_LOOP('',(#6757,#6758,#6759,#6760));
#2722=AXIS2_PLACEMENT_3D('',#6761,#6762,#6763);
#2723=EDGE_LOOP('',(#6764,#6765,#6766,#6767));
#2724=AXIS2_PLACEMENT_3D('',#6768,#6769,#6770);
#2725=EDGE_LOOP('',(#6771,#6772,#6773,#6774));
#2726=AXIS2_PLACEMENT_3D('',#6775,#6776,#6777);
#2727=EDGE_LOOP('',(#6778,#6779,#6780,#6781));
#2728=AXIS2_PLACEMENT_3D('',#6782,#6783,#6784);
#2729=EDGE_LOOP('',(#6785,#6786,#6787,#6788));
#2730=AXIS2_PLACEMENT_3D('',#6789,#6790,#6791);
#2731=EDGE_LOOP('',(#6792,#6793,#6794,#6795));
#2732=AXIS2_PLACEMENT_3D('',#6796,#6797,#6798);
#2733=EDGE_LOOP('',(#6799,#6800,#6801,#6802));
#2734=AXIS2_PLACEMENT_3D('',#6803,#6804,#6805);
#2735=EDGE_LOOP('',(#6806,#6807,#6808,#6809));
#2736=AXIS2_PLACEMENT_3D('',#6810,#6811,#6812);
#2737=EDGE_LOOP('',(#6813,#6814,#6815,#6816));
#2738=AXIS2_PLACEMENT_3D('',#6817,#6818,#6819);
#2739=EDGE_LOOP('',(#6820,#6821,#6822,#6823));
#2740=AXIS2_PLACEMENT_3D('',#6824,#6825,#6826);
#2741=EDGE_LOOP('',(#6827,#6828,#6829,#6830));
#2742=AXIS2_PLACEMENT_3D('',#6831,#6832,#6833);
#2743=EDGE_LOOP('',(#6834,#6835,#6836,#6837));
#2744=AXIS2_PLACEMENT_3D('',#6838,#6839,#6840);
#2745=EDGE_LOOP('',(#6841,#6842,#6843,#6844));
#2746=AXIS2_PLACEMENT_3D('',#6845,#6846,#6847);
#2747=EDGE_LOOP('',(#6848,#6849,#6850,#6851));
#2748=AXIS2_PLACEMENT_3D('',#6852,#6853,#6854);
#2749=EDGE_LOOP('',(#6855,#6856,#6857,#6858));
#2750=AXIS2_PLACEMENT_3D('',#6859,#6860,#6861);
#2751=EDGE_LOOP('',(#6862,#6863,#6864,#6865));
#2752=AXIS2_PLACEMENT_3D('',#6866,#6867,#6868);
#2753=EDGE_LOOP('',(#6869,#6870,#6871,#6872));
#2754=AXIS2_PLACEMENT_3D('',#6873,#6874,#6875);
#2755=EDGE_LOOP('',(#6876,#6877,#6878,#6879));
#2756=AXIS2_PLACEMENT_3D('',#6880,#6881,#6882);
#2757=EDGE_LOOP('',(#6883,#6884,#6885,#6886));
#2758=AXIS2_PLACEMENT_3D('',#6887,#6888,#6889);
#2759=EDGE_LOOP('',(#6890,#6891,#6892,#6893));
#2760=AXIS2_PLACEMENT_3D('',#6894,#6895,#6896);
#2761=EDGE_LOOP('',(#6897,#6898,#6899,#6900));
#2762=AXIS2_PLACEMENT_3D('',#6901,#6902,#6903);
#2763=EDGE_LOOP('',(#6904,#6905,#6906,#6907));
#2764=AXIS2_PLACEMENT_3D('',#6908,#6909,#6910);
#2765=EDGE_LOOP('',(#6911,#6912,#6913,#6914));
#2766=AXIS2_PLACEMENT_3D('',#6915,#6916,#6917);
#2767=EDGE_LOOP('',(#6918,#6919,#6920,#6921));
#2768=AXIS2_PLACEMENT_3D('',#6922,#6923,#6924);
#2769=EDGE_LOOP('',(#6925,#6926,#6927,#6928));
#2770=AXIS2_PLACEMENT_3D('',#6929,#6930,#6931);
#2771=EDGE_LOOP('',(#6932,#6933,#6934,#6935));
#2772=AXIS2_PLACEMENT_3D('',#6936,#6937,#6938);
#2773=EDGE_LOOP('',(#6939,#6940,#6941,#6942));
#2774=AXIS2_PLACEMENT_3D('',#6943,#6944,#6945);
#2775=EDGE_LOOP('',(#6946,#6947,#6948,#6949));
#2776=AXIS2_PLACEMENT_3D('',#6950,#6951,#6952);
#2777=EDGE_LOOP('',(#6953,#6954,#6955,#6956));
#2778=AXIS2_PLACEMENT_3D('',#6957,#6958,#6959);
#2779=EDGE_LOOP('',(#6960,#6961,#6962,#6963));
#2780=AXIS2_PLACEMENT_3D('',#6964,#6965,#6966);
#2781=EDGE_LOOP('',(#6967,#6968,#6969,#6970));
#2782=AXIS2_PLACEMENT_3D('',#6971,#6972,#6973);
#2783=EDGE_LOOP('',(#6974,#6975,#6976,#6977));
#2784=AXIS2_PLACEMENT_3D('',#6978,#6979,#6980);
#2785=EDGE_LOOP('',(#6981,#6982,#6983,#6984));
#2786=AXIS2_PLACEMENT_3D('',#6985,#6986,#6987);
#2787=EDGE_LOOP('',(#6988,#6989,#6990,#6991));
#2788=AXIS2_PLACEMENT_3D('',#6992,#6993,#6994);
#2789=EDGE_LOOP('',(#6995,#6996,#6997,#6998));
#2790=AXIS2_PLACEMENT_3D('',#6999,#7000,#7001);
#2791=EDGE_LOOP('',(#7002,#7003,#7004,#7005));
#2792=AXIS2_PLACEMENT_3D('',#7006,#7007,#7008);
#2793=EDGE_LOOP('',(#7009,#7010,#7011,#7012));
#2794=AXIS2_PLACEMENT_3D('',#7013,#7014,#7015);
#2795=EDGE_LOOP('',(#7016,#7017,#7018,#7019));
#2796=AXIS2_PLACEMENT_3D('',#7020,#7021,#7022);
#2797=EDGE_LOOP('',(#7023,#7024,#7025,#7026));
#2798=AXIS2_PLACEMENT_3D('',#7027,#7028,#7029);
#2799=EDGE_LOOP('',(#7030,#7031,#7032,#7033));
#2800=AXIS2_PLACEMENT_3D('',#7034,#7035,#7036);
#2801=EDGE_LOOP('',(#7037,#7038,#7039,#7040));
#2802=AXIS2_PLACEMENT_3D('',#7041,#7042,#7043);
#2803=EDGE_LOOP('',(#7044,#7045,#7046,#7047));
#2804=AXIS2_PLACEMENT_3D('',#7048,#7049,#7050);
#2805=EDGE_LOOP('',(#7051,#7052,#7053,#7054));
#2806=AXIS2_PLACEMENT_3D('',#7055,#7056,#7057);
#2807=EDGE_LOOP('',(#7058,#7059,#7060,#7061));
#2808=AXIS2_PLACEMENT_3D('',#7062,#7063,#7064);
#2809=EDGE_LOOP('',(#7065,#7066,#7067,#7068));
#2810=AXIS2_PLACEMENT_3D('',#7069,#7070,#7071);
#2811=EDGE_LOOP('',(#7072,#7073,#7074,#7075));
#2812=AXIS2_PLACEMENT_3D('',#7076,#7077,#7078);
#2813=EDGE_LOOP('',(#7079,#7080,#7081,#7082));
#2814=AXIS2_PLACEMENT_3D('',#7083,#7084,#7085);
#2815=EDGE_LOOP('',(#7086,#7087,#7088,#7089));
#2816=AXIS2_PLACEMENT_3D('',#7090,#7091,#7092);
#2817=EDGE_LOOP('',(#7093,#7094,#7095,#7096));
#2818=AXIS2_PLACEMENT_3D('',#7097,#7098,#7099);
#2819=EDGE_LOOP('',(#7100,#7101,#7102,#7103));
#2820=AXIS2_PLACEMENT_3D('',#7104,#7105,#7106);
#2821=EDGE_LOOP('',(#7107,#7108,#7109,#7110));
#2822=AXIS2_PLACEMENT_3D('',#7111,#7112,#7113);
#2823=EDGE_LOOP('',(#7114,#7115,#7116,#7117));
#2824=AXIS2_PLACEMENT_3D('',#7118,#7119,#7120);
#2825=EDGE_LOOP('',(#7121,#7122,#7123,#7124));
#2826=AXIS2_PLACEMENT_3D('',#7125,#7126,#7127);
#2827=EDGE_LOOP('',(#7128,#7129,#7130,#7131));
#2828=AXIS2_PLACEMENT_3D('',#7132,#7133,#7134);
#2829=EDGE_LOOP('',(#7135,#7136,#7137,#7138));
#2830=AXIS2_PLACEMENT_3D('',#7139,#7140,#7141);
#2831=EDGE_LOOP('',(#7142,#7143,#7144,#7145));
#2832=AXIS2_PLACEMENT_3D('',#7146,#7147,#7148);
#2833=EDGE_LOOP('',(#7149,#7150,#7151,#7152));
#2834=AXIS2_PLACEMENT_3D('',#7153,#7154,#7155);
#2835=EDGE_LOOP('',(#7156,#7157,#7158,#7159));
#2836=AXIS2_PLACEMENT_3D('',#7160,#7161,#7162);
#2837=EDGE_LOOP('',(#7163,#7164,#7165,#7166));
#2838=AXIS2_PLACEMENT_3D('',#7167,#7168,#7169);
#2839=EDGE_LOOP('',(#7170,#7171,#7172,#7173));
#2840=AXIS2_PLACEMENT_3D('',#7174,#7175,#7176);
#2841=EDGE_LOOP('',(#7177,#7178,#7179,#7180));
#2842=AXIS2_PLACEMENT_3D('',#7181,#7182,#7183);
#2843=EDGE_LOOP('',(#7184,#7185,#7186,#7187));
#2844=AXIS2_PLACEMENT_3D('',#7188,#7189,#7190);
#2845=EDGE_LOOP('',(#7191,#7192,#7193,#7194));
#2846=AXIS2_PLACEMENT_3D('',#7195,#7196,#7197);
#2847=EDGE_LOOP('',(#7198,#7199,#7200,#7201));
#2848=AXIS2_PLACEMENT_3D('',#7202,#7203,#7204);
#2849=EDGE_LOOP('',(#7205,#7206,#7207,#7208));
#2850=AXIS2_PLACEMENT_3D('',#7209,#7210,#7211);
#2851=EDGE_LOOP('',(#7212,#7213,#7214,#7215));
#2852=AXIS2_PLACEMENT_3D('',#7216,#7217,#7218);
#2853=EDGE_LOOP('',(#7219,#7220,#7221,#7222));
#2854=AXIS2_PLACEMENT_3D('',#7223,#7224,#7225);
#2855=EDGE_LOOP('',(#7226,#7227,#7228,#7229));
#2856=AXIS2_PLACEMENT_3D('',#7230,#7231,#7232);
#2857=EDGE_LOOP('',(#7233,#7234,#7235,#7236));
#2858=AXIS2_PLACEMENT_3D('',#7237,#7238,#7239);
#2859=EDGE_LOOP('',(#7240,#7241,#7242,#7243));
#2860=AXIS2_PLACEMENT_3D('',#7244,#7245,#7246);
#2861=EDGE_LOOP('',(#7247,#7248,#7249,#7250));
#2862=AXIS2_PLACEMENT_3D('',#7251,#7252,#7253);
#2863=EDGE_LOOP('',(#7254,#7255,#7256,#7257));
#2864=AXIS2_PLACEMENT_3D('',#7258,#7259,#7260);
#2865=EDGE_LOOP('',(#7261,#7262,#7263,#7264));
#2866=AXIS2_PLACEMENT_3D('',#7265,#7266,#7267);
#2867=EDGE_LOOP('',(#7268,#7269,#7270,#7271));
#2868=AXIS2_PLACEMENT_3D('',#7272,#7273,#7274);
#2869=EDGE_LOOP('',(#7275,#7276,#7277,#7278));
#2870=AXIS2_PLACEMENT_3D('',#7279,#7280,#7281);
#2871=EDGE_LOOP('',(#7282,#7283,#7284,#7285));
#2872=AXIS2_PLACEMENT_3D('',#7286,#7287,#7288);
#2873=EDGE_LOOP('',(#7289,#7290,#7291,#7292));
#2874=AXIS2_PLACEMENT_3D('',#7293,#7294,#7295);
#2875=EDGE_LOOP('',(#7296,#7297,#7298,#7299));
#2876=AXIS2_PLACEMENT_3D('',#7300,#7301,#7302);
#2877=EDGE_LOOP('',(#7303,#7304,#7305,#7306));
#2878=AXIS2_PLACEMENT_3D('',#7307,#7308,#7309);
#2879=EDGE_LOOP('',(#7310,#7311,#7312,#7313));
#2880=AXIS2_PLACEMENT_3D('',#7314,#7315,#7316);
#2881=EDGE_LOOP('',(#7317,#7318,#7319,#7320));
#2882=AXIS2_PLACEMENT_3D('',#7321,#7322,#7323);
#2883=EDGE_LOOP('',(#7324,#7325,#7326,#7327));
#2884=AXIS2_PLACEMENT_3D('',#7328,#7329,#7330);
#2885=EDGE_LOOP('',(#7331,#7332,#7333,#7334));
#2886=AXIS2_PLACEMENT_3D('',#7335,#7336,#7337);
#2887=EDGE_LOOP('',(#7338,#7339,#7340,#7341));
#2888=AXIS2_PLACEMENT_3D('',#7342,#7343,#7344);
#2889=EDGE_LOOP('',(#7345,#7346,#7347,#7348));
#2890=AXIS2_PLACEMENT_3D('',#7349,#7350,#7351);
#2891=EDGE_LOOP('',(#7352,#7353,#7354,#7355));
#2892=AXIS2_PLACEMENT_3D('',#7356,#7357,#7358);
#2893=EDGE_LOOP('',(#7359,#7360,#7361,#7362));
#2894=AXIS2_PLACEMENT_3D('',#7363,#7364,#7365);
#2895=EDGE_LOOP('',(#7366,#7367,#7368,#7369));
#2896=AXIS2_PLACEMENT_3D('',#7370,#7371,#7372);
#2897=EDGE_LOOP('',(#7373,#7374,#7375,#7376));
#2898=AXIS2_PLACEMENT_3D('',#7377,#7378,#7379);
#2899=EDGE_LOOP('',(#7380,#7381,#7382,#7383));
#2900=AXIS2_PLACEMENT_3D('',#7384,#7385,#7386);
#2901=EDGE_LOOP('',(#7387,#7388,#7389,#7390));
#2902=AXIS2_PLACEMENT_3D('',#7391,#7392,#7393);
#2903=EDGE_LOOP('',(#7394,#7395,#7396,#7397));
#2904=AXIS2_PLACEMENT_3D('',#7398,#7399,#7400);
#2905=EDGE_LOOP('',(#7401,#7402,#7403,#7404));
#2906=AXIS2_PLACEMENT_3D('',#7405,#7406,#7407);
#2907=EDGE_LOOP('',(#7408,#7409,#7410,#7411));
#2908=AXIS2_PLACEMENT_3D('',#7412,#7413,#7414);
#2909=EDGE_LOOP('',(#7415,#7416,#7417,#7418));
#2910=AXIS2_PLACEMENT_3D('',#7419,#7420,#7421);
#2911=EDGE_LOOP('',(#7422,#7423,#7424,#7425));
#2912=AXIS2_PLACEMENT_3D('',#7426,#7427,#7428);
#2913=EDGE_LOOP('',(#7429,#7430,#7431,#7432));
#2914=AXIS2_PLACEMENT_3D('',#7433,#7434,#7435);
#2915=EDGE_LOOP('',(#7436,#7437,#7438,#7439));
#2916=AXIS2_PLACEMENT_3D('',#7440,#7441,#7442);
#2917=EDGE_LOOP('',(#7443,#7444,#7445,#7446));
#2918=AXIS2_PLACEMENT_3D('',#7447,#7448,#7449);
#2919=EDGE_LOOP('',(#7450,#7451,#7452,#7453));
#2920=AXIS2_PLACEMENT_3D('',#7454,#7455,#7456);
#2921=EDGE_LOOP('',(#7457,#7458,#7459,#7460));
#2922=AXIS2_PLACEMENT_3D('',#7461,#7462,#7463);
#2923=EDGE_LOOP('',(#7464,#7465,#7466,#7467));
#2924=AXIS2_PLACEMENT_3D('',#7468,#7469,#7470);
#2925=EDGE_LOOP('',(#7471,#7472,#7473,#7474));
#2926=AXIS2_PLACEMENT_3D('',#7475,#7476,#7477);
#2927=EDGE_LOOP('',(#7478,#7479,#7480,#7481));
#2928=AXIS2_PLACEMENT_3D('',#7482,#7483,#7484);
#2929=EDGE_LOOP('',(#7485,#7486,#7487,#7488));
#2930=AXIS2_PLACEMENT_3D('',#7489,#7490,#7491);
#2931=EDGE_LOOP('',(#7492,#7493,#7494,#7495));
#2932=AXIS2_PLACEMENT_3D('',#7496,#7497,#7498);
#2933=EDGE_LOOP('',(#7499,#7500,#7501,#7502));
#2934=AXIS2_PLACEMENT_3D('',#7503,#7504,#7505);
#2935=EDGE_LOOP('',(#7506,#7507,#7508,#7509));
#2936=AXIS2_PLACEMENT_3D('',#7510,#7511,#7512);
#2937=EDGE_LOOP('',(#7513,#7514,#7515,#7516));
#2938=AXIS2_PLACEMENT_3D('',#7517,#7518,#7519);
#2939=EDGE_LOOP('',(#7520,#7521,#7522,#7523));
#2940=AXIS2_PLACEMENT_3D('',#7524,#7525,#7526);
#2941=EDGE_LOOP('',(#7527,#7528,#7529,#7530));
#2942=AXIS2_PLACEMENT_3D('',#7531,#7532,#7533);
#2943=EDGE_LOOP('',(#7534,#7535,#7536,#7537));
#2944=AXIS2_PLACEMENT_3D('',#7538,#7539,#7540);
#2945=EDGE_LOOP('',(#7541,#7542,#7543,#7544));
#2946=AXIS2_PLACEMENT_3D('',#7545,#7546,#7547);
#2947=EDGE_LOOP('',(#7548,#7549,#7550,#7551));
#2948=AXIS2_PLACEMENT_3D('',#7552,#7553,#7554);
#2949=EDGE_LOOP('',(#7555,#7556,#7557,#7558));
#2950=AXIS2_PLACEMENT_3D('',#7559,#7560,#7561);
#2951=EDGE_LOOP('',(#7562,#7563,#7564,#7565));
#2952=AXIS2_PLACEMENT_3D('',#7566,#7567,#7568);
#2953=EDGE_LOOP('',(#7569,#7570,#7571,#7572));
#2954=AXIS2_PLACEMENT_3D('',#7573,#7574,#7575);
#2955=EDGE_LOOP('',(#7576,#7577,#7578,#7579));
#2956=AXIS2_PLACEMENT_3D('',#7580,#7581,#7582);
#2957=EDGE_LOOP('',(#7583,#7584,#7585,#7586));
#2958=AXIS2_PLACEMENT_3D('',#7587,#7588,#7589);
#2959=EDGE_LOOP('',(#7590,#7591,#7592,#7593));
#2960=AXIS2_PLACEMENT_3D('',#7594,#7595,#7596);
#2961=EDGE_LOOP('',(#7597,#7598,#7599,#7600));
#2962=AXIS2_PLACEMENT_3D('',#7601,#7602,#7603);
#2963=EDGE_LOOP('',(#7604,#7605,#7606,#7607));
#2964=AXIS2_PLACEMENT_3D('',#7608,#7609,#7610);
#2965=EDGE_LOOP('',(#7611,#7612,#7613,#7614));
#2966=AXIS2_PLACEMENT_3D('',#7615,#7616,#7617);
#2967=EDGE_LOOP('',(#7618,#7619,#7620,#7621));
#2968=AXIS2_PLACEMENT_3D('',#7622,#7623,#7624);
#2969=EDGE_LOOP('',(#7625,#7626,#7627,#7628));
#2970=AXIS2_PLACEMENT_3D('',#7629,#7630,#7631);
#2971=EDGE_LOOP('',(#7632,#7633,#7634,#7635));
#2972=AXIS2_PLACEMENT_3D('',#7636,#7637,#7638);
#2973=EDGE_LOOP('',(#7639,#7640,#7641,#7642));
#2974=AXIS2_PLACEMENT_3D('',#7643,#7644,#7645);
#2975=EDGE_LOOP('',(#7646,#7647,#7648,#7649));
#2976=AXIS2_PLACEMENT_3D('',#7650,#7651,#7652);
#2977=EDGE_LOOP('',(#7653,#7654,#7655,#7656));
#2978=AXIS2_PLACEMENT_3D('',#7657,#7658,#7659);
#2979=EDGE_LOOP('',(#7660,#7661,#7662,#7663));
#2980=AXIS2_PLACEMENT_3D('',#7664,#7665,#7666);
#2981=EDGE_LOOP('',(#7667,#7668,#7669,#7670));
#2982=AXIS2_PLACEMENT_3D('',#7671,#7672,#7673);
#2983=EDGE_LOOP('',(#7674,#7675,#7676,#7677));
#2984=AXIS2_PLACEMENT_3D('',#7678,#7679,#7680);
#2985=EDGE_LOOP('',(#7681,#7682,#7683,#7684));
#2986=AXIS2_PLACEMENT_3D('',#7685,#7686,#7687);
#2987=EDGE_LOOP('',(#7688,#7689,#7690,#7691));
#2988=AXIS2_PLACEMENT_3D('',#7692,#7693,#7694);
#2989=EDGE_LOOP('',(#7695,#7696,#7697,#7698));
#2990=AXIS2_PLACEMENT_3D('',#7699,#7700,#7701);
#2991=EDGE_LOOP('',(#7702,#7703,#7704,#7705));
#2992=AXIS2_PLACEMENT_3D('',#7706,#7707,#7708);
#2993=EDGE_LOOP('',(#7709,#7710,#7711,#7712));
#2994=AXIS2_PLACEMENT_3D('',#7713,#7714,#7715);
#2995=EDGE_LOOP('',(#7716,#7717,#7718,#7719));
#2996=AXIS2_PLACEMENT_3D('',#7720,#7721,#7722);
#2997=EDGE_LOOP('',(#7723,#7724,#7725,#7726));
#2998=AXIS2_PLACEMENT_3D('',#7727,#7728,#7729);
#2999=EDGE_LOOP('',(#7730,#7731,#7732,#7733));
#3000=AXIS2_PLACEMENT_3D('',#7734,#7735,#7736);
#3001=EDGE_LOOP('',(#7737,#7738,#7739,#7740));
#3002=AXIS2_PLACEMENT_3D('',#7741,#7742,#7743);
#3003=EDGE_LOOP('',(#7744,#7745,#7746,#7747));
#3004=AXIS2_PLACEMENT_3D('',#7748,#7749,#7750);
#3005=EDGE_LOOP('',(#7751,#7752,#7753,#7754));
#3006=AXIS2_PLACEMENT_3D('',#7755,#7756,#7757);
#3007=EDGE_LOOP('',(#7758,#7759,#7760,#7761));
#3008=AXIS2_PLACEMENT_3D('',#7762,#7763,#7764);
#3009=EDGE_LOOP('',(#7765,#7766,#7767,#7768));
#3010=AXIS2_PLACEMENT_3D('',#7769,#7770,#7771);
#3011=EDGE_LOOP('',(#7772,#7773,#7774,#7775));
#3012=AXIS2_PLACEMENT_3D('',#7776,#7777,#7778);
#3013=EDGE_LOOP('',(#7779,#7780,#7781,#7782));
#3014=AXIS2_PLACEMENT_3D('',#7783,#7784,#7785);
#3015=EDGE_LOOP('',(#7786,#7787,#7788,#7789));
#3016=AXIS2_PLACEMENT_3D('',#7790,#7791,#7792);
#3017=EDGE_LOOP('',(#7793,#7794,#7795,#7796));
#3018=AXIS2_PLACEMENT_3D('',#7797,#7798,#7799);
#3019=EDGE_LOOP('',(#7800,#7801,#7802,#7803));
#3020=AXIS2_PLACEMENT_3D('',#7804,#7805,#7806);
#3021=EDGE_LOOP('',(#7807,#7808,#7809,#7810));
#3022=AXIS2_PLACEMENT_3D('',#7811,#7812,#7813);
#3023=EDGE_LOOP('',(#7814,#7815,#7816,#7817));
#3024=AXIS2_PLACEMENT_3D('',#7818,#7819,#7820);
#3025=EDGE_LOOP('',(#7821,#7822,#7823,#7824));
#3026=AXIS2_PLACEMENT_3D('',#7825,#7826,#7827);
#3027=EDGE_LOOP('',(#7828,#7829,#7830,#7831));
#3028=AXIS2_PLACEMENT_3D('',#7832,#7833,#7834);
#3029=EDGE_LOOP('',(#7835,#7836,#7837,#7838));
#3030=AXIS2_PLACEMENT_3D('',#7839,#7840,#7841);
#3031=EDGE_LOOP('',(#7842,#7843,#7844,#7845));
#3032=AXIS2_PLACEMENT_3D('',#7846,#7847,#7848);
#3033=EDGE_LOOP('',(#7849,#7850,#7851,#7852));
#3034=AXIS2_PLACEMENT_3D('',#7853,#7854,#7855);
#3035=EDGE_LOOP('',(#7856,#7857,#7858,#7859));
#3036=AXIS2_PLACEMENT_3D('',#7860,#7861,#7862);
#3037=EDGE_LOOP('',(#7863,#7864,#7865,#7866));
#3038=AXIS2_PLACEMENT_3D('',#7867,#7868,#7869);
#3039=EDGE_LOOP('',(#7870,#7871,#7872,#7873));
#3040=AXIS2_PLACEMENT_3D('',#7874,#7875,#7876);
#3041=EDGE_LOOP('',(#7877,#7878,#7879,#7880));
#3042=AXIS2_PLACEMENT_3D('',#7881,#7882,#7883);
#3043=EDGE_LOOP('',(#7884,#7885,#7886,#7887));
#3044=AXIS2_PLACEMENT_3D('',#7888,#7889,#7890);
#3045=EDGE_LOOP('',(#7891,#7892,#7893,#7894));
#3046=AXIS2_PLACEMENT_3D('',#7895,#7896,#7897);
#3047=EDGE_LOOP('',(#7898,#7899,#7900,#7901));
#3048=AXIS2_PLACEMENT_3D('',#7902,#7903,#7904);
#3049=EDGE_LOOP('',(#7905,#7906,#7907,#7908));
#3050=AXIS2_PLACEMENT_3D('',#7909,#7910,#7911);
#3051=EDGE_LOOP('',(#7912,#7913,#7914,#7915));
#3052=AXIS2_PLACEMENT_3D('',#7916,#7917,#7918);
#3053=EDGE_LOOP('',(#7919,#7920,#7921,#7922));
#3054=AXIS2_PLACEMENT_3D('',#7923,#7924,#7925);
#3055=EDGE_LOOP('',(#7926,#7927,#7928,#7929));
#3056=AXIS2_PLACEMENT_3D('',#7930,#7931,#7932);
#3057=EDGE_LOOP('',(#7933,#7934,#7935,#7936));
#3058=AXIS2_PLACEMENT_3D('',#7937,#7938,#7939);
#3059=EDGE_LOOP('',(#7940,#7941,#7942,#7943));
#3060=AXIS2_PLACEMENT_3D('',#7944,#7945,#7946);
#3061=EDGE_LOOP('',(#7947,#7948,#7949,#7950));
#3062=AXIS2_PLACEMENT_3D('',#7951,#7952,#7953);
#3063=EDGE_LOOP('',(#7954,#7955,#7956,#7957));
#3064=AXIS2_PLACEMENT_3D('',#7958,#7959,#7960);
#3065=EDGE_LOOP('',(#7961,#7962,#7963,#7964));
#3066=AXIS2_PLACEMENT_3D('',#7965,#7966,#7967);
#3067=EDGE_LOOP('',(#7968,#7969,#7970,#7971));
#3068=AXIS2_PLACEMENT_3D('',#7972,#7973,#7974);
#3069=EDGE_LOOP('',(#7975,#7976,#7977,#7978));
#3070=AXIS2_PLACEMENT_3D('',#7979,#7980,#7981);
#3071=EDGE_LOOP('',(#7982,#7983,#7984,#7985));
#3072=AXIS2_PLACEMENT_3D('',#7986,#7987,#7988);
#3073=EDGE_LOOP('',(#7989,#7990,#7991,#7992));
#3074=AXIS2_PLACEMENT_3D('',#7993,#7994,#7995);
#3075=EDGE_LOOP('',(#7996,#7997,#7998,#7999));
#3076=AXIS2_PLACEMENT_3D('',#8000,#8001,#8002);
#3077=EDGE_LOOP('',(#8003,#8004,#8005,#8006));
#3078=AXIS2_PLACEMENT_3D('',#8007,#8008,#8009);
#3079=EDGE_LOOP('',(#8010,#8011,#8012,#8013));
#3080=AXIS2_PLACEMENT_3D('',#8014,#8015,#8016);
#3081=EDGE_LOOP('',(#8017,#8018,#8019,#8020));
#3082=AXIS2_PLACEMENT_3D('',#8021,#8022,#8023);
#3083=EDGE_LOOP('',(#8024,#8025,#8026,#8027));
#3084=AXIS2_PLACEMENT_3D('',#8028,#8029,#8030);
#3085=EDGE_LOOP('',(#8031,#8032,#8033,#8034));
#3086=AXIS2_PLACEMENT_3D('',#8035,#8036,#8037);
#3087=EDGE_LOOP('',(#8038,#8039,#8040,#8041));
#3088=AXIS2_PLACEMENT_3D('',#8042,#8043,#8044);
#3089=EDGE_LOOP('',(#8045,#8046,#8047,#8048));
#3090=AXIS2_PLACEMENT_3D('',#8049,#8050,#8051);
#3091=EDGE_LOOP('',(#8052,#8053,#8054,#8055));
#3092=AXIS2_PLACEMENT_3D('',#8056,#8057,#8058);
#3093=EDGE_LOOP('',(#8059,#8060,#8061,#8062));
#3094=AXIS2_PLACEMENT_3D('',#8063,#8064,#8065);
#3095=EDGE_LOOP('',(#8066,#8067,#8068,#8069));
#3096=AXIS2_PLACEMENT_3D('',#8070,#8071,#8072);
#3097=EDGE_LOOP('',(#8073,#8074,#8075,#8076));
#3098=AXIS2_PLACEMENT_3D('',#8077,#8078,#8079);
#3099=EDGE_LOOP('',(#8080,#8081,#8082,#8083));
#3100=AXIS2_PLACEMENT_3D('',#8084,#8085,#8086);
#3101=EDGE_LOOP('',(#8087,#8088,#8089,#8090));
#3102=AXIS2_PLACEMENT_3D('',#8091,#8092,#8093);
#3103=EDGE_LOOP('',(#8094,#8095,#8096,#8097));
#3104=AXIS2_PLACEMENT_3D('',#8098,#8099,#8100);
#3105=EDGE_LOOP('',(#8101,#8102,#8103,#8104));
#3106=AXIS2_PLACEMENT_3D('',#8105,#8106,#8107);
#3107=EDGE_LOOP('',(#8108,#8109,#8110,#8111));
#3108=AXIS2_PLACEMENT_3D('',#8112,#8113,#8114);
#3109=EDGE_LOOP('',(#8115,#8116,#8117,#8118));
#3110=AXIS2_PLACEMENT_3D('',#8119,#8120,#8121);
#3111=EDGE_LOOP('',(#8122,#8123,#8124,#8125));
#3112=AXIS2_PLACEMENT_3D('',#8126,#8127,#8128);
#3113=EDGE_LOOP('',(#8129,#8130,#8131,#8132));
#3114=AXIS2_PLACEMENT_3D('',#8133,#8134,#8135);
#3115=EDGE_LOOP('',(#8136,#8137,#8138,#8139));
#3116=AXIS2_PLACEMENT_3D('',#8140,#8141,#8142);
#3117=EDGE_LOOP('',(#8143,#8144,#8145,#8146));
#3118=AXIS2_PLACEMENT_3D('',#8147,#8148,#8149);
#3119=EDGE_LOOP('',(#8150,#8151,#8152,#8153));
#3120=AXIS2_PLACEMENT_3D('',#8154,#8155,#8156);
#3121=EDGE_LOOP('',(#8157,#8158,#8159,#8160));
#3122=AXIS2_PLACEMENT_3D('',#8161,#8162,#8163);
#3123=EDGE_LOOP('',(#8164,#8165,#8166,#8167));
#3124=AXIS2_PLACEMENT_3D('',#8168,#8169,#8170);
#3125=EDGE_LOOP('',(#8171,#8172,#8173,#8174));
#3126=AXIS2_PLACEMENT_3D('',#8175,#8176,#8177);
#3127=EDGE_LOOP('',(#8178,#8179,#8180,#8181));
#3128=AXIS2_PLACEMENT_3D('',#8182,#8183,#8184);
#3129=EDGE_LOOP('',(#8185,#8186,#8187,#8188));
#3130=AXIS2_PLACEMENT_3D('',#8189,#8190,#8191);
#3131=EDGE_LOOP('',(#8192,#8193,#8194,#8195));
#3132=AXIS2_PLACEMENT_3D('',#8196,#8197,#8198);
#3133=EDGE_LOOP('',(#8199,#8200,#8201,#8202));
#3134=AXIS2_PLACEMENT_3D('',#8203,#8204,#8205);
#3135=EDGE_LOOP('',(#8206,#8207,#8208,#8209));
#3136=AXIS2_PLACEMENT_3D('',#8210,#8211,#8212);
#3137=EDGE_LOOP('',(#8213,#8214,#8215,#8216));
#3138=AXIS2_PLACEMENT_3D('',#8217,#8218,#8219);
#3139=EDGE_LOOP('',(#8220,#8221,#8222,#8223));
#3140=AXIS2_PLACEMENT_3D('',#8224,#8225,#8226);
#3141=EDGE_LOOP('',(#8227,#8228,#8229,#8230));
#3142=AXIS2_PLACEMENT_3D('',#8231,#8232,#8233);
#3143=EDGE_LOOP('',(#8234,#8235,#8236,#8237));
#3144=AXIS2_PLACEMENT_3D('',#8238,#8239,#8240);
#3145=EDGE_LOOP('',(#8241,#8242,#8243,#8244));
#3146=AXIS2_PLACEMENT_3D('',#8245,#8246,#8247);
#3147=EDGE_LOOP('',(#8248,#8249,#8250,#8251));
#3148=AXIS2_PLACEMENT_3D('',#8252,#8253,#8254);
#3149=EDGE_LOOP('',(#8255,#8256,#8257,#8258));
#3150=AXIS2_PLACEMENT_3D('',#8259,#8260,#8261);
#3151=EDGE_LOOP('',(#8262,#8263,#8264,#8265));
#3152=AXIS2_PLACEMENT_3D('',#8266,#8267,#8268);
#3153=EDGE_LOOP('',(#8269,#8270,#8271,#8272));
#3154=AXIS2_PLACEMENT_3D('',#8273,#8274,#8275);
#3155=EDGE_LOOP('',(#8276,#8277,#8278,#8279));
#3156=AXIS2_PLACEMENT_3D('',#8280,#8281,#8282);
#3157=EDGE_LOOP('',(#8283,#8284,#8285,#8286));
#3158=AXIS2_PLACEMENT_3D('',#8287,#8288,#8289);
#3159=EDGE_LOOP('',(#8290,#8291,#8292,#8293));
#3160=AXIS2_PLACEMENT_3D('',#8294,#8295,#8296);
#3161=ORIENTED_EDGE('',*,*,#8297,.F.);
#3162=ORIENTED_EDGE('',*,*,#8298,.T.);
#3163=ORIENTED_EDGE('',*,*,#8299,.T.);
#3164=ORIENTED_EDGE('',*,*,#8300,.F.);
#3165=CARTESIAN_POINT('',(-1.697321834452,2.5,-7.259175057851));
#3166=DIRECTION('',(0.0,-1.0,-0.0));
#3167=DIRECTION('',(0.0,0.0,-1.0));
#3168=ORIENTED_EDGE('',*,*,#8301,.F.);
#3169=ORIENTED_EDGE('',*,*,#8302,.F.);
#3170=ORIENTED_EDGE('',*,*,#8303,.F.);
#3171=ORIENTED_EDGE('',*,*,#8304,.F.);
#3172=CARTESIAN_POINT('',(-0.9597615144522,2.5,-6.944761093041));
#3173=DIRECTION('',(0.0,-1.0,-0.0));
#3174=DIRECTION('',(0.0,0.0,-1.0));
#3175=ORIENTED_EDGE('',*,*,#8305,.F.);
#3176=ORIENTED_EDGE('',*,*,#8306,.T.);
#3177=ORIENTED_EDGE('',*,*,#8307,.T.);
#3178=ORIENTED_EDGE('',*,*,#8308,.T.);
#3179=CARTESIAN_POINT('',(-13.0252,-4.8,-2.1));
#3180=DIRECTION('',(-1.0,-0.0,0.0));
#3181=DIRECTION('',(0.0,-1.0,0.0));
#3182=ORIENTED_EDGE('',*,*,#8309,.F.);
#3183=ORIENTED_EDGE('',*,*,#8310,.F.);
#3184=ORIENTED_EDGE('',*,*,#8311,.T.);
#3185=ORIENTED_EDGE('',*,*,#8312,.T.);
#3186=CARTESIAN_POINT('',(0.0,0.0,2.649999999724));
#3187=DIRECTION('',(-0.0,0.0,1.0));
#3188=DIRECTION('',(0.0,-1.0,0.0));
#3189=ORIENTED_EDGE('',*,*,#8313,.F.);
#3190=ORIENTED_EDGE('',*,*,#8314,.T.);
#3191=ORIENTED_EDGE('',*,*,#8311,.F.);
#3192=ORIENTED_EDGE('',*,*,#8315,.F.);
#3193=CARTESIAN_POINT('',(0.0,0.0,2.649999999724));
#3194=DIRECTION('',(-0.0,0.0,1.0));
#3195=DIRECTION('',(0.0,-1.0,0.0));
#3196=ORIENTED_EDGE('',*,*,#8316,.F.);
#3197=ORIENTED_EDGE('',*,*,#8317,.T.);
#3198=ORIENTED_EDGE('',*,*,#8318,.T.);
#3199=ORIENTED_EDGE('',*,*,#8319,.T.);
#3200=CARTESIAN_POINT('',(-13.0252,-4.8,-5.1));
#3201=DIRECTION('',(-1.0,-0.0,0.0));
#3202=DIRECTION('',(0.0,-1.0,0.0));
#3203=ORIENTED_EDGE('',*,*,#8320,.F.);
#3204=ORIENTED_EDGE('',*,*,#8321,.T.);
#3205=ORIENTED_EDGE('',*,*,#8322,.T.);
#3206=ORIENTED_EDGE('',*,*,#8323,.T.);
#3207=CARTESIAN_POINT('',(-13.0252,-4.8,-2.1));
#3208=DIRECTION('',(-1.0,-0.0,0.0));
#3209=DIRECTION('',(0.0,-1.0,0.0));
#3210=ORIENTED_EDGE('',*,*,#8324,.F.);
#3211=ORIENTED_EDGE('',*,*,#8325,.T.);
#3212=ORIENTED_EDGE('',*,*,#8326,.T.);
#3213=ORIENTED_EDGE('',*,*,#8327,.T.);
#3214=CARTESIAN_POINT('',(12.2252,-4.8,-10.7));
#3215=DIRECTION('',(1.0,0.0,0.0));
#3216=DIRECTION('',(0.0,-1.0,0.0));
#3217=ORIENTED_EDGE('',*,*,#8328,.F.);
#3218=ORIENTED_EDGE('',*,*,#8329,.T.);
#3219=ORIENTED_EDGE('',*,*,#8330,.T.);
#3220=ORIENTED_EDGE('',*,*,#8331,.T.);
#3221=CARTESIAN_POINT('',(-13.0252,-4.8,-9.1));
#3222=DIRECTION('',(-1.0,-0.0,0.0));
#3223=DIRECTION('',(0.0,-1.0,0.0));
#3224=ORIENTED_EDGE('',*,*,#8332,.F.);
#3225=ORIENTED_EDGE('',*,*,#8333,.F.);
#3226=ORIENTED_EDGE('',*,*,#8334,.T.);
#3227=ORIENTED_EDGE('',*,*,#8335,.T.);
#3228=CARTESIAN_POINT('',(0.0,-3.0,-10.6));
#3229=DIRECTION('',(0.0,-1.0,0.0));
#3230=DIRECTION('',(0.0643933724297325,0.0,0.997924593136739));
#3231=ORIENTED_EDGE('',*,*,#8336,.F.);
#3232=ORIENTED_EDGE('',*,*,#8337,.F.);
#3233=ORIENTED_EDGE('',*,*,#8338,.T.);
#3234=ORIENTED_EDGE('',*,*,#8339,.T.);
#3235=CARTESIAN_POINT('',(0.0,-3.0,-10.6));
#3236=DIRECTION('',(0.0,-1.0,-0.0));
#3237=DIRECTION('',(-0.0643933724297325,0.0,-0.997924593136739));
#3238=ORIENTED_EDGE('',*,*,#8340,.F.);
#3239=ORIENTED_EDGE('',*,*,#8341,.F.);
#3240=ORIENTED_EDGE('',*,*,#8342,.T.);
#3241=ORIENTED_EDGE('',*,*,#8343,.T.);
#3242=CARTESIAN_POINT('',(0.0,0.0,2.6));
#3243=DIRECTION('',(0.0,0.0,1.0));
#3244=DIRECTION('',(-0.999958320539609,0.00913001553145308,0.0));
#3245=ORIENTED_EDGE('',*,*,#8344,.F.);
#3246=ORIENTED_EDGE('',*,*,#8345,.F.);
#3247=ORIENTED_EDGE('',*,*,#8346,.T.);
#3248=ORIENTED_EDGE('',*,*,#8347,.T.);
#3249=CARTESIAN_POINT('',(0.0,0.0,2.6));
#3250=DIRECTION('',(0.0,0.0,1.0));
#3251=DIRECTION('',(0.999958320539609,-0.00913001553145308,0.0));
#3252=ORIENTED_EDGE('',*,*,#8348,.F.);
#3253=ORIENTED_EDGE('',*,*,#8349,.T.);
#3254=ORIENTED_EDGE('',*,*,#8350,.T.);
#3255=ORIENTED_EDGE('',*,*,#8351,.T.);
#3256=ORIENTED_EDGE('',*,*,#8352,.F.);
#3257=CARTESIAN_POINT('',(0.0,0.0,0.0));
#3258=DIRECTION('',(0.0,0.0,1.0));
#3259=DIRECTION('',(1.0,-0.0,0.0));
#3260=ORIENTED_EDGE('',*,*,#8353,.T.);
#3261=ORIENTED_EDGE('',*,*,#8354,.T.);
#3262=ORIENTED_EDGE('',*,*,#8355,.T.);
#3263=ORIENTED_EDGE('',*,*,#8356,.F.);
#3264=ORIENTED_EDGE('',*,*,#8357,.F.);
#3265=CARTESIAN_POINT('',(0.0,0.0,0.0));
#3266=DIRECTION('',(0.0,0.0,1.0));
#3267=DIRECTION('',(1.0,-0.0,0.0));
#3268=ORIENTED_EDGE('',*,*,#8358,.F.);
#3269=ORIENTED_EDGE('',*,*,#8352,.T.);
#3270=ORIENTED_EDGE('',*,*,#8359,.T.);
#3271=ORIENTED_EDGE('',*,*,#8357,.T.);
#3272=ORIENTED_EDGE('',*,*,#8360,.T.);
#3273=ORIENTED_EDGE('',*,*,#8361,.F.);
#3274=ORIENTED_EDGE('',*,*,#8347,.F.);
#3275=CARTESIAN_POINT('',(0.0,0.0,0.0));
#3276=DIRECTION('',(0.0,0.0,-1.0));
#3277=DIRECTION('',(1.0,0.0,0.0));
#3278=ORIENTED_EDGE('',*,*,#8344,.T.);
#3279=ORIENTED_EDGE('',*,*,#8361,.T.);
#3280=ORIENTED_EDGE('',*,*,#8342,.F.);
#3281=ORIENTED_EDGE('',*,*,#8362,.F.);
#3282=CARTESIAN_POINT('',(0.0,0.0,2.6));
#3283=DIRECTION('',(0.0,0.0,1.0));
#3284=DIRECTION('',(0.999958320539609,-0.00913001553145308,0.0));
#3285=ORIENTED_EDGE('',*,*,#8345,.T.);
#3286=ORIENTED_EDGE('',*,*,#8362,.T.);
#3287=ORIENTED_EDGE('',*,*,#8341,.T.);
#3288=ORIENTED_EDGE('',*,*,#8363,.T.);
#3289=ORIENTED_EDGE('',*,*,#8364,.T.);
#3290=ORIENTED_EDGE('',*,*,#8315,.T.);
#3291=ORIENTED_EDGE('',*,*,#8310,.T.);
#3292=ORIENTED_EDGE('',*,*,#8365,.T.);
#3293=CARTESIAN_POINT('',(0.0,0.0,2.8));
#3294=DIRECTION('',(0.0,0.0,1.0));
#3295=DIRECTION('',(1.0,-0.0,0.0));
#3296=ORIENTED_EDGE('',*,*,#8340,.T.);
#3297=ORIENTED_EDGE('',*,*,#8366,.T.);
#3298=ORIENTED_EDGE('',*,*,#8346,.F.);
#3299=ORIENTED_EDGE('',*,*,#8363,.F.);
#3300=CARTESIAN_POINT('',(0.0,0.0,2.6));
#3301=DIRECTION('',(0.0,0.0,1.0));
#3302=DIRECTION('',(-0.999958320539609,0.00913001553145308,0.0));
#3303=ORIENTED_EDGE('',*,*,#8360,.F.);
#3304=ORIENTED_EDGE('',*,*,#8356,.T.);
#3305=ORIENTED_EDGE('',*,*,#8367,.T.);
#3306=ORIENTED_EDGE('',*,*,#8348,.T.);
#3307=ORIENTED_EDGE('',*,*,#8358,.T.);
#3308=ORIENTED_EDGE('',*,*,#8366,.F.);
#3309=ORIENTED_EDGE('',*,*,#8343,.F.);
#3310=CARTESIAN_POINT('',(0.0,0.0,0.0));
#3311=DIRECTION('',(0.0,0.0,-1.0));
#3312=DIRECTION('',(1.0,0.0,0.0));
#3313=ORIENTED_EDGE('',*,*,#8359,.F.);
#3314=ORIENTED_EDGE('',*,*,#8368,.F.);
#3315=CARTESIAN_POINT('',(0.0,0.0,0.0));
#3316=DIRECTION('',(0.0,0.0,1.0));
#3317=DIRECTION('',(1.0,-0.0,0.0));
#3318=ORIENTED_EDGE('',*,*,#8367,.F.);
#3319=ORIENTED_EDGE('',*,*,#8369,.T.);
#3320=CARTESIAN_POINT('',(0.0,0.0,0.0));
#3321=DIRECTION('',(0.0,0.0,1.0));
#3322=DIRECTION('',(1.0,-0.0,0.0));
#3323=ORIENTED_EDGE('',*,*,#8370,.F.);
#3324=ORIENTED_EDGE('',*,*,#8371,.F.);
#3325=ORIENTED_EDGE('',*,*,#8353,.F.);
#3326=ORIENTED_EDGE('',*,*,#8368,.T.);
#3327=ORIENTED_EDGE('',*,*,#8351,.F.);
#3328=ORIENTED_EDGE('',*,*,#8372,.T.);
#3329=ORIENTED_EDGE('',*,*,#8373,.T.);
#3330=ORIENTED_EDGE('',*,*,#8374,.F.);
#3331=ORIENTED_EDGE('',*,*,#8375,.T.);
#3332=ORIENTED_EDGE('',*,*,#8376,.T.);
#3333=ORIENTED_EDGE('',*,*,#8377,.F.);
#3334=ORIENTED_EDGE('',*,*,#8378,.F.);
#3335=ORIENTED_EDGE('',*,*,#8379,.F.);
#3336=ORIENTED_EDGE('',*,*,#8380,.F.);
#3337=ORIENTED_EDGE('',*,*,#8381,.F.);
#3338=ORIENTED_EDGE('',*,*,#8382,.F.);
#3339=ORIENTED_EDGE('',*,*,#8383,.T.);
#3340=ORIENTED_EDGE('',*,*,#8384,.F.);
#3341=ORIENTED_EDGE('',*,*,#8385,.T.);
#3342=ORIENTED_EDGE('',*,*,#8386,.F.);
#3343=ORIENTED_EDGE('',*,*,#8387,.F.);
#3344=ORIENTED_EDGE('',*,*,#8388,.F.);
#3345=ORIENTED_EDGE('',*,*,#8389,.F.);
#3346=ORIENTED_EDGE('',*,*,#8390,.F.);
#3347=ORIENTED_EDGE('',*,*,#8391,.F.);
#3348=ORIENTED_EDGE('',*,*,#8392,.F.);
#3349=ORIENTED_EDGE('',*,*,#8393,.T.);
#3350=ORIENTED_EDGE('',*,*,#8394,.F.);
#3351=ORIENTED_EDGE('',*,*,#8395,.F.);
#3352=ORIENTED_EDGE('',*,*,#8396,.F.);
#3353=ORIENTED_EDGE('',*,*,#8397,.F.);
#3354=ORIENTED_EDGE('',*,*,#8398,.F.);
#3355=ORIENTED_EDGE('',*,*,#8399,.F.);
#3356=ORIENTED_EDGE('',*,*,#8400,.F.);
#3357=ORIENTED_EDGE('',*,*,#8401,.F.);
#3358=ORIENTED_EDGE('',*,*,#8402,.F.);
#3359=ORIENTED_EDGE('',*,*,#8403,.F.);
#3360=ORIENTED_EDGE('',*,*,#8404,.F.);
#3361=ORIENTED_EDGE('',*,*,#8405,.F.);
#3362=ORIENTED_EDGE('',*,*,#8406,.F.);
#3363=ORIENTED_EDGE('',*,*,#8407,.F.);
#3364=ORIENTED_EDGE('',*,*,#8408,.F.);
#3365=ORIENTED_EDGE('',*,*,#8409,.F.);
#3366=ORIENTED_EDGE('',*,*,#8410,.F.);
#3367=ORIENTED_EDGE('',*,*,#8411,.F.);
#3368=ORIENTED_EDGE('',*,*,#8412,.T.);
#3369=ORIENTED_EDGE('',*,*,#8413,.F.);
#3370=ORIENTED_EDGE('',*,*,#8414,.F.);
#3371=ORIENTED_EDGE('',*,*,#8415,.F.);
#3372=ORIENTED_EDGE('',*,*,#8416,.F.);
#3373=ORIENTED_EDGE('',*,*,#8298,.F.);
#3374=ORIENTED_EDGE('',*,*,#8417,.F.);
#3375=ORIENTED_EDGE('',*,*,#8418,.F.);
#3376=ORIENTED_EDGE('',*,*,#8419,.F.);
#3377=ORIENTED_EDGE('',*,*,#8420,.F.);
#3378=ORIENTED_EDGE('',*,*,#8421,.F.);
#3379=ORIENTED_EDGE('',*,*,#8422,.F.);
#3380=ORIENTED_EDGE('',*,*,#8423,.F.);
#3381=ORIENTED_EDGE('',*,*,#8424,.F.);
#3382=ORIENTED_EDGE('',*,*,#8425,.F.);
#3383=ORIENTED_EDGE('',*,*,#8426,.F.);
#3384=ORIENTED_EDGE('',*,*,#8427,.F.);
#3385=ORIENTED_EDGE('',*,*,#8428,.F.);
#3386=ORIENTED_EDGE('',*,*,#8429,.F.);
#3387=ORIENTED_EDGE('',*,*,#8430,.F.);
#3388=ORIENTED_EDGE('',*,*,#8431,.F.);
#3389=ORIENTED_EDGE('',*,*,#8432,.F.);
#3390=ORIENTED_EDGE('',*,*,#8433,.F.);
#3391=ORIENTED_EDGE('',*,*,#8434,.F.);
#3392=ORIENTED_EDGE('',*,*,#8435,.F.);
#3393=ORIENTED_EDGE('',*,*,#8436,.F.);
#3394=ORIENTED_EDGE('',*,*,#8437,.F.);
#3395=ORIENTED_EDGE('',*,*,#8438,.F.);
#3396=ORIENTED_EDGE('',*,*,#8439,.F.);
#3397=ORIENTED_EDGE('',*,*,#8440,.F.);
#3398=ORIENTED_EDGE('',*,*,#8441,.F.);
#3399=ORIENTED_EDGE('',*,*,#8442,.F.);
#3400=ORIENTED_EDGE('',*,*,#8443,.F.);
#3401=ORIENTED_EDGE('',*,*,#8444,.F.);
#3402=ORIENTED_EDGE('',*,*,#8445,.F.);
#3403=ORIENTED_EDGE('',*,*,#8446,.F.);
#3404=ORIENTED_EDGE('',*,*,#8447,.F.);
#3405=ORIENTED_EDGE('',*,*,#8448,.F.);
#3406=ORIENTED_EDGE('',*,*,#8449,.F.);
#3407=ORIENTED_EDGE('',*,*,#8450,.F.);
#3408=ORIENTED_EDGE('',*,*,#8451,.F.);
#3409=ORIENTED_EDGE('',*,*,#8452,.F.);
#3410=ORIENTED_EDGE('',*,*,#8453,.T.);
#3411=ORIENTED_EDGE('',*,*,#8304,.T.);
#3412=ORIENTED_EDGE('',*,*,#8454,.F.);
#3413=ORIENTED_EDGE('',*,*,#8455,.F.);
#3414=ORIENTED_EDGE('',*,*,#8456,.F.);
#3415=ORIENTED_EDGE('',*,*,#8457,.F.);
#3416=ORIENTED_EDGE('',*,*,#8458,.F.);
#3417=ORIENTED_EDGE('',*,*,#8459,.F.);
#3418=ORIENTED_EDGE('',*,*,#8460,.F.);
#3419=ORIENTED_EDGE('',*,*,#8461,.F.);
#3420=ORIENTED_EDGE('',*,*,#8462,.F.);
#3421=ORIENTED_EDGE('',*,*,#8463,.F.);
#3422=ORIENTED_EDGE('',*,*,#8464,.F.);
#3423=ORIENTED_EDGE('',*,*,#8465,.F.);
#3424=ORIENTED_EDGE('',*,*,#8466,.F.);
#3425=ORIENTED_EDGE('',*,*,#8467,.F.);
#3426=ORIENTED_EDGE('',*,*,#8468,.F.);
#3427=ORIENTED_EDGE('',*,*,#8469,.F.);
#3428=ORIENTED_EDGE('',*,*,#8470,.F.);
#3429=ORIENTED_EDGE('',*,*,#8471,.F.);
#3430=ORIENTED_EDGE('',*,*,#8472,.F.);
#3431=ORIENTED_EDGE('',*,*,#8473,.F.);
#3432=ORIENTED_EDGE('',*,*,#8474,.F.);
#3433=ORIENTED_EDGE('',*,*,#8475,.F.);
#3434=ORIENTED_EDGE('',*,*,#8476,.F.);
#3435=ORIENTED_EDGE('',*,*,#8477,.F.);
#3436=ORIENTED_EDGE('',*,*,#8478,.F.);
#3437=ORIENTED_EDGE('',*,*,#8479,.F.);
#3438=ORIENTED_EDGE('',*,*,#8480,.F.);
#3439=ORIENTED_EDGE('',*,*,#8481,.F.);
#3440=ORIENTED_EDGE('',*,*,#8482,.F.);
#3441=ORIENTED_EDGE('',*,*,#8483,.F.);
#3442=ORIENTED_EDGE('',*,*,#8484,.F.);
#3443=ORIENTED_EDGE('',*,*,#8485,.F.);
#3444=ORIENTED_EDGE('',*,*,#8486,.F.);
#3445=ORIENTED_EDGE('',*,*,#8487,.F.);
#3446=ORIENTED_EDGE('',*,*,#8488,.F.);
#3447=ORIENTED_EDGE('',*,*,#8489,.F.);
#3448=ORIENTED_EDGE('',*,*,#8490,.F.);
#3449=ORIENTED_EDGE('',*,*,#8491,.F.);
#3450=ORIENTED_EDGE('',*,*,#8492,.F.);
#3451=ORIENTED_EDGE('',*,*,#8493,.F.);
#3452=ORIENTED_EDGE('',*,*,#8494,.F.);
#3453=ORIENTED_EDGE('',*,*,#8495,.F.);
#3454=ORIENTED_EDGE('',*,*,#8496,.F.);
#3455=ORIENTED_EDGE('',*,*,#8497,.F.);
#3456=ORIENTED_EDGE('',*,*,#8498,.F.);
#3457=ORIENTED_EDGE('',*,*,#8499,.F.);
#3458=ORIENTED_EDGE('',*,*,#8500,.F.);
#3459=ORIENTED_EDGE('',*,*,#8501,.F.);
#3460=ORIENTED_EDGE('',*,*,#8502,.F.);
#3461=ORIENTED_EDGE('',*,*,#8503,.F.);
#3462=ORIENTED_EDGE('',*,*,#8504,.F.);
#3463=ORIENTED_EDGE('',*,*,#8505,.F.);
#3464=ORIENTED_EDGE('',*,*,#8506,.F.);
#3465=ORIENTED_EDGE('',*,*,#8507,.F.);
#3466=ORIENTED_EDGE('',*,*,#8508,.F.);
#3467=ORIENTED_EDGE('',*,*,#8509,.F.);
#3468=ORIENTED_EDGE('',*,*,#8510,.F.);
#3469=ORIENTED_EDGE('',*,*,#8511,.F.);
#3470=ORIENTED_EDGE('',*,*,#8512,.F.);
#3471=ORIENTED_EDGE('',*,*,#8513,.F.);
#3472=ORIENTED_EDGE('',*,*,#8514,.F.);
#3473=ORIENTED_EDGE('',*,*,#8515,.F.);
#3474=ORIENTED_EDGE('',*,*,#8516,.F.);
#3475=ORIENTED_EDGE('',*,*,#8517,.F.);
#3476=ORIENTED_EDGE('',*,*,#8518,.F.);
#3477=ORIENTED_EDGE('',*,*,#8519,.F.);
#3478=ORIENTED_EDGE('',*,*,#8520,.F.);
#3479=ORIENTED_EDGE('',*,*,#8521,.F.);
#3480=ORIENTED_EDGE('',*,*,#8522,.F.);
#3481=ORIENTED_EDGE('',*,*,#8523,.F.);
#3482=ORIENTED_EDGE('',*,*,#8524,.F.);
#3483=ORIENTED_EDGE('',*,*,#8525,.F.);
#3484=ORIENTED_EDGE('',*,*,#8526,.F.);
#3485=ORIENTED_EDGE('',*,*,#8527,.F.);
#3486=ORIENTED_EDGE('',*,*,#8528,.F.);
#3487=ORIENTED_EDGE('',*,*,#8529,.F.);
#3488=ORIENTED_EDGE('',*,*,#8530,.F.);
#3489=ORIENTED_EDGE('',*,*,#8531,.F.);
#3490=ORIENTED_EDGE('',*,*,#8532,.F.);
#3491=ORIENTED_EDGE('',*,*,#8533,.F.);
#3492=ORIENTED_EDGE('',*,*,#8534,.F.);
#3493=ORIENTED_EDGE('',*,*,#8535,.F.);
#3494=ORIENTED_EDGE('',*,*,#8536,.F.);
#3495=ORIENTED_EDGE('',*,*,#8537,.F.);
#3496=ORIENTED_EDGE('',*,*,#8538,.F.);
#3497=ORIENTED_EDGE('',*,*,#8539,.F.);
#3498=ORIENTED_EDGE('',*,*,#8540,.F.);
#3499=ORIENTED_EDGE('',*,*,#8541,.F.);
#3500=ORIENTED_EDGE('',*,*,#8542,.F.);
#3501=ORIENTED_EDGE('',*,*,#8543,.F.);
#3502=ORIENTED_EDGE('',*,*,#8544,.F.);
#3503=ORIENTED_EDGE('',*,*,#8545,.F.);
#3504=ORIENTED_EDGE('',*,*,#8546,.F.);
#3505=ORIENTED_EDGE('',*,*,#8547,.F.);
#3506=ORIENTED_EDGE('',*,*,#8548,.F.);
#3507=ORIENTED_EDGE('',*,*,#8549,.F.);
#3508=ORIENTED_EDGE('',*,*,#8550,.F.);
#3509=ORIENTED_EDGE('',*,*,#8551,.F.);
#3510=ORIENTED_EDGE('',*,*,#8552,.F.);
#3511=ORIENTED_EDGE('',*,*,#8553,.F.);
#3512=ORIENTED_EDGE('',*,*,#8554,.F.);
#3513=ORIENTED_EDGE('',*,*,#8555,.F.);
#3514=ORIENTED_EDGE('',*,*,#8556,.F.);
#3515=ORIENTED_EDGE('',*,*,#8557,.F.);
#3516=ORIENTED_EDGE('',*,*,#8558,.F.);
#3517=ORIENTED_EDGE('',*,*,#8559,.F.);
#3518=ORIENTED_EDGE('',*,*,#8560,.F.);
#3519=ORIENTED_EDGE('',*,*,#8561,.F.);
#3520=ORIENTED_EDGE('',*,*,#8562,.F.);
#3521=ORIENTED_EDGE('',*,*,#8563,.F.);
#3522=ORIENTED_EDGE('',*,*,#8564,.F.);
#3523=ORIENTED_EDGE('',*,*,#8565,.F.);
#3524=ORIENTED_EDGE('',*,*,#8566,.F.);
#3525=ORIENTED_EDGE('',*,*,#8567,.F.);
#3526=ORIENTED_EDGE('',*,*,#8568,.F.);
#3527=ORIENTED_EDGE('',*,*,#8569,.F.);
#3528=ORIENTED_EDGE('',*,*,#8570,.F.);
#3529=ORIENTED_EDGE('',*,*,#8571,.F.);
#3530=ORIENTED_EDGE('',*,*,#8572,.F.);
#3531=ORIENTED_EDGE('',*,*,#8573,.F.);
#3532=ORIENTED_EDGE('',*,*,#8574,.F.);
#3533=ORIENTED_EDGE('',*,*,#8575,.F.);
#3534=ORIENTED_EDGE('',*,*,#8576,.F.);
#3535=ORIENTED_EDGE('',*,*,#8577,.F.);
#3536=ORIENTED_EDGE('',*,*,#8578,.F.);
#3537=ORIENTED_EDGE('',*,*,#8579,.F.);
#3538=ORIENTED_EDGE('',*,*,#8580,.F.);
#3539=ORIENTED_EDGE('',*,*,#8581,.F.);
#3540=ORIENTED_EDGE('',*,*,#8582,.F.);
#3541=ORIENTED_EDGE('',*,*,#8583,.F.);
#3542=ORIENTED_EDGE('',*,*,#8584,.F.);
#3543=ORIENTED_EDGE('',*,*,#8585,.F.);
#3544=ORIENTED_EDGE('',*,*,#8586,.F.);
#3545=ORIENTED_EDGE('',*,*,#8587,.F.);
#3546=ORIENTED_EDGE('',*,*,#8588,.F.);
#3547=ORIENTED_EDGE('',*,*,#8589,.F.);
#3548=ORIENTED_EDGE('',*,*,#8590,.F.);
#3549=ORIENTED_EDGE('',*,*,#8591,.F.);
#3550=ORIENTED_EDGE('',*,*,#8592,.F.);
#3551=ORIENTED_EDGE('',*,*,#8593,.F.);
#3552=ORIENTED_EDGE('',*,*,#8594,.F.);
#3553=ORIENTED_EDGE('',*,*,#8595,.F.);
#3554=ORIENTED_EDGE('',*,*,#8596,.F.);
#3555=ORIENTED_EDGE('',*,*,#8597,.F.);
#3556=ORIENTED_EDGE('',*,*,#8598,.F.);
#3557=ORIENTED_EDGE('',*,*,#8599,.F.);
#3558=ORIENTED_EDGE('',*,*,#8600,.F.);
#3559=ORIENTED_EDGE('',*,*,#8601,.F.);
#3560=ORIENTED_EDGE('',*,*,#8602,.F.);
#3561=ORIENTED_EDGE('',*,*,#8603,.F.);
#3562=ORIENTED_EDGE('',*,*,#8604,.F.);
#3563=ORIENTED_EDGE('',*,*,#8605,.F.);
#3564=ORIENTED_EDGE('',*,*,#8606,.F.);
#3565=ORIENTED_EDGE('',*,*,#8607,.F.);
#3566=ORIENTED_EDGE('',*,*,#8608,.F.);
#3567=ORIENTED_EDGE('',*,*,#8609,.F.);
#3568=ORIENTED_EDGE('',*,*,#8610,.F.);
#3569=ORIENTED_EDGE('',*,*,#8611,.F.);
#3570=ORIENTED_EDGE('',*,*,#8612,.F.);
#3571=ORIENTED_EDGE('',*,*,#8613,.F.);
#3572=ORIENTED_EDGE('',*,*,#8614,.F.);
#3573=ORIENTED_EDGE('',*,*,#8615,.F.);
#3574=ORIENTED_EDGE('',*,*,#8616,.F.);
#3575=ORIENTED_EDGE('',*,*,#8617,.F.);
#3576=ORIENTED_EDGE('',*,*,#8618,.F.);
#3577=ORIENTED_EDGE('',*,*,#8619,.F.);
#3578=ORIENTED_EDGE('',*,*,#8620,.F.);
#3579=ORIENTED_EDGE('',*,*,#8621,.F.);
#3580=ORIENTED_EDGE('',*,*,#8622,.F.);
#3581=ORIENTED_EDGE('',*,*,#8623,.F.);
#3582=ORIENTED_EDGE('',*,*,#8624,.F.);
#3583=ORIENTED_EDGE('',*,*,#8625,.F.);
#3584=ORIENTED_EDGE('',*,*,#8626,.F.);
#3585=ORIENTED_EDGE('',*,*,#8627,.F.);
#3586=ORIENTED_EDGE('',*,*,#8628,.F.);
#3587=ORIENTED_EDGE('',*,*,#8629,.F.);
#3588=ORIENTED_EDGE('',*,*,#8630,.F.);
#3589=ORIENTED_EDGE('',*,*,#8631,.F.);
#3590=ORIENTED_EDGE('',*,*,#8632,.F.);
#3591=ORIENTED_EDGE('',*,*,#8633,.F.);
#3592=ORIENTED_EDGE('',*,*,#8634,.F.);
#3593=ORIENTED_EDGE('',*,*,#8635,.F.);
#3594=ORIENTED_EDGE('',*,*,#8636,.F.);
#3595=ORIENTED_EDGE('',*,*,#8637,.F.);
#3596=ORIENTED_EDGE('',*,*,#8638,.F.);
#3597=ORIENTED_EDGE('',*,*,#8639,.F.);
#3598=ORIENTED_EDGE('',*,*,#8640,.F.);
#3599=ORIENTED_EDGE('',*,*,#8641,.F.);
#3600=ORIENTED_EDGE('',*,*,#8642,.F.);
#3601=ORIENTED_EDGE('',*,*,#8643,.F.);
#3602=ORIENTED_EDGE('',*,*,#8644,.F.);
#3603=ORIENTED_EDGE('',*,*,#8645,.F.);
#3604=ORIENTED_EDGE('',*,*,#8646,.F.);
#3605=ORIENTED_EDGE('',*,*,#8647,.F.);
#3606=ORIENTED_EDGE('',*,*,#8648,.F.);
#3607=ORIENTED_EDGE('',*,*,#8649,.F.);
#3608=ORIENTED_EDGE('',*,*,#8650,.F.);
#3609=ORIENTED_EDGE('',*,*,#8651,.F.);
#3610=ORIENTED_EDGE('',*,*,#8652,.F.);
#3611=ORIENTED_EDGE('',*,*,#8653,.F.);
#3612=ORIENTED_EDGE('',*,*,#8654,.F.);
#3613=ORIENTED_EDGE('',*,*,#8655,.F.);
#3614=ORIENTED_EDGE('',*,*,#8656,.F.);
#3615=ORIENTED_EDGE('',*,*,#8657,.F.);
#3616=ORIENTED_EDGE('',*,*,#8658,.F.);
#3617=ORIENTED_EDGE('',*,*,#8659,.F.);
#3618=ORIENTED_EDGE('',*,*,#8660,.F.);
#3619=ORIENTED_EDGE('',*,*,#8661,.F.);
#3620=ORIENTED_EDGE('',*,*,#8662,.F.);
#3621=ORIENTED_EDGE('',*,*,#8663,.F.);
#3622=ORIENTED_EDGE('',*,*,#8664,.F.);
#3623=ORIENTED_EDGE('',*,*,#8665,.F.);
#3624=ORIENTED_EDGE('',*,*,#8666,.F.);
#3625=ORIENTED_EDGE('',*,*,#8667,.F.);
#3626=ORIENTED_EDGE('',*,*,#8668,.F.);
#3627=ORIENTED_EDGE('',*,*,#8669,.F.);
#3628=ORIENTED_EDGE('',*,*,#8670,.F.);
#3629=ORIENTED_EDGE('',*,*,#8671,.F.);
#3630=ORIENTED_EDGE('',*,*,#8672,.F.);
#3631=ORIENTED_EDGE('',*,*,#8673,.F.);
#3632=ORIENTED_EDGE('',*,*,#8674,.F.);
#3633=ORIENTED_EDGE('',*,*,#8675,.F.);
#3634=ORIENTED_EDGE('',*,*,#8676,.F.);
#3635=ORIENTED_EDGE('',*,*,#8677,.F.);
#3636=ORIENTED_EDGE('',*,*,#8678,.F.);
#3637=ORIENTED_EDGE('',*,*,#8679,.F.);
#3638=ORIENTED_EDGE('',*,*,#8680,.F.);
#3639=ORIENTED_EDGE('',*,*,#8681,.F.);
#3640=ORIENTED_EDGE('',*,*,#8682,.F.);
#3641=ORIENTED_EDGE('',*,*,#8683,.F.);
#3642=ORIENTED_EDGE('',*,*,#8684,.F.);
#3643=ORIENTED_EDGE('',*,*,#8685,.F.);
#3644=ORIENTED_EDGE('',*,*,#8686,.F.);
#3645=ORIENTED_EDGE('',*,*,#8687,.F.);
#3646=ORIENTED_EDGE('',*,*,#8688,.F.);
#3647=ORIENTED_EDGE('',*,*,#8689,.F.);
#3648=ORIENTED_EDGE('',*,*,#8690,.F.);
#3649=ORIENTED_EDGE('',*,*,#8691,.F.);
#3650=ORIENTED_EDGE('',*,*,#8692,.F.);
#3651=ORIENTED_EDGE('',*,*,#8693,.F.);
#3652=ORIENTED_EDGE('',*,*,#8694,.F.);
#3653=ORIENTED_EDGE('',*,*,#8695,.F.);
#3654=ORIENTED_EDGE('',*,*,#8696,.F.);
#3655=ORIENTED_EDGE('',*,*,#8697,.F.);
#3656=ORIENTED_EDGE('',*,*,#8698,.F.);
#3657=ORIENTED_EDGE('',*,*,#8699,.F.);
#3658=ORIENTED_EDGE('',*,*,#8700,.F.);
#3659=ORIENTED_EDGE('',*,*,#8701,.F.);
#3660=ORIENTED_EDGE('',*,*,#8702,.F.);
#3661=ORIENTED_EDGE('',*,*,#8703,.F.);
#3662=ORIENTED_EDGE('',*,*,#8704,.F.);
#3663=ORIENTED_EDGE('',*,*,#8705,.F.);
#3664=ORIENTED_EDGE('',*,*,#8706,.F.);
#3665=ORIENTED_EDGE('',*,*,#8707,.F.);
#3666=ORIENTED_EDGE('',*,*,#8708,.F.);
#3667=ORIENTED_EDGE('',*,*,#8709,.F.);
#3668=ORIENTED_EDGE('',*,*,#8710,.F.);
#3669=ORIENTED_EDGE('',*,*,#8711,.F.);
#3670=ORIENTED_EDGE('',*,*,#8712,.F.);
#3671=ORIENTED_EDGE('',*,*,#8713,.F.);
#3672=ORIENTED_EDGE('',*,*,#8714,.F.);
#3673=ORIENTED_EDGE('',*,*,#8715,.F.);
#3674=ORIENTED_EDGE('',*,*,#8716,.F.);
#3675=ORIENTED_EDGE('',*,*,#8717,.F.);
#3676=ORIENTED_EDGE('',*,*,#8718,.F.);
#3677=ORIENTED_EDGE('',*,*,#8719,.F.);
#3678=ORIENTED_EDGE('',*,*,#8720,.F.);
#3679=ORIENTED_EDGE('',*,*,#8721,.F.);
#3680=ORIENTED_EDGE('',*,*,#8722,.F.);
#3681=ORIENTED_EDGE('',*,*,#8723,.F.);
#3682=ORIENTED_EDGE('',*,*,#8724,.F.);
#3683=ORIENTED_EDGE('',*,*,#8725,.F.);
#3684=ORIENTED_EDGE('',*,*,#8726,.F.);
#3685=ORIENTED_EDGE('',*,*,#8727,.F.);
#3686=ORIENTED_EDGE('',*,*,#8728,.F.);
#3687=ORIENTED_EDGE('',*,*,#8729,.F.);
#3688=ORIENTED_EDGE('',*,*,#8730,.F.);
#3689=ORIENTED_EDGE('',*,*,#8731,.F.);
#3690=ORIENTED_EDGE('',*,*,#8732,.F.);
#3691=ORIENTED_EDGE('',*,*,#8733,.F.);
#3692=ORIENTED_EDGE('',*,*,#8734,.F.);
#3693=ORIENTED_EDGE('',*,*,#8735,.F.);
#3694=ORIENTED_EDGE('',*,*,#8736,.F.);
#3695=ORIENTED_EDGE('',*,*,#8737,.F.);
#3696=ORIENTED_EDGE('',*,*,#8738,.F.);
#3697=ORIENTED_EDGE('',*,*,#8739,.F.);
#3698=ORIENTED_EDGE('',*,*,#8740,.F.);
#3699=ORIENTED_EDGE('',*,*,#8741,.F.);
#3700=ORIENTED_EDGE('',*,*,#8742,.F.);
#3701=ORIENTED_EDGE('',*,*,#8743,.F.);
#3702=ORIENTED_EDGE('',*,*,#8744,.F.);
#3703=ORIENTED_EDGE('',*,*,#8745,.F.);
#3704=ORIENTED_EDGE('',*,*,#8746,.F.);
#3705=ORIENTED_EDGE('',*,*,#8747,.F.);
#3706=ORIENTED_EDGE('',*,*,#8748,.F.);
#3707=ORIENTED_EDGE('',*,*,#8749,.F.);
#3708=ORIENTED_EDGE('',*,*,#8750,.F.);
#3709=ORIENTED_EDGE('',*,*,#8751,.F.);
#3710=ORIENTED_EDGE('',*,*,#8752,.F.);
#3711=ORIENTED_EDGE('',*,*,#8753,.F.);
#3712=ORIENTED_EDGE('',*,*,#8754,.F.);
#3713=ORIENTED_EDGE('',*,*,#8755,.F.);
#3714=ORIENTED_EDGE('',*,*,#8756,.F.);
#3715=ORIENTED_EDGE('',*,*,#8757,.F.);
#3716=ORIENTED_EDGE('',*,*,#8758,.F.);
#3717=ORIENTED_EDGE('',*,*,#8759,.F.);
#3718=ORIENTED_EDGE('',*,*,#8760,.F.);
#3719=ORIENTED_EDGE('',*,*,#8761,.F.);
#3720=ORIENTED_EDGE('',*,*,#8762,.F.);
#3721=ORIENTED_EDGE('',*,*,#8763,.F.);
#3722=ORIENTED_EDGE('',*,*,#8764,.F.);
#3723=ORIENTED_EDGE('',*,*,#8765,.F.);
#3724=ORIENTED_EDGE('',*,*,#8766,.F.);
#3725=ORIENTED_EDGE('',*,*,#8767,.F.);
#3726=ORIENTED_EDGE('',*,*,#8768,.F.);
#3727=ORIENTED_EDGE('',*,*,#8769,.F.);
#3728=ORIENTED_EDGE('',*,*,#8770,.F.);
#3729=ORIENTED_EDGE('',*,*,#8771,.F.);
#3730=ORIENTED_EDGE('',*,*,#8772,.F.);
#3731=CARTESIAN_POINT('',(3.1,2.5,0.0));
#3732=DIRECTION('',(0.0,1.0,0.0));
#3733=DIRECTION('',(1.0,0.0,-0.0));
#3734=ORIENTED_EDGE('',*,*,#8773,.F.);
#3735=ORIENTED_EDGE('',*,*,#8774,.F.);
#3736=ORIENTED_EDGE('',*,*,#8775,.F.);
#3737=ORIENTED_EDGE('',*,*,#8776,.F.);
#3738=ORIENTED_EDGE('',*,*,#8777,.F.);
#3739=ORIENTED_EDGE('',*,*,#8778,.F.);
#3740=ORIENTED_EDGE('',*,*,#8779,.F.);
#3741=ORIENTED_EDGE('',*,*,#8780,.F.);
#3742=ORIENTED_EDGE('',*,*,#8781,.F.);
#3743=ORIENTED_EDGE('',*,*,#8782,.F.);
#3744=ORIENTED_EDGE('',*,*,#8783,.F.);
#3745=ORIENTED_EDGE('',*,*,#8784,.F.);
#3746=ORIENTED_EDGE('',*,*,#8785,.F.);
#3747=ORIENTED_EDGE('',*,*,#8786,.F.);
#3748=ORIENTED_EDGE('',*,*,#8787,.F.);
#3749=ORIENTED_EDGE('',*,*,#8788,.F.);
#3750=ORIENTED_EDGE('',*,*,#8789,.F.);
#3751=ORIENTED_EDGE('',*,*,#8790,.F.);
#3752=ORIENTED_EDGE('',*,*,#8791,.F.);
#3753=ORIENTED_EDGE('',*,*,#8792,.F.);
#3754=CARTESIAN_POINT('',(3.1,2.5,0.0));
#3755=DIRECTION('',(0.0,1.0,0.0));
#3756=DIRECTION('',(1.0,0.0,-0.0));
#3757=ORIENTED_EDGE('',*,*,#8793,.F.);
#3758=ORIENTED_EDGE('',*,*,#8794,.F.);
#3759=ORIENTED_EDGE('',*,*,#8795,.F.);
#3760=ORIENTED_EDGE('',*,*,#8796,.F.);
#3761=ORIENTED_EDGE('',*,*,#8797,.F.);
#3762=ORIENTED_EDGE('',*,*,#8798,.F.);
#3763=ORIENTED_EDGE('',*,*,#8799,.F.);
#3764=ORIENTED_EDGE('',*,*,#8800,.F.);
#3765=ORIENTED_EDGE('',*,*,#8801,.F.);
#3766=ORIENTED_EDGE('',*,*,#8802,.F.);
#3767=ORIENTED_EDGE('',*,*,#8803,.F.);
#3768=ORIENTED_EDGE('',*,*,#8804,.F.);
#3769=ORIENTED_EDGE('',*,*,#8805,.F.);
#3770=ORIENTED_EDGE('',*,*,#8806,.F.);
#3771=ORIENTED_EDGE('',*,*,#8807,.F.);
#3772=ORIENTED_EDGE('',*,*,#8808,.F.);
#3773=ORIENTED_EDGE('',*,*,#8809,.F.);
#3774=ORIENTED_EDGE('',*,*,#8810,.F.);
#3775=ORIENTED_EDGE('',*,*,#8811,.F.);
#3776=ORIENTED_EDGE('',*,*,#8812,.F.);
#3777=CARTESIAN_POINT('',(3.1,2.5,0.0));
#3778=DIRECTION('',(0.0,1.0,0.0));
#3779=DIRECTION('',(1.0,0.0,-0.0));
#3780=ORIENTED_EDGE('',*,*,#8813,.F.);
#3781=ORIENTED_EDGE('',*,*,#8814,.F.);
#3782=ORIENTED_EDGE('',*,*,#8815,.F.);
#3783=ORIENTED_EDGE('',*,*,#8816,.F.);
#3784=ORIENTED_EDGE('',*,*,#8817,.F.);
#3785=ORIENTED_EDGE('',*,*,#8818,.F.);
#3786=ORIENTED_EDGE('',*,*,#8819,.F.);
#3787=ORIENTED_EDGE('',*,*,#8820,.F.);
#3788=ORIENTED_EDGE('',*,*,#8821,.F.);
#3789=ORIENTED_EDGE('',*,*,#8822,.F.);
#3790=CARTESIAN_POINT('',(3.1,2.5,0.0));
#3791=DIRECTION('',(0.0,1.0,0.0));
#3792=DIRECTION('',(1.0,0.0,-0.0));
#3793=ORIENTED_EDGE('',*,*,#8823,.T.);
#3794=ORIENTED_EDGE('',*,*,#8824,.T.);
#3795=ORIENTED_EDGE('',*,*,#8825,.T.);
#3796=ORIENTED_EDGE('',*,*,#8376,.F.);
#3797=CARTESIAN_POINT('',(-2.3,0.0,0.0));
#3798=DIRECTION('',(-1.0,0.0,0.0));
#3799=DIRECTION('',(0.0,0.0,1.0));
#3800=ORIENTED_EDGE('',*,*,#8825,.F.);
#3801=ORIENTED_EDGE('',*,*,#8826,.F.);
#3802=ORIENTED_EDGE('',*,*,#8827,.F.);
#3803=ORIENTED_EDGE('',*,*,#8370,.T.);
#3804=CARTESIAN_POINT('',(-3.9,0.0,-7.7));
#3805=DIRECTION('',(0.0,0.0,1.0));
#3806=DIRECTION('',(1.0,-0.0,0.0));
#3807=ORIENTED_EDGE('',*,*,#8828,.F.);
#3808=ORIENTED_EDGE('',*,*,#8354,.F.);
#3809=ORIENTED_EDGE('',*,*,#8371,.T.);
#3810=ORIENTED_EDGE('',*,*,#8827,.T.);
#3811=ORIENTED_EDGE('',*,*,#8829,.F.);
#3812=ORIENTED_EDGE('',*,*,#8830,.F.);
#3813=ORIENTED_EDGE('',*,*,#8374,.T.);
#3814=ORIENTED_EDGE('',*,*,#8831,.T.);
#3815=ORIENTED_EDGE('',*,*,#8832,.F.);
#3816=ORIENTED_EDGE('',*,*,#8833,.T.);
#3817=ORIENTED_EDGE('',*,*,#8834,.F.);
#3818=ORIENTED_EDGE('',*,*,#8835,.F.);
#3819=CARTESIAN_POINT('',(-3.9,2.5,0.0));
#3820=DIRECTION('',(-1.0,0.0,0.0));
#3821=DIRECTION('',(0.0,0.0,1.0));
#3822=ORIENTED_EDGE('',*,*,#8836,.T.);
#3823=ORIENTED_EDGE('',*,*,#8837,.F.);
#3824=ORIENTED_EDGE('',*,*,#8838,.F.);
#3825=ORIENTED_EDGE('',*,*,#8835,.T.);
#3826=CARTESIAN_POINT('',(-3.9,-2.5,-0.6));
#3827=DIRECTION('',(0.0,0.0,1.0));
#3828=DIRECTION('',(1.0,-0.0,0.0));
#3829=ORIENTED_EDGE('',*,*,#8839,.F.);
#3830=ORIENTED_EDGE('',*,*,#8840,.T.);
#3831=ORIENTED_EDGE('',*,*,#8841,.F.);
#3832=ORIENTED_EDGE('',*,*,#8842,.T.);
#3833=ORIENTED_EDGE('',*,*,#8843,.F.);
#3834=ORIENTED_EDGE('',*,*,#8844,.F.);
#3835=ORIENTED_EDGE('',*,*,#8845,.F.);
#3836=ORIENTED_EDGE('',*,*,#8846,.T.);
#3837=ORIENTED_EDGE('',*,*,#8847,.F.);
#3838=ORIENTED_EDGE('',*,*,#8848,.F.);
#3839=ORIENTED_EDGE('',*,*,#8849,.F.);
#3840=ORIENTED_EDGE('',*,*,#8850,.F.);
#3841=ORIENTED_EDGE('',*,*,#8851,.F.);
#3842=ORIENTED_EDGE('',*,*,#8852,.F.);
#3843=ORIENTED_EDGE('',*,*,#8853,.F.);
#3844=ORIENTED_EDGE('',*,*,#8854,.T.);
#3845=ORIENTED_EDGE('',*,*,#8855,.F.);
#3846=ORIENTED_EDGE('',*,*,#8856,.F.);
#3847=ORIENTED_EDGE('',*,*,#8857,.F.);
#3848=ORIENTED_EDGE('',*,*,#8858,.F.);
#3849=ORIENTED_EDGE('',*,*,#8859,.F.);
#3850=ORIENTED_EDGE('',*,*,#8860,.F.);
#3851=ORIENTED_EDGE('',*,*,#8861,.F.);
#3852=ORIENTED_EDGE('',*,*,#8349,.F.);
#3853=ORIENTED_EDGE('',*,*,#8369,.F.);
#3854=ORIENTED_EDGE('',*,*,#8355,.F.);
#3855=ORIENTED_EDGE('',*,*,#8828,.T.);
#3856=ORIENTED_EDGE('',*,*,#8838,.T.);
#3857=ORIENTED_EDGE('',*,*,#8862,.F.);
#3858=ORIENTED_EDGE('',*,*,#8863,.F.);
#3859=ORIENTED_EDGE('',*,*,#8864,.F.);
#3860=ORIENTED_EDGE('',*,*,#8865,.F.);
#3861=ORIENTED_EDGE('',*,*,#8866,.F.);
#3862=ORIENTED_EDGE('',*,*,#8867,.F.);
#3863=ORIENTED_EDGE('',*,*,#8832,.T.);
#3864=ORIENTED_EDGE('',*,*,#8868,.T.);
#3865=ORIENTED_EDGE('',*,*,#8869,.T.);
#3866=ORIENTED_EDGE('',*,*,#8870,.F.);
#3867=ORIENTED_EDGE('',*,*,#8871,.F.);
#3868=ORIENTED_EDGE('',*,*,#8872,.F.);
#3869=ORIENTED_EDGE('',*,*,#8873,.T.);
#3870=ORIENTED_EDGE('',*,*,#8874,.F.);
#3871=ORIENTED_EDGE('',*,*,#8875,.F.);
#3872=ORIENTED_EDGE('',*,*,#8876,.F.);
#3873=ORIENTED_EDGE('',*,*,#8877,.F.);
#3874=ORIENTED_EDGE('',*,*,#8878,.F.);
#3875=ORIENTED_EDGE('',*,*,#8879,.F.);
#3876=ORIENTED_EDGE('',*,*,#8880,.F.);
#3877=ORIENTED_EDGE('',*,*,#8881,.F.);
#3878=ORIENTED_EDGE('',*,*,#8882,.F.);
#3879=CARTESIAN_POINT('',(-3.9,-2.5,0.0));
#3880=DIRECTION('',(0.0,-1.0,0.0));
#3881=DIRECTION('',(0.0,0.0,-1.0));
#3882=ORIENTED_EDGE('',*,*,#8883,.F.);
#3883=ORIENTED_EDGE('',*,*,#8882,.T.);
#3884=ORIENTED_EDGE('',*,*,#8884,.T.);
#3885=ORIENTED_EDGE('',*,*,#8885,.F.);
#3886=CARTESIAN_POINT('',(0.0,-2.5,-3.8));
#3887=DIRECTION('',(0.0,1.0,0.0));
#3888=DIRECTION('',(0.0,0.0,-1.0));
#3889=ORIENTED_EDGE('',*,*,#8886,.T.);
#3890=ORIENTED_EDGE('',*,*,#8885,.T.);
#3891=ORIENTED_EDGE('',*,*,#8887,.F.);
#3892=ORIENTED_EDGE('',*,*,#8888,.F.);
#3893=ORIENTED_EDGE('',*,*,#8889,.T.);
#3894=ORIENTED_EDGE('',*,*,#8888,.T.);
#3895=CARTESIAN_POINT('',(0.0,-3.2,0.0));
#3896=DIRECTION('',(0.0,-1.0,0.0));
#3897=DIRECTION('',(0.0,0.0,-1.0));
#3898=ORIENTED_EDGE('',*,*,#8333,.T.);
#3899=ORIENTED_EDGE('',*,*,#8890,.T.);
#3900=ORIENTED_EDGE('',*,*,#8337,.T.);
#3901=ORIENTED_EDGE('',*,*,#8891,.T.);
#3902=CARTESIAN_POINT('',(0.0,-3.2,0.0));
#3903=DIRECTION('',(0.0,-1.0,0.0));
#3904=DIRECTION('',(0.0,0.0,-1.0));
#3905=ORIENTED_EDGE('',*,*,#8887,.T.);
#3906=ORIENTED_EDGE('',*,*,#8892,.T.);
#3907=ORIENTED_EDGE('',*,*,#8886,.F.);
#3908=ORIENTED_EDGE('',*,*,#8889,.F.);
#3909=ORIENTED_EDGE('',*,*,#8884,.F.);
#3910=ORIENTED_EDGE('',*,*,#8881,.T.);
#3911=ORIENTED_EDGE('',*,*,#8883,.T.);
#3912=ORIENTED_EDGE('',*,*,#8892,.F.);
#3913=CARTESIAN_POINT('',(0.0,-2.5,-3.8));
#3914=DIRECTION('',(0.0,1.0,0.0));
#3915=DIRECTION('',(0.0,0.0,-1.0));
#3916=ORIENTED_EDGE('',*,*,#8336,.T.);
#3917=ORIENTED_EDGE('',*,*,#8893,.T.);
#3918=ORIENTED_EDGE('',*,*,#8334,.F.);
#3919=ORIENTED_EDGE('',*,*,#8891,.F.);
#3920=CARTESIAN_POINT('',(0.0,-3.0,-10.6));
#3921=DIRECTION('',(0.0,-1.0,-0.0));
#3922=DIRECTION('',(-0.0643933724297325,0.0,-0.997924593136739));
#3923=ORIENTED_EDGE('',*,*,#8332,.T.);
#3924=ORIENTED_EDGE('',*,*,#8894,.T.);
#3925=ORIENTED_EDGE('',*,*,#8338,.F.);
#3926=ORIENTED_EDGE('',*,*,#8890,.F.);
#3927=CARTESIAN_POINT('',(0.0,-3.0,-10.6));
#3928=DIRECTION('',(0.0,-1.0,0.0));
#3929=DIRECTION('',(0.0643933724297325,0.0,0.997924593136739));
#3930=ORIENTED_EDGE('',*,*,#8895,.F.);
#3931=ORIENTED_EDGE('',*,*,#8875,.T.);
#3932=ORIENTED_EDGE('',*,*,#8896,.T.);
#3933=ORIENTED_EDGE('',*,*,#8894,.F.);
#3934=ORIENTED_EDGE('',*,*,#8335,.F.);
#3935=CARTESIAN_POINT('',(0.0,-2.5,-10.6));
#3936=DIRECTION('',(0.0,1.0,0.0));
#3937=DIRECTION('',(0.0,0.0,-1.0));
#3938=ORIENTED_EDGE('',*,*,#8896,.F.);
#3939=ORIENTED_EDGE('',*,*,#8876,.T.);
#3940=ORIENTED_EDGE('',*,*,#8895,.T.);
#3941=ORIENTED_EDGE('',*,*,#8893,.F.);
#3942=ORIENTED_EDGE('',*,*,#8339,.F.);
#3943=CARTESIAN_POINT('',(0.0,-2.5,-10.6));
#3944=DIRECTION('',(0.0,1.0,0.0));
#3945=DIRECTION('',(0.0,0.0,-1.0));
#3946=ORIENTED_EDGE('',*,*,#8897,.F.);
#3947=ORIENTED_EDGE('',*,*,#8880,.T.);
#3948=ORIENTED_EDGE('',*,*,#8898,.T.);
#3949=ORIENTED_EDGE('',*,*,#8899,.F.);
#3950=CARTESIAN_POINT('',(2.2,-2.5,-8.6));
#3951=DIRECTION('',(0.0,0.0,1.0));
#3952=DIRECTION('',(1.0,-0.0,0.0));
#3953=ORIENTED_EDGE('',*,*,#8328,.T.);
#3954=ORIENTED_EDGE('',*,*,#8900,.T.);
#3955=ORIENTED_EDGE('',*,*,#8899,.T.);
#3956=ORIENTED_EDGE('',*,*,#8901,.T.);
#3957=CARTESIAN_POINT('',(-13.0252,-4.8,-9.1));
#3958=DIRECTION('',(-1.0,-0.0,0.0));
#3959=DIRECTION('',(0.0,-1.0,0.0));
#3960=ORIENTED_EDGE('',*,*,#8898,.F.);
#3961=ORIENTED_EDGE('',*,*,#8879,.T.);
#3962=ORIENTED_EDGE('',*,*,#8902,.T.);
#3963=ORIENTED_EDGE('',*,*,#8329,.F.);
#3964=ORIENTED_EDGE('',*,*,#8901,.F.);
#3965=CARTESIAN_POINT('',(2.0,-2.5,-8.6));
#3966=DIRECTION('',(-1.0,0.0,0.0));
#3967=DIRECTION('',(0.0,0.0,1.0));
#3968=ORIENTED_EDGE('',*,*,#8902,.F.);
#3969=ORIENTED_EDGE('',*,*,#8878,.T.);
#3970=ORIENTED_EDGE('',*,*,#8903,.T.);
#3971=ORIENTED_EDGE('',*,*,#8330,.F.);
#3972=CARTESIAN_POINT('',(2.0,-2.5,-9.6));
#3973=DIRECTION('',(0.0,0.0,-1.0));
#3974=DIRECTION('',(0.0,-1.0,0.0));
#3975=ORIENTED_EDGE('',*,*,#8903,.F.);
#3976=ORIENTED_EDGE('',*,*,#8877,.T.);
#3977=ORIENTED_EDGE('',*,*,#8897,.T.);
#3978=ORIENTED_EDGE('',*,*,#8900,.F.);
#3979=ORIENTED_EDGE('',*,*,#8331,.F.);
#3980=CARTESIAN_POINT('',(2.2,-2.5,-9.6));
#3981=DIRECTION('',(1.0,0.0,0.0));
#3982=DIRECTION('',(0.0,1.0,-0.0));
#3983=ORIENTED_EDGE('',*,*,#8904,.T.);
#3984=ORIENTED_EDGE('',*,*,#8905,.T.);
#3985=ORIENTED_EDGE('',*,*,#8906,.T.);
#3986=ORIENTED_EDGE('',*,*,#8870,.T.);
#3987=ORIENTED_EDGE('',*,*,#8907,.T.);
#3988=ORIENTED_EDGE('',*,*,#8908,.T.);
#3989=ORIENTED_EDGE('',*,*,#8909,.T.);
#3990=ORIENTED_EDGE('',*,*,#8874,.T.);
#3991=CARTESIAN_POINT('',(0.0,0.0,-10.18));
#3992=DIRECTION('',(0.0,0.0,-1.0));
#3993=DIRECTION('',(0.0,-1.0,0.0));
#3994=ORIENTED_EDGE('',*,*,#8910,.F.);
#3995=ORIENTED_EDGE('',*,*,#8911,.T.);
#3996=ORIENTED_EDGE('',*,*,#8839,.T.);
#3997=ORIENTED_EDGE('',*,*,#8909,.F.);
#3998=ORIENTED_EDGE('',*,*,#8912,.F.);
#3999=ORIENTED_EDGE('',*,*,#8913,.T.);
#4000=ORIENTED_EDGE('',*,*,#8914,.T.);
#4001=ORIENTED_EDGE('',*,*,#8915,.F.);
#4002=CARTESIAN_POINT('',(-2.175,1.273511718558,-11.2));
#4003=DIRECTION('',(1.0,0.0,0.0));
#4004=DIRECTION('',(0.0,1.0,-0.0));
#4005=ORIENTED_EDGE('',*,*,#8916,.F.);
#4006=ORIENTED_EDGE('',*,*,#8917,.T.);
#4007=ORIENTED_EDGE('',*,*,#8918,.T.);
#4008=ORIENTED_EDGE('',*,*,#8919,.T.);
#4009=ORIENTED_EDGE('',*,*,#8915,.T.);
#4010=ORIENTED_EDGE('',*,*,#8920,.T.);
#4011=ORIENTED_EDGE('',*,*,#8921,.T.);
#4012=ORIENTED_EDGE('',*,*,#8922,.T.);
#4013=ORIENTED_EDGE('',*,*,#8923,.F.);
#4014=CARTESIAN_POINT('',(0.0,0.0,-10.2));
#4015=DIRECTION('',(0.0,0.0,-1.0));
#4016=DIRECTION('',(0.0,-1.0,0.0));
#4017=ORIENTED_EDGE('',*,*,#8924,.T.);
#4018=ORIENTED_EDGE('',*,*,#8925,.T.);
#4019=ORIENTED_EDGE('',*,*,#8926,.T.);
#4020=ORIENTED_EDGE('',*,*,#8927,.F.);
#4021=ORIENTED_EDGE('',*,*,#8928,.F.);
#4022=ORIENTED_EDGE('',*,*,#8923,.T.);
#4023=CARTESIAN_POINT('',(0.0,0.0,-11.2));
#4024=DIRECTION('',(0.0,0.0,1.0));
#4025=DIRECTION('',(-1.0,0.0,0.0));
#4026=ORIENTED_EDGE('',*,*,#8928,.T.);
#4027=ORIENTED_EDGE('',*,*,#8929,.F.);
#4028=ORIENTED_EDGE('',*,*,#8926,.F.);
#4029=ORIENTED_EDGE('',*,*,#8930,.T.);
#4030=ORIENTED_EDGE('',*,*,#8931,.F.);
#4031=ORIENTED_EDGE('',*,*,#8916,.T.);
#4032=CARTESIAN_POINT('',(0.0,0.0,-11.2));
#4033=DIRECTION('',(0.0,0.0,1.0));
#4034=DIRECTION('',(-1.0,0.0,0.0));
#4035=ORIENTED_EDGE('',*,*,#8932,.T.);
#4036=ORIENTED_EDGE('',*,*,#8917,.F.);
#4037=ORIENTED_EDGE('',*,*,#8931,.T.);
#4038=ORIENTED_EDGE('',*,*,#8933,.T.);
#4039=CARTESIAN_POINT('',(-1.375,-0.4,-11.2));
#4040=DIRECTION('',(0.0,-1.0,0.0));
#4041=DIRECTION('',(0.0,0.0,-1.0));
#4042=ORIENTED_EDGE('',*,*,#8934,.T.);
#4043=ORIENTED_EDGE('',*,*,#8935,.F.);
#4044=ORIENTED_EDGE('',*,*,#8936,.T.);
#4045=ORIENTED_EDGE('',*,*,#8937,.F.);
#4046=CARTESIAN_POINT('',(0.0,0.0,-11.2));
#4047=DIRECTION('',(0.0,0.0,1.0));
#4048=DIRECTION('',(1.0,-0.0,0.0));
#4049=ORIENTED_EDGE('',*,*,#8913,.F.);
#4050=ORIENTED_EDGE('',*,*,#8938,.F.);
#4051=ORIENTED_EDGE('',*,*,#8939,.F.);
#4052=ORIENTED_EDGE('',*,*,#8868,.F.);
#4053=ORIENTED_EDGE('',*,*,#8831,.F.);
#4054=ORIENTED_EDGE('',*,*,#8373,.F.);
#4055=ORIENTED_EDGE('',*,*,#8940,.F.);
#4056=ORIENTED_EDGE('',*,*,#8840,.F.);
#4057=ORIENTED_EDGE('',*,*,#8911,.F.);
#4058=ORIENTED_EDGE('',*,*,#8941,.F.);
#4059=ORIENTED_EDGE('',*,*,#8942,.F.);
#4060=ORIENTED_EDGE('',*,*,#8933,.F.);
#4061=ORIENTED_EDGE('',*,*,#8930,.F.);
#4062=ORIENTED_EDGE('',*,*,#8925,.F.);
#4063=ORIENTED_EDGE('',*,*,#8943,.F.);
#4064=ORIENTED_EDGE('',*,*,#8944,.F.);
#4065=ORIENTED_EDGE('',*,*,#8945,.F.);
#4066=CARTESIAN_POINT('',(0.0,0.0,-11.2));
#4067=DIRECTION('',(0.0,0.0,1.0));
#4068=DIRECTION('',(1.0,-0.0,0.0));
#4069=ORIENTED_EDGE('',*,*,#8946,.T.);
#4070=ORIENTED_EDGE('',*,*,#8905,.F.);
#4071=ORIENTED_EDGE('',*,*,#8947,.F.);
#4072=ORIENTED_EDGE('',*,*,#8937,.T.);
#4073=CARTESIAN_POINT('',(-2.2,1.248511718558,-11.2));
#4074=DIRECTION('',(0.0,-1.0,0.0));
#4075=DIRECTION('',(0.0,0.0,-1.0));
#4076=ORIENTED_EDGE('',*,*,#8948,.F.);
#4077=ORIENTED_EDGE('',*,*,#8934,.F.);
#4078=ORIENTED_EDGE('',*,*,#8947,.T.);
#4079=ORIENTED_EDGE('',*,*,#8904,.F.);
#4080=ORIENTED_EDGE('',*,*,#8873,.F.);
#4081=ORIENTED_EDGE('',*,*,#8949,.T.);
#4082=ORIENTED_EDGE('',*,*,#8325,.F.);
#4083=CARTESIAN_POINT('',(-2.2,-2.5,-11.2));
#4084=DIRECTION('',(1.0,0.0,0.0));
#4085=DIRECTION('',(0.0,1.0,-0.0));
#4086=ORIENTED_EDGE('',*,*,#8950,.T.);
#4087=ORIENTED_EDGE('',*,*,#8326,.F.);
#4088=ORIENTED_EDGE('',*,*,#8949,.F.);
#4089=ORIENTED_EDGE('',*,*,#8872,.T.);
#4090=CARTESIAN_POINT('',(-2.2,-2.5,-10.2));
#4091=DIRECTION('',(0.0,0.0,1.0));
#4092=DIRECTION('',(1.0,-0.0,0.0));
#4093=ORIENTED_EDGE('',*,*,#8324,.T.);
#4094=ORIENTED_EDGE('',*,*,#8951,.T.);
#4095=ORIENTED_EDGE('',*,*,#8935,.T.);
#4096=ORIENTED_EDGE('',*,*,#8948,.T.);
#4097=CARTESIAN_POINT('',(12.2252,-4.8,-10.7));
#4098=DIRECTION('',(1.0,0.0,0.0));
#4099=DIRECTION('',(0.0,-1.0,0.0));
#4100=ORIENTED_EDGE('',*,*,#8327,.F.);
#4101=ORIENTED_EDGE('',*,*,#8950,.F.);
#4102=ORIENTED_EDGE('',*,*,#8871,.T.);
#4103=ORIENTED_EDGE('',*,*,#8906,.F.);
#4104=ORIENTED_EDGE('',*,*,#8946,.F.);
#4105=ORIENTED_EDGE('',*,*,#8936,.F.);
#4106=ORIENTED_EDGE('',*,*,#8951,.F.);
#4107=CARTESIAN_POINT('',(-2.4,-2.5,-10.2));
#4108=DIRECTION('',(-1.0,0.0,0.0));
#4109=DIRECTION('',(0.0,0.0,1.0));
#4110=ORIENTED_EDGE('',*,*,#8952,.T.);
#4111=ORIENTED_EDGE('',*,*,#8920,.F.);
#4112=ORIENTED_EDGE('',*,*,#8914,.F.);
#4113=ORIENTED_EDGE('',*,*,#8945,.T.);
#4114=CARTESIAN_POINT('',(-2.175,1.0,-11.2));
#4115=DIRECTION('',(0.0,1.0,0.0));
#4116=DIRECTION('',(1.0,0.0,-0.0));
#4117=ORIENTED_EDGE('',*,*,#8953,.T.);
#4118=ORIENTED_EDGE('',*,*,#8921,.F.);
#4119=ORIENTED_EDGE('',*,*,#8952,.F.);
#4120=ORIENTED_EDGE('',*,*,#8944,.T.);
#4121=CARTESIAN_POINT('',(-1.875,1.0,-11.2));
#4122=DIRECTION('',(1.0,0.0,0.0));
#4123=DIRECTION('',(0.0,1.0,-0.0));
#4124=ORIENTED_EDGE('',*,*,#8924,.F.);
#4125=ORIENTED_EDGE('',*,*,#8922,.F.);
#4126=ORIENTED_EDGE('',*,*,#8953,.F.);
#4127=ORIENTED_EDGE('',*,*,#8943,.T.);
#4128=CARTESIAN_POINT('',(-1.875,0.4,-11.2));
#4129=DIRECTION('',(0.0,1.0,0.0));
#4130=DIRECTION('',(1.0,0.0,-0.0));
#4131=ORIENTED_EDGE('',*,*,#8954,.T.);
#4132=ORIENTED_EDGE('',*,*,#8918,.F.);
#4133=ORIENTED_EDGE('',*,*,#8932,.F.);
#4134=ORIENTED_EDGE('',*,*,#8942,.T.);
#4135=CARTESIAN_POINT('',(-1.875,-0.4,-11.2));
#4136=DIRECTION('',(1.0,0.0,0.0));
#4137=DIRECTION('',(0.0,1.0,-0.0));
#4138=ORIENTED_EDGE('',*,*,#8910,.T.);
#4139=ORIENTED_EDGE('',*,*,#8919,.F.);
#4140=ORIENTED_EDGE('',*,*,#8954,.F.);
#4141=ORIENTED_EDGE('',*,*,#8941,.T.);
#4142=CARTESIAN_POINT('',(-1.875,-1.0,-11.2));
#4143=DIRECTION('',(0.0,-1.0,0.0));
#4144=DIRECTION('',(0.0,0.0,-1.0));
#4145=ORIENTED_EDGE('',*,*,#8853,.T.);
#4146=ORIENTED_EDGE('',*,*,#8955,.T.);
#4147=ORIENTED_EDGE('',*,*,#8956,.F.);
#4148=ORIENTED_EDGE('',*,*,#8957,.F.);
#4149=ORIENTED_EDGE('',*,*,#8845,.T.);
#4150=ORIENTED_EDGE('',*,*,#8958,.T.);
#4151=ORIENTED_EDGE('',*,*,#8959,.F.);
#4152=ORIENTED_EDGE('',*,*,#8960,.F.);
#4153=ORIENTED_EDGE('',*,*,#8841,.T.);
#4154=ORIENTED_EDGE('',*,*,#8940,.T.);
#4155=ORIENTED_EDGE('',*,*,#8372,.F.);
#4156=ORIENTED_EDGE('',*,*,#8350,.F.);
#4157=ORIENTED_EDGE('',*,*,#8861,.T.);
#4158=ORIENTED_EDGE('',*,*,#8961,.T.);
#4159=ORIENTED_EDGE('',*,*,#8962,.F.);
#4160=ORIENTED_EDGE('',*,*,#8963,.F.);
#4161=CARTESIAN_POINT('',(3.1,-2.5,0.0));
#4162=DIRECTION('',(1.0,0.0,0.0));
#4163=DIRECTION('',(0.0,1.0,-0.0));
#4164=ORIENTED_EDGE('',*,*,#8854,.F.);
#4165=ORIENTED_EDGE('',*,*,#8963,.T.);
#4166=ORIENTED_EDGE('',*,*,#8964,.T.);
#4167=ORIENTED_EDGE('',*,*,#8965,.F.);
#4168=ORIENTED_EDGE('',*,*,#8858,.T.);
#4169=ORIENTED_EDGE('',*,*,#8966,.T.);
#4170=ORIENTED_EDGE('',*,*,#8967,.F.);
#4171=ORIENTED_EDGE('',*,*,#8968,.F.);
#4172=CARTESIAN_POINT('',(3.1,-2.5,-1.6));
#4173=DIRECTION('',(0.0,0.0,-1.0));
#4174=DIRECTION('',(0.0,-1.0,0.0));
#4175=ORIENTED_EDGE('',*,*,#8323,.F.);
#4176=ORIENTED_EDGE('',*,*,#8969,.F.);
#4177=ORIENTED_EDGE('',*,*,#8855,.T.);
#4178=ORIENTED_EDGE('',*,*,#8968,.T.);
#4179=ORIENTED_EDGE('',*,*,#8970,.F.);
#4180=CARTESIAN_POINT('',(2.4,-2.5,-2.6));
#4181=DIRECTION('',(1.0,0.0,0.0));
#4182=DIRECTION('',(0.0,1.0,-0.0));
#4183=ORIENTED_EDGE('',*,*,#8856,.T.);
#4184=ORIENTED_EDGE('',*,*,#8969,.T.);
#4185=ORIENTED_EDGE('',*,*,#8322,.F.);
#4186=ORIENTED_EDGE('',*,*,#8971,.F.);
#4187=CARTESIAN_POINT('',(2.2,-2.5,-2.6));
#4188=DIRECTION('',(0.0,0.0,-1.0));
#4189=DIRECTION('',(0.0,-1.0,0.0));
#4190=ORIENTED_EDGE('',*,*,#8857,.T.);
#4191=ORIENTED_EDGE('',*,*,#8971,.T.);
#4192=ORIENTED_EDGE('',*,*,#8321,.F.);
#4193=ORIENTED_EDGE('',*,*,#8972,.F.);
#4194=ORIENTED_EDGE('',*,*,#8966,.F.);
#4195=CARTESIAN_POINT('',(2.2,-2.5,-1.6));
#4196=DIRECTION('',(-1.0,0.0,0.0));
#4197=DIRECTION('',(0.0,0.0,1.0));
#4198=ORIENTED_EDGE('',*,*,#8320,.T.);
#4199=ORIENTED_EDGE('',*,*,#8970,.T.);
#4200=ORIENTED_EDGE('',*,*,#8967,.T.);
#4201=ORIENTED_EDGE('',*,*,#8972,.T.);
#4202=CARTESIAN_POINT('',(-13.0252,-4.8,-2.1));
#4203=DIRECTION('',(-1.0,-0.0,0.0));
#4204=DIRECTION('',(0.0,-1.0,0.0));
#4205=ORIENTED_EDGE('',*,*,#8973,.T.);
#4206=ORIENTED_EDGE('',*,*,#8974,.T.);
#4207=ORIENTED_EDGE('',*,*,#8975,.T.);
#4208=ORIENTED_EDGE('',*,*,#8843,.T.);
#4209=CARTESIAN_POINT('',(2.3,0.0,0.0));
#4210=DIRECTION('',(1.0,0.0,0.0));
#4211=DIRECTION('',(0.0,1.0,-0.0));
#4212=ORIENTED_EDGE('',*,*,#8965,.T.);
#4213=ORIENTED_EDGE('',*,*,#8976,.T.);
#4214=ORIENTED_EDGE('',*,*,#8977,.T.);
#4215=ORIENTED_EDGE('',*,*,#8859,.T.);
#4216=CARTESIAN_POINT('',(2.3,0.0,0.0));
#4217=DIRECTION('',(1.0,0.0,0.0));
#4218=DIRECTION('',(0.0,1.0,-0.0));
#4219=ORIENTED_EDGE('',*,*,#8978,.T.);
#4220=ORIENTED_EDGE('',*,*,#8979,.T.);
#4221=ORIENTED_EDGE('',*,*,#8980,.T.);
#4222=ORIENTED_EDGE('',*,*,#8851,.T.);
#4223=CARTESIAN_POINT('',(2.3,0.0,0.0));
#4224=DIRECTION('',(1.0,0.0,0.0));
#4225=DIRECTION('',(0.0,1.0,-0.0));
#4226=ORIENTED_EDGE('',*,*,#8975,.F.);
#4227=ORIENTED_EDGE('',*,*,#8981,.F.);
#4228=ORIENTED_EDGE('',*,*,#8958,.F.);
#4229=ORIENTED_EDGE('',*,*,#8844,.T.);
#4230=CARTESIAN_POINT('',(3.1,-0.7,-7.6));
#4231=DIRECTION('',(0.0,0.0,1.0));
#4232=DIRECTION('',(1.0,-0.0,0.0));
#4233=ORIENTED_EDGE('',*,*,#8959,.T.);
#4234=ORIENTED_EDGE('',*,*,#8981,.T.);
#4235=ORIENTED_EDGE('',*,*,#8974,.F.);
#4236=ORIENTED_EDGE('',*,*,#8982,.F.);
#4237=CARTESIAN_POINT('',(3.1,-0.7,-8.6));
#4238=DIRECTION('',(0.0,1.0,0.0));
#4239=DIRECTION('',(1.0,0.0,-0.0));
#4240=ORIENTED_EDGE('',*,*,#8960,.T.);
#4241=ORIENTED_EDGE('',*,*,#8982,.T.);
#4242=ORIENTED_EDGE('',*,*,#8973,.F.);
#4243=ORIENTED_EDGE('',*,*,#8842,.F.);
#4244=CARTESIAN_POINT('',(3.1,-2.5,-8.6));
#4245=DIRECTION('',(0.0,0.0,-1.0));
#4246=DIRECTION('',(0.0,-1.0,0.0));
#4247=ORIENTED_EDGE('',*,*,#8977,.F.);
#4248=ORIENTED_EDGE('',*,*,#8983,.F.);
#4249=ORIENTED_EDGE('',*,*,#8961,.F.);
#4250=ORIENTED_EDGE('',*,*,#8860,.T.);
#4251=CARTESIAN_POINT('',(3.1,-0.7,-0.6));
#4252=DIRECTION('',(0.0,0.0,1.0));
#4253=DIRECTION('',(1.0,-0.0,0.0));
#4254=ORIENTED_EDGE('',*,*,#8962,.T.);
#4255=ORIENTED_EDGE('',*,*,#8983,.T.);
#4256=ORIENTED_EDGE('',*,*,#8976,.F.);
#4257=ORIENTED_EDGE('',*,*,#8964,.F.);
#4258=CARTESIAN_POINT('',(3.1,-0.7,-1.6));
#4259=DIRECTION('',(0.0,1.0,0.0));
#4260=DIRECTION('',(1.0,0.0,-0.0));
#4261=ORIENTED_EDGE('',*,*,#8980,.F.);
#4262=ORIENTED_EDGE('',*,*,#8984,.F.);
#4263=ORIENTED_EDGE('',*,*,#8955,.F.);
#4264=ORIENTED_EDGE('',*,*,#8852,.T.);
#4265=CARTESIAN_POINT('',(3.1,-0.7,-3.6));
#4266=DIRECTION('',(0.0,0.0,1.0));
#4267=DIRECTION('',(1.0,-0.0,0.0));
#4268=ORIENTED_EDGE('',*,*,#8956,.T.);
#4269=ORIENTED_EDGE('',*,*,#8984,.T.);
#4270=ORIENTED_EDGE('',*,*,#8979,.F.);
#4271=ORIENTED_EDGE('',*,*,#8985,.F.);
#4272=CARTESIAN_POINT('',(3.1,-0.7,-4.6));
#4273=DIRECTION('',(0.0,1.0,0.0));
#4274=DIRECTION('',(1.0,0.0,-0.0));
#4275=ORIENTED_EDGE('',*,*,#8846,.F.);
#4276=ORIENTED_EDGE('',*,*,#8957,.T.);
#4277=ORIENTED_EDGE('',*,*,#8985,.T.);
#4278=ORIENTED_EDGE('',*,*,#8978,.F.);
#4279=ORIENTED_EDGE('',*,*,#8850,.T.);
#4280=ORIENTED_EDGE('',*,*,#8986,.T.);
#4281=ORIENTED_EDGE('',*,*,#8987,.F.);
#4282=ORIENTED_EDGE('',*,*,#8988,.F.);
#4283=CARTESIAN_POINT('',(3.1,-2.5,-4.6));
#4284=DIRECTION('',(0.0,0.0,-1.0));
#4285=DIRECTION('',(0.0,-1.0,0.0));
#4286=ORIENTED_EDGE('',*,*,#8319,.F.);
#4287=ORIENTED_EDGE('',*,*,#8989,.F.);
#4288=ORIENTED_EDGE('',*,*,#8847,.T.);
#4289=ORIENTED_EDGE('',*,*,#8988,.T.);
#4290=ORIENTED_EDGE('',*,*,#8990,.F.);
#4291=CARTESIAN_POINT('',(2.4,-2.5,-5.6));
#4292=DIRECTION('',(1.0,0.0,0.0));
#4293=DIRECTION('',(0.0,1.0,-0.0));
#4294=ORIENTED_EDGE('',*,*,#8848,.T.);
#4295=ORIENTED_EDGE('',*,*,#8989,.T.);
#4296=ORIENTED_EDGE('',*,*,#8318,.F.);
#4297=ORIENTED_EDGE('',*,*,#8991,.F.);
#4298=CARTESIAN_POINT('',(2.2,-2.5,-5.6));
#4299=DIRECTION('',(0.0,0.0,-1.0));
#4300=DIRECTION('',(0.0,-1.0,0.0));
#4301=ORIENTED_EDGE('',*,*,#8849,.T.);
#4302=ORIENTED_EDGE('',*,*,#8991,.T.);
#4303=ORIENTED_EDGE('',*,*,#8317,.F.);
#4304=ORIENTED_EDGE('',*,*,#8992,.F.);
#4305=ORIENTED_EDGE('',*,*,#8986,.F.);
#4306=CARTESIAN_POINT('',(2.2,-2.5,-4.6));
#4307=DIRECTION('',(-1.0,0.0,0.0));
#4308=DIRECTION('',(0.0,0.0,1.0));
#4309=ORIENTED_EDGE('',*,*,#8316,.T.);
#4310=ORIENTED_EDGE('',*,*,#8990,.T.);
#4311=ORIENTED_EDGE('',*,*,#8987,.T.);
#4312=ORIENTED_EDGE('',*,*,#8992,.T.);
#4313=CARTESIAN_POINT('',(-13.0252,-4.8,-5.1));
#4314=DIRECTION('',(-1.0,-0.0,0.0));
#4315=DIRECTION('',(0.0,-1.0,0.0));
#4316=ORIENTED_EDGE('',*,*,#8993,.T.);
#4317=ORIENTED_EDGE('',*,*,#8907,.F.);
#4318=ORIENTED_EDGE('',*,*,#8869,.F.);
#4319=ORIENTED_EDGE('',*,*,#8939,.T.);
#4320=CARTESIAN_POINT('',(-2.425,-2.5,-11.2));
#4321=DIRECTION('',(-1.0,0.0,0.0));
#4322=DIRECTION('',(0.0,0.0,1.0));
#4323=ORIENTED_EDGE('',*,*,#8912,.T.);
#4324=ORIENTED_EDGE('',*,*,#8908,.F.);
#4325=ORIENTED_EDGE('',*,*,#8993,.F.);
#4326=ORIENTED_EDGE('',*,*,#8938,.T.);
#4327=CARTESIAN_POINT('',(-2.425,1.273511718558,-11.2));
#4328=DIRECTION('',(0.0,1.0,0.0));
#4329=DIRECTION('',(1.0,0.0,-0.0));
#4330=ORIENTED_EDGE('',*,*,#8994,.T.);
#4331=ORIENTED_EDGE('',*,*,#8995,.T.);
#4332=ORIENTED_EDGE('',*,*,#8929,.T.);
#4333=ORIENTED_EDGE('',*,*,#8927,.T.);
#4334=CARTESIAN_POINT('',(0.0,0.0,-1.2));
#4335=DIRECTION('',(0.0,0.0,1.0));
#4336=DIRECTION('',(1.0,-0.0,0.0));
#4337=ORIENTED_EDGE('',*,*,#8996,.T.);
#4338=ORIENTED_EDGE('',*,*,#8995,.F.);
#4339=ORIENTED_EDGE('',*,*,#8997,.F.);
#4340=ORIENTED_EDGE('',*,*,#8314,.F.);
#4341=ORIENTED_EDGE('',*,*,#8998,.F.);
#4342=CARTESIAN_POINT('',(0.0,0.0,2.8));
#4343=DIRECTION('',(0.0,0.0,-1.0));
#4344=DIRECTION('',(1.0,0.0,0.0));
#4345=ORIENTED_EDGE('',*,*,#8313,.T.);
#4346=ORIENTED_EDGE('',*,*,#8364,.F.);
#4347=ORIENTED_EDGE('',*,*,#8999,.T.);
#4348=ORIENTED_EDGE('',*,*,#8998,.T.);
#4349=CARTESIAN_POINT('',(0.0,0.0,2.649999999724));
#4350=DIRECTION('',(-0.0,0.0,1.0));
#4351=DIRECTION('',(0.0,-1.0,0.0));
#4352=ORIENTED_EDGE('',*,*,#8309,.T.);
#4353=ORIENTED_EDGE('',*,*,#9000,.T.);
#4354=ORIENTED_EDGE('',*,*,#8999,.F.);
#4355=ORIENTED_EDGE('',*,*,#8365,.F.);
#4356=CARTESIAN_POINT('',(0.0,0.0,2.649999999724));
#4357=DIRECTION('',(-0.0,0.0,1.0));
#4358=DIRECTION('',(0.0,-1.0,0.0));
#4359=ORIENTED_EDGE('',*,*,#8997,.T.);
#4360=ORIENTED_EDGE('',*,*,#8994,.F.);
#4361=ORIENTED_EDGE('',*,*,#8996,.F.);
#4362=ORIENTED_EDGE('',*,*,#9000,.F.);
#4363=ORIENTED_EDGE('',*,*,#8312,.F.);
#4364=CARTESIAN_POINT('',(0.0,0.0,2.8));
#4365=DIRECTION('',(0.0,0.0,-1.0));
#4366=DIRECTION('',(1.0,0.0,0.0));
#4367=ORIENTED_EDGE('',*,*,#8863,.T.);
#4368=ORIENTED_EDGE('',*,*,#9001,.F.);
#4369=ORIENTED_EDGE('',*,*,#9002,.F.);
#4370=ORIENTED_EDGE('',*,*,#8833,.F.);
#4371=ORIENTED_EDGE('',*,*,#8867,.T.);
#4372=ORIENTED_EDGE('',*,*,#9003,.T.);
#4373=ORIENTED_EDGE('',*,*,#9004,.F.);
#4374=ORIENTED_EDGE('',*,*,#9005,.F.);
#4375=CARTESIAN_POINT('',(-3.9,-0.7,-1.6));
#4376=DIRECTION('',(0.0,0.0,-1.0));
#4377=DIRECTION('',(0.0,-1.0,0.0));
#4378=ORIENTED_EDGE('',*,*,#8308,.F.);
#4379=ORIENTED_EDGE('',*,*,#9006,.F.);
#4380=ORIENTED_EDGE('',*,*,#8864,.T.);
#4381=ORIENTED_EDGE('',*,*,#9005,.T.);
#4382=ORIENTED_EDGE('',*,*,#9007,.F.);
#4383=CARTESIAN_POINT('',(-3.2,-2.5,-2.6));
#4384=DIRECTION('',(1.0,0.0,0.0));
#4385=DIRECTION('',(0.0,1.0,-0.0));
#4386=ORIENTED_EDGE('',*,*,#8865,.T.);
#4387=ORIENTED_EDGE('',*,*,#9006,.T.);
#4388=ORIENTED_EDGE('',*,*,#8307,.F.);
#4389=ORIENTED_EDGE('',*,*,#9008,.F.);
#4390=CARTESIAN_POINT('',(-3.4,-2.5,-2.6));
#4391=DIRECTION('',(0.0,0.0,-1.0));
#4392=DIRECTION('',(0.0,-1.0,0.0));
#4393=ORIENTED_EDGE('',*,*,#8866,.T.);
#4394=ORIENTED_EDGE('',*,*,#9008,.T.);
#4395=ORIENTED_EDGE('',*,*,#8306,.F.);
#4396=ORIENTED_EDGE('',*,*,#9009,.F.);
#4397=ORIENTED_EDGE('',*,*,#9003,.F.);
#4398=CARTESIAN_POINT('',(-3.4,-2.5,-1.6));
#4399=DIRECTION('',(-1.0,0.0,0.0));
#4400=DIRECTION('',(0.0,0.0,1.0));
#4401=ORIENTED_EDGE('',*,*,#8305,.T.);
#4402=ORIENTED_EDGE('',*,*,#9007,.T.);
#4403=ORIENTED_EDGE('',*,*,#9004,.T.);
#4404=ORIENTED_EDGE('',*,*,#9009,.T.);
#4405=CARTESIAN_POINT('',(-13.0252,-4.8,-2.1));
#4406=DIRECTION('',(-1.0,-0.0,0.0));
#4407=DIRECTION('',(0.0,-1.0,0.0));
#4408=ORIENTED_EDGE('',*,*,#9002,.T.);
#4409=ORIENTED_EDGE('',*,*,#9010,.F.);
#4410=ORIENTED_EDGE('',*,*,#8836,.F.);
#4411=ORIENTED_EDGE('',*,*,#8834,.T.);
#4412=CARTESIAN_POINT('',(-3.9,-0.7,-0.6));
#4413=DIRECTION('',(0.0,1.0,0.0));
#4414=DIRECTION('',(1.0,0.0,-0.0));
#4415=ORIENTED_EDGE('',*,*,#8837,.T.);
#4416=ORIENTED_EDGE('',*,*,#9010,.T.);
#4417=ORIENTED_EDGE('',*,*,#9001,.T.);
#4418=ORIENTED_EDGE('',*,*,#8862,.T.);
#4419=CARTESIAN_POINT('',(-3.1,0.0,0.0));
#4420=DIRECTION('',(-1.0,0.0,0.0));
#4421=DIRECTION('',(0.0,0.0,1.0));
#4422=ORIENTED_EDGE('',*,*,#8830,.T.);
#4423=ORIENTED_EDGE('',*,*,#9011,.T.);
#4424=ORIENTED_EDGE('',*,*,#8823,.F.);
#4425=ORIENTED_EDGE('',*,*,#8375,.F.);
#4426=CARTESIAN_POINT('',(-3.9,2.5,-9.1));
#4427=DIRECTION('',(0.0,0.0,-1.0));
#4428=DIRECTION('',(0.0,-1.0,0.0));
#4429=ORIENTED_EDGE('',*,*,#8829,.T.);
#4430=ORIENTED_EDGE('',*,*,#8826,.T.);
#4431=ORIENTED_EDGE('',*,*,#8824,.F.);
#4432=ORIENTED_EDGE('',*,*,#9011,.F.);
#4433=CARTESIAN_POINT('',(-3.9,0.0,-9.1));
#4434=DIRECTION('',(0.0,-1.0,0.0));
#4435=DIRECTION('',(0.0,0.0,-1.0));
#4436=ORIENTED_EDGE('',*,*,#9012,.T.);
#4437=ORIENTED_EDGE('',*,*,#9013,.F.);
#4438=ORIENTED_EDGE('',*,*,#9014,.F.);
#4439=ORIENTED_EDGE('',*,*,#8384,.T.);
#4440=CARTESIAN_POINT('',(2.25,2.5,-7.1));
#4441=DIRECTION('',(0.0,0.0,1.0));
#4442=DIRECTION('',(1.0,-0.0,0.0));
#4443=ORIENTED_EDGE('',*,*,#9015,.F.);
#4444=ORIENTED_EDGE('',*,*,#9016,.F.);
#4445=ORIENTED_EDGE('',*,*,#9017,.F.);
#4446=ORIENTED_EDGE('',*,*,#8381,.T.);
#4447=CARTESIAN_POINT('',(2.25,2.5,-9.9));
#4448=DIRECTION('',(-1.0,0.0,0.0));
#4449=DIRECTION('',(0.0,0.0,1.0));
#4450=ORIENTED_EDGE('',*,*,#9014,.T.);
#4451=ORIENTED_EDGE('',*,*,#9018,.F.);
#4452=ORIENTED_EDGE('',*,*,#9019,.T.);
#4453=ORIENTED_EDGE('',*,*,#8377,.T.);
#4454=CARTESIAN_POINT('',(2.25,2.5,-9.9));
#4455=DIRECTION('',(-1.0,0.0,0.0));
#4456=DIRECTION('',(0.0,0.0,1.0));
#4457=ORIENTED_EDGE('',*,*,#9017,.T.);
#4458=ORIENTED_EDGE('',*,*,#9020,.F.);
#4459=ORIENTED_EDGE('',*,*,#9021,.F.);
#4460=ORIENTED_EDGE('',*,*,#8382,.T.);
#4461=CARTESIAN_POINT('',(2.5,2.5,-9.9));
#4462=DIRECTION('',(0.0,0.0,-1.0));
#4463=DIRECTION('',(0.0,-1.0,0.0));
#4464=ORIENTED_EDGE('',*,*,#9012,.F.);
#4465=ORIENTED_EDGE('',*,*,#8383,.F.);
#4466=ORIENTED_EDGE('',*,*,#9021,.T.);
#4467=ORIENTED_EDGE('',*,*,#9022,.T.);
#4468=CARTESIAN_POINT('',(2.5,2.5,-7.5));
#4469=DIRECTION('',(1.0,0.0,0.0));
#4470=DIRECTION('',(0.0,1.0,-0.0));
#4471=ORIENTED_EDGE('',*,*,#9023,.T.);
#4472=ORIENTED_EDGE('',*,*,#9024,.T.);
#4473=ORIENTED_EDGE('',*,*,#9025,.T.);
#4474=ORIENTED_EDGE('',*,*,#9026,.T.);
#4475=ORIENTED_EDGE('',*,*,#9027,.T.);
#4476=ORIENTED_EDGE('',*,*,#9028,.T.);
#4477=ORIENTED_EDGE('',*,*,#9029,.T.);
#4478=ORIENTED_EDGE('',*,*,#9030,.F.);
#4479=ORIENTED_EDGE('',*,*,#9031,.F.);
#4480=ORIENTED_EDGE('',*,*,#9032,.F.);
#4481=ORIENTED_EDGE('',*,*,#9033,.F.);
#4482=ORIENTED_EDGE('',*,*,#9034,.F.);
#4483=CARTESIAN_POINT('',(0.0,2.0,0.0));
#4484=DIRECTION('',(0.0,1.0,0.0));
#4485=DIRECTION('',(1.0,0.0,-0.0));
#4486=ORIENTED_EDGE('',*,*,#9035,.T.);
#4487=ORIENTED_EDGE('',*,*,#9036,.T.);
#4488=ORIENTED_EDGE('',*,*,#9037,.T.);
#4489=ORIENTED_EDGE('',*,*,#9038,.T.);
#4490=ORIENTED_EDGE('',*,*,#9039,.T.);
#4491=ORIENTED_EDGE('',*,*,#9040,.T.);
#4492=ORIENTED_EDGE('',*,*,#9041,.T.);
#4493=ORIENTED_EDGE('',*,*,#9042,.F.);
#4494=ORIENTED_EDGE('',*,*,#9043,.F.);
#4495=ORIENTED_EDGE('',*,*,#9044,.F.);
#4496=ORIENTED_EDGE('',*,*,#9045,.F.);
#4497=ORIENTED_EDGE('',*,*,#9046,.F.);
#4498=CARTESIAN_POINT('',(0.0,2.0,0.0));
#4499=DIRECTION('',(0.0,1.0,0.0));
#4500=DIRECTION('',(1.0,0.0,-0.0));
#4501=ORIENTED_EDGE('',*,*,#9020,.T.);
#4502=ORIENTED_EDGE('',*,*,#9016,.T.);
#4503=ORIENTED_EDGE('',*,*,#9047,.T.);
#4504=ORIENTED_EDGE('',*,*,#9048,.T.);
#4505=ORIENTED_EDGE('',*,*,#9049,.T.);
#4506=ORIENTED_EDGE('',*,*,#9018,.T.);
#4507=ORIENTED_EDGE('',*,*,#9013,.T.);
#4508=ORIENTED_EDGE('',*,*,#9022,.F.);
#4509=ORIENTED_EDGE('',*,*,#9050,.F.);
#4510=ORIENTED_EDGE('',*,*,#9051,.F.);
#4511=ORIENTED_EDGE('',*,*,#9052,.F.);
#4512=ORIENTED_EDGE('',*,*,#9053,.F.);
#4513=CARTESIAN_POINT('',(0.0,2.0,0.0));
#4514=DIRECTION('',(0.0,1.0,0.0));
#4515=DIRECTION('',(1.0,0.0,-0.0));
#4516=ORIENTED_EDGE('',*,*,#9054,.F.);
#4517=ORIENTED_EDGE('',*,*,#8393,.F.);
#4518=ORIENTED_EDGE('',*,*,#9055,.T.);
#4519=ORIENTED_EDGE('',*,*,#9030,.T.);
#4520=CARTESIAN_POINT('',(2.5,2.5,-0.7));
#4521=DIRECTION('',(1.0,0.0,0.0));
#4522=DIRECTION('',(0.0,1.0,-0.0));
#4523=ORIENTED_EDGE('',*,*,#9056,.T.);
#4524=ORIENTED_EDGE('',*,*,#9023,.F.);
#4525=ORIENTED_EDGE('',*,*,#9055,.F.);
#4526=ORIENTED_EDGE('',*,*,#8400,.T.);
#4527=CARTESIAN_POINT('',(2.5,2.5,-3.1));
#4528=DIRECTION('',(0.0,0.0,-1.0));
#4529=DIRECTION('',(0.0,-1.0,0.0));
#4530=ORIENTED_EDGE('',*,*,#9057,.F.);
#4531=ORIENTED_EDGE('',*,*,#9024,.F.);
#4532=ORIENTED_EDGE('',*,*,#9056,.F.);
#4533=ORIENTED_EDGE('',*,*,#8399,.T.);
#4534=CARTESIAN_POINT('',(2.25,2.5,-3.1));
#4535=DIRECTION('',(-1.0,0.0,0.0));
#4536=DIRECTION('',(0.0,0.0,1.0));
#4537=ORIENTED_EDGE('',*,*,#9058,.T.);
#4538=ORIENTED_EDGE('',*,*,#9028,.F.);
#4539=ORIENTED_EDGE('',*,*,#9059,.T.);
#4540=ORIENTED_EDGE('',*,*,#8395,.T.);
#4541=CARTESIAN_POINT('',(2.25,2.5,-3.1));
#4542=DIRECTION('',(-1.0,0.0,0.0));
#4543=DIRECTION('',(0.0,0.0,1.0));
#4544=ORIENTED_EDGE('',*,*,#8398,.T.);
#4545=ORIENTED_EDGE('',*,*,#9060,.T.);
#4546=ORIENTED_EDGE('',*,*,#9025,.F.);
#4547=ORIENTED_EDGE('',*,*,#9057,.T.);
#4548=CARTESIAN_POINT('',(2.5,2.5,-2.7));
#4549=DIRECTION('',(0.0,0.0,-1.0));
#4550=DIRECTION('',(0.0,-1.0,0.0));
#4551=ORIENTED_EDGE('',*,*,#9061,.T.);
#4552=ORIENTED_EDGE('',*,*,#9026,.F.);
#4553=ORIENTED_EDGE('',*,*,#9060,.F.);
#4554=ORIENTED_EDGE('',*,*,#8397,.T.);
#4555=CARTESIAN_POINT('',(0.9,2.5,-2.7));
#4556=DIRECTION('',(-1.0,0.0,0.0));
#4557=DIRECTION('',(0.0,0.0,1.0));
#4558=ORIENTED_EDGE('',*,*,#9027,.F.);
#4559=ORIENTED_EDGE('',*,*,#9061,.F.);
#4560=ORIENTED_EDGE('',*,*,#8396,.T.);
#4561=ORIENTED_EDGE('',*,*,#9059,.F.);
#4562=CARTESIAN_POINT('',(0.9,2.5,-0.7));
#4563=DIRECTION('',(0.0,0.0,1.0));
#4564=DIRECTION('',(1.0,-0.0,0.0));
#4565=ORIENTED_EDGE('',*,*,#9054,.T.);
#4566=ORIENTED_EDGE('',*,*,#9029,.F.);
#4567=ORIENTED_EDGE('',*,*,#9058,.F.);
#4568=ORIENTED_EDGE('',*,*,#8394,.T.);
#4569=CARTESIAN_POINT('',(2.25,2.5,-0.3));
#4570=DIRECTION('',(0.0,0.0,1.0));
#4571=DIRECTION('',(1.0,-0.0,0.0));
#4572=ORIENTED_EDGE('',*,*,#9062,.F.);
#4573=ORIENTED_EDGE('',*,*,#8385,.F.);
#4574=ORIENTED_EDGE('',*,*,#9063,.T.);
#4575=ORIENTED_EDGE('',*,*,#9042,.T.);
#4576=CARTESIAN_POINT('',(2.5,2.5,-3.7));
#4577=DIRECTION('',(1.0,0.0,0.0));
#4578=DIRECTION('',(0.0,1.0,-0.0));
#4579=ORIENTED_EDGE('',*,*,#9064,.T.);
#4580=ORIENTED_EDGE('',*,*,#9035,.F.);
#4581=ORIENTED_EDGE('',*,*,#9063,.F.);
#4582=ORIENTED_EDGE('',*,*,#8392,.T.);
#4583=CARTESIAN_POINT('',(2.5,2.5,-6.1));
#4584=DIRECTION('',(0.0,0.0,-1.0));
#4585=DIRECTION('',(0.0,-1.0,0.0));
#4586=ORIENTED_EDGE('',*,*,#9065,.F.);
#4587=ORIENTED_EDGE('',*,*,#9036,.F.);
#4588=ORIENTED_EDGE('',*,*,#9064,.F.);
#4589=ORIENTED_EDGE('',*,*,#8391,.T.);
#4590=CARTESIAN_POINT('',(2.25,2.5,-6.1));
#4591=DIRECTION('',(-1.0,0.0,0.0));
#4592=DIRECTION('',(0.0,0.0,1.0));
#4593=ORIENTED_EDGE('',*,*,#9066,.T.);
#4594=ORIENTED_EDGE('',*,*,#9040,.F.);
#4595=ORIENTED_EDGE('',*,*,#9067,.T.);
#4596=ORIENTED_EDGE('',*,*,#8387,.T.);
#4597=CARTESIAN_POINT('',(2.25,2.5,-6.1));
#4598=DIRECTION('',(-1.0,0.0,0.0));
#4599=DIRECTION('',(0.0,0.0,1.0));
#4600=ORIENTED_EDGE('',*,*,#8390,.T.);
#4601=ORIENTED_EDGE('',*,*,#9068,.T.);
#4602=ORIENTED_EDGE('',*,*,#9037,.F.);
#4603=ORIENTED_EDGE('',*,*,#9065,.T.);
#4604=CARTESIAN_POINT('',(2.5,2.5,-5.7));
#4605=DIRECTION('',(0.0,0.0,-1.0));
#4606=DIRECTION('',(0.0,-1.0,0.0));
#4607=ORIENTED_EDGE('',*,*,#9069,.T.);
#4608=ORIENTED_EDGE('',*,*,#9038,.F.);
#4609=ORIENTED_EDGE('',*,*,#9068,.F.);
#4610=ORIENTED_EDGE('',*,*,#8389,.T.);
#4611=CARTESIAN_POINT('',(0.9,2.5,-5.7));
#4612=DIRECTION('',(-1.0,0.0,0.0));
#4613=DIRECTION('',(0.0,0.0,1.0));
#4614=ORIENTED_EDGE('',*,*,#9039,.F.);
#4615=ORIENTED_EDGE('',*,*,#9069,.F.);
#4616=ORIENTED_EDGE('',*,*,#8388,.T.);
#4617=ORIENTED_EDGE('',*,*,#9067,.F.);
#4618=CARTESIAN_POINT('',(0.9,2.5,-3.7));
#4619=DIRECTION('',(0.0,0.0,1.0));
#4620=DIRECTION('',(1.0,-0.0,0.0));
#4621=ORIENTED_EDGE('',*,*,#9062,.T.);
#4622=ORIENTED_EDGE('',*,*,#9041,.F.);
#4623=ORIENTED_EDGE('',*,*,#9066,.F.);
#4624=ORIENTED_EDGE('',*,*,#8386,.T.);
#4625=CARTESIAN_POINT('',(2.25,2.5,-3.3));
#4626=DIRECTION('',(0.0,0.0,1.0));
#4627=DIRECTION('',(1.0,-0.0,0.0));
#4628=ORIENTED_EDGE('',*,*,#9049,.F.);
#4629=ORIENTED_EDGE('',*,*,#9070,.F.);
#4630=ORIENTED_EDGE('',*,*,#8378,.T.);
#4631=ORIENTED_EDGE('',*,*,#9019,.F.);
#4632=CARTESIAN_POINT('',(0.9,2.5,-7.5));
#4633=DIRECTION('',(0.0,0.0,1.0));
#4634=DIRECTION('',(1.0,-0.0,0.0));
#4635=ORIENTED_EDGE('',*,*,#9070,.T.);
#4636=ORIENTED_EDGE('',*,*,#9048,.F.);
#4637=ORIENTED_EDGE('',*,*,#9071,.F.);
#4638=ORIENTED_EDGE('',*,*,#8379,.T.);
#4639=CARTESIAN_POINT('',(0.9,2.5,-9.5));
#4640=DIRECTION('',(-1.0,0.0,0.0));
#4641=DIRECTION('',(0.0,0.0,1.0));
#4642=ORIENTED_EDGE('',*,*,#8380,.T.);
#4643=ORIENTED_EDGE('',*,*,#9071,.T.);
#4644=ORIENTED_EDGE('',*,*,#9047,.F.);
#4645=ORIENTED_EDGE('',*,*,#9015,.T.);
#4646=CARTESIAN_POINT('',(2.5,2.5,-9.5));
#4647=DIRECTION('',(0.0,0.0,-1.0));
#4648=DIRECTION('',(0.0,-1.0,0.0));
#4649=ORIENTED_EDGE('',*,*,#9072,.T.);
#4650=ORIENTED_EDGE('',*,*,#9053,.T.);
#4651=ORIENTED_EDGE('',*,*,#9073,.F.);
#4652=ORIENTED_EDGE('',*,*,#9074,.T.);
#4653=ORIENTED_EDGE('',*,*,#9075,.F.);
#4654=ORIENTED_EDGE('',*,*,#9076,.T.);
#4655=CARTESIAN_POINT('',(2.45,2.5,-9.45));
#4656=DIRECTION('',(0.0,0.0,-1.0));
#4657=DIRECTION('',(0.0,-1.0,0.0));
#4658=ORIENTED_EDGE('',*,*,#9077,.F.);
#4659=ORIENTED_EDGE('',*,*,#9078,.F.);
#4660=ORIENTED_EDGE('',*,*,#9079,.T.);
#4661=ORIENTED_EDGE('',*,*,#9076,.F.);
#4662=CARTESIAN_POINT('',(2.15,2.2,17.1081232096));
#4663=DIRECTION('',(-0.0,0.0,1.0));
#4664=DIRECTION('',(0.0,1.0,0.0));
#4665=ORIENTED_EDGE('',*,*,#9080,.T.);
#4666=ORIENTED_EDGE('',*,*,#9050,.T.);
#4667=ORIENTED_EDGE('',*,*,#9072,.F.);
#4668=ORIENTED_EDGE('',*,*,#9079,.F.);
#4669=CARTESIAN_POINT('',(2.45,2.5,-7.55));
#4670=DIRECTION('',(1.0,0.0,0.0));
#4671=DIRECTION('',(0.0,1.0,-0.0));
#4672=ORIENTED_EDGE('',*,*,#9081,.F.);
#4673=ORIENTED_EDGE('',*,*,#9082,.T.);
#4674=ORIENTED_EDGE('',*,*,#9083,.T.);
#4675=ORIENTED_EDGE('',*,*,#9051,.T.);
#4676=ORIENTED_EDGE('',*,*,#9080,.F.);
#4677=ORIENTED_EDGE('',*,*,#9078,.T.);
#4678=CARTESIAN_POINT('',(0.95,2.5,-7.55));
#4679=DIRECTION('',(0.0,0.0,1.0));
#4680=DIRECTION('',(1.0,-0.0,0.0));
#4681=ORIENTED_EDGE('',*,*,#9073,.T.);
#4682=ORIENTED_EDGE('',*,*,#9052,.T.);
#4683=ORIENTED_EDGE('',*,*,#9083,.F.);
#4684=ORIENTED_EDGE('',*,*,#9084,.F.);
#4685=CARTESIAN_POINT('',(0.95,2.5,-9.45));
#4686=DIRECTION('',(-1.0,0.0,0.0));
#4687=DIRECTION('',(0.0,0.0,1.0));
#4688=ORIENTED_EDGE('',*,*,#9085,.F.);
#4689=ORIENTED_EDGE('',*,*,#9074,.F.);
#4690=ORIENTED_EDGE('',*,*,#9084,.T.);
#4691=ORIENTED_EDGE('',*,*,#9082,.F.);
#4692=CARTESIAN_POINT('',(1.25,2.2,-29.4504));
#4693=DIRECTION('',(0.0,0.0,-1.0));
#4694=DIRECTION('',(0.0,1.0,0.0));
#4695=ORIENTED_EDGE('',*,*,#9075,.T.);
#4696=ORIENTED_EDGE('',*,*,#9085,.T.);
#4697=ORIENTED_EDGE('',*,*,#9081,.T.);
#4698=ORIENTED_EDGE('',*,*,#9077,.T.);
#4699=CARTESIAN_POINT('',(0.0,2.5,0.0));
#4700=DIRECTION('',(0.0,1.0,0.0));
#4701=DIRECTION('',(1.0,0.0,-0.0));
#4702=ORIENTED_EDGE('',*,*,#9086,.T.);
#4703=ORIENTED_EDGE('',*,*,#9087,.T.);
#4704=ORIENTED_EDGE('',*,*,#9088,.T.);
#4705=ORIENTED_EDGE('',*,*,#9089,.T.);
#4706=CARTESIAN_POINT('',(0.0,2.5,0.0));
#4707=DIRECTION('',(0.0,1.0,0.0));
#4708=DIRECTION('',(1.0,0.0,-0.0));
#4709=ORIENTED_EDGE('',*,*,#9090,.T.);
#4710=ORIENTED_EDGE('',*,*,#9091,.T.);
#4711=ORIENTED_EDGE('',*,*,#9092,.T.);
#4712=ORIENTED_EDGE('',*,*,#9093,.T.);
#4713=CARTESIAN_POINT('',(0.0,2.5,0.0));
#4714=DIRECTION('',(0.0,1.0,0.0));
#4715=DIRECTION('',(1.0,0.0,-0.0));
#4716=ORIENTED_EDGE('',*,*,#9089,.F.);
#4717=ORIENTED_EDGE('',*,*,#9094,.F.);
#4718=ORIENTED_EDGE('',*,*,#9095,.T.);
#4719=ORIENTED_EDGE('',*,*,#9096,.F.);
#4720=CARTESIAN_POINT('',(2.15,2.2,18.97332662459));
#4721=DIRECTION('',(-0.0,0.0,1.0));
#4722=DIRECTION('',(0.0,1.0,0.0));
#4723=ORIENTED_EDGE('',*,*,#9097,.T.);
#4724=ORIENTED_EDGE('',*,*,#9046,.T.);
#4725=ORIENTED_EDGE('',*,*,#9098,.F.);
#4726=ORIENTED_EDGE('',*,*,#9099,.T.);
#4727=ORIENTED_EDGE('',*,*,#9086,.F.);
#4728=ORIENTED_EDGE('',*,*,#9096,.T.);
#4729=CARTESIAN_POINT('',(2.45,2.5,-5.65));
#4730=DIRECTION('',(0.0,0.0,-1.0));
#4731=DIRECTION('',(0.0,-1.0,0.0));
#4732=ORIENTED_EDGE('',*,*,#9087,.F.);
#4733=ORIENTED_EDGE('',*,*,#9099,.F.);
#4734=ORIENTED_EDGE('',*,*,#9100,.T.);
#4735=ORIENTED_EDGE('',*,*,#9101,.F.);
#4736=CARTESIAN_POINT('',(1.25,2.2,-26.83546913471));
#4737=DIRECTION('',(0.0,0.0,-1.0));
#4738=DIRECTION('',(0.0,1.0,0.0));
#4739=ORIENTED_EDGE('',*,*,#9088,.F.);
#4740=ORIENTED_EDGE('',*,*,#9101,.T.);
#4741=ORIENTED_EDGE('',*,*,#9102,.T.);
#4742=ORIENTED_EDGE('',*,*,#9044,.T.);
#4743=ORIENTED_EDGE('',*,*,#9103,.F.);
#4744=ORIENTED_EDGE('',*,*,#9094,.T.);
#4745=CARTESIAN_POINT('',(0.95,2.5,-3.75));
#4746=DIRECTION('',(0.0,0.0,1.0));
#4747=DIRECTION('',(1.0,-0.0,0.0));
#4748=ORIENTED_EDGE('',*,*,#9103,.T.);
#4749=ORIENTED_EDGE('',*,*,#9043,.T.);
#4750=ORIENTED_EDGE('',*,*,#9097,.F.);
#4751=ORIENTED_EDGE('',*,*,#9095,.F.);
#4752=CARTESIAN_POINT('',(2.45,2.5,-3.75));
#4753=DIRECTION('',(1.0,0.0,0.0));
#4754=DIRECTION('',(0.0,1.0,-0.0));
#4755=ORIENTED_EDGE('',*,*,#9098,.T.);
#4756=ORIENTED_EDGE('',*,*,#9045,.T.);
#4757=ORIENTED_EDGE('',*,*,#9102,.F.);
#4758=ORIENTED_EDGE('',*,*,#9100,.F.);
#4759=CARTESIAN_POINT('',(0.95,2.5,-5.65));
#4760=DIRECTION('',(-1.0,0.0,0.0));
#4761=DIRECTION('',(0.0,0.0,1.0));
#4762=ORIENTED_EDGE('',*,*,#9093,.F.);
#4763=ORIENTED_EDGE('',*,*,#9104,.F.);
#4764=ORIENTED_EDGE('',*,*,#9105,.T.);
#4765=ORIENTED_EDGE('',*,*,#9106,.F.);
#4766=CARTESIAN_POINT('',(2.15,2.2,21.0504));
#4767=DIRECTION('',(-0.0,0.0,1.0));
#4768=DIRECTION('',(0.0,1.0,0.0));
#4769=ORIENTED_EDGE('',*,*,#9107,.T.);
#4770=ORIENTED_EDGE('',*,*,#9034,.T.);
#4771=ORIENTED_EDGE('',*,*,#9108,.F.);
#4772=ORIENTED_EDGE('',*,*,#9109,.T.);
#4773=ORIENTED_EDGE('',*,*,#9090,.F.);
#4774=ORIENTED_EDGE('',*,*,#9106,.T.);
#4775=CARTESIAN_POINT('',(2.45,2.5,-2.65));
#4776=DIRECTION('',(0.0,0.0,-1.0));
#4777=DIRECTION('',(0.0,-1.0,0.0));
#4778=ORIENTED_EDGE('',*,*,#9091,.F.);
#4779=ORIENTED_EDGE('',*,*,#9109,.F.);
#4780=ORIENTED_EDGE('',*,*,#9110,.T.);
#4781=ORIENTED_EDGE('',*,*,#9111,.F.);
#4782=CARTESIAN_POINT('',(1.25,2.2,-28.4307448412));
#4783=DIRECTION('',(0.0,0.0,-1.0));
#4784=DIRECTION('',(0.0,1.0,0.0));
#4785=ORIENTED_EDGE('',*,*,#9092,.F.);
#4786=ORIENTED_EDGE('',*,*,#9111,.T.);
#4787=ORIENTED_EDGE('',*,*,#9112,.T.);
#4788=ORIENTED_EDGE('',*,*,#9032,.T.);
#4789=ORIENTED_EDGE('',*,*,#9113,.F.);
#4790=ORIENTED_EDGE('',*,*,#9104,.T.);
#4791=CARTESIAN_POINT('',(0.95,2.5,-0.75));
#4792=DIRECTION('',(0.0,0.0,1.0));
#4793=DIRECTION('',(1.0,-0.0,0.0));
#4794=ORIENTED_EDGE('',*,*,#9113,.T.);
#4795=ORIENTED_EDGE('',*,*,#9031,.T.);
#4796=ORIENTED_EDGE('',*,*,#9107,.F.);
#4797=ORIENTED_EDGE('',*,*,#9105,.F.);
#4798=CARTESIAN_POINT('',(2.45,2.5,-0.75));
#4799=DIRECTION('',(1.0,0.0,0.0));
#4800=DIRECTION('',(0.0,1.0,-0.0));
#4801=ORIENTED_EDGE('',*,*,#9108,.T.);
#4802=ORIENTED_EDGE('',*,*,#9033,.T.);
#4803=ORIENTED_EDGE('',*,*,#9112,.F.);
#4804=ORIENTED_EDGE('',*,*,#9110,.F.);
#4805=CARTESIAN_POINT('',(0.95,2.5,-2.65));
#4806=DIRECTION('',(-1.0,0.0,0.0));
#4807=DIRECTION('',(0.0,0.0,1.0));
#4808=ORIENTED_EDGE('',*,*,#9114,.T.);
#4809=ORIENTED_EDGE('',*,*,#9115,.F.);
#4810=ORIENTED_EDGE('',*,*,#9116,.F.);
#4811=ORIENTED_EDGE('',*,*,#8408,.T.);
#4812=CARTESIAN_POINT('',(-3.4,2.5,-3.1));
#4813=DIRECTION('',(-1.0,0.0,0.0));
#4814=DIRECTION('',(0.0,0.0,1.0));
#4815=ORIENTED_EDGE('',*,*,#9116,.T.);
#4816=ORIENTED_EDGE('',*,*,#9117,.F.);
#4817=ORIENTED_EDGE('',*,*,#9118,.F.);
#4818=ORIENTED_EDGE('',*,*,#8401,.T.);
#4819=CARTESIAN_POINT('',(-3.1,2.5,-3.1));
#4820=DIRECTION('',(0.0,0.0,-1.0));
#4821=DIRECTION('',(0.0,-1.0,0.0));
#4822=ORIENTED_EDGE('',*,*,#9118,.T.);
#4823=ORIENTED_EDGE('',*,*,#9119,.F.);
#4824=ORIENTED_EDGE('',*,*,#9120,.F.);
#4825=ORIENTED_EDGE('',*,*,#8402,.T.);
#4826=CARTESIAN_POINT('',(-3.1,2.5,-2.8));
#4827=DIRECTION('',(1.0,0.0,0.0));
#4828=DIRECTION('',(0.0,1.0,-0.0));
#4829=ORIENTED_EDGE('',*,*,#9120,.T.);
#4830=ORIENTED_EDGE('',*,*,#9121,.F.);
#4831=ORIENTED_EDGE('',*,*,#9122,.F.);
#4832=ORIENTED_EDGE('',*,*,#8403,.T.);
#4833=CARTESIAN_POINT('',(-2.3,2.5,-2.8));
#4834=DIRECTION('',(0.0,0.0,-1.0));
#4835=DIRECTION('',(0.0,-1.0,0.0));
#4836=ORIENTED_EDGE('',*,*,#9122,.T.);
#4837=ORIENTED_EDGE('',*,*,#9123,.F.);
#4838=ORIENTED_EDGE('',*,*,#9124,.F.);
#4839=ORIENTED_EDGE('',*,*,#8404,.T.);
#4840=CARTESIAN_POINT('',(-2.3,2.5,-0.8));
#4841=DIRECTION('',(1.0,0.0,0.0));
#4842=DIRECTION('',(0.0,1.0,-0.0));
#4843=ORIENTED_EDGE('',*,*,#9124,.T.);
#4844=ORIENTED_EDGE('',*,*,#9125,.F.);
#4845=ORIENTED_EDGE('',*,*,#9126,.F.);
#4846=ORIENTED_EDGE('',*,*,#8405,.T.);
#4847=CARTESIAN_POINT('',(-3.1,2.5,-0.8));
#4848=DIRECTION('',(0.0,0.0,1.0));
#4849=DIRECTION('',(1.0,-0.0,0.0));
#4850=ORIENTED_EDGE('',*,*,#9126,.T.);
#4851=ORIENTED_EDGE('',*,*,#9127,.F.);
#4852=ORIENTED_EDGE('',*,*,#9128,.F.);
#4853=ORIENTED_EDGE('',*,*,#8406,.T.);
#4854=CARTESIAN_POINT('',(-3.1,2.5,-0.5));
#4855=DIRECTION('',(1.0,0.0,0.0));
#4856=DIRECTION('',(0.0,1.0,-0.0));
#4857=ORIENTED_EDGE('',*,*,#9128,.T.);
#4858=ORIENTED_EDGE('',*,*,#9129,.F.);
#4859=ORIENTED_EDGE('',*,*,#9114,.F.);
#4860=ORIENTED_EDGE('',*,*,#8407,.T.);
#4861=CARTESIAN_POINT('',(-3.4,2.5,-0.5));
#4862=DIRECTION('',(0.0,0.0,1.0));
#4863=DIRECTION('',(1.0,-0.0,0.0));
#4864=ORIENTED_EDGE('',*,*,#9129,.T.);
#4865=ORIENTED_EDGE('',*,*,#9127,.T.);
#4866=ORIENTED_EDGE('',*,*,#9125,.T.);
#4867=ORIENTED_EDGE('',*,*,#9123,.T.);
#4868=ORIENTED_EDGE('',*,*,#9121,.T.);
#4869=ORIENTED_EDGE('',*,*,#9119,.T.);
#4870=ORIENTED_EDGE('',*,*,#9117,.T.);
#4871=ORIENTED_EDGE('',*,*,#9115,.T.);
#4872=ORIENTED_EDGE('',*,*,#9130,.F.);
#4873=ORIENTED_EDGE('',*,*,#9131,.F.);
#4874=ORIENTED_EDGE('',*,*,#9132,.F.);
#4875=ORIENTED_EDGE('',*,*,#9133,.F.);
#4876=CARTESIAN_POINT('',(0.0,2.0,0.0));
#4877=DIRECTION('',(0.0,1.0,0.0));
#4878=DIRECTION('',(1.0,0.0,-0.0));
#4879=ORIENTED_EDGE('',*,*,#9134,.F.);
#4880=ORIENTED_EDGE('',*,*,#9135,.T.);
#4881=ORIENTED_EDGE('',*,*,#9136,.T.);
#4882=ORIENTED_EDGE('',*,*,#9133,.T.);
#4883=ORIENTED_EDGE('',*,*,#9137,.F.);
#4884=ORIENTED_EDGE('',*,*,#9138,.T.);
#4885=CARTESIAN_POINT('',(-3.15,2.5,-0.55));
#4886=DIRECTION('',(1.0,0.0,0.0));
#4887=DIRECTION('',(0.0,1.0,-0.0));
#4888=ORIENTED_EDGE('',*,*,#9139,.F.);
#4889=ORIENTED_EDGE('',*,*,#9138,.F.);
#4890=ORIENTED_EDGE('',*,*,#9140,.T.);
#4891=ORIENTED_EDGE('',*,*,#9141,.F.);
#4892=CARTESIAN_POINT('',(12.2252,2.3,-2.85));
#4893=DIRECTION('',(1.0,-0.0,0.0));
#4894=DIRECTION('',(0.0,1.0,0.0));
#4895=ORIENTED_EDGE('',*,*,#9142,.T.);
#4896=ORIENTED_EDGE('',*,*,#9131,.T.);
#4897=ORIENTED_EDGE('',*,*,#9143,.F.);
#4898=ORIENTED_EDGE('',*,*,#9144,.T.);
#4899=ORIENTED_EDGE('',*,*,#9145,.F.);
#4900=ORIENTED_EDGE('',*,*,#9141,.T.);
#4901=CARTESIAN_POINT('',(-3.35,2.5,-3.05));
#4902=DIRECTION('',(-1.0,0.0,0.0));
#4903=DIRECTION('',(0.0,0.0,1.0));
#4904=ORIENTED_EDGE('',*,*,#9145,.T.);
#4905=ORIENTED_EDGE('',*,*,#9146,.T.);
#4906=ORIENTED_EDGE('',*,*,#9134,.T.);
#4907=ORIENTED_EDGE('',*,*,#9139,.T.);
#4908=CARTESIAN_POINT('',(0.0,2.5,0.0));
#4909=DIRECTION('',(0.0,1.0,0.0));
#4910=DIRECTION('',(1.0,0.0,-0.0));
#4911=ORIENTED_EDGE('',*,*,#9146,.F.);
#4912=ORIENTED_EDGE('',*,*,#9144,.F.);
#4913=ORIENTED_EDGE('',*,*,#9147,.T.);
#4914=ORIENTED_EDGE('',*,*,#9135,.F.);
#4915=CARTESIAN_POINT('',(-13.0252,2.3,-0.75));
#4916=DIRECTION('',(-1.0,0.0,0.0));
#4917=DIRECTION('',(0.0,1.0,0.0));
#4918=ORIENTED_EDGE('',*,*,#9143,.T.);
#4919=ORIENTED_EDGE('',*,*,#9130,.T.);
#4920=ORIENTED_EDGE('',*,*,#9136,.F.);
#4921=ORIENTED_EDGE('',*,*,#9147,.F.);
#4922=CARTESIAN_POINT('',(-3.35,2.5,-0.55));
#4923=DIRECTION('',(0.0,0.0,1.0));
#4924=DIRECTION('',(1.0,-0.0,0.0));
#4925=ORIENTED_EDGE('',*,*,#9137,.T.);
#4926=ORIENTED_EDGE('',*,*,#9132,.T.);
#4927=ORIENTED_EDGE('',*,*,#9142,.F.);
#4928=ORIENTED_EDGE('',*,*,#9140,.F.);
#4929=CARTESIAN_POINT('',(-3.15,2.5,-3.05));
#4930=DIRECTION('',(0.0,0.0,-1.0));
#4931=DIRECTION('',(0.0,-1.0,0.0));
#4932=ORIENTED_EDGE('',*,*,#8301,.T.);
#4933=ORIENTED_EDGE('',*,*,#8453,.F.);
#4934=ORIENTED_EDGE('',*,*,#9148,.T.);
#4935=ORIENTED_EDGE('',*,*,#9149,.F.);
#4936=CARTESIAN_POINT('',(-0.9597615144522,2.5,-6.944761093041));
#4937=DIRECTION('',(0.0,-1.0,-0.0));
#4938=DIRECTION('',(0.0,0.0,-1.0));
#4939=ORIENTED_EDGE('',*,*,#8303,.T.);
#4940=ORIENTED_EDGE('',*,*,#9150,.F.);
#4941=ORIENTED_EDGE('',*,*,#9151,.F.);
#4942=ORIENTED_EDGE('',*,*,#8409,.T.);
#4943=CARTESIAN_POINT('',(-1.031914154452,2.5,-6.611962222469));
#4944=DIRECTION('',(1.0,0.0,0.0));
#4945=DIRECTION('',(0.0,1.0,-0.0));
#4946=ORIENTED_EDGE('',*,*,#9151,.T.);
#4947=ORIENTED_EDGE('',*,*,#9152,.F.);
#4948=ORIENTED_EDGE('',*,*,#9153,.F.);
#4949=ORIENTED_EDGE('',*,*,#8410,.T.);
#4950=CARTESIAN_POINT('',(-1.280439914452,2.5,-6.660122045004));
#4951=DIRECTION('',(-0.190242980997096,0.0,0.981737036166681));
#4952=DIRECTION('',(0.0,1.0,0.0));
#4953=ORIENTED_EDGE('',*,*,#9153,.T.);
#4954=ORIENTED_EDGE('',*,*,#9154,.F.);
#4955=ORIENTED_EDGE('',*,*,#9155,.F.);
#4956=ORIENTED_EDGE('',*,*,#8411,.T.);
#4957=CARTESIAN_POINT('',(-1.280439914452,2.5,-6.994434465601));
#4958=DIRECTION('',(-1.0,0.0,0.0));
#4959=DIRECTION('',(0.0,0.0,1.0));
#4960=ORIENTED_EDGE('',*,*,#9155,.T.);
#4961=ORIENTED_EDGE('',*,*,#9156,.F.);
#4962=ORIENTED_EDGE('',*,*,#9157,.F.);
#4963=ORIENTED_EDGE('',*,*,#8412,.F.);
#4964=CARTESIAN_POINT('',(-1.384660394452,2.5,-6.994434465601));
#4965=DIRECTION('',(0.0,-1.0,-0.0));
#4966=DIRECTION('',(0.0,0.0,-1.0));
#4967=ORIENTED_EDGE('',*,*,#9157,.T.);
#4968=ORIENTED_EDGE('',*,*,#9158,.F.);
#4969=ORIENTED_EDGE('',*,*,#9159,.F.);
#4970=ORIENTED_EDGE('',*,*,#8413,.T.);
#4971=CARTESIAN_POINT('',(-1.601118314452,2.5,-7.142539380262));
#4972=DIRECTION('',(-0.190242980997096,0.0,0.981737036166681));
#4973=DIRECTION('',(0.0,1.0,0.0));
#4974=ORIENTED_EDGE('',*,*,#9159,.T.);
#4975=ORIENTED_EDGE('',*,*,#9160,.F.);
#4976=ORIENTED_EDGE('',*,*,#9161,.F.);
#4977=ORIENTED_EDGE('',*,*,#8414,.T.);
#4978=CARTESIAN_POINT('',(-1.601118314452,2.5,-6.722263751499));
#4979=DIRECTION('',(1.0,0.0,0.0));
#4980=DIRECTION('',(0.0,1.0,-0.0));
#4981=ORIENTED_EDGE('',*,*,#9161,.T.);
#4982=ORIENTED_EDGE('',*,*,#9162,.F.);
#4983=ORIENTED_EDGE('',*,*,#9163,.F.);
#4984=ORIENTED_EDGE('',*,*,#8415,.T.);
#4985=CARTESIAN_POINT('',(-1.849644074452,2.5,-6.770423574033));
#4986=DIRECTION('',(-0.190242980997096,0.0,0.981737036166681));
#4987=DIRECTION('',(0.0,1.0,0.0));
#4988=ORIENTED_EDGE('',*,*,#9163,.T.);
#4989=ORIENTED_EDGE('',*,*,#9164,.F.);
#4990=ORIENTED_EDGE('',*,*,#8299,.F.);
#4991=ORIENTED_EDGE('',*,*,#8416,.T.);
#4992=CARTESIAN_POINT('',(-1.849644074452,2.5,-7.259175057851));
#4993=DIRECTION('',(-1.0,0.0,0.0));
#4994=DIRECTION('',(0.0,0.0,1.0));
#4995=ORIENTED_EDGE('',*,*,#8297,.T.);
#4996=ORIENTED_EDGE('',*,*,#9165,.F.);
#4997=ORIENTED_EDGE('',*,*,#9166,.F.);
#4998=ORIENTED_EDGE('',*,*,#8417,.T.);
#4999=CARTESIAN_POINT('',(-1.697321834452,2.5,-7.259175057851));
#5000=DIRECTION('',(0.0,-1.0,-0.0));
#5001=DIRECTION('',(0.0,0.0,-1.0));
#5002=ORIENTED_EDGE('',*,*,#9166,.T.);
#5003=ORIENTED_EDGE('',*,*,#9167,.F.);
#5004=ORIENTED_EDGE('',*,*,#9168,.F.);
#5005=ORIENTED_EDGE('',*,*,#8418,.T.);
#5006=CARTESIAN_POINT('',(-1.349588680597,2.5,-7.346946472237));
#5007=DIRECTION('',(0.190242980997096,0.0,-0.981737036166681));
#5008=DIRECTION('',(0.0,-1.0,0.0));
#5009=ORIENTED_EDGE('',*,*,#9168,.T.);
#5010=ORIENTED_EDGE('',*,*,#9169,.F.);
#5011=ORIENTED_EDGE('',*,*,#9170,.F.);
#5012=ORIENTED_EDGE('',*,*,#8419,.T.);
#5013=CARTESIAN_POINT('',(-1.160185514452,2.5,-7.112744257822));
#5014=DIRECTION('',(0.777551808550099,0.0,-0.628818880935099));
#5015=DIRECTION('',(0.0,-1.0,0.0));
#5016=ORIENTED_EDGE('',*,*,#9170,.T.);
#5017=ORIENTED_EDGE('',*,*,#9171,.F.);
#5018=ORIENTED_EDGE('',*,*,#9172,.F.);
#5019=ORIENTED_EDGE('',*,*,#8420,.T.);
#5020=CARTESIAN_POINT('',(-0.9538211709126,2.5,-7.270253846767));
#5021=DIRECTION('',(-0.606724464111908,0.0,-0.794912211912811));
#5022=DIRECTION('',(-0.794912211912811,0.0,0.606724464111908));
#5023=ORIENTED_EDGE('',*,*,#9172,.T.);
#5024=ORIENTED_EDGE('',*,*,#9173,.F.);
#5025=ORIENTED_EDGE('',*,*,#9174,.F.);
#5026=ORIENTED_EDGE('',*,*,#8421,.T.);
#5027=CARTESIAN_POINT('',(-0.4810513011318,2.5,-7.178639548804));
#5028=DIRECTION('',(0.190242980997096,0.0,-0.981737036166681));
#5029=DIRECTION('',(0.0,-1.0,0.0));
#5030=ORIENTED_EDGE('',*,*,#9174,.T.);
#5031=ORIENTED_EDGE('',*,*,#9175,.F.);
#5032=ORIENTED_EDGE('',*,*,#9176,.F.);
#5033=ORIENTED_EDGE('',*,*,#8422,.T.);
#5034=CARTESIAN_POINT('',(-0.4947778344522,2.5,-7.107804629859));
#5035=DIRECTION('',(0.0,-1.0,-0.0));
#5036=DIRECTION('',(0.0,0.0,-1.0));
#5037=ORIENTED_EDGE('',*,*,#9176,.T.);
#5038=ORIENTED_EDGE('',*,*,#9177,.F.);
#5039=ORIENTED_EDGE('',*,*,#9178,.F.);
#5040=ORIENTED_EDGE('',*,*,#8423,.T.);
#5041=CARTESIAN_POINT('',(-0.4226251944522,2.5,-5.577162943168));
#5042=DIRECTION('',(1.0,0.0,0.0));
#5043=DIRECTION('',(0.0,1.0,-0.0));
#5044=ORIENTED_EDGE('',*,*,#9178,.T.);
#5045=ORIENTED_EDGE('',*,*,#9179,.F.);
#5046=ORIENTED_EDGE('',*,*,#9180,.F.);
#5047=ORIENTED_EDGE('',*,*,#8424,.T.);
#5048=CARTESIAN_POINT('',(-1.112858160752,2.5,-5.23512873059));
#5049=DIRECTION('',(0.444009746106191,0.0,0.896021955848581));
#5050=DIRECTION('',(0.0,-1.0,0.0));
#5051=ORIENTED_EDGE('',*,*,#9180,.T.);
#5052=ORIENTED_EDGE('',*,*,#9181,.F.);
#5053=ORIENTED_EDGE('',*,*,#9182,.F.);
#5054=ORIENTED_EDGE('',*,*,#8425,.T.);
#5055=CARTESIAN_POINT('',(-0.9974892193886,2.5,-5.099186570142));
#5056=DIRECTION('',(0.76244251101145,0.0,-0.647055961569442));
#5057=DIRECTION('',(0.0,-1.0,0.0));
#5058=ORIENTED_EDGE('',*,*,#9182,.T.);
#5059=ORIENTED_EDGE('',*,*,#9183,.F.);
#5060=ORIENTED_EDGE('',*,*,#9184,.F.);
#5061=ORIENTED_EDGE('',*,*,#8426,.T.);
#5062=CARTESIAN_POINT('',(-0.4226251944522,2.5,-4.987788261081));
#5063=DIRECTION('',(0.190242980997096,0.0,-0.981737036166681));
#5064=DIRECTION('',(0.0,-1.0,0.0));
#5065=ORIENTED_EDGE('',*,*,#9184,.T.);
#5066=ORIENTED_EDGE('',*,*,#9185,.F.);
#5067=ORIENTED_EDGE('',*,*,#9186,.F.);
#5068=ORIENTED_EDGE('',*,*,#8427,.T.);
#5069=CARTESIAN_POINT('',(-0.4226251944522,2.5,-4.739262501081));
#5070=DIRECTION('',(1.0,0.0,0.0));
#5071=DIRECTION('',(0.0,1.0,-0.0));
#5072=ORIENTED_EDGE('',*,*,#9186,.T.);
#5073=ORIENTED_EDGE('',*,*,#9187,.F.);
#5074=ORIENTED_EDGE('',*,*,#9188,.F.);
#5075=ORIENTED_EDGE('',*,*,#8428,.T.);
#5076=CARTESIAN_POINT('',(-1.785508394452,2.5,-5.003364753688));
#5077=DIRECTION('',(-0.190242980997096,0.0,0.981737036166681));
#5078=DIRECTION('',(0.0,1.0,0.0));
#5079=ORIENTED_EDGE('',*,*,#9188,.T.);
#5080=ORIENTED_EDGE('',*,*,#9189,.F.);
#5081=ORIENTED_EDGE('',*,*,#9190,.F.);
#5082=ORIENTED_EDGE('',*,*,#8429,.T.);
#5083=CARTESIAN_POINT('',(-1.785508394452,2.5,-4.626567633688));
#5084=DIRECTION('',(1.0,0.0,0.0));
#5085=DIRECTION('',(0.0,1.0,-0.0));
#5086=ORIENTED_EDGE('',*,*,#9190,.T.);
#5087=ORIENTED_EDGE('',*,*,#9191,.F.);
#5088=ORIENTED_EDGE('',*,*,#9192,.F.);
#5089=ORIENTED_EDGE('',*,*,#8430,.T.);
#5090=CARTESIAN_POINT('',(-1.18569243786,2.5,-4.135449116163));
#5091=DIRECTION('',(0.633515923575406,0.0,-0.773729652124307));
#5092=DIRECTION('',(0.0,-1.0,0.0));
#5093=ORIENTED_EDGE('',*,*,#9192,.T.);
#5094=ORIENTED_EDGE('',*,*,#9193,.F.);
#5095=ORIENTED_EDGE('',*,*,#9194,.F.);
#5096=ORIENTED_EDGE('',*,*,#8431,.T.);
#5097=CARTESIAN_POINT('',(-0.4226251944522,2.5,-4.648789180663));
#5098=DIRECTION('',(-0.558179625921499,0.0,-0.829720136676299));
#5099=DIRECTION('',(-0.829720136676299,0.0,0.558179625921499));
#5100=ORIENTED_EDGE('',*,*,#9194,.T.);
#5101=ORIENTED_EDGE('',*,*,#9195,.F.);
#5102=ORIENTED_EDGE('',*,*,#9196,.F.);
#5103=ORIENTED_EDGE('',*,*,#8432,.T.);
#5104=CARTESIAN_POINT('',(-0.4226251944522,2.5,-4.344144700663));
#5105=DIRECTION('',(1.0,0.0,0.0));
#5106=DIRECTION('',(0.0,1.0,-0.0));
#5107=ORIENTED_EDGE('',*,*,#9196,.T.);
#5108=ORIENTED_EDGE('',*,*,#9197,.F.);
#5109=ORIENTED_EDGE('',*,*,#9198,.F.);
#5110=ORIENTED_EDGE('',*,*,#8433,.T.);
#5111=CARTESIAN_POINT('',(-0.9814406550972,2.5,-3.96821142992));
#5112=DIRECTION('',(0.558179625921499,0.0,0.829720136676299));
#5113=DIRECTION('',(0.0,-1.0,0.0));
#5114=ORIENTED_EDGE('',*,*,#9198,.T.);
#5115=ORIENTED_EDGE('',*,*,#9199,.F.);
#5116=ORIENTED_EDGE('',*,*,#9200,.F.);
#5117=ORIENTED_EDGE('',*,*,#8434,.T.);
#5118=CARTESIAN_POINT('',(-0.4226251944522,2.5,-3.510663381081));
#5119=DIRECTION('',(0.633515923575406,0.0,-0.773729652124307));
#5120=DIRECTION('',(0.0,-1.0,0.0));
#5121=ORIENTED_EDGE('',*,*,#9200,.T.);
#5122=ORIENTED_EDGE('',*,*,#9201,.F.);
#5123=ORIENTED_EDGE('',*,*,#9202,.F.);
#5124=ORIENTED_EDGE('',*,*,#8435,.T.);
#5125=CARTESIAN_POINT('',(-0.4226251944522,2.5,-3.189984981081));
#5126=DIRECTION('',(1.0,0.0,0.0));
#5127=DIRECTION('',(0.0,1.0,-0.0));
#5128=ORIENTED_EDGE('',*,*,#9202,.T.);
#5129=ORIENTED_EDGE('',*,*,#9203,.F.);
#5130=ORIENTED_EDGE('',*,*,#9204,.F.);
#5131=ORIENTED_EDGE('',*,*,#8436,.T.);
#5132=CARTESIAN_POINT('',(-1.19644253169,2.5,-3.82357269965));
#5133=DIRECTION('',(-0.633515923575406,0.0,0.773729652124307));
#5134=DIRECTION('',(0.0,1.0,0.0));
#5135=ORIENTED_EDGE('',*,*,#9204,.T.);
#5136=ORIENTED_EDGE('',*,*,#9205,.F.);
#5137=ORIENTED_EDGE('',*,*,#9206,.F.);
#5138=ORIENTED_EDGE('',*,*,#8437,.T.);
#5139=CARTESIAN_POINT('',(-1.849644074452,2.5,-3.384142852556));
#5140=DIRECTION('',(0.558179625921499,0.0,0.829720136676299));
#5141=DIRECTION('',(0.0,-1.0,0.0));
#5142=ORIENTED_EDGE('',*,*,#9206,.T.);
#5143=ORIENTED_EDGE('',*,*,#9207,.F.);
#5144=ORIENTED_EDGE('',*,*,#9208,.F.);
#5145=ORIENTED_EDGE('',*,*,#8438,.T.);
#5146=CARTESIAN_POINT('',(-1.849644074452,2.5,-3.688787332556));
#5147=DIRECTION('',(-1.0,0.0,0.0));
#5148=DIRECTION('',(0.0,0.0,1.0));
#5149=ORIENTED_EDGE('',*,*,#9208,.T.);
#5150=ORIENTED_EDGE('',*,*,#9209,.F.);
#5151=ORIENTED_EDGE('',*,*,#9210,.F.);
#5152=ORIENTED_EDGE('',*,*,#8439,.T.);
#5153=CARTESIAN_POINT('',(-1.400694314452,2.5,-3.990810385893));
#5154=DIRECTION('',(-0.558179625921499,0.0,-0.829720136676299));
#5155=DIRECTION('',(-0.829720136676299,0.0,0.558179625921499));
#5156=ORIENTED_EDGE('',*,*,#9210,.T.);
#5157=ORIENTED_EDGE('',*,*,#9211,.F.);
#5158=ORIENTED_EDGE('',*,*,#9212,.F.);
#5159=ORIENTED_EDGE('',*,*,#8440,.T.);
#5160=CARTESIAN_POINT('',(-1.849644074452,2.5,-4.358402374987));
#5161=DIRECTION('',(-0.633515923575406,0.0,0.773729652124307));
#5162=DIRECTION('',(0.0,1.0,0.0));
#5163=ORIENTED_EDGE('',*,*,#9212,.T.);
#5164=ORIENTED_EDGE('',*,*,#9213,.F.);
#5165=ORIENTED_EDGE('',*,*,#9214,.F.);
#5166=ORIENTED_EDGE('',*,*,#8441,.T.);
#5167=CARTESIAN_POINT('',(-1.849644074452,2.5,-5.264318854987));
#5168=DIRECTION('',(-1.0,0.0,0.0));
#5169=DIRECTION('',(0.0,0.0,1.0));
#5170=ORIENTED_EDGE('',*,*,#9214,.T.);
#5171=ORIENTED_EDGE('',*,*,#9215,.F.);
#5172=ORIENTED_EDGE('',*,*,#9216,.F.);
#5173=ORIENTED_EDGE('',*,*,#8442,.T.);
#5174=CARTESIAN_POINT('',(-1.388344578252,2.5,-5.174927309128));
#5175=DIRECTION('',(0.190242980997096,0.0,-0.981737036166681));
#5176=DIRECTION('',(0.0,-1.0,0.0));
#5177=ORIENTED_EDGE('',*,*,#9216,.T.);
#5178=ORIENTED_EDGE('',*,*,#9217,.F.);
#5179=ORIENTED_EDGE('',*,*,#9218,.F.);
#5180=ORIENTED_EDGE('',*,*,#8443,.T.);
#5181=CARTESIAN_POINT('',(-1.849644074452,2.5,-5.718488248367));
#5182=DIRECTION('',(-0.76244251101145,0.0,0.647055961569442));
#5183=DIRECTION('',(0.0,1.0,0.0));
#5184=ORIENTED_EDGE('',*,*,#9218,.T.);
#5185=ORIENTED_EDGE('',*,*,#9219,.F.);
#5186=ORIENTED_EDGE('',*,*,#9220,.F.);
#5187=ORIENTED_EDGE('',*,*,#8444,.T.);
#5188=CARTESIAN_POINT('',(-1.849644074452,2.5,-6.103302328367));
#5189=DIRECTION('',(-1.0,0.0,0.0));
#5190=DIRECTION('',(0.0,0.0,1.0));
#5191=ORIENTED_EDGE('',*,*,#9220,.T.);
#5192=ORIENTED_EDGE('',*,*,#9221,.F.);
#5193=ORIENTED_EDGE('',*,*,#9222,.F.);
#5194=ORIENTED_EDGE('',*,*,#8445,.T.);
#5195=CARTESIAN_POINT('',(-1.278562412658,2.5,-5.430382268788));
#5196=DIRECTION('',(0.76244251101145,0.0,-0.647055961569442));
#5197=DIRECTION('',(0.0,-1.0,0.0));
#5198=ORIENTED_EDGE('',*,*,#9222,.T.);
#5199=ORIENTED_EDGE('',*,*,#9223,.F.);
#5200=ORIENTED_EDGE('',*,*,#9224,.F.);
#5201=ORIENTED_EDGE('',*,*,#8446,.T.);
#5202=CARTESIAN_POINT('',(-0.4787439144522,2.5,-5.826719887528));
#5203=DIRECTION('',(-0.444009746106191,0.0,-0.896021955848581));
#5204=DIRECTION('',(-0.896021955848581,0.0,0.444009746106191));
#5205=ORIENTED_EDGE('',*,*,#9224,.T.);
#5206=ORIENTED_EDGE('',*,*,#9225,.F.);
#5207=ORIENTED_EDGE('',*,*,#9226,.F.);
#5208=ORIENTED_EDGE('',*,*,#8447,.T.);
#5209=CARTESIAN_POINT('',(-0.4787439144522,2.5,-6.003093007528));
#5210=DIRECTION('',(-1.0,0.0,0.0));
#5211=DIRECTION('',(0.0,0.0,1.0));
#5212=ORIENTED_EDGE('',*,*,#9226,.T.);
#5213=ORIENTED_EDGE('',*,*,#9227,.F.);
#5214=ORIENTED_EDGE('',*,*,#9228,.F.);
#5215=ORIENTED_EDGE('',*,*,#8448,.T.);
#5216=CARTESIAN_POINT('',(-1.849644074452,2.5,-6.268748802797));
#5217=DIRECTION('',(-0.190242980997096,0.0,0.981737036166681));
#5218=DIRECTION('',(0.0,1.0,0.0));
#5219=ORIENTED_EDGE('',*,*,#9228,.T.);
#5220=ORIENTED_EDGE('',*,*,#9229,.F.);
#5221=ORIENTED_EDGE('',*,*,#9230,.F.);
#5222=ORIENTED_EDGE('',*,*,#8449,.T.);
#5223=CARTESIAN_POINT('',(-1.849644074452,2.5,-6.517274562797));
#5224=DIRECTION('',(-1.0,0.0,0.0));
#5225=DIRECTION('',(0.0,0.0,1.0));
#5226=ORIENTED_EDGE('',*,*,#9230,.T.);
#5227=ORIENTED_EDGE('',*,*,#9231,.F.);
#5228=ORIENTED_EDGE('',*,*,#9232,.F.);
#5229=ORIENTED_EDGE('',*,*,#8450,.T.);
#5230=CARTESIAN_POINT('',(-0.6711509544522,2.5,-6.288903791425));
#5231=DIRECTION('',(0.190242980997096,0.0,-0.981737036166681));
#5232=DIRECTION('',(0.0,-1.0,0.0));
#5233=ORIENTED_EDGE('',*,*,#9232,.T.);
#5234=ORIENTED_EDGE('',*,*,#9233,.F.);
#5235=ORIENTED_EDGE('',*,*,#9234,.F.);
#5236=ORIENTED_EDGE('',*,*,#8451,.T.);
#5237=CARTESIAN_POINT('',(-0.6711509544522,2.5,-6.962328431425));
#5238=DIRECTION('',(-1.0,0.0,0.0));
#5239=DIRECTION('',(0.0,0.0,1.0));
#5240=ORIENTED_EDGE('',*,*,#9234,.T.);
#5241=ORIENTED_EDGE('',*,*,#9235,.F.);
#5242=ORIENTED_EDGE('',*,*,#9148,.F.);
#5243=ORIENTED_EDGE('',*,*,#8452,.T.);
#5244=CARTESIAN_POINT('',(-0.9460349811318,2.5,-7.015596011986));
#5245=DIRECTION('',(-0.190242980997096,0.0,0.981737036166681));
#5246=DIRECTION('',(0.0,1.0,0.0));
#5247=ORIENTED_EDGE('',*,*,#9235,.T.);
#5248=ORIENTED_EDGE('',*,*,#9233,.T.);
#5249=ORIENTED_EDGE('',*,*,#9231,.T.);
#5250=ORIENTED_EDGE('',*,*,#9229,.T.);
#5251=ORIENTED_EDGE('',*,*,#9227,.T.);
#5252=ORIENTED_EDGE('',*,*,#9225,.T.);
#5253=ORIENTED_EDGE('',*,*,#9223,.T.);
#5254=ORIENTED_EDGE('',*,*,#9221,.T.);
#5255=ORIENTED_EDGE('',*,*,#9219,.T.);
#5256=ORIENTED_EDGE('',*,*,#9217,.T.);
#5257=ORIENTED_EDGE('',*,*,#9215,.T.);
#5258=ORIENTED_EDGE('',*,*,#9213,.T.);
#5259=ORIENTED_EDGE('',*,*,#9211,.T.);
#5260=ORIENTED_EDGE('',*,*,#9209,.T.);
#5261=ORIENTED_EDGE('',*,*,#9207,.T.);
#5262=ORIENTED_EDGE('',*,*,#9205,.T.);
#5263=ORIENTED_EDGE('',*,*,#9203,.T.);
#5264=ORIENTED_EDGE('',*,*,#9201,.T.);
#5265=ORIENTED_EDGE('',*,*,#9199,.T.);
#5266=ORIENTED_EDGE('',*,*,#9197,.T.);
#5267=ORIENTED_EDGE('',*,*,#9195,.T.);
#5268=ORIENTED_EDGE('',*,*,#9193,.T.);
#5269=ORIENTED_EDGE('',*,*,#9191,.T.);
#5270=ORIENTED_EDGE('',*,*,#9189,.T.);
#5271=ORIENTED_EDGE('',*,*,#9187,.T.);
#5272=ORIENTED_EDGE('',*,*,#9185,.T.);
#5273=ORIENTED_EDGE('',*,*,#9183,.T.);
#5274=ORIENTED_EDGE('',*,*,#9181,.T.);
#5275=ORIENTED_EDGE('',*,*,#9179,.T.);
#5276=ORIENTED_EDGE('',*,*,#9177,.T.);
#5277=ORIENTED_EDGE('',*,*,#9175,.T.);
#5278=ORIENTED_EDGE('',*,*,#9173,.T.);
#5279=ORIENTED_EDGE('',*,*,#9171,.T.);
#5280=ORIENTED_EDGE('',*,*,#9169,.T.);
#5281=ORIENTED_EDGE('',*,*,#9167,.T.);
#5282=ORIENTED_EDGE('',*,*,#9165,.T.);
#5283=ORIENTED_EDGE('',*,*,#8300,.T.);
#5284=ORIENTED_EDGE('',*,*,#9164,.T.);
#5285=ORIENTED_EDGE('',*,*,#9162,.T.);
#5286=ORIENTED_EDGE('',*,*,#9160,.T.);
#5287=ORIENTED_EDGE('',*,*,#9158,.T.);
#5288=ORIENTED_EDGE('',*,*,#9156,.T.);
#5289=ORIENTED_EDGE('',*,*,#9154,.T.);
#5290=ORIENTED_EDGE('',*,*,#9152,.T.);
#5291=ORIENTED_EDGE('',*,*,#9150,.T.);
#5292=ORIENTED_EDGE('',*,*,#8302,.T.);
#5293=ORIENTED_EDGE('',*,*,#9149,.T.);
#5294=CARTESIAN_POINT('',(0.0,2.45,0.0));
#5295=DIRECTION('',(0.0,1.0,0.0));
#5296=DIRECTION('',(1.0,0.0,-0.0));
#5297=ORIENTED_EDGE('',*,*,#9236,.T.);
#5298=ORIENTED_EDGE('',*,*,#9237,.T.);
#5299=ORIENTED_EDGE('',*,*,#9238,.T.);
#5300=ORIENTED_EDGE('',*,*,#9239,.T.);
#5301=CARTESIAN_POINT('',(0.0,2.45,0.0));
#5302=DIRECTION('',(0.0,1.0,0.0));
#5303=DIRECTION('',(1.0,0.0,-0.0));
#5304=ORIENTED_EDGE('',*,*,#9240,.T.);
#5305=ORIENTED_EDGE('',*,*,#9241,.T.);
#5306=ORIENTED_EDGE('',*,*,#9242,.T.);
#5307=ORIENTED_EDGE('',*,*,#9243,.T.);
#5308=ORIENTED_EDGE('',*,*,#9244,.T.);
#5309=ORIENTED_EDGE('',*,*,#9245,.T.);
#5310=ORIENTED_EDGE('',*,*,#9246,.T.);
#5311=ORIENTED_EDGE('',*,*,#9247,.T.);
#5312=ORIENTED_EDGE('',*,*,#9248,.T.);
#5313=ORIENTED_EDGE('',*,*,#9249,.T.);
#5314=ORIENTED_EDGE('',*,*,#9250,.T.);
#5315=ORIENTED_EDGE('',*,*,#9251,.T.);
#5316=ORIENTED_EDGE('',*,*,#9252,.T.);
#5317=ORIENTED_EDGE('',*,*,#9253,.T.);
#5318=ORIENTED_EDGE('',*,*,#9254,.T.);
#5319=ORIENTED_EDGE('',*,*,#9255,.T.);
#5320=ORIENTED_EDGE('',*,*,#9256,.T.);
#5321=ORIENTED_EDGE('',*,*,#9257,.T.);
#5322=ORIENTED_EDGE('',*,*,#9258,.T.);
#5323=ORIENTED_EDGE('',*,*,#9259,.T.);
#5324=ORIENTED_EDGE('',*,*,#9260,.T.);
#5325=ORIENTED_EDGE('',*,*,#9261,.T.);
#5326=ORIENTED_EDGE('',*,*,#9262,.T.);
#5327=ORIENTED_EDGE('',*,*,#9263,.T.);
#5328=ORIENTED_EDGE('',*,*,#9264,.T.);
#5329=ORIENTED_EDGE('',*,*,#9265,.T.);
#5330=ORIENTED_EDGE('',*,*,#9266,.T.);
#5331=ORIENTED_EDGE('',*,*,#9267,.T.);
#5332=ORIENTED_EDGE('',*,*,#9268,.T.);
#5333=ORIENTED_EDGE('',*,*,#9269,.T.);
#5334=ORIENTED_EDGE('',*,*,#9270,.T.);
#5335=ORIENTED_EDGE('',*,*,#9271,.T.);
#5336=ORIENTED_EDGE('',*,*,#9272,.T.);
#5337=ORIENTED_EDGE('',*,*,#9273,.T.);
#5338=ORIENTED_EDGE('',*,*,#9274,.T.);
#5339=ORIENTED_EDGE('',*,*,#9275,.T.);
#5340=ORIENTED_EDGE('',*,*,#9276,.T.);
#5341=ORIENTED_EDGE('',*,*,#9277,.T.);
#5342=ORIENTED_EDGE('',*,*,#9278,.T.);
#5343=ORIENTED_EDGE('',*,*,#9279,.T.);
#5344=ORIENTED_EDGE('',*,*,#9280,.T.);
#5345=ORIENTED_EDGE('',*,*,#9281,.T.);
#5346=ORIENTED_EDGE('',*,*,#9282,.T.);
#5347=ORIENTED_EDGE('',*,*,#9283,.T.);
#5348=ORIENTED_EDGE('',*,*,#9284,.T.);
#5349=ORIENTED_EDGE('',*,*,#9285,.T.);
#5350=ORIENTED_EDGE('',*,*,#9286,.T.);
#5351=ORIENTED_EDGE('',*,*,#9287,.T.);
#5352=ORIENTED_EDGE('',*,*,#9288,.T.);
#5353=ORIENTED_EDGE('',*,*,#9289,.T.);
#5354=ORIENTED_EDGE('',*,*,#9290,.T.);
#5355=ORIENTED_EDGE('',*,*,#9291,.T.);
#5356=ORIENTED_EDGE('',*,*,#9292,.T.);
#5357=ORIENTED_EDGE('',*,*,#9293,.T.);
#5358=CARTESIAN_POINT('',(0.0,2.45,0.0));
#5359=DIRECTION('',(0.0,1.0,0.0));
#5360=DIRECTION('',(1.0,0.0,-0.0));
#5361=ORIENTED_EDGE('',*,*,#9294,.T.);
#5362=ORIENTED_EDGE('',*,*,#9295,.T.);
#5363=ORIENTED_EDGE('',*,*,#9296,.T.);
#5364=ORIENTED_EDGE('',*,*,#9297,.T.);
#5365=ORIENTED_EDGE('',*,*,#9298,.T.);
#5366=ORIENTED_EDGE('',*,*,#9299,.T.);
#5367=ORIENTED_EDGE('',*,*,#9300,.T.);
#5368=ORIENTED_EDGE('',*,*,#9301,.T.);
#5369=ORIENTED_EDGE('',*,*,#9302,.T.);
#5370=ORIENTED_EDGE('',*,*,#9303,.T.);
#5371=ORIENTED_EDGE('',*,*,#9304,.T.);
#5372=ORIENTED_EDGE('',*,*,#9305,.T.);
#5373=ORIENTED_EDGE('',*,*,#9306,.T.);
#5374=CARTESIAN_POINT('',(0.0,2.45,0.0));
#5375=DIRECTION('',(0.0,1.0,0.0));
#5376=DIRECTION('',(1.0,0.0,-0.0));
#5377=ORIENTED_EDGE('',*,*,#9307,.T.);
#5378=ORIENTED_EDGE('',*,*,#9308,.T.);
#5379=ORIENTED_EDGE('',*,*,#9309,.T.);
#5380=ORIENTED_EDGE('',*,*,#9310,.T.);
#5381=CARTESIAN_POINT('',(0.0,2.45,0.0));
#5382=DIRECTION('',(0.0,1.0,0.0));
#5383=DIRECTION('',(1.0,0.0,-0.0));
#5384=ORIENTED_EDGE('',*,*,#9311,.T.);
#5385=ORIENTED_EDGE('',*,*,#9312,.T.);
#5386=ORIENTED_EDGE('',*,*,#9313,.T.);
#5387=ORIENTED_EDGE('',*,*,#9314,.T.);
#5388=ORIENTED_EDGE('',*,*,#9315,.T.);
#5389=ORIENTED_EDGE('',*,*,#9316,.T.);
#5390=ORIENTED_EDGE('',*,*,#9317,.T.);
#5391=ORIENTED_EDGE('',*,*,#9318,.T.);
#5392=CARTESIAN_POINT('',(0.0,2.45,0.0));
#5393=DIRECTION('',(0.0,1.0,0.0));
#5394=DIRECTION('',(1.0,0.0,-0.0));
#5395=ORIENTED_EDGE('',*,*,#9319,.T.);
#5396=ORIENTED_EDGE('',*,*,#9320,.T.);
#5397=ORIENTED_EDGE('',*,*,#9321,.T.);
#5398=ORIENTED_EDGE('',*,*,#9322,.T.);
#5399=ORIENTED_EDGE('',*,*,#9323,.T.);
#5400=ORIENTED_EDGE('',*,*,#9324,.T.);
#5401=ORIENTED_EDGE('',*,*,#9325,.T.);
#5402=ORIENTED_EDGE('',*,*,#9326,.T.);
#5403=ORIENTED_EDGE('',*,*,#9327,.T.);
#5404=ORIENTED_EDGE('',*,*,#9328,.T.);
#5405=ORIENTED_EDGE('',*,*,#9329,.T.);
#5406=ORIENTED_EDGE('',*,*,#9330,.T.);
#5407=ORIENTED_EDGE('',*,*,#9331,.T.);
#5408=ORIENTED_EDGE('',*,*,#9332,.T.);
#5409=ORIENTED_EDGE('',*,*,#9333,.T.);
#5410=ORIENTED_EDGE('',*,*,#9334,.T.);
#5411=ORIENTED_EDGE('',*,*,#9335,.T.);
#5412=ORIENTED_EDGE('',*,*,#9336,.T.);
#5413=ORIENTED_EDGE('',*,*,#9337,.T.);
#5414=ORIENTED_EDGE('',*,*,#9338,.T.);
#5415=ORIENTED_EDGE('',*,*,#9339,.T.);
#5416=ORIENTED_EDGE('',*,*,#9340,.T.);
#5417=ORIENTED_EDGE('',*,*,#9341,.T.);
#5418=ORIENTED_EDGE('',*,*,#9342,.T.);
#5419=ORIENTED_EDGE('',*,*,#9343,.T.);
#5420=ORIENTED_EDGE('',*,*,#9344,.T.);
#5421=ORIENTED_EDGE('',*,*,#9345,.T.);
#5422=ORIENTED_EDGE('',*,*,#9346,.T.);
#5423=ORIENTED_EDGE('',*,*,#9347,.T.);
#5424=ORIENTED_EDGE('',*,*,#9348,.T.);
#5425=ORIENTED_EDGE('',*,*,#9349,.T.);
#5426=ORIENTED_EDGE('',*,*,#9350,.T.);
#5427=ORIENTED_EDGE('',*,*,#9351,.T.);
#5428=ORIENTED_EDGE('',*,*,#9352,.T.);
#5429=ORIENTED_EDGE('',*,*,#9353,.T.);
#5430=ORIENTED_EDGE('',*,*,#9354,.T.);
#5431=ORIENTED_EDGE('',*,*,#9355,.T.);
#5432=ORIENTED_EDGE('',*,*,#9356,.T.);
#5433=ORIENTED_EDGE('',*,*,#9357,.T.);
#5434=ORIENTED_EDGE('',*,*,#9358,.T.);
#5435=CARTESIAN_POINT('',(0.0,2.45,0.0));
#5436=DIRECTION('',(0.0,1.0,0.0));
#5437=DIRECTION('',(1.0,0.0,-0.0));
#5438=ORIENTED_EDGE('',*,*,#9359,.T.);
#5439=ORIENTED_EDGE('',*,*,#9360,.T.);
#5440=ORIENTED_EDGE('',*,*,#9361,.T.);
#5441=ORIENTED_EDGE('',*,*,#9362,.T.);
#5442=ORIENTED_EDGE('',*,*,#9363,.T.);
#5443=ORIENTED_EDGE('',*,*,#9364,.T.);
#5444=ORIENTED_EDGE('',*,*,#9365,.T.);
#5445=ORIENTED_EDGE('',*,*,#9366,.T.);
#5446=ORIENTED_EDGE('',*,*,#9367,.T.);
#5447=ORIENTED_EDGE('',*,*,#9368,.T.);
#5448=ORIENTED_EDGE('',*,*,#9369,.T.);
#5449=ORIENTED_EDGE('',*,*,#9370,.T.);
#5450=CARTESIAN_POINT('',(0.0,2.45,0.0));
#5451=DIRECTION('',(0.0,1.0,0.0));
#5452=DIRECTION('',(1.0,0.0,-0.0));
#5453=ORIENTED_EDGE('',*,*,#9371,.T.);
#5454=ORIENTED_EDGE('',*,*,#9372,.T.);
#5455=ORIENTED_EDGE('',*,*,#9373,.T.);
#5456=ORIENTED_EDGE('',*,*,#9374,.T.);
#5457=ORIENTED_EDGE('',*,*,#9375,.T.);
#5458=ORIENTED_EDGE('',*,*,#9376,.T.);
#5459=ORIENTED_EDGE('',*,*,#9377,.T.);
#5460=ORIENTED_EDGE('',*,*,#9378,.T.);
#5461=ORIENTED_EDGE('',*,*,#9379,.T.);
#5462=ORIENTED_EDGE('',*,*,#9380,.T.);
#5463=ORIENTED_EDGE('',*,*,#9381,.T.);
#5464=ORIENTED_EDGE('',*,*,#9382,.T.);
#5465=ORIENTED_EDGE('',*,*,#9383,.T.);
#5466=ORIENTED_EDGE('',*,*,#9384,.T.);
#5467=ORIENTED_EDGE('',*,*,#9385,.T.);
#5468=ORIENTED_EDGE('',*,*,#9386,.T.);
#5469=ORIENTED_EDGE('',*,*,#9387,.T.);
#5470=ORIENTED_EDGE('',*,*,#9388,.T.);
#5471=ORIENTED_EDGE('',*,*,#9389,.T.);
#5472=ORIENTED_EDGE('',*,*,#9390,.T.);
#5473=ORIENTED_EDGE('',*,*,#9391,.T.);
#5474=ORIENTED_EDGE('',*,*,#9392,.T.);
#5475=ORIENTED_EDGE('',*,*,#9393,.T.);
#5476=ORIENTED_EDGE('',*,*,#9394,.T.);
#5477=ORIENTED_EDGE('',*,*,#9395,.T.);
#5478=ORIENTED_EDGE('',*,*,#9396,.T.);
#5479=ORIENTED_EDGE('',*,*,#9397,.T.);
#5480=ORIENTED_EDGE('',*,*,#9398,.T.);
#5481=ORIENTED_EDGE('',*,*,#9399,.T.);
#5482=ORIENTED_EDGE('',*,*,#9400,.T.);
#5483=ORIENTED_EDGE('',*,*,#9401,.T.);
#5484=ORIENTED_EDGE('',*,*,#9402,.T.);
#5485=ORIENTED_EDGE('',*,*,#9403,.T.);
#5486=ORIENTED_EDGE('',*,*,#9404,.T.);
#5487=ORIENTED_EDGE('',*,*,#9405,.T.);
#5488=ORIENTED_EDGE('',*,*,#9406,.T.);
#5489=ORIENTED_EDGE('',*,*,#9407,.T.);
#5490=ORIENTED_EDGE('',*,*,#9408,.T.);
#5491=ORIENTED_EDGE('',*,*,#9409,.T.);
#5492=ORIENTED_EDGE('',*,*,#9410,.T.);
#5493=CARTESIAN_POINT('',(0.0,2.45,0.0));
#5494=DIRECTION('',(0.0,1.0,0.0));
#5495=DIRECTION('',(1.0,0.0,-0.0));
#5496=ORIENTED_EDGE('',*,*,#9411,.T.);
#5497=ORIENTED_EDGE('',*,*,#9412,.T.);
#5498=ORIENTED_EDGE('',*,*,#9413,.T.);
#5499=ORIENTED_EDGE('',*,*,#9414,.T.);
#5500=ORIENTED_EDGE('',*,*,#9415,.T.);
#5501=ORIENTED_EDGE('',*,*,#9416,.T.);
#5502=ORIENTED_EDGE('',*,*,#9417,.T.);
#5503=ORIENTED_EDGE('',*,*,#9418,.T.);
#5504=ORIENTED_EDGE('',*,*,#9419,.T.);
#5505=ORIENTED_EDGE('',*,*,#9420,.T.);
#5506=ORIENTED_EDGE('',*,*,#9421,.T.);
#5507=ORIENTED_EDGE('',*,*,#9422,.T.);
#5508=ORIENTED_EDGE('',*,*,#9423,.T.);
#5509=ORIENTED_EDGE('',*,*,#9424,.T.);
#5510=ORIENTED_EDGE('',*,*,#9425,.T.);
#5511=ORIENTED_EDGE('',*,*,#9426,.T.);
#5512=ORIENTED_EDGE('',*,*,#9427,.T.);
#5513=ORIENTED_EDGE('',*,*,#9428,.T.);
#5514=ORIENTED_EDGE('',*,*,#9429,.T.);
#5515=ORIENTED_EDGE('',*,*,#9430,.T.);
#5516=ORIENTED_EDGE('',*,*,#9431,.T.);
#5517=ORIENTED_EDGE('',*,*,#9432,.T.);
#5518=ORIENTED_EDGE('',*,*,#9433,.T.);
#5519=ORIENTED_EDGE('',*,*,#9434,.T.);
#5520=ORIENTED_EDGE('',*,*,#9435,.T.);
#5521=ORIENTED_EDGE('',*,*,#9436,.T.);
#5522=ORIENTED_EDGE('',*,*,#9437,.T.);
#5523=ORIENTED_EDGE('',*,*,#9438,.T.);
#5524=ORIENTED_EDGE('',*,*,#9439,.T.);
#5525=ORIENTED_EDGE('',*,*,#9440,.T.);
#5526=ORIENTED_EDGE('',*,*,#9441,.T.);
#5527=ORIENTED_EDGE('',*,*,#9442,.T.);
#5528=ORIENTED_EDGE('',*,*,#9443,.T.);
#5529=ORIENTED_EDGE('',*,*,#9444,.T.);
#5530=ORIENTED_EDGE('',*,*,#9445,.T.);
#5531=ORIENTED_EDGE('',*,*,#9446,.T.);
#5532=ORIENTED_EDGE('',*,*,#9447,.T.);
#5533=ORIENTED_EDGE('',*,*,#9448,.T.);
#5534=ORIENTED_EDGE('',*,*,#9449,.T.);
#5535=ORIENTED_EDGE('',*,*,#9450,.T.);
#5536=ORIENTED_EDGE('',*,*,#9451,.T.);
#5537=ORIENTED_EDGE('',*,*,#9452,.T.);
#5538=ORIENTED_EDGE('',*,*,#9453,.T.);
#5539=ORIENTED_EDGE('',*,*,#9454,.T.);
#5540=CARTESIAN_POINT('',(0.0,2.45,0.0));
#5541=DIRECTION('',(0.0,1.0,0.0));
#5542=DIRECTION('',(1.0,0.0,-0.0));
#5543=ORIENTED_EDGE('',*,*,#9455,.T.);
#5544=ORIENTED_EDGE('',*,*,#9456,.T.);
#5545=ORIENTED_EDGE('',*,*,#9457,.T.);
#5546=ORIENTED_EDGE('',*,*,#9458,.T.);
#5547=ORIENTED_EDGE('',*,*,#9459,.T.);
#5548=ORIENTED_EDGE('',*,*,#9460,.T.);
#5549=ORIENTED_EDGE('',*,*,#9461,.T.);
#5550=ORIENTED_EDGE('',*,*,#9462,.T.);
#5551=ORIENTED_EDGE('',*,*,#9463,.T.);
#5552=ORIENTED_EDGE('',*,*,#9464,.T.);
#5553=CARTESIAN_POINT('',(0.0,2.45,0.0));
#5554=DIRECTION('',(0.0,1.0,0.0));
#5555=DIRECTION('',(1.0,0.0,-0.0));
#5556=ORIENTED_EDGE('',*,*,#9465,.T.);
#5557=ORIENTED_EDGE('',*,*,#9466,.T.);
#5558=ORIENTED_EDGE('',*,*,#9467,.T.);
#5559=ORIENTED_EDGE('',*,*,#9468,.T.);
#5560=ORIENTED_EDGE('',*,*,#9469,.T.);
#5561=ORIENTED_EDGE('',*,*,#9470,.T.);
#5562=ORIENTED_EDGE('',*,*,#9471,.T.);
#5563=ORIENTED_EDGE('',*,*,#9472,.T.);
#5564=ORIENTED_EDGE('',*,*,#9473,.T.);
#5565=ORIENTED_EDGE('',*,*,#9474,.T.);
#5566=CARTESIAN_POINT('',(0.0,2.45,0.0));
#5567=DIRECTION('',(0.0,1.0,0.0));
#5568=DIRECTION('',(1.0,0.0,-0.0));
#5569=ORIENTED_EDGE('',*,*,#9475,.T.);
#5570=ORIENTED_EDGE('',*,*,#9476,.T.);
#5571=ORIENTED_EDGE('',*,*,#9477,.T.);
#5572=ORIENTED_EDGE('',*,*,#9478,.T.);
#5573=ORIENTED_EDGE('',*,*,#9479,.T.);
#5574=ORIENTED_EDGE('',*,*,#9480,.T.);
#5575=ORIENTED_EDGE('',*,*,#9481,.T.);
#5576=ORIENTED_EDGE('',*,*,#9482,.T.);
#5577=ORIENTED_EDGE('',*,*,#9483,.T.);
#5578=ORIENTED_EDGE('',*,*,#9484,.T.);
#5579=ORIENTED_EDGE('',*,*,#9485,.T.);
#5580=ORIENTED_EDGE('',*,*,#9486,.T.);
#5581=CARTESIAN_POINT('',(0.0,2.45,0.0));
#5582=DIRECTION('',(0.0,1.0,0.0));
#5583=DIRECTION('',(1.0,0.0,-0.0));
#5584=ORIENTED_EDGE('',*,*,#9487,.T.);
#5585=ORIENTED_EDGE('',*,*,#9488,.T.);
#5586=ORIENTED_EDGE('',*,*,#9489,.T.);
#5587=ORIENTED_EDGE('',*,*,#9490,.T.);
#5588=ORIENTED_EDGE('',*,*,#9491,.T.);
#5589=ORIENTED_EDGE('',*,*,#9492,.T.);
#5590=ORIENTED_EDGE('',*,*,#9493,.T.);
#5591=ORIENTED_EDGE('',*,*,#9494,.T.);
#5592=ORIENTED_EDGE('',*,*,#9495,.T.);
#5593=ORIENTED_EDGE('',*,*,#9496,.T.);
#5594=ORIENTED_EDGE('',*,*,#9497,.T.);
#5595=ORIENTED_EDGE('',*,*,#9498,.T.);
#5596=ORIENTED_EDGE('',*,*,#9499,.T.);
#5597=ORIENTED_EDGE('',*,*,#9500,.T.);
#5598=ORIENTED_EDGE('',*,*,#9501,.T.);
#5599=ORIENTED_EDGE('',*,*,#9502,.T.);
#5600=ORIENTED_EDGE('',*,*,#9503,.T.);
#5601=ORIENTED_EDGE('',*,*,#9504,.T.);
#5602=ORIENTED_EDGE('',*,*,#9505,.T.);
#5603=ORIENTED_EDGE('',*,*,#9506,.T.);
#5604=ORIENTED_EDGE('',*,*,#9507,.T.);
#5605=ORIENTED_EDGE('',*,*,#9508,.T.);
#5606=ORIENTED_EDGE('',*,*,#9509,.T.);
#5607=ORIENTED_EDGE('',*,*,#9510,.T.);
#5608=ORIENTED_EDGE('',*,*,#9511,.T.);
#5609=ORIENTED_EDGE('',*,*,#9512,.T.);
#5610=ORIENTED_EDGE('',*,*,#9513,.T.);
#5611=ORIENTED_EDGE('',*,*,#9514,.T.);
#5612=ORIENTED_EDGE('',*,*,#9515,.T.);
#5613=ORIENTED_EDGE('',*,*,#9516,.T.);
#5614=ORIENTED_EDGE('',*,*,#9517,.T.);
#5615=ORIENTED_EDGE('',*,*,#9518,.T.);
#5616=ORIENTED_EDGE('',*,*,#9519,.T.);
#5617=ORIENTED_EDGE('',*,*,#9520,.T.);
#5618=ORIENTED_EDGE('',*,*,#9521,.T.);
#5619=ORIENTED_EDGE('',*,*,#9522,.T.);
#5620=ORIENTED_EDGE('',*,*,#9523,.T.);
#5621=ORIENTED_EDGE('',*,*,#9524,.T.);
#5622=ORIENTED_EDGE('',*,*,#9525,.T.);
#5623=ORIENTED_EDGE('',*,*,#9526,.T.);
#5624=CARTESIAN_POINT('',(0.0,2.45,0.0));
#5625=DIRECTION('',(0.0,1.0,0.0));
#5626=DIRECTION('',(1.0,0.0,-0.0));
#5627=ORIENTED_EDGE('',*,*,#9527,.T.);
#5628=ORIENTED_EDGE('',*,*,#9528,.T.);
#5629=ORIENTED_EDGE('',*,*,#9529,.T.);
#5630=ORIENTED_EDGE('',*,*,#9530,.T.);
#5631=ORIENTED_EDGE('',*,*,#9531,.T.);
#5632=ORIENTED_EDGE('',*,*,#9532,.T.);
#5633=ORIENTED_EDGE('',*,*,#9533,.T.);
#5634=ORIENTED_EDGE('',*,*,#9534,.T.);
#5635=CARTESIAN_POINT('',(0.0,2.45,0.0));
#5636=DIRECTION('',(0.0,1.0,0.0));
#5637=DIRECTION('',(1.0,0.0,-0.0));
#5638=ORIENTED_EDGE('',*,*,#9535,.T.);
#5639=ORIENTED_EDGE('',*,*,#9536,.T.);
#5640=ORIENTED_EDGE('',*,*,#9537,.T.);
#5641=ORIENTED_EDGE('',*,*,#9538,.T.);
#5642=ORIENTED_EDGE('',*,*,#9539,.T.);
#5643=ORIENTED_EDGE('',*,*,#9540,.T.);
#5644=ORIENTED_EDGE('',*,*,#9541,.T.);
#5645=ORIENTED_EDGE('',*,*,#9542,.T.);
#5646=ORIENTED_EDGE('',*,*,#9543,.T.);
#5647=ORIENTED_EDGE('',*,*,#9544,.T.);
#5648=ORIENTED_EDGE('',*,*,#9545,.T.);
#5649=ORIENTED_EDGE('',*,*,#9546,.T.);
#5650=ORIENTED_EDGE('',*,*,#9547,.T.);
#5651=ORIENTED_EDGE('',*,*,#9548,.T.);
#5652=ORIENTED_EDGE('',*,*,#9549,.T.);
#5653=ORIENTED_EDGE('',*,*,#9550,.T.);
#5654=ORIENTED_EDGE('',*,*,#9551,.T.);
#5655=ORIENTED_EDGE('',*,*,#9552,.T.);
#5656=ORIENTED_EDGE('',*,*,#9553,.T.);
#5657=ORIENTED_EDGE('',*,*,#9554,.T.);
#5658=ORIENTED_EDGE('',*,*,#9555,.T.);
#5659=ORIENTED_EDGE('',*,*,#9556,.T.);
#5660=ORIENTED_EDGE('',*,*,#9557,.T.);
#5661=ORIENTED_EDGE('',*,*,#9558,.T.);
#5662=ORIENTED_EDGE('',*,*,#9559,.T.);
#5663=ORIENTED_EDGE('',*,*,#9560,.T.);
#5664=ORIENTED_EDGE('',*,*,#9561,.T.);
#5665=ORIENTED_EDGE('',*,*,#9562,.T.);
#5666=ORIENTED_EDGE('',*,*,#9563,.T.);
#5667=ORIENTED_EDGE('',*,*,#9564,.T.);
#5668=ORIENTED_EDGE('',*,*,#9565,.T.);
#5669=ORIENTED_EDGE('',*,*,#9566,.T.);
#5670=ORIENTED_EDGE('',*,*,#9567,.T.);
#5671=ORIENTED_EDGE('',*,*,#9568,.T.);
#5672=ORIENTED_EDGE('',*,*,#9569,.T.);
#5673=ORIENTED_EDGE('',*,*,#9570,.T.);
#5674=ORIENTED_EDGE('',*,*,#9571,.T.);
#5675=ORIENTED_EDGE('',*,*,#9572,.T.);
#5676=ORIENTED_EDGE('',*,*,#9573,.T.);
#5677=ORIENTED_EDGE('',*,*,#9574,.T.);
#5678=ORIENTED_EDGE('',*,*,#9575,.T.);
#5679=ORIENTED_EDGE('',*,*,#9576,.T.);
#5680=ORIENTED_EDGE('',*,*,#9577,.T.);
#5681=ORIENTED_EDGE('',*,*,#9578,.T.);
#5682=CARTESIAN_POINT('',(0.0,2.45,0.0));
#5683=DIRECTION('',(0.0,1.0,0.0));
#5684=DIRECTION('',(1.0,0.0,-0.0));
#5685=ORIENTED_EDGE('',*,*,#9579,.T.);
#5686=ORIENTED_EDGE('',*,*,#9580,.T.);
#5687=ORIENTED_EDGE('',*,*,#9581,.T.);
#5688=ORIENTED_EDGE('',*,*,#9582,.T.);
#5689=ORIENTED_EDGE('',*,*,#9583,.T.);
#5690=ORIENTED_EDGE('',*,*,#9584,.T.);
#5691=ORIENTED_EDGE('',*,*,#9585,.T.);
#5692=ORIENTED_EDGE('',*,*,#9586,.T.);
#5693=ORIENTED_EDGE('',*,*,#9587,.T.);
#5694=ORIENTED_EDGE('',*,*,#9588,.T.);
#5695=ORIENTED_EDGE('',*,*,#9589,.T.);
#5696=ORIENTED_EDGE('',*,*,#9590,.T.);
#5697=ORIENTED_EDGE('',*,*,#9591,.T.);
#5698=ORIENTED_EDGE('',*,*,#9592,.T.);
#5699=ORIENTED_EDGE('',*,*,#9593,.T.);
#5700=ORIENTED_EDGE('',*,*,#9594,.T.);
#5701=ORIENTED_EDGE('',*,*,#9595,.T.);
#5702=ORIENTED_EDGE('',*,*,#9596,.T.);
#5703=ORIENTED_EDGE('',*,*,#9597,.T.);
#5704=ORIENTED_EDGE('',*,*,#9598,.T.);
#5705=ORIENTED_EDGE('',*,*,#9599,.T.);
#5706=ORIENTED_EDGE('',*,*,#9600,.T.);
#5707=ORIENTED_EDGE('',*,*,#9601,.T.);
#5708=ORIENTED_EDGE('',*,*,#9602,.T.);
#5709=ORIENTED_EDGE('',*,*,#9603,.T.);
#5710=ORIENTED_EDGE('',*,*,#9604,.T.);
#5711=CARTESIAN_POINT('',(0.0,2.45,0.0));
#5712=DIRECTION('',(0.0,1.0,0.0));
#5713=DIRECTION('',(1.0,0.0,-0.0));
#5714=ORIENTED_EDGE('',*,*,#9605,.T.);
#5715=ORIENTED_EDGE('',*,*,#9239,.F.);
#5716=ORIENTED_EDGE('',*,*,#9606,.F.);
#5717=ORIENTED_EDGE('',*,*,#8457,.T.);
#5718=CARTESIAN_POINT('',(-0.3264216744522,2.5,-3.115358549859));
#5719=DIRECTION('',(1.0,0.0,0.0));
#5720=DIRECTION('',(0.0,1.0,-0.0));
#5721=ORIENTED_EDGE('',*,*,#9606,.T.);
#5722=ORIENTED_EDGE('',*,*,#9238,.F.);
#5723=ORIENTED_EDGE('',*,*,#9607,.F.);
#5724=ORIENTED_EDGE('',*,*,#8454,.T.);
#5725=CARTESIAN_POINT('',(-0.3584895144522,2.5,-3.115358549859));
#5726=DIRECTION('',(0.0,0.0,1.0));
#5727=DIRECTION('',(1.0,-0.0,0.0));
#5728=ORIENTED_EDGE('',*,*,#9607,.T.);
#5729=ORIENTED_EDGE('',*,*,#9237,.F.);
#5730=ORIENTED_EDGE('',*,*,#9608,.F.);
#5731=ORIENTED_EDGE('',*,*,#8455,.T.);
#5732=CARTESIAN_POINT('',(-0.3584895144522,2.5,-7.163923349859));
#5733=DIRECTION('',(-1.0,0.0,0.0));
#5734=DIRECTION('',(0.0,0.0,1.0));
#5735=ORIENTED_EDGE('',*,*,#9608,.T.);
#5736=ORIENTED_EDGE('',*,*,#9236,.F.);
#5737=ORIENTED_EDGE('',*,*,#9605,.F.);
#5738=ORIENTED_EDGE('',*,*,#8456,.T.);
#5739=CARTESIAN_POINT('',(-0.3264216744522,2.5,-7.163923349859));
#5740=DIRECTION('',(0.0,0.0,-1.0));
#5741=DIRECTION('',(0.0,-1.0,0.0));
#5742=ORIENTED_EDGE('',*,*,#9609,.T.);
#5743=ORIENTED_EDGE('',*,*,#9293,.F.);
#5744=ORIENTED_EDGE('',*,*,#9610,.F.);
#5745=ORIENTED_EDGE('',*,*,#8511,.T.);
#5746=CARTESIAN_POINT('',(0.1436661244883,2.5,-3.217015954695));
#5747=DIRECTION('',(0.439713095456995,0.0,-0.898138293184089));
#5748=DIRECTION('',(0.0,-1.0,0.0));
#5749=ORIENTED_EDGE('',*,*,#9610,.T.);
#5750=ORIENTED_EDGE('',*,*,#9292,.F.);
#5751=ORIENTED_EDGE('',*,*,#9611,.F.);
#5752=ORIENTED_EDGE('',*,*,#8458,.T.);
#5753=CARTESIAN_POINT('',(0.1674959109678,2.5,-3.193682610236));
#5754=DIRECTION('',(0.699624974232905,0.0,-0.714510248652605));
#5755=DIRECTION('',(0.0,-1.0,0.0));
#5756=ORIENTED_EDGE('',*,*,#9611,.T.);
#5757=ORIENTED_EDGE('',*,*,#9291,.F.);
#5758=ORIENTED_EDGE('',*,*,#9612,.F.);
#5759=ORIENTED_EDGE('',*,*,#8459,.T.);
#5760=CARTESIAN_POINT('',(0.1794108047291,2.5,-3.170349282465));
#5761=DIRECTION('',(0.890605218761708,0.0,-0.454777246918104));
#5762=DIRECTION('',(0.0,-1.0,0.0));
#5763=ORIENTED_EDGE('',*,*,#9612,.T.);
#5764=ORIENTED_EDGE('',*,*,#9290,.F.);
#5765=ORIENTED_EDGE('',*,*,#9613,.F.);
#5766=ORIENTED_EDGE('',*,*,#8460,.T.);
#5767=CARTESIAN_POINT('',(0.1853682513489,2.5,-3.14118261858));
#5768=DIRECTION('',(0.979770702100924,0.0,-0.200123390198805));
#5769=DIRECTION('',(0.0,-1.0,0.0));
#5770=ORIENTED_EDGE('',*,*,#9613,.T.);
#5771=ORIENTED_EDGE('',*,*,#9289,.F.);
#5772=ORIENTED_EDGE('',*,*,#9614,.F.);
#5773=ORIENTED_EDGE('',*,*,#8461,.T.);
#5774=CARTESIAN_POINT('',(0.1853682513489,2.5,-3.09451594635));
#5775=DIRECTION('',(1.0,0.0,0.0));
#5776=DIRECTION('',(0.0,1.0,-0.0));
#5777=ORIENTED_EDGE('',*,*,#9614,.T.);
#5778=ORIENTED_EDGE('',*,*,#9288,.F.);
#5779=ORIENTED_EDGE('',*,*,#9615,.F.);
#5780=ORIENTED_EDGE('',*,*,#8462,.T.);
#5781=CARTESIAN_POINT('',(0.1794108047291,2.5,-3.065349282465));
#5782=DIRECTION('',(0.979770702100924,0.0,0.200123390198805));
#5783=DIRECTION('',(0.0,-1.0,0.0));
#5784=ORIENTED_EDGE('',*,*,#9615,.T.);
#5785=ORIENTED_EDGE('',*,*,#9287,.F.);
#5786=ORIENTED_EDGE('',*,*,#9616,.F.);
#5787=ORIENTED_EDGE('',*,*,#8463,.T.);
#5788=CARTESIAN_POINT('',(0.1615384648695,2.5,-3.036182616494));
#5789=DIRECTION('',(0.852653396684186,0.0,0.522476970901991));
#5790=DIRECTION('',(0.0,-1.0,0.0));
#5791=ORIENTED_EDGE('',*,*,#9616,.T.);
#5792=ORIENTED_EDGE('',*,*,#9286,.F.);
#5793=ORIENTED_EDGE('',*,*,#9617,.F.);
#5794=ORIENTED_EDGE('',*,*,#8464,.T.);
#5795=CARTESIAN_POINT('',(0.1317512281193,2.5,-3.018682615972));
#5796=DIRECTION('',(0.506549025624294,0.0,0.862211160122089));
#5797=DIRECTION('',(0.0,-1.0,0.0));
#5798=ORIENTED_EDGE('',*,*,#9617,.T.);
#5799=ORIENTED_EDGE('',*,*,#9285,.F.);
#5800=ORIENTED_EDGE('',*,*,#9618,.F.);
#5801=ORIENTED_EDGE('',*,*,#8465,.T.);
#5802=CARTESIAN_POINT('',(0.107921443726,2.5,-3.012849282465));
#5803=DIRECTION('',(0.23777135915331,0.0,0.971321152228442));
#5804=DIRECTION('',(0.0,-1.0,0.0));
#5805=ORIENTED_EDGE('',*,*,#9618,.T.);
#5806=ORIENTED_EDGE('',*,*,#9284,.F.);
#5807=ORIENTED_EDGE('',*,*,#9619,.F.);
#5808=ORIENTED_EDGE('',*,*,#8466,.T.);
#5809=CARTESIAN_POINT('',(0.107921443726,2.5,-3.047849282465));
#5810=DIRECTION('',(-1.0,0.0,0.0));
#5811=DIRECTION('',(0.0,0.0,1.0));
#5812=ORIENTED_EDGE('',*,*,#9619,.T.);
#5813=ORIENTED_EDGE('',*,*,#9283,.F.);
#5814=ORIENTED_EDGE('',*,*,#9620,.F.);
#5815=ORIENTED_EDGE('',*,*,#8467,.T.);
#5816=CARTESIAN_POINT('',(0.125793782021,2.5,-3.053682614408));
#5817=DIRECTION('',(-0.310279998114283,0.0,-0.950645213931149));
#5818=DIRECTION('',(-0.950645213931149,0.0,0.310279998114283));
#5819=ORIENTED_EDGE('',*,*,#9620,.T.);
#5820=ORIENTED_EDGE('',*,*,#9282,.F.);
#5821=ORIENTED_EDGE('',*,*,#9621,.F.);
#5822=ORIENTED_EDGE('',*,*,#8468,.T.);
#5823=CARTESIAN_POINT('',(0.1436661244883,2.5,-3.071182614408));
#5824=DIRECTION('',(-0.699624751803604,0.0,-0.714510466448005));
#5825=DIRECTION('',(-0.714510466448005,0.0,0.699624751803604));
#5826=ORIENTED_EDGE('',*,*,#9621,.T.);
#5827=ORIENTED_EDGE('',*,*,#9281,.F.);
#5828=ORIENTED_EDGE('',*,*,#9622,.F.);
#5829=ORIENTED_EDGE('',*,*,#8469,.T.);
#5830=CARTESIAN_POINT('',(0.1496235705866,2.5,-3.09451594635));
#5831=DIRECTION('',(-0.9689177141588,0.0,-0.247383231423));
#5832=DIRECTION('',(-0.247383231423,0.0,0.9689177141588));
#5833=ORIENTED_EDGE('',*,*,#9622,.T.);
#5834=ORIENTED_EDGE('',*,*,#9280,.F.);
#5835=ORIENTED_EDGE('',*,*,#9623,.F.);
#5836=ORIENTED_EDGE('',*,*,#8470,.T.);
#5837=CARTESIAN_POINT('',(0.1496235705866,2.5,-3.14118261858));
#5838=DIRECTION('',(-1.0,0.0,0.0));
#5839=DIRECTION('',(0.0,0.0,1.0));
#5840=ORIENTED_EDGE('',*,*,#9623,.T.);
#5841=ORIENTED_EDGE('',*,*,#9279,.F.);
#5842=ORIENTED_EDGE('',*,*,#9624,.F.);
#5843=ORIENTED_EDGE('',*,*,#8471,.T.);
#5844=CARTESIAN_POINT('',(0.1436661244883,2.5,-3.164515954695));
#5845=DIRECTION('',(-0.968917724761795,0.0,0.247383189894599));
#5846=DIRECTION('',(0.0,1.0,0.0));
#5847=ORIENTED_EDGE('',*,*,#9624,.T.);
#5848=ORIENTED_EDGE('',*,*,#9278,.F.);
#5849=ORIENTED_EDGE('',*,*,#9625,.F.);
#5850=ORIENTED_EDGE('',*,*,#8472,.T.);
#5851=CARTESIAN_POINT('',(0.1317512281193,2.5,-3.182015954695));
#5852=DIRECTION('',(-0.826599187119053,0.0,0.562791065897568));
#5853=DIRECTION('',(0.0,1.0,0.0));
#5854=ORIENTED_EDGE('',*,*,#9625,.T.);
#5855=ORIENTED_EDGE('',*,*,#9277,.F.);
#5856=ORIENTED_EDGE('',*,*,#9626,.F.);
#5857=ORIENTED_EDGE('',*,*,#8473,.T.);
#5858=CARTESIAN_POINT('',(0.1138788898244,2.5,-3.193682610236));
#5859=DIRECTION('',(-0.546622181089484,0.0,0.837379359156276));
#5860=DIRECTION('',(0.0,1.0,0.0));
#5861=ORIENTED_EDGE('',*,*,#9626,.T.);
#5862=ORIENTED_EDGE('',*,*,#9276,.F.);
#5863=ORIENTED_EDGE('',*,*,#9627,.F.);
#5864=ORIENTED_EDGE('',*,*,#8474,.T.);
#5865=CARTESIAN_POINT('',(0.09600655152938,2.5,-3.193682610236));
#5866=DIRECTION('',(0.0,0.0,1.0));
#5867=DIRECTION('',(1.0,-0.0,0.0));
#5868=ORIENTED_EDGE('',*,*,#9627,.T.);
#5869=ORIENTED_EDGE('',*,*,#9275,.F.);
#5870=ORIENTED_EDGE('',*,*,#9628,.F.);
#5871=ORIENTED_EDGE('',*,*,#8475,.T.);
#5872=CARTESIAN_POINT('',(0.07813420488974,2.5,-3.182015954695));
#5873=DIRECTION('',(0.546622002128502,0.0,0.837379475977903));
#5874=DIRECTION('',(0.0,-1.0,0.0));
#5875=ORIENTED_EDGE('',*,*,#9628,.T.);
#5876=ORIENTED_EDGE('',*,*,#9274,.F.);
#5877=ORIENTED_EDGE('',*,*,#9629,.F.);
#5878=ORIENTED_EDGE('',*,*,#8476,.T.);
#5879=CARTESIAN_POINT('',(0.06621931269309,2.5,-3.164515954695));
#5880=DIRECTION('',(0.826599278799634,0.0,0.562790931241723));
#5881=DIRECTION('',(0.0,-1.0,0.0));
#5882=ORIENTED_EDGE('',*,*,#9629,.T.);
#5883=ORIENTED_EDGE('',*,*,#9273,.F.);
#5884=ORIENTED_EDGE('',*,*,#9630,.F.);
#5885=ORIENTED_EDGE('',*,*,#8477,.T.);
#5886=CARTESIAN_POINT('',(0.06026186659476,2.5,-3.14118261858));
#5887=DIRECTION('',(0.968917724761795,0.0,0.247383189894599));
#5888=DIRECTION('',(0.0,-1.0,0.0));
#5889=ORIENTED_EDGE('',*,*,#9630,.T.);
#5890=ORIENTED_EDGE('',*,*,#9272,.F.);
#5891=ORIENTED_EDGE('',*,*,#9631,.F.);
#5892=ORIENTED_EDGE('',*,*,#8478,.T.);
#5893=CARTESIAN_POINT('',(0.06026186659476,2.5,-3.10618261858));
#5894=DIRECTION('',(1.0,0.0,0.0));
#5895=DIRECTION('',(0.0,1.0,-0.0));
#5896=ORIENTED_EDGE('',*,*,#9631,.T.);
#5897=ORIENTED_EDGE('',*,*,#9271,.F.);
#5898=ORIENTED_EDGE('',*,*,#9632,.F.);
#5899=ORIENTED_EDGE('',*,*,#8479,.T.);
#5900=CARTESIAN_POINT('',(0.05430442049643,2.5,-3.082849282465));
#5901=DIRECTION('',(0.968917724761795,0.0,0.247383189894599));
#5902=DIRECTION('',(0.0,-1.0,0.0));
#5903=ORIENTED_EDGE('',*,*,#9632,.T.);
#5904=ORIENTED_EDGE('',*,*,#9270,.F.);
#5905=ORIENTED_EDGE('',*,*,#9633,.F.);
#5906=ORIENTED_EDGE('',*,*,#8480,.T.);
#5907=CARTESIAN_POINT('',(0.04238952829978,2.5,-3.059515950523));
#5908=DIRECTION('',(0.890605275886817,0.0,0.454777135048109));
#5909=DIRECTION('',(0.0,-1.0,0.0));
#5910=ORIENTED_EDGE('',*,*,#9633,.T.);
#5911=ORIENTED_EDGE('',*,*,#9269,.F.);
#5912=ORIENTED_EDGE('',*,*,#9634,.F.);
#5913=ORIENTED_EDGE('',*,*,#8481,.T.);
#5914=CARTESIAN_POINT('',(0.01855974390647,2.5,-3.036182616494));
#5915=DIRECTION('',(0.699624845831612,0.0,0.714510374378912));
#5916=DIRECTION('',(0.0,-1.0,0.0));
#5917=ORIENTED_EDGE('',*,*,#9634,.T.);
#5918=ORIENTED_EDGE('',*,*,#9268,.F.);
#5919=ORIENTED_EDGE('',*,*,#9635,.F.);
#5920=ORIENTED_EDGE('',*,*,#8482,.T.);
#5921=CARTESIAN_POINT('',(-0.005270040486845,2.5,-3.030349282465));
#5922=DIRECTION('',(0.237771379209795,0.0,0.97132114731878));
#5923=DIRECTION('',(0.0,-1.0,0.0));
#5924=ORIENTED_EDGE('',*,*,#9635,.T.);
#5925=ORIENTED_EDGE('',*,*,#9267,.F.);
#5926=ORIENTED_EDGE('',*,*,#9636,.F.);
#5927=ORIENTED_EDGE('',*,*,#8483,.T.);
#5928=CARTESIAN_POINT('',(-0.02909984156946,2.5,-3.030349282465));
#5929=DIRECTION('',(0.0,0.0,1.0));
#5930=DIRECTION('',(1.0,-0.0,0.0));
#5931=ORIENTED_EDGE('',*,*,#9636,.T.);
#5932=ORIENTED_EDGE('',*,*,#9266,.F.);
#5933=ORIENTED_EDGE('',*,*,#9637,.F.);
#5934=ORIENTED_EDGE('',*,*,#8484,.T.);
#5935=CARTESIAN_POINT('',(-0.05292962596277,2.5,-3.036182616494));
#5936=DIRECTION('',(-0.237771379209795,0.0,0.97132114731878));
#5937=DIRECTION('',(0.0,1.0,0.0));
#5938=ORIENTED_EDGE('',*,*,#9637,.T.);
#5939=ORIENTED_EDGE('',*,*,#9265,.F.);
#5940=ORIENTED_EDGE('',*,*,#9638,.F.);
#5941=ORIENTED_EDGE('',*,*,#8485,.T.);
#5942=CARTESIAN_POINT('',(-0.07675941035608,2.5,-3.059515950523));
#5943=DIRECTION('',(-0.699624845831612,0.0,0.714510374378912));
#5944=DIRECTION('',(0.0,1.0,0.0));
#5945=ORIENTED_EDGE('',*,*,#9638,.T.);
#5946=ORIENTED_EDGE('',*,*,#9264,.F.);
#5947=ORIENTED_EDGE('',*,*,#9639,.F.);
#5948=ORIENTED_EDGE('',*,*,#8486,.T.);
#5949=CARTESIAN_POINT('',(-0.08867430255273,2.5,-3.082849282465));
#5950=DIRECTION('',(-0.890605275886817,0.0,0.454777135048109));
#5951=DIRECTION('',(0.0,1.0,0.0));
#5952=ORIENTED_EDGE('',*,*,#9639,.T.);
#5953=ORIENTED_EDGE('',*,*,#9263,.F.);
#5954=ORIENTED_EDGE('',*,*,#9640,.F.);
#5955=ORIENTED_EDGE('',*,*,#8487,.T.);
#5956=CARTESIAN_POINT('',(-0.09463174865106,2.5,-3.10618261858));
#5957=DIRECTION('',(-0.968917724761795,0.0,0.247383189894599));
#5958=DIRECTION('',(0.0,1.0,0.0));
#5959=ORIENTED_EDGE('',*,*,#9640,.T.);
#5960=ORIENTED_EDGE('',*,*,#9262,.F.);
#5961=ORIENTED_EDGE('',*,*,#9641,.F.);
#5962=ORIENTED_EDGE('',*,*,#8488,.T.);
#5963=CARTESIAN_POINT('',(-0.09463174865106,2.5,-3.135349282465));
#5964=DIRECTION('',(-1.0,0.0,0.0));
#5965=DIRECTION('',(0.0,0.0,1.0));
#5966=ORIENTED_EDGE('',*,*,#9641,.T.);
#5967=ORIENTED_EDGE('',*,*,#9261,.F.);
#5968=ORIENTED_EDGE('',*,*,#9642,.F.);
#5969=ORIENTED_EDGE('',*,*,#8489,.T.);
#5970=CARTESIAN_POINT('',(-0.08867430255273,2.5,-3.164515954695));
#5971=DIRECTION('',(-0.979770716762512,0.0,-0.200123318418102));
#5972=DIRECTION('',(-0.200123318418102,0.0,0.979770716762512));
#5973=ORIENTED_EDGE('',*,*,#9642,.T.);
#5974=ORIENTED_EDGE('',*,*,#9260,.F.);
#5975=ORIENTED_EDGE('',*,*,#9643,.F.);
#5976=ORIENTED_EDGE('',*,*,#8490,.T.);
#5977=CARTESIAN_POINT('',(-0.07080196425775,2.5,-3.187849282465));
#5978=DIRECTION('',(-0.793878111008622,0.0,-0.608076923473817));
#5979=DIRECTION('',(-0.608076923473817,0.0,0.793878111008622));
#5980=ORIENTED_EDGE('',*,*,#9643,.T.);
#5981=ORIENTED_EDGE('',*,*,#9259,.F.);
#5982=ORIENTED_EDGE('',*,*,#9644,.F.);
#5983=ORIENTED_EDGE('',*,*,#8491,.T.);
#5984=CARTESIAN_POINT('',(-0.04697217986444,2.5,-3.205349282465));
#5985=DIRECTION('',(-0.591909548749597,0.0,-0.806004395831095));
#5986=DIRECTION('',(-0.806004395831095,0.0,0.591909548749597));
#5987=ORIENTED_EDGE('',*,*,#9644,.T.);
#5988=ORIENTED_EDGE('',*,*,#9258,.F.);
#5989=ORIENTED_EDGE('',*,*,#9645,.F.);
#5990=ORIENTED_EDGE('',*,*,#8492,.T.);
#5991=CARTESIAN_POINT('',(-0.02909984156946,2.5,-3.211182610236));
#5992=DIRECTION('',(-0.310279797550593,0.0,-0.950645279392878));
#5993=DIRECTION('',(-0.950645279392878,0.0,0.310279797550593));
#5994=ORIENTED_EDGE('',*,*,#9645,.T.);
#5995=ORIENTED_EDGE('',*,*,#9257,.F.);
#5996=ORIENTED_EDGE('',*,*,#9646,.F.);
#5997=ORIENTED_EDGE('',*,*,#8493,.T.);
#5998=CARTESIAN_POINT('',(-0.02909984156946,2.5,-3.176182610236));
#5999=DIRECTION('',(1.0,0.0,0.0));
#6000=DIRECTION('',(0.0,1.0,-0.0));
#6001=ORIENTED_EDGE('',*,*,#9646,.T.);
#6002=ORIENTED_EDGE('',*,*,#9256,.F.);
#6003=ORIENTED_EDGE('',*,*,#9647,.F.);
#6004=ORIENTED_EDGE('',*,*,#8494,.T.);
#6005=CARTESIAN_POINT('',(-0.04101473376611,2.5,-3.170349282465));
#6006=DIRECTION('',(0.439713157560209,0.0,0.898138262779418));
#6007=DIRECTION('',(0.0,-1.0,0.0));
#6008=ORIENTED_EDGE('',*,*,#9647,.T.);
#6009=ORIENTED_EDGE('',*,*,#9255,.F.);
#6010=ORIENTED_EDGE('',*,*,#9648,.F.);
#6011=ORIENTED_EDGE('',*,*,#8495,.T.);
#6012=CARTESIAN_POINT('',(-0.05292962596277,2.5,-3.158682610236));
#6013=DIRECTION('',(0.699625005501663,0.0,0.714510218035262));
#6014=DIRECTION('',(0.0,-1.0,0.0));
#6015=ORIENTED_EDGE('',*,*,#9648,.T.);
#6016=ORIENTED_EDGE('',*,*,#9254,.F.);
#6017=ORIENTED_EDGE('',*,*,#9649,.F.);
#6018=ORIENTED_EDGE('',*,*,#8496,.T.);
#6019=CARTESIAN_POINT('',(-0.05888707206109,2.5,-3.14118261858));
#6020=DIRECTION('',(0.946649870890543,0.0,0.322263901085615));
#6021=DIRECTION('',(0.0,-1.0,0.0));
#6022=ORIENTED_EDGE('',*,*,#9649,.T.);
#6023=ORIENTED_EDGE('',*,*,#9253,.F.);
#6024=ORIENTED_EDGE('',*,*,#9650,.F.);
#6025=ORIENTED_EDGE('',*,*,#8497,.T.);
#6026=CARTESIAN_POINT('',(-0.05888707206109,2.5,-3.10618261858));
#6027=DIRECTION('',(1.0,0.0,0.0));
#6028=DIRECTION('',(0.0,1.0,-0.0));
#6029=ORIENTED_EDGE('',*,*,#9650,.T.);
#6030=ORIENTED_EDGE('',*,*,#9252,.F.);
#6031=ORIENTED_EDGE('',*,*,#9651,.F.);
#6032=ORIENTED_EDGE('',*,*,#8498,.T.);
#6033=CARTESIAN_POINT('',(-0.05292962596277,2.5,-3.08868261858));
#6034=DIRECTION('',(0.946649917770008,0.0,-0.322263763377203));
#6035=DIRECTION('',(0.0,-1.0,0.0));
#6036=ORIENTED_EDGE('',*,*,#9651,.T.);
#6037=ORIENTED_EDGE('',*,*,#9251,.F.);
#6038=ORIENTED_EDGE('',*,*,#9652,.F.);
#6039=ORIENTED_EDGE('',*,*,#8499,.T.);
#6040=CARTESIAN_POINT('',(-0.04101473376611,2.5,-3.071182614408));
#6041=DIRECTION('',(0.8265993412204,0.0,-0.5627908395612));
#6042=DIRECTION('',(0.0,-1.0,0.0));
#6043=ORIENTED_EDGE('',*,*,#9652,.T.);
#6044=ORIENTED_EDGE('',*,*,#9250,.F.);
#6045=ORIENTED_EDGE('',*,*,#9653,.F.);
#6046=ORIENTED_EDGE('',*,*,#8500,.T.);
#6047=CARTESIAN_POINT('',(-0.02314237878183,2.5,-3.065349282465));
#6048=DIRECTION('',(0.310279736267584,0.0,-0.950645299394952));
#6049=DIRECTION('',(0.0,-1.0,0.0));
#6050=ORIENTED_EDGE('',*,*,#9653,.T.);
#6051=ORIENTED_EDGE('',*,*,#9249,.F.);
#6052=ORIENTED_EDGE('',*,*,#9654,.F.);
#6053=ORIENTED_EDGE('',*,*,#8501,.T.);
#6054=CARTESIAN_POINT('',(-0.01122748658517,2.5,-3.065349282465));
#6055=DIRECTION('',(0.0,0.0,-1.0));
#6056=DIRECTION('',(0.0,-1.0,0.0));
#6057=ORIENTED_EDGE('',*,*,#9654,.T.);
#6058=ORIENTED_EDGE('',*,*,#9248,.F.);
#6059=ORIENTED_EDGE('',*,*,#9655,.F.);
#6060=ORIENTED_EDGE('',*,*,#8502,.T.);
#6061=CARTESIAN_POINT('',(0.00664485170981,2.5,-3.071182614408));
#6062=DIRECTION('',(-0.310279998114283,0.0,-0.950645213931149));
#6063=DIRECTION('',(-0.950645213931149,0.0,0.310279998114283));
#6064=ORIENTED_EDGE('',*,*,#9655,.T.);
#6065=ORIENTED_EDGE('',*,*,#9247,.F.);
#6066=ORIENTED_EDGE('',*,*,#9656,.F.);
#6067=ORIENTED_EDGE('',*,*,#8503,.T.);
#6068=CARTESIAN_POINT('',(0.01855974390647,2.5,-3.08868261858));
#6069=DIRECTION('',(-0.8265993412204,0.0,-0.5627908395612));
#6070=DIRECTION('',(-0.5627908395612,0.0,0.8265993412204));
#6071=ORIENTED_EDGE('',*,*,#9656,.T.);
#6072=ORIENTED_EDGE('',*,*,#9246,.F.);
#6073=ORIENTED_EDGE('',*,*,#9657,.F.);
#6074=ORIENTED_EDGE('',*,*,#8504,.T.);
#6075=CARTESIAN_POINT('',(0.02451719000479,2.5,-3.10618261858));
#6076=DIRECTION('',(-0.946649917770008,0.0,-0.322263763377203));
#6077=DIRECTION('',(-0.322263763377203,0.0,0.946649917770008));
#6078=ORIENTED_EDGE('',*,*,#9657,.T.);
#6079=ORIENTED_EDGE('',*,*,#9245,.F.);
#6080=ORIENTED_EDGE('',*,*,#9658,.F.);
#6081=ORIENTED_EDGE('',*,*,#8505,.T.);
#6082=CARTESIAN_POINT('',(0.02451719000479,2.5,-3.14118261858));
#6083=DIRECTION('',(-1.0,0.0,0.0));
#6084=DIRECTION('',(0.0,0.0,1.0));
#6085=ORIENTED_EDGE('',*,*,#9658,.T.);
#6086=ORIENTED_EDGE('',*,*,#9244,.F.);
#6087=ORIENTED_EDGE('',*,*,#9659,.F.);
#6088=ORIENTED_EDGE('',*,*,#8506,.T.);
#6089=CARTESIAN_POINT('',(0.03047463610312,2.5,-3.170349282465));
#6090=DIRECTION('',(-0.979770705536111,0.0,-0.200123373380702));
#6091=DIRECTION('',(-0.200123373380702,0.0,0.979770705536111));
#6092=ORIENTED_EDGE('',*,*,#9659,.T.);
#6093=ORIENTED_EDGE('',*,*,#9243,.F.);
#6094=ORIENTED_EDGE('',*,*,#9660,.F.);
#6095=ORIENTED_EDGE('',*,*,#8507,.T.);
#6096=CARTESIAN_POINT('',(0.04238952829978,2.5,-3.193682610236));
#6097=DIRECTION('',(-0.890605242949786,0.0,-0.454777199549793));
#6098=DIRECTION('',(-0.454777199549793,0.0,0.890605242949786));
#6099=ORIENTED_EDGE('',*,*,#9660,.T.);
#6100=ORIENTED_EDGE('',*,*,#9242,.F.);
#6101=ORIENTED_EDGE('',*,*,#9661,.F.);
#6102=ORIENTED_EDGE('',*,*,#8508,.T.);
#6103=CARTESIAN_POINT('',(0.06621931269309,2.5,-3.217015954695));
#6104=DIRECTION('',(-0.699625005501663,0.0,-0.714510218035262));
#6105=DIRECTION('',(-0.714510218035262,0.0,0.699625005501663));
#6106=ORIENTED_EDGE('',*,*,#9661,.T.);
#6107=ORIENTED_EDGE('',*,*,#9241,.F.);
#6108=ORIENTED_EDGE('',*,*,#9662,.F.);
#6109=ORIENTED_EDGE('',*,*,#8509,.T.);
#6110=CARTESIAN_POINT('',(0.09004910543105,2.5,-3.228682610236));
#6111=DIRECTION('',(-0.439713033353818,0.0,-0.898138323588736));
#6112=DIRECTION('',(-0.898138323588736,0.0,0.439713033353818));
#6113=ORIENTED_EDGE('',*,*,#9662,.T.);
#6114=ORIENTED_EDGE('',*,*,#9240,.F.);
#6115=ORIENTED_EDGE('',*,*,#9609,.F.);
#6116=ORIENTED_EDGE('',*,*,#8510,.T.);
#6117=CARTESIAN_POINT('',(0.1198363359227,2.5,-3.228682610236));
#6118=DIRECTION('',(0.0,0.0,-1.0));
#6119=DIRECTION('',(0.0,-1.0,0.0));
#6120=ORIENTED_EDGE('',*,*,#9663,.T.);
#6121=ORIENTED_EDGE('',*,*,#9306,.F.);
#6122=ORIENTED_EDGE('',*,*,#9664,.F.);
#6123=ORIENTED_EDGE('',*,*,#8524,.T.);
#6124=CARTESIAN_POINT('',(-0.09463174865106,2.5,-3.275349282465));
#6125=DIRECTION('',(0.164398949168903,0.0,0.986393930188219));
#6126=DIRECTION('',(0.0,-1.0,0.0));
#6127=ORIENTED_EDGE('',*,*,#9664,.T.);
#6128=ORIENTED_EDGE('',*,*,#9305,.F.);
#6129=ORIENTED_EDGE('',*,*,#9665,.F.);
#6130=ORIENTED_EDGE('',*,*,#8512,.T.);
#6131=CARTESIAN_POINT('',(-0.09463174865106,2.5,-3.310349282465));
#6132=DIRECTION('',(-1.0,0.0,0.0));
#6133=DIRECTION('',(0.0,0.0,1.0));
#6134=ORIENTED_EDGE('',*,*,#9665,.T.);
#6135=ORIENTED_EDGE('',*,*,#9304,.F.);
#6136=ORIENTED_EDGE('',*,*,#9666,.F.);
#6137=ORIENTED_EDGE('',*,*,#8513,.T.);
#6138=CARTESIAN_POINT('',(0.1198363359227,2.5,-3.345349282465));
#6139=DIRECTION('',(-0.161063778195798,0.0,-0.986944000110085));
#6140=DIRECTION('',(-0.986944000110085,0.0,0.161063778195798));
#6141=ORIENTED_EDGE('',*,*,#9666,.T.);
#6142=ORIENTED_EDGE('',*,*,#9303,.F.);
#6143=ORIENTED_EDGE('',*,*,#9667,.F.);
#6144=ORIENTED_EDGE('',*,*,#8514,.T.);
#6145=CARTESIAN_POINT('',(-0.09463174865106,2.5,-3.392015938006));
#6146=DIRECTION('',(-0.212617402687294,0.0,0.977135527997273));
#6147=DIRECTION('',(0.0,1.0,0.0));
#6148=ORIENTED_EDGE('',*,*,#9667,.T.);
#6149=ORIENTED_EDGE('',*,*,#9302,.F.);
#6150=ORIENTED_EDGE('',*,*,#9668,.F.);
#6151=ORIENTED_EDGE('',*,*,#8515,.T.);
#6152=CARTESIAN_POINT('',(-0.09463174865106,2.5,-3.438682626925));
#6153=DIRECTION('',(-1.0,0.0,0.0));
#6154=DIRECTION('',(0.0,0.0,1.0));
#6155=ORIENTED_EDGE('',*,*,#9668,.T.);
#6156=ORIENTED_EDGE('',*,*,#9301,.F.);
#6157=ORIENTED_EDGE('',*,*,#9669,.F.);
#6158=ORIENTED_EDGE('',*,*,#8516,.T.);
#6159=CARTESIAN_POINT('',(0.1198363359227,2.5,-3.485349282465));
#6160=DIRECTION('',(-0.212617402687294,0.0,-0.977135527997273));
#6161=DIRECTION('',(-0.977135527997273,0.0,0.212617402687294));
#6162=ORIENTED_EDGE('',*,*,#9669,.T.);
#6163=ORIENTED_EDGE('',*,*,#9300,.F.);
#6164=ORIENTED_EDGE('',*,*,#9670,.F.);
#6165=ORIENTED_EDGE('',*,*,#8517,.T.);
#6166=CARTESIAN_POINT('',(-0.09463174865106,2.5,-3.520349282465));
#6167=DIRECTION('',(-0.1610637781957,0.0,0.986944000110101));
#6168=DIRECTION('',(0.0,1.0,0.0));
#6169=ORIENTED_EDGE('',*,*,#9670,.T.);
#6170=ORIENTED_EDGE('',*,*,#9299,.F.);
#6171=ORIENTED_EDGE('',*,*,#9671,.F.);
#6172=ORIENTED_EDGE('',*,*,#8518,.T.);
#6173=CARTESIAN_POINT('',(-0.09463174865106,2.5,-3.555349282465));
#6174=DIRECTION('',(-1.0,0.0,0.0));
#6175=DIRECTION('',(0.0,0.0,1.0));
#6176=ORIENTED_EDGE('',*,*,#9671,.T.);
#6177=ORIENTED_EDGE('',*,*,#9298,.F.);
#6178=ORIENTED_EDGE('',*,*,#9672,.F.);
#6179=ORIENTED_EDGE('',*,*,#8519,.T.);
#6180=CARTESIAN_POINT('',(0.1853682513489,2.5,-3.508682626925));
#6181=DIRECTION('',(0.164398949168903,0.0,-0.986393930188219));
#6182=DIRECTION('',(0.0,-1.0,0.0));
#6183=ORIENTED_EDGE('',*,*,#9672,.T.);
#6184=ORIENTED_EDGE('',*,*,#9297,.F.);
#6185=ORIENTED_EDGE('',*,*,#9673,.F.);
#6186=ORIENTED_EDGE('',*,*,#8520,.T.);
#6187=CARTESIAN_POINT('',(0.1853682513489,2.5,-3.462015938006));
#6188=DIRECTION('',(1.0,0.0,0.0));
#6189=DIRECTION('',(0.0,1.0,-0.0));
#6190=ORIENTED_EDGE('',*,*,#9673,.T.);
#6191=ORIENTED_EDGE('',*,*,#9296,.F.);
#6192=ORIENTED_EDGE('',*,*,#9674,.F.);
#6193=ORIENTED_EDGE('',*,*,#8521,.T.);
#6194=CARTESIAN_POINT('',(-0.04101473376611,2.5,-3.415349282465));
#6195=DIRECTION('',(0.201895272706698,0.0,0.979407115993491));
#6196=DIRECTION('',(0.0,-1.0,0.0));
#6197=ORIENTED_EDGE('',*,*,#9674,.T.);
#6198=ORIENTED_EDGE('',*,*,#9295,.F.);
#6199=ORIENTED_EDGE('',*,*,#9675,.F.);
#6200=ORIENTED_EDGE('',*,*,#8522,.T.);
#6201=CARTESIAN_POINT('',(0.1853682513489,2.5,-3.368682626925));
#6202=DIRECTION('',(0.201895272706698,0.0,-0.979407115993491));
#6203=DIRECTION('',(0.0,-1.0,0.0));
#6204=ORIENTED_EDGE('',*,*,#9675,.T.);
#6205=ORIENTED_EDGE('',*,*,#9294,.F.);
#6206=ORIENTED_EDGE('',*,*,#9663,.F.);
#6207=ORIENTED_EDGE('',*,*,#8523,.T.);
#6208=CARTESIAN_POINT('',(0.1853682513489,2.5,-3.322015938006));
#6209=DIRECTION('',(1.0,0.0,0.0));
#6210=DIRECTION('',(0.0,1.0,-0.0));
#6211=ORIENTED_EDGE('',*,*,#9676,.T.);
#6212=ORIENTED_EDGE('',*,*,#9310,.F.);
#6213=ORIENTED_EDGE('',*,*,#9677,.F.);
#6214=ORIENTED_EDGE('',*,*,#8528,.T.);
#6215=CARTESIAN_POINT('',(0.1853682513489,2.5,-3.637015971384));
#6216=DIRECTION('',(0.0,0.0,-1.0));
#6217=DIRECTION('',(0.0,-1.0,0.0));
#6218=ORIENTED_EDGE('',*,*,#9677,.T.);
#6219=ORIENTED_EDGE('',*,*,#9309,.F.);
#6220=ORIENTED_EDGE('',*,*,#9678,.F.);
#6221=ORIENTED_EDGE('',*,*,#8525,.T.);
#6222=CARTESIAN_POINT('',(0.1853682513489,2.5,-3.602015971384));
#6223=DIRECTION('',(1.0,0.0,0.0));
#6224=DIRECTION('',(0.0,1.0,-0.0));
#6225=ORIENTED_EDGE('',*,*,#9678,.T.);
#6226=ORIENTED_EDGE('',*,*,#9308,.F.);
#6227=ORIENTED_EDGE('',*,*,#9679,.F.);
#6228=ORIENTED_EDGE('',*,*,#8526,.T.);
#6229=CARTESIAN_POINT('',(-0.09463174865106,2.5,-3.602015971384));
#6230=DIRECTION('',(0.0,0.0,1.0));
#6231=DIRECTION('',(1.0,-0.0,0.0));
#6232=ORIENTED_EDGE('',*,*,#9679,.T.);
#6233=ORIENTED_EDGE('',*,*,#9307,.F.);
#6234=ORIENTED_EDGE('',*,*,#9676,.F.);
#6235=ORIENTED_EDGE('',*,*,#8527,.T.);
#6236=CARTESIAN_POINT('',(-0.09463174865106,2.5,-3.637015971384));
#6237=DIRECTION('',(-1.0,0.0,0.0));
#6238=DIRECTION('',(0.0,0.0,1.0));
#6239=ORIENTED_EDGE('',*,*,#9680,.T.);
#6240=ORIENTED_EDGE('',*,*,#9318,.F.);
#6241=ORIENTED_EDGE('',*,*,#9681,.F.);
#6242=ORIENTED_EDGE('',*,*,#8536,.T.);
#6243=CARTESIAN_POINT('',(-0.06484451815942,2.5,-3.777015971384));
#6244=DIRECTION('',(0.0,0.0,1.0));
#6245=DIRECTION('',(1.0,-0.0,0.0));
#6246=ORIENTED_EDGE('',*,*,#9681,.T.);
#6247=ORIENTED_EDGE('',*,*,#9317,.F.);
#6248=ORIENTED_EDGE('',*,*,#9682,.F.);
#6249=ORIENTED_EDGE('',*,*,#8529,.T.);
#6250=CARTESIAN_POINT('',(-0.06484451815942,2.5,-3.683682593546));
#6251=DIRECTION('',(1.0,0.0,0.0));
#6252=DIRECTION('',(0.0,1.0,-0.0));
#6253=ORIENTED_EDGE('',*,*,#9682,.T.);
#6254=ORIENTED_EDGE('',*,*,#9316,.F.);
#6255=ORIENTED_EDGE('',*,*,#9683,.F.);
#6256=ORIENTED_EDGE('',*,*,#8530,.T.);
#6257=CARTESIAN_POINT('',(-0.09463174865106,2.5,-3.683682593546));
#6258=DIRECTION('',(0.0,0.0,1.0));
#6259=DIRECTION('',(1.0,-0.0,0.0));
#6260=ORIENTED_EDGE('',*,*,#9683,.T.);
#6261=ORIENTED_EDGE('',*,*,#9315,.F.);
#6262=ORIENTED_EDGE('',*,*,#9684,.F.);
#6263=ORIENTED_EDGE('',*,*,#8531,.T.);
#6264=CARTESIAN_POINT('',(-0.09463174865106,2.5,-3.905349282465));
#6265=DIRECTION('',(-1.0,0.0,0.0));
#6266=DIRECTION('',(0.0,0.0,1.0));
#6267=ORIENTED_EDGE('',*,*,#9684,.T.);
#6268=ORIENTED_EDGE('',*,*,#9314,.F.);
#6269=ORIENTED_EDGE('',*,*,#9685,.F.);
#6270=ORIENTED_EDGE('',*,*,#8532,.T.);
#6271=CARTESIAN_POINT('',(-0.06484451815942,2.5,-3.905349282465));
#6272=DIRECTION('',(0.0,0.0,-1.0));
#6273=DIRECTION('',(0.0,-1.0,0.0));
#6274=ORIENTED_EDGE('',*,*,#9685,.T.);
#6275=ORIENTED_EDGE('',*,*,#9313,.F.);
#6276=ORIENTED_EDGE('',*,*,#9686,.F.);
#6277=ORIENTED_EDGE('',*,*,#8533,.T.);
#6278=CARTESIAN_POINT('',(-0.06484451815942,2.5,-3.812015971384));
#6279=DIRECTION('',(1.0,0.0,0.0));
#6280=DIRECTION('',(0.0,1.0,-0.0));
#6281=ORIENTED_EDGE('',*,*,#9686,.T.);
#6282=ORIENTED_EDGE('',*,*,#9312,.F.);
#6283=ORIENTED_EDGE('',*,*,#9687,.F.);
#6284=ORIENTED_EDGE('',*,*,#8534,.T.);
#6285=CARTESIAN_POINT('',(0.1853682513489,2.5,-3.812015971384));
#6286=DIRECTION('',(0.0,0.0,-1.0));
#6287=DIRECTION('',(0.0,-1.0,0.0));
#6288=ORIENTED_EDGE('',*,*,#9687,.T.);
#6289=ORIENTED_EDGE('',*,*,#9311,.F.);
#6290=ORIENTED_EDGE('',*,*,#9680,.F.);
#6291=ORIENTED_EDGE('',*,*,#8535,.T.);
#6292=CARTESIAN_POINT('',(0.1853682513489,2.5,-3.777015971384));
#6293=DIRECTION('',(1.0,0.0,0.0));
#6294=DIRECTION('',(0.0,1.0,-0.0));
#6295=ORIENTED_EDGE('',*,*,#9688,.T.);
#6296=ORIENTED_EDGE('',*,*,#9358,.F.);
#6297=ORIENTED_EDGE('',*,*,#9689,.F.);
#6298=ORIENTED_EDGE('',*,*,#8576,.T.);
#6299=CARTESIAN_POINT('',(0.1138788898244,2.5,-3.992849282465));
#6300=DIRECTION('',(-0.237770496720602,0.0,-0.971321363344407));
#6301=DIRECTION('',(-0.971321363344407,0.0,0.237770496720602));
#6302=ORIENTED_EDGE('',*,*,#9689,.T.);
#6303=ORIENTED_EDGE('',*,*,#9357,.F.);
#6304=ORIENTED_EDGE('',*,*,#9690,.F.);
#6305=ORIENTED_EDGE('',*,*,#8537,.T.);
#6306=CARTESIAN_POINT('',(0.1317512281193,2.5,-4.004515971384));
#6307=DIRECTION('',(-0.546623277701382,0.0,-0.837378643311972));
#6308=DIRECTION('',(-0.837378643311972,0.0,0.546623277701382));
#6309=ORIENTED_EDGE('',*,*,#9690,.T.);
#6310=ORIENTED_EDGE('',*,*,#9356,.F.);
#6311=ORIENTED_EDGE('',*,*,#9691,.F.);
#6312=ORIENTED_EDGE('',*,*,#8538,.T.);
#6313=CARTESIAN_POINT('',(0.1436661244883,2.5,-4.022015971384));
#6314=DIRECTION('',(-0.8265991871191,0.0,-0.5627910658975));
#6315=DIRECTION('',(-0.5627910658975,0.0,0.8265991871191));
#6316=ORIENTED_EDGE('',*,*,#9691,.T.);
#6317=ORIENTED_EDGE('',*,*,#9355,.F.);
#6318=ORIENTED_EDGE('',*,*,#9692,.F.);
#6319=ORIENTED_EDGE('',*,*,#8539,.T.);
#6320=CARTESIAN_POINT('',(0.1496235705866,2.5,-4.045349282465));
#6321=DIRECTION('',(-0.968917661143723,0.0,-0.247383439065306));
#6322=DIRECTION('',(-0.247383439065306,0.0,0.968917661143723));
#6323=ORIENTED_EDGE('',*,*,#9692,.T.);
#6324=ORIENTED_EDGE('',*,*,#9354,.F.);
#6325=ORIENTED_EDGE('',*,*,#9693,.F.);
#6326=ORIENTED_EDGE('',*,*,#8540,.T.);
#6327=CARTESIAN_POINT('',(0.1496235705866,2.5,-4.097849282465));
#6328=DIRECTION('',(-1.0,0.0,0.0));
#6329=DIRECTION('',(0.0,0.0,1.0));
#6330=ORIENTED_EDGE('',*,*,#9693,.T.);
#6331=ORIENTED_EDGE('',*,*,#9353,.F.);
#6332=ORIENTED_EDGE('',*,*,#9694,.F.);
#6333=ORIENTED_EDGE('',*,*,#8541,.T.);
#6334=CARTESIAN_POINT('',(0.1436661244883,2.5,-4.121182593546));
#6335=DIRECTION('',(-0.968917661143723,0.0,0.247383439065306));
#6336=DIRECTION('',(0.0,1.0,0.0));
#6337=ORIENTED_EDGE('',*,*,#9694,.T.);
#6338=ORIENTED_EDGE('',*,*,#9352,.F.);
#6339=ORIENTED_EDGE('',*,*,#9695,.F.);
#6340=ORIENTED_EDGE('',*,*,#8542,.T.);
#6341=CARTESIAN_POINT('',(0.1317512281193,2.5,-4.138682660303));
#6342=DIRECTION('',(-0.826600185848235,0.0,0.562789599011624));
#6343=DIRECTION('',(0.0,1.0,0.0));
#6344=ORIENTED_EDGE('',*,*,#9695,.T.);
#6345=ORIENTED_EDGE('',*,*,#9351,.F.);
#6346=ORIENTED_EDGE('',*,*,#9696,.F.);
#6347=ORIENTED_EDGE('',*,*,#8543,.T.);
#6348=CARTESIAN_POINT('',(0.1138788898244,2.5,-4.144515904627));
#6349=DIRECTION('',(-0.310275786269109,0.0,0.950646588620128));
#6350=DIRECTION('',(0.0,1.0,0.0));
#6351=ORIENTED_EDGE('',*,*,#9696,.T.);
#6352=ORIENTED_EDGE('',*,*,#9350,.F.);
#6353=ORIENTED_EDGE('',*,*,#9697,.F.);
#6354=ORIENTED_EDGE('',*,*,#8544,.T.);
#6355=CARTESIAN_POINT('',(0.1138788898244,2.5,-4.179515904627));
#6356=DIRECTION('',(-1.0,0.0,0.0));
#6357=DIRECTION('',(0.0,0.0,1.0));
#6358=ORIENTED_EDGE('',*,*,#9697,.T.);
#6359=ORIENTED_EDGE('',*,*,#9349,.F.);
#6360=ORIENTED_EDGE('',*,*,#9698,.F.);
#6361=ORIENTED_EDGE('',*,*,#8545,.T.);
#6362=CARTESIAN_POINT('',(0.1436661244883,2.5,-4.173682660303));
#6363=DIRECTION('',(0.192180003319093,0.0,-0.981359692632764));
#6364=DIRECTION('',(0.0,-1.0,0.0));
#6365=ORIENTED_EDGE('',*,*,#9698,.T.);
#6366=ORIENTED_EDGE('',*,*,#9348,.F.);
#6367=ORIENTED_EDGE('',*,*,#9699,.F.);
#6368=ORIENTED_EDGE('',*,*,#8546,.T.);
#6369=CARTESIAN_POINT('',(0.1674959109678,2.5,-4.150349282465));
#6370=DIRECTION('',(0.699625485176478,0.0,-0.714509748353077));
#6371=DIRECTION('',(0.0,-1.0,0.0));
#6372=ORIENTED_EDGE('',*,*,#9699,.T.);
#6373=ORIENTED_EDGE('',*,*,#9347,.F.);
#6374=ORIENTED_EDGE('',*,*,#9700,.F.);
#6375=ORIENTED_EDGE('',*,*,#8547,.T.);
#6376=CARTESIAN_POINT('',(0.1794108047291,2.5,-4.127015971384));
#6377=DIRECTION('',(0.890605087013583,0.0,-0.454777504924691));
#6378=DIRECTION('',(0.0,-1.0,0.0));
#6379=ORIENTED_EDGE('',*,*,#9700,.T.);
#6380=ORIENTED_EDGE('',*,*,#9346,.F.);
#6381=ORIENTED_EDGE('',*,*,#9701,.F.);
#6382=ORIENTED_EDGE('',*,*,#8548,.T.);
#6383=CARTESIAN_POINT('',(0.1853682513489,2.5,-4.097849282465));
#6384=DIRECTION('',(0.979770735780165,0.0,-0.200123225310793));
#6385=DIRECTION('',(0.0,-1.0,0.0));
#6386=ORIENTED_EDGE('',*,*,#9701,.T.);
#6387=ORIENTED_EDGE('',*,*,#9345,.F.);
#6388=ORIENTED_EDGE('',*,*,#9702,.F.);
#6389=ORIENTED_EDGE('',*,*,#8549,.T.);
#6390=CARTESIAN_POINT('',(0.1853682513489,2.5,-4.045349282465));
#6391=DIRECTION('',(1.0,0.0,0.0));
#6392=DIRECTION('',(0.0,1.0,-0.0));
#6393=ORIENTED_EDGE('',*,*,#9702,.T.);
#6394=ORIENTED_EDGE('',*,*,#9344,.F.);
#6395=ORIENTED_EDGE('',*,*,#9703,.F.);
#6396=ORIENTED_EDGE('',*,*,#8550,.T.);
#6397=CARTESIAN_POINT('',(0.1794108047291,2.5,-4.016182593546));
#6398=DIRECTION('',(0.979770735780165,0.0,0.200123225310793));
#6399=DIRECTION('',(0.0,-1.0,0.0));
#6400=ORIENTED_EDGE('',*,*,#9703,.T.);
#6401=ORIENTED_EDGE('',*,*,#9343,.F.);
#6402=ORIENTED_EDGE('',*,*,#9704,.F.);
#6403=ORIENTED_EDGE('',*,*,#8551,.T.);
#6404=CARTESIAN_POINT('',(0.1674959109678,2.5,-3.992849282465));
#6405=DIRECTION('',(0.890605087013583,0.0,0.454777504924691));
#6406=DIRECTION('',(0.0,-1.0,0.0));
#6407=ORIENTED_EDGE('',*,*,#9704,.T.);
#6408=ORIENTED_EDGE('',*,*,#9342,.F.);
#6409=ORIENTED_EDGE('',*,*,#9705,.F.);
#6410=ORIENTED_EDGE('',*,*,#8552,.T.);
#6411=CARTESIAN_POINT('',(0.1436661244883,2.5,-3.969515971384));
#6412=DIRECTION('',(0.699624463288314,0.0,0.714510748952414));
#6413=DIRECTION('',(0.0,-1.0,0.0));
#6414=ORIENTED_EDGE('',*,*,#9705,.T.);
#6415=ORIENTED_EDGE('',*,*,#9341,.F.);
#6416=ORIENTED_EDGE('',*,*,#9706,.F.);
#6417=ORIENTED_EDGE('',*,*,#8553,.T.);
#6418=CARTESIAN_POINT('',(0.1198363359227,2.5,-3.957849282465));
#6419=DIRECTION('',(0.439714110249412,0.0,0.898137796358425));
#6420=DIRECTION('',(0.0,-1.0,0.0));
#6421=ORIENTED_EDGE('',*,*,#9706,.T.);
#6422=ORIENTED_EDGE('',*,*,#9340,.F.);
#6423=ORIENTED_EDGE('',*,*,#9707,.F.);
#6424=ORIENTED_EDGE('',*,*,#8554,.T.);
#6425=CARTESIAN_POINT('',(0.09004910543105,2.5,-3.952015971384));
#6426=DIRECTION('',(0.192182147372601,0.0,0.981359272759603));
#6427=DIRECTION('',(0.0,-1.0,0.0));
#6428=ORIENTED_EDGE('',*,*,#9707,.T.);
#6429=ORIENTED_EDGE('',*,*,#9339,.F.);
#6430=ORIENTED_EDGE('',*,*,#9708,.F.);
#6431=ORIENTED_EDGE('',*,*,#8555,.T.);
#6432=CARTESIAN_POINT('',(0.0006874056114826,2.5,-3.952015971384));
#6433=DIRECTION('',(0.0,0.0,1.0));
#6434=DIRECTION('',(1.0,-0.0,0.0));
#6435=ORIENTED_EDGE('',*,*,#9708,.T.);
#6436=ORIENTED_EDGE('',*,*,#9338,.F.);
#6437=ORIENTED_EDGE('',*,*,#9709,.F.);
#6438=ORIENTED_EDGE('',*,*,#8556,.T.);
#6439=CARTESIAN_POINT('',(-0.02909984156946,2.5,-3.957849282465));
#6440=DIRECTION('',(-0.192182043672993,0.0,0.981359293067362));
#6441=DIRECTION('',(0.0,1.0,0.0));
#6442=ORIENTED_EDGE('',*,*,#9709,.T.);
#6443=ORIENTED_EDGE('',*,*,#9337,.F.);
#6444=ORIENTED_EDGE('',*,*,#9710,.F.);
#6445=ORIENTED_EDGE('',*,*,#8557,.T.);
#6446=CARTESIAN_POINT('',(-0.05292962596277,2.5,-3.969515971384));
#6447=DIRECTION('',(-0.439714172352712,0.0,0.898137765953625));
#6448=DIRECTION('',(0.0,1.0,0.0));
#6449=ORIENTED_EDGE('',*,*,#9710,.T.);
#6450=ORIENTED_EDGE('',*,*,#9336,.F.);
#6451=ORIENTED_EDGE('',*,*,#9711,.F.);
#6452=ORIENTED_EDGE('',*,*,#8558,.T.);
#6453=CARTESIAN_POINT('',(-0.07675941035608,2.5,-3.992849282465));
#6454=DIRECTION('',(-0.699624494557094,0.0,0.714510718335093));
#6455=DIRECTION('',(0.0,1.0,0.0));
#6456=ORIENTED_EDGE('',*,*,#9711,.T.);
#6457=ORIENTED_EDGE('',*,*,#9335,.F.);
#6458=ORIENTED_EDGE('',*,*,#9712,.F.);
#6459=ORIENTED_EDGE('',*,*,#8559,.T.);
#6460=CARTESIAN_POINT('',(-0.08867430255273,2.5,-4.016182593546));
#6461=DIRECTION('',(-0.890605111201675,0.0,0.454777457556387));
#6462=DIRECTION('',(0.0,1.0,0.0));
#6463=ORIENTED_EDGE('',*,*,#9712,.T.);
#6464=ORIENTED_EDGE('',*,*,#9334,.F.);
#6465=ORIENTED_EDGE('',*,*,#9713,.F.);
#6466=ORIENTED_EDGE('',*,*,#8560,.T.);
#6467=CARTESIAN_POINT('',(-0.09463174865106,2.5,-4.045349282465));
#6468=DIRECTION('',(-0.979770739215325,0.0,0.200123208492805));
#6469=DIRECTION('',(0.0,1.0,0.0));
#6470=ORIENTED_EDGE('',*,*,#9713,.T.);
#6471=ORIENTED_EDGE('',*,*,#9333,.F.);
#6472=ORIENTED_EDGE('',*,*,#9714,.F.);
#6473=ORIENTED_EDGE('',*,*,#8561,.T.);
#6474=CARTESIAN_POINT('',(-0.09463174865106,2.5,-4.097849282465));
#6475=DIRECTION('',(-1.0,0.0,0.0));
#6476=DIRECTION('',(0.0,0.0,1.0));
#6477=ORIENTED_EDGE('',*,*,#9714,.T.);
#6478=ORIENTED_EDGE('',*,*,#9332,.F.);
#6479=ORIENTED_EDGE('',*,*,#9715,.F.);
#6480=ORIENTED_EDGE('',*,*,#8562,.T.);
#6481=CARTESIAN_POINT('',(-0.08867430255273,2.5,-4.127015971384));
#6482=DIRECTION('',(-0.979770739215325,0.0,-0.200123208492805));
#6483=DIRECTION('',(-0.200123208492805,0.0,0.979770739215325));
#6484=ORIENTED_EDGE('',*,*,#9715,.T.);
#6485=ORIENTED_EDGE('',*,*,#9331,.F.);
#6486=ORIENTED_EDGE('',*,*,#9716,.F.);
#6487=ORIENTED_EDGE('',*,*,#8563,.T.);
#6488=CARTESIAN_POINT('',(-0.07675941035608,2.5,-4.150349282465));
#6489=DIRECTION('',(-0.890605111201675,0.0,-0.454777457556387));
#6490=DIRECTION('',(-0.454777457556387,0.0,0.890605111201675));
#6491=ORIENTED_EDGE('',*,*,#9716,.T.);
#6492=ORIENTED_EDGE('',*,*,#9330,.F.);
#6493=ORIENTED_EDGE('',*,*,#9717,.F.);
#6494=ORIENTED_EDGE('',*,*,#8564,.T.);
#6495=CARTESIAN_POINT('',(-0.05292962596277,2.5,-4.173682660303));
#6496=DIRECTION('',(-0.699625516445213,0.0,-0.714509717735713));
#6497=DIRECTION('',(-0.714509717735713,0.0,0.699625516445213));
#6498=ORIENTED_EDGE('',*,*,#9717,.T.);
#6499=ORIENTED_EDGE('',*,*,#9329,.F.);
#6500=ORIENTED_EDGE('',*,*,#9718,.F.);
#6501=ORIENTED_EDGE('',*,*,#8565,.T.);
#6502=CARTESIAN_POINT('',(-0.02314237878183,2.5,-4.179515904627));
#6503=DIRECTION('',(-0.192179925545209,0.0,-0.981359707863247));
#6504=DIRECTION('',(-0.981359707863247,0.0,0.192179925545209));
#6505=ORIENTED_EDGE('',*,*,#9718,.T.);
#6506=ORIENTED_EDGE('',*,*,#9328,.F.);
#6507=ORIENTED_EDGE('',*,*,#9719,.F.);
#6508=ORIENTED_EDGE('',*,*,#8566,.T.);
#6509=CARTESIAN_POINT('',(-0.02314237878183,2.5,-4.144515904627));
#6510=DIRECTION('',(1.0,0.0,0.0));
#6511=DIRECTION('',(0.0,1.0,-0.0));
#6512=ORIENTED_EDGE('',*,*,#9719,.T.);
#6513=ORIENTED_EDGE('',*,*,#9327,.F.);
#6514=ORIENTED_EDGE('',*,*,#9720,.F.);
#6515=ORIENTED_EDGE('',*,*,#8567,.T.);
#6516=CARTESIAN_POINT('',(-0.04101473376611,2.5,-4.138682660303));
#6517=DIRECTION('',(0.310275524425181,0.0,0.950646674081743));
#6518=DIRECTION('',(0.0,-1.0,0.0));
#6519=ORIENTED_EDGE('',*,*,#9720,.T.);
#6520=ORIENTED_EDGE('',*,*,#9326,.F.);
#6521=ORIENTED_EDGE('',*,*,#9721,.F.);
#6522=ORIENTED_EDGE('',*,*,#8568,.T.);
#6523=CARTESIAN_POINT('',(-0.05292962596277,2.5,-4.121182593546));
#6524=DIRECTION('',(0.826600277528435,0.0,0.562789464355824));
#6525=DIRECTION('',(0.0,-1.0,0.0));
#6526=ORIENTED_EDGE('',*,*,#9721,.T.);
#6527=ORIENTED_EDGE('',*,*,#9325,.F.);
#6528=ORIENTED_EDGE('',*,*,#9722,.F.);
#6529=ORIENTED_EDGE('',*,*,#8569,.T.);
#6530=CARTESIAN_POINT('',(-0.05888707206109,2.5,-4.097849282465));
#6531=DIRECTION('',(0.968917661143723,0.0,0.247383439065306));
#6532=DIRECTION('',(0.0,-1.0,0.0));
#6533=ORIENTED_EDGE('',*,*,#9722,.T.);
#6534=ORIENTED_EDGE('',*,*,#9324,.F.);
#6535=ORIENTED_EDGE('',*,*,#9723,.F.);
#6536=ORIENTED_EDGE('',*,*,#8570,.T.);
#6537=CARTESIAN_POINT('',(-0.05888707206109,2.5,-4.045349282465));
#6538=DIRECTION('',(1.0,0.0,0.0));
#6539=DIRECTION('',(0.0,1.0,-0.0));
#6540=ORIENTED_EDGE('',*,*,#9723,.T.);
#6541=ORIENTED_EDGE('',*,*,#9323,.F.);
#6542=ORIENTED_EDGE('',*,*,#9724,.F.);
#6543=ORIENTED_EDGE('',*,*,#8571,.T.);
#6544=CARTESIAN_POINT('',(-0.05292962596277,2.5,-4.022015971384));
#6545=DIRECTION('',(0.968917661143723,0.0,-0.247383439065306));
#6546=DIRECTION('',(0.0,-1.0,0.0));
#6547=ORIENTED_EDGE('',*,*,#9724,.T.);
#6548=ORIENTED_EDGE('',*,*,#9322,.F.);
#6549=ORIENTED_EDGE('',*,*,#9725,.F.);
#6550=ORIENTED_EDGE('',*,*,#8572,.T.);
#6551=CARTESIAN_POINT('',(-0.04101473376611,2.5,-4.004515971384));
#6552=DIRECTION('',(0.826599278799634,0.0,-0.562790931241723));
#6553=DIRECTION('',(0.0,-1.0,0.0));
#6554=ORIENTED_EDGE('',*,*,#9725,.T.);
#6555=ORIENTED_EDGE('',*,*,#9321,.F.);
#6556=ORIENTED_EDGE('',*,*,#9726,.F.);
#6557=ORIENTED_EDGE('',*,*,#8573,.T.);
#6558=CARTESIAN_POINT('',(-0.02314237878183,2.5,-3.992849282465));
#6559=DIRECTION('',(0.546622919779378,0.0,-0.837378876955866));
#6560=DIRECTION('',(0.0,-1.0,0.0));
#6561=ORIENTED_EDGE('',*,*,#9726,.T.);
#6562=ORIENTED_EDGE('',*,*,#9320,.F.);
#6563=ORIENTED_EDGE('',*,*,#9727,.F.);
#6564=ORIENTED_EDGE('',*,*,#8574,.T.);
#6565=CARTESIAN_POINT('',(0.0006874056114826,2.5,-3.987015971384));
#6566=DIRECTION('',(0.237770496720602,0.0,-0.971321363344407));
#6567=DIRECTION('',(0.0,-1.0,0.0));
#6568=ORIENTED_EDGE('',*,*,#9727,.T.);
#6569=ORIENTED_EDGE('',*,*,#9319,.F.);
#6570=ORIENTED_EDGE('',*,*,#9688,.F.);
#6571=ORIENTED_EDGE('',*,*,#8575,.T.);
#6572=CARTESIAN_POINT('',(0.09004910543105,2.5,-3.987015971384));
#6573=DIRECTION('',(0.0,0.0,-1.0));
#6574=DIRECTION('',(0.0,-1.0,0.0));
#6575=ORIENTED_EDGE('',*,*,#9728,.T.);
#6576=ORIENTED_EDGE('',*,*,#9370,.F.);
#6577=ORIENTED_EDGE('',*,*,#9729,.F.);
#6578=ORIENTED_EDGE('',*,*,#8588,.T.);
#6579=CARTESIAN_POINT('',(0.1853682513489,2.5,-4.261182660303));
#6580=DIRECTION('',(0.0,0.0,-1.0));
#6581=DIRECTION('',(0.0,-1.0,0.0));
#6582=ORIENTED_EDGE('',*,*,#9729,.T.);
#6583=ORIENTED_EDGE('',*,*,#9369,.F.);
#6584=ORIENTED_EDGE('',*,*,#9730,.F.);
#6585=ORIENTED_EDGE('',*,*,#8577,.T.);
#6586=CARTESIAN_POINT('',(0.1853682513489,2.5,-4.226182660303));
#6587=DIRECTION('',(1.0,0.0,0.0));
#6588=DIRECTION('',(0.0,1.0,-0.0));
#6589=ORIENTED_EDGE('',*,*,#9730,.T.);
#6590=ORIENTED_EDGE('',*,*,#9368,.F.);
#6591=ORIENTED_EDGE('',*,*,#9731,.F.);
#6592=ORIENTED_EDGE('',*,*,#8578,.T.);
#6593=CARTESIAN_POINT('',(-0.09463174865106,2.5,-4.226182660303));
#6594=DIRECTION('',(0.0,0.0,1.0));
#6595=DIRECTION('',(1.0,-0.0,0.0));
#6596=ORIENTED_EDGE('',*,*,#9731,.T.);
#6597=ORIENTED_EDGE('',*,*,#9367,.F.);
#6598=ORIENTED_EDGE('',*,*,#9732,.F.);
#6599=ORIENTED_EDGE('',*,*,#8579,.T.);
#6600=CARTESIAN_POINT('',(-0.09463174865106,2.5,-4.261182660303));
#6601=DIRECTION('',(-1.0,0.0,0.0));
#6602=DIRECTION('',(0.0,0.0,1.0));
#6603=ORIENTED_EDGE('',*,*,#9732,.T.);
#6604=ORIENTED_EDGE('',*,*,#9366,.F.);
#6605=ORIENTED_EDGE('',*,*,#9733,.F.);
#6606=ORIENTED_EDGE('',*,*,#8580,.T.);
#6607=CARTESIAN_POINT('',(0.01855974390647,2.5,-4.261182660303));
#6608=DIRECTION('',(0.0,0.0,-1.0));
#6609=DIRECTION('',(0.0,-1.0,0.0));
#6610=ORIENTED_EDGE('',*,*,#9733,.T.);
#6611=ORIENTED_EDGE('',*,*,#9365,.F.);
#6612=ORIENTED_EDGE('',*,*,#9734,.F.);
#6613=ORIENTED_EDGE('',*,*,#8581,.T.);
#6614=CARTESIAN_POINT('',(0.01855974390647,2.5,-4.424515904627));
#6615=DIRECTION('',(-1.0,0.0,0.0));
#6616=DIRECTION('',(0.0,0.0,1.0));
#6617=ORIENTED_EDGE('',*,*,#9734,.T.);
#6618=ORIENTED_EDGE('',*,*,#9364,.F.);
#6619=ORIENTED_EDGE('',*,*,#9735,.F.);
#6620=ORIENTED_EDGE('',*,*,#8582,.T.);
#6621=CARTESIAN_POINT('',(-0.09463174865106,2.5,-4.424515904627));
#6622=DIRECTION('',(0.0,0.0,1.0));
#6623=DIRECTION('',(1.0,-0.0,0.0));
#6624=ORIENTED_EDGE('',*,*,#9735,.T.);
#6625=ORIENTED_EDGE('',*,*,#9363,.F.);
#6626=ORIENTED_EDGE('',*,*,#9736,.F.);
#6627=ORIENTED_EDGE('',*,*,#8583,.T.);
#6628=CARTESIAN_POINT('',(-0.09463174865106,2.5,-4.459515904627));
#6629=DIRECTION('',(-1.0,0.0,0.0));
#6630=DIRECTION('',(0.0,0.0,1.0));
#6631=ORIENTED_EDGE('',*,*,#9736,.T.);
#6632=ORIENTED_EDGE('',*,*,#9362,.F.);
#6633=ORIENTED_EDGE('',*,*,#9737,.F.);
#6634=ORIENTED_EDGE('',*,*,#8584,.T.);
#6635=CARTESIAN_POINT('',(0.1853682513489,2.5,-4.459515904627));
#6636=DIRECTION('',(0.0,0.0,-1.0));
#6637=DIRECTION('',(0.0,-1.0,0.0));
#6638=ORIENTED_EDGE('',*,*,#9737,.T.);
#6639=ORIENTED_EDGE('',*,*,#9361,.F.);
#6640=ORIENTED_EDGE('',*,*,#9738,.F.);
#6641=ORIENTED_EDGE('',*,*,#8585,.T.);
#6642=CARTESIAN_POINT('',(0.1853682513489,2.5,-4.424515904627));
#6643=DIRECTION('',(1.0,0.0,0.0));
#6644=DIRECTION('',(0.0,1.0,-0.0));
#6645=ORIENTED_EDGE('',*,*,#9738,.T.);
#6646=ORIENTED_EDGE('',*,*,#9360,.F.);
#6647=ORIENTED_EDGE('',*,*,#9739,.F.);
#6648=ORIENTED_EDGE('',*,*,#8586,.T.);
#6649=CARTESIAN_POINT('',(0.05430442049643,2.5,-4.424515904627));
#6650=DIRECTION('',(0.0,0.0,1.0));
#6651=DIRECTION('',(1.0,-0.0,0.0));
#6652=ORIENTED_EDGE('',*,*,#9739,.T.);
#6653=ORIENTED_EDGE('',*,*,#9359,.F.);
#6654=ORIENTED_EDGE('',*,*,#9728,.F.);
#6655=ORIENTED_EDGE('',*,*,#8587,.T.);
#6656=CARTESIAN_POINT('',(0.05430442049643,2.5,-4.261182660303));
#6657=DIRECTION('',(1.0,0.0,0.0));
#6658=DIRECTION('',(0.0,1.0,-0.0));
#6659=ORIENTED_EDGE('',*,*,#9740,.T.);
#6660=ORIENTED_EDGE('',*,*,#9410,.F.);
#6661=ORIENTED_EDGE('',*,*,#9741,.F.);
#6662=ORIENTED_EDGE('',*,*,#8628,.T.);
#6663=CARTESIAN_POINT('',(0.1317512281193,2.5,-4.972849282465));
#6664=DIRECTION('',(-0.8265991871191,0.0,0.5627910658975));
#6665=DIRECTION('',(0.0,1.0,0.0));
#6666=ORIENTED_EDGE('',*,*,#9741,.T.);
#6667=ORIENTED_EDGE('',*,*,#9409,.F.);
#6668=ORIENTED_EDGE('',*,*,#9742,.F.);
#6669=ORIENTED_EDGE('',*,*,#8589,.T.);
#6670=CARTESIAN_POINT('',(0.1138788898244,2.5,-4.978682660303));
#6671=DIRECTION('',(-0.310282204311603,0.0,0.95064449385011));
#6672=DIRECTION('',(0.0,1.0,0.0));
#6673=ORIENTED_EDGE('',*,*,#9742,.T.);
#6674=ORIENTED_EDGE('',*,*,#9408,.F.);
#6675=ORIENTED_EDGE('',*,*,#9743,.F.);
#6676=ORIENTED_EDGE('',*,*,#8590,.T.);
#6677=CARTESIAN_POINT('',(0.1138788898244,2.5,-5.013682660303));
#6678=DIRECTION('',(-1.0,0.0,0.0));
#6679=DIRECTION('',(0.0,0.0,1.0));
#6680=ORIENTED_EDGE('',*,*,#9743,.T.);
#6681=ORIENTED_EDGE('',*,*,#9407,.F.);
#6682=ORIENTED_EDGE('',*,*,#9744,.F.);
#6683=ORIENTED_EDGE('',*,*,#8591,.T.);
#6684=CARTESIAN_POINT('',(0.1436661244883,2.5,-5.007849282465));
#6685=DIRECTION('',(0.192184239573505,0.0,-0.981358863036124));
#6686=DIRECTION('',(0.0,-1.0,0.0));
#6687=ORIENTED_EDGE('',*,*,#9744,.T.);
#6688=ORIENTED_EDGE('',*,*,#9406,.F.);
#6689=ORIENTED_EDGE('',*,*,#9745,.F.);
#6690=ORIENTED_EDGE('',*,*,#8592,.T.);
#6691=CARTESIAN_POINT('',(0.1674959109678,2.5,-4.984515904627));
#6692=DIRECTION('',(0.699625485176478,0.0,-0.714509748353077));
#6693=DIRECTION('',(0.0,-1.0,0.0));
#6694=ORIENTED_EDGE('',*,*,#9745,.T.);
#6695=ORIENTED_EDGE('',*,*,#9405,.F.);
#6696=ORIENTED_EDGE('',*,*,#9746,.F.);
#6697=ORIENTED_EDGE('',*,*,#8593,.T.);
#6698=CARTESIAN_POINT('',(0.1794108047291,2.5,-4.961182660303));
#6699=DIRECTION('',(0.890604560018726,0.0,-0.454778536953813));
#6700=DIRECTION('',(0.0,-1.0,0.0));
#6701=ORIENTED_EDGE('',*,*,#9746,.T.);
#6702=ORIENTED_EDGE('',*,*,#9404,.F.);
#6703=ORIENTED_EDGE('',*,*,#9747,.F.);
#6704=ORIENTED_EDGE('',*,*,#8594,.T.);
#6705=CARTESIAN_POINT('',(0.1853682513489,2.5,-4.932015904627));
#6706=DIRECTION('',(0.979770825591075,0.0,-0.200122785610695));
#6707=DIRECTION('',(0.0,-1.0,0.0));
#6708=ORIENTED_EDGE('',*,*,#9747,.T.);
#6709=ORIENTED_EDGE('',*,*,#9403,.F.);
#6710=ORIENTED_EDGE('',*,*,#9748,.F.);
#6711=ORIENTED_EDGE('',*,*,#8595,.T.);
#6712=CARTESIAN_POINT('',(0.1853682513489,2.5,-4.879515904627));
#6713=DIRECTION('',(1.0,0.0,0.0));
#6714=DIRECTION('',(0.0,1.0,-0.0));
#6715=ORIENTED_EDGE('',*,*,#9748,.T.);
#6716=ORIENTED_EDGE('',*,*,#9402,.F.);
#6717=ORIENTED_EDGE('',*,*,#9749,.F.);
#6718=ORIENTED_EDGE('',*,*,#8596,.T.);
#6719=CARTESIAN_POINT('',(0.1794108047291,2.5,-4.850349282465));
#6720=DIRECTION('',(0.979770645968681,0.0,0.200123665012696));
#6721=DIRECTION('',(0.0,-1.0,0.0));
#6722=ORIENTED_EDGE('',*,*,#9749,.T.);
#6723=ORIENTED_EDGE('',*,*,#9401,.F.);
#6724=ORIENTED_EDGE('',*,*,#9750,.F.);
#6725=ORIENTED_EDGE('',*,*,#8597,.T.);
#6726=CARTESIAN_POINT('',(0.1674959109678,2.5,-4.827015904627));
#6727=DIRECTION('',(0.890605614004778,0.0,0.454776472899789));
#6728=DIRECTION('',(0.0,-1.0,0.0));
#6729=ORIENTED_EDGE('',*,*,#9750,.T.);
#6730=ORIENTED_EDGE('',*,*,#9400,.F.);
#6731=ORIENTED_EDGE('',*,*,#9751,.F.);
#6732=ORIENTED_EDGE('',*,*,#8598,.T.);
#6733=CARTESIAN_POINT('',(0.1436661244883,2.5,-4.803682660303));
#6734=DIRECTION('',(0.699623441395874,0.0,0.714511749553074));
#6735=DIRECTION('',(0.0,-1.0,0.0));
#6736=ORIENTED_EDGE('',*,*,#9751,.T.);
#6737=ORIENTED_EDGE('',*,*,#9399,.F.);
#6738=ORIENTED_EDGE('',*,*,#9752,.F.);
#6739=ORIENTED_EDGE('',*,*,#8599,.T.);
#6740=CARTESIAN_POINT('',(0.1198363359227,2.5,-4.792015904627));
#6741=DIRECTION('',(0.439716139829202,0.0,0.898136802705304));
#6742=DIRECTION('',(0.0,-1.0,0.0));
#6743=ORIENTED_EDGE('',*,*,#9752,.T.);
#6744=ORIENTED_EDGE('',*,*,#9398,.F.);
#6745=ORIENTED_EDGE('',*,*,#9753,.F.);
#6746=ORIENTED_EDGE('',*,*,#8600,.T.);
#6747=CARTESIAN_POINT('',(0.09004910543105,2.5,-4.786182660303));
#6748=DIRECTION('',(0.192180029243804,0.0,0.981359687555919));
#6749=DIRECTION('',(0.0,-1.0,0.0));
#6750=ORIENTED_EDGE('',*,*,#9753,.T.);
#6751=ORIENTED_EDGE('',*,*,#9397,.F.);
#6752=ORIENTED_EDGE('',*,*,#9754,.F.);
#6753=ORIENTED_EDGE('',*,*,#8601,.T.);
#6754=CARTESIAN_POINT('',(0.0006874056114826,2.5,-4.786182660303));
#6755=DIRECTION('',(0.0,0.0,1.0));
#6756=DIRECTION('',(1.0,-0.0,0.0));
#6757=ORIENTED_EDGE('',*,*,#9754,.T.);
#6758=ORIENTED_EDGE('',*,*,#9396,.F.);
#6759=ORIENTED_EDGE('',*,*,#9755,.F.);
#6760=ORIENTED_EDGE('',*,*,#8602,.T.);
#6761=CARTESIAN_POINT('',(-0.02909984156946,2.5,-4.792015904627));
#6762=DIRECTION('',(-0.192179925545306,0.0,0.981359707863228));
#6763=DIRECTION('',(0.0,1.0,0.0));
#6764=ORIENTED_EDGE('',*,*,#9755,.T.);
#6765=ORIENTED_EDGE('',*,*,#9395,.F.);
#6766=ORIENTED_EDGE('',*,*,#9756,.F.);
#6767=ORIENTED_EDGE('',*,*,#8603,.T.);
#6768=CARTESIAN_POINT('',(-0.05292962596277,2.5,-4.803682660303));
#6769=DIRECTION('',(-0.439716201932593,0.0,0.898136772300286));
#6770=DIRECTION('',(0.0,1.0,0.0));
#6771=ORIENTED_EDGE('',*,*,#9756,.T.);
#6772=ORIENTED_EDGE('',*,*,#9394,.F.);
#6773=ORIENTED_EDGE('',*,*,#9757,.F.);
#6774=ORIENTED_EDGE('',*,*,#8604,.T.);
#6775=CARTESIAN_POINT('',(-0.07675941035608,2.5,-4.827015904627));
#6776=DIRECTION('',(-0.699623472664698,0.0,0.714511718935798));
#6777=DIRECTION('',(0.0,1.0,0.0));
#6778=ORIENTED_EDGE('',*,*,#9757,.T.);
#6779=ORIENTED_EDGE('',*,*,#9393,.F.);
#6780=ORIENTED_EDGE('',*,*,#9758,.F.);
#6781=ORIENTED_EDGE('',*,*,#8605,.T.);
#6782=CARTESIAN_POINT('',(-0.08867430255273,2.5,-4.850349282465));
#6783=DIRECTION('',(-0.890605638192835,0.0,0.454776425531418));
#6784=DIRECTION('',(0.0,1.0,0.0));
#6785=ORIENTED_EDGE('',*,*,#9758,.T.);
#6786=ORIENTED_EDGE('',*,*,#9392,.F.);
#6787=ORIENTED_EDGE('',*,*,#9759,.F.);
#6788=ORIENTED_EDGE('',*,*,#8606,.T.);
#6789=CARTESIAN_POINT('',(-0.09463174865106,2.5,-4.879515904627));
#6790=DIRECTION('',(-0.979770649403873,0.0,0.200123648194594));
#6791=DIRECTION('',(0.0,1.0,0.0));
#6792=ORIENTED_EDGE('',*,*,#9759,.T.);
#6793=ORIENTED_EDGE('',*,*,#9391,.F.);
#6794=ORIENTED_EDGE('',*,*,#9760,.F.);
#6795=ORIENTED_EDGE('',*,*,#8607,.T.);
#6796=CARTESIAN_POINT('',(-0.09463174865106,2.5,-4.932015904627));
#6797=DIRECTION('',(-1.0,0.0,0.0));
#6798=DIRECTION('',(0.0,0.0,1.0));
#6799=ORIENTED_EDGE('',*,*,#9760,.T.);
#6800=ORIENTED_EDGE('',*,*,#9390,.F.);
#6801=ORIENTED_EDGE('',*,*,#9761,.F.);
#6802=ORIENTED_EDGE('',*,*,#8608,.T.);
#6803=CARTESIAN_POINT('',(-0.08867430255273,2.5,-4.961182660303));
#6804=DIRECTION('',(-0.979770829026208,0.0,-0.200122768792802));
#6805=DIRECTION('',(-0.200122768792802,0.0,0.979770829026208));
#6806=ORIENTED_EDGE('',*,*,#9761,.T.);
#6807=ORIENTED_EDGE('',*,*,#9389,.F.);
#6808=ORIENTED_EDGE('',*,*,#9762,.F.);
#6809=ORIENTED_EDGE('',*,*,#8609,.T.);
#6810=CARTESIAN_POINT('',(-0.07675941035608,2.5,-4.984515904627));
#6811=DIRECTION('',(-0.890604584206955,0.0,-0.454778489585377));
#6812=DIRECTION('',(-0.454778489585377,0.0,0.890604584206955));
#6813=ORIENTED_EDGE('',*,*,#9762,.T.);
#6814=ORIENTED_EDGE('',*,*,#9388,.F.);
#6815=ORIENTED_EDGE('',*,*,#9763,.F.);
#6816=ORIENTED_EDGE('',*,*,#8610,.T.);
#6817=CARTESIAN_POINT('',(-0.05292962596277,2.5,-5.007849282465));
#6818=DIRECTION('',(-0.699625516445163,0.0,-0.714509717735762));
#6819=DIRECTION('',(-0.714509717735762,0.0,0.699625516445163));
#6820=ORIENTED_EDGE('',*,*,#9763,.T.);
#6821=ORIENTED_EDGE('',*,*,#9387,.F.);
#6822=ORIENTED_EDGE('',*,*,#9764,.F.);
#6823=ORIENTED_EDGE('',*,*,#8611,.T.);
#6824=CARTESIAN_POINT('',(-0.02314237878183,2.5,-5.013682660303));
#6825=DIRECTION('',(-0.192184161798091,0.0,-0.981358878267255));
#6826=DIRECTION('',(-0.981358878267255,0.0,0.192184161798091));
#6827=ORIENTED_EDGE('',*,*,#9764,.T.);
#6828=ORIENTED_EDGE('',*,*,#9386,.F.);
#6829=ORIENTED_EDGE('',*,*,#9765,.F.);
#6830=ORIENTED_EDGE('',*,*,#8612,.T.);
#6831=CARTESIAN_POINT('',(-0.02314237878183,2.5,-4.978682660303));
#6832=DIRECTION('',(1.0,0.0,0.0));
#6833=DIRECTION('',(0.0,1.0,-0.0));
#6834=ORIENTED_EDGE('',*,*,#9765,.T.);
#6835=ORIENTED_EDGE('',*,*,#9385,.F.);
#6836=ORIENTED_EDGE('',*,*,#9766,.F.);
#6837=ORIENTED_EDGE('',*,*,#8613,.T.);
#6838=CARTESIAN_POINT('',(-0.04101473376611,2.5,-4.972849282465));
#6839=DIRECTION('',(0.310281942463393,0.0,0.950644579315079));
#6840=DIRECTION('',(0.0,-1.0,0.0));
#6841=ORIENTED_EDGE('',*,*,#9766,.T.);
#6842=ORIENTED_EDGE('',*,*,#9384,.F.);
#6843=ORIENTED_EDGE('',*,*,#9767,.F.);
#6844=ORIENTED_EDGE('',*,*,#8614,.T.);
#6845=CARTESIAN_POINT('',(-0.05292962596277,2.5,-4.955349282465));
#6846=DIRECTION('',(0.826599278799634,0.0,0.562790931241723));
#6847=DIRECTION('',(0.0,-1.0,0.0));
#6848=ORIENTED_EDGE('',*,*,#9767,.T.);
#6849=ORIENTED_EDGE('',*,*,#9383,.F.);
#6850=ORIENTED_EDGE('',*,*,#9768,.F.);
#6851=ORIENTED_EDGE('',*,*,#8615,.T.);
#6852=CARTESIAN_POINT('',(-0.05888707206109,2.5,-4.932015904627));
#6853=DIRECTION('',(0.96891783079148,0.0,0.247382774611195));
#6854=DIRECTION('',(0.0,-1.0,0.0));
#6855=ORIENTED_EDGE('',*,*,#9768,.T.);
#6856=ORIENTED_EDGE('',*,*,#9382,.F.);
#6857=ORIENTED_EDGE('',*,*,#9769,.F.);
#6858=ORIENTED_EDGE('',*,*,#8616,.T.);
#6859=CARTESIAN_POINT('',(-0.05888707206109,2.5,-4.879515904627));
#6860=DIRECTION('',(1.0,0.0,0.0));
#6861=DIRECTION('',(0.0,1.0,-0.0));
#6862=ORIENTED_EDGE('',*,*,#9769,.T.);
#6863=ORIENTED_EDGE('',*,*,#9381,.F.);
#6864=ORIENTED_EDGE('',*,*,#9770,.F.);
#6865=ORIENTED_EDGE('',*,*,#8617,.T.);
#6866=CARTESIAN_POINT('',(-0.05292962596277,2.5,-4.856182660303));
#6867=DIRECTION('',(0.968917491494592,0.0,-0.247384103522898));
#6868=DIRECTION('',(0.0,-1.0,0.0));
#6869=ORIENTED_EDGE('',*,*,#9770,.T.);
#6870=ORIENTED_EDGE('',*,*,#9380,.F.);
#6871=ORIENTED_EDGE('',*,*,#9771,.F.);
#6872=ORIENTED_EDGE('',*,*,#8618,.T.);
#6873=CARTESIAN_POINT('',(-0.04101473376611,2.5,-4.838682660303));
#6874=DIRECTION('',(0.826599278799634,0.0,-0.562790931241723));
#6875=DIRECTION('',(0.0,-1.0,0.0));
#6876=ORIENTED_EDGE('',*,*,#9771,.T.);
#6877=ORIENTED_EDGE('',*,*,#9379,.F.);
#6878=ORIENTED_EDGE('',*,*,#9772,.F.);
#6879=ORIENTED_EDGE('',*,*,#8619,.T.);
#6880=CARTESIAN_POINT('',(-0.02314237878183,2.5,-4.827015904627));
#6881=DIRECTION('',(0.546625112994506,0.0,-0.837377445268109));
#6882=DIRECTION('',(0.0,-1.0,0.0));
#6883=ORIENTED_EDGE('',*,*,#9772,.T.);
#6884=ORIENTED_EDGE('',*,*,#9378,.F.);
#6885=ORIENTED_EDGE('',*,*,#9773,.F.);
#6886=ORIENTED_EDGE('',*,*,#8620,.T.);
#6887=CARTESIAN_POINT('',(0.0006874056114826,2.5,-4.821182660303));
#6888=DIRECTION('',(0.237767929475994,0.0,-0.971321991778575));
#6889=DIRECTION('',(0.0,-1.0,0.0));
#6890=ORIENTED_EDGE('',*,*,#9773,.T.);
#6891=ORIENTED_EDGE('',*,*,#9377,.F.);
#6892=ORIENTED_EDGE('',*,*,#9774,.F.);
#6893=ORIENTED_EDGE('',*,*,#8621,.T.);
#6894=CARTESIAN_POINT('',(0.09004910543105,2.5,-4.821182660303));
#6895=DIRECTION('',(0.0,0.0,-1.0));
#6896=DIRECTION('',(0.0,-1.0,0.0));
#6897=ORIENTED_EDGE('',*,*,#9774,.T.);
#6898=ORIENTED_EDGE('',*,*,#9376,.F.);
#6899=ORIENTED_EDGE('',*,*,#9775,.F.);
#6900=ORIENTED_EDGE('',*,*,#8622,.T.);
#6901=CARTESIAN_POINT('',(0.1138788898244,2.5,-4.827015904627));
#6902=DIRECTION('',(-0.237767929475994,0.0,-0.971321991778575));
#6903=DIRECTION('',(-0.971321991778575,0.0,0.237767929475994));
#6904=ORIENTED_EDGE('',*,*,#9775,.T.);
#6905=ORIENTED_EDGE('',*,*,#9375,.F.);
#6906=ORIENTED_EDGE('',*,*,#9776,.F.);
#6907=ORIENTED_EDGE('',*,*,#8623,.T.);
#6908=CARTESIAN_POINT('',(0.1317512281193,2.5,-4.838682660303));
#6909=DIRECTION('',(-0.546625470916724,0.0,-0.837377211622737));
#6910=DIRECTION('',(-0.837377211622737,0.0,0.546625470916724));
#6911=ORIENTED_EDGE('',*,*,#9776,.T.);
#6912=ORIENTED_EDGE('',*,*,#9374,.F.);
#6913=ORIENTED_EDGE('',*,*,#9777,.F.);
#6914=ORIENTED_EDGE('',*,*,#8624,.T.);
#6915=CARTESIAN_POINT('',(0.1436661244883,2.5,-4.856182660303));
#6916=DIRECTION('',(-0.8265991871191,0.0,-0.5627910658975));
#6917=DIRECTION('',(-0.5627910658975,0.0,0.8265991871191));
#6918=ORIENTED_EDGE('',*,*,#9777,.T.);
#6919=ORIENTED_EDGE('',*,*,#9373,.F.);
#6920=ORIENTED_EDGE('',*,*,#9778,.F.);
#6921=ORIENTED_EDGE('',*,*,#8625,.T.);
#6922=CARTESIAN_POINT('',(0.1496235705866,2.5,-4.879515904627));
#6923=DIRECTION('',(-0.968917491494592,0.0,-0.247384103522898));
#6924=DIRECTION('',(-0.247384103522898,0.0,0.968917491494592));
#6925=ORIENTED_EDGE('',*,*,#9778,.T.);
#6926=ORIENTED_EDGE('',*,*,#9372,.F.);
#6927=ORIENTED_EDGE('',*,*,#9779,.F.);
#6928=ORIENTED_EDGE('',*,*,#8626,.T.);
#6929=CARTESIAN_POINT('',(0.1496235705866,2.5,-4.932015904627));
#6930=DIRECTION('',(-1.0,0.0,0.0));
#6931=DIRECTION('',(0.0,0.0,1.0));
#6932=ORIENTED_EDGE('',*,*,#9779,.T.);
#6933=ORIENTED_EDGE('',*,*,#9371,.F.);
#6934=ORIENTED_EDGE('',*,*,#9740,.F.);
#6935=ORIENTED_EDGE('',*,*,#8627,.T.);
#6936=CARTESIAN_POINT('',(0.1436661244883,2.5,-4.955349282465));
#6937=DIRECTION('',(-0.96891783079148,0.0,0.247382774611195));
#6938=DIRECTION('',(0.0,1.0,0.0));
#6939=ORIENTED_EDGE('',*,*,#9780,.T.);
#6940=ORIENTED_EDGE('',*,*,#9454,.F.);
#6941=ORIENTED_EDGE('',*,*,#9781,.F.);
#6942=ORIENTED_EDGE('',*,*,#8792,.T.);
#6943=CARTESIAN_POINT('',(0.09004910543105,2.5,-5.095349282465));
#6944=DIRECTION('',(0.0,0.0,-1.0));
#6945=DIRECTION('',(0.0,-1.0,0.0));
#6946=ORIENTED_EDGE('',*,*,#9781,.T.);
#6947=ORIENTED_EDGE('',*,*,#9453,.F.);
#6948=ORIENTED_EDGE('',*,*,#9782,.F.);
#6949=ORIENTED_EDGE('',*,*,#8773,.T.);
#6950=CARTESIAN_POINT('',(0.1138788898244,2.5,-5.101182660303));
#6951=DIRECTION('',(-0.237773063960311,0.0,-0.971320734904247));
#6952=DIRECTION('',(-0.971320734904247,0.0,0.237773063960311));
#6953=ORIENTED_EDGE('',*,*,#9782,.T.);
#6954=ORIENTED_EDGE('',*,*,#9452,.F.);
#6955=ORIENTED_EDGE('',*,*,#9783,.F.);
#6956=ORIENTED_EDGE('',*,*,#8774,.T.);
#6957=CARTESIAN_POINT('',(0.1317512281193,2.5,-5.112849282465));
#6958=DIRECTION('',(-0.546621084474778,0.0,-0.837380075000366));
#6959=DIRECTION('',(-0.837380075000366,0.0,0.546621084474778));
#6960=ORIENTED_EDGE('',*,*,#9783,.T.);
#6961=ORIENTED_EDGE('',*,*,#9451,.F.);
#6962=ORIENTED_EDGE('',*,*,#9784,.F.);
#6963=ORIENTED_EDGE('',*,*,#8775,.T.);
#6964=CARTESIAN_POINT('',(0.1436661244883,2.5,-5.130349282465));
#6965=DIRECTION('',(-0.8265991871191,0.0,-0.5627910658975));
#6966=DIRECTION('',(-0.5627910658975,0.0,0.8265991871191));
#6967=ORIENTED_EDGE('',*,*,#9784,.T.);
#6968=ORIENTED_EDGE('',*,*,#9450,.F.);
#6969=ORIENTED_EDGE('',*,*,#9785,.F.);
#6970=ORIENTED_EDGE('',*,*,#8776,.T.);
#6971=CARTESIAN_POINT('',(0.1496235705866,2.5,-5.153682660303));
#6972=DIRECTION('',(-0.96891783079148,0.0,-0.247382774611195));
#6973=DIRECTION('',(-0.247382774611195,0.0,0.96891783079148));
#6974=ORIENTED_EDGE('',*,*,#9785,.T.);
#6975=ORIENTED_EDGE('',*,*,#9449,.F.);
#6976=ORIENTED_EDGE('',*,*,#9786,.F.);
#6977=ORIENTED_EDGE('',*,*,#8777,.T.);
#6978=CARTESIAN_POINT('',(0.1496235705866,2.5,-5.200349282465));
#6979=DIRECTION('',(-1.0,0.0,0.0));
#6980=DIRECTION('',(0.0,0.0,1.0));
#6981=ORIENTED_EDGE('',*,*,#9786,.T.);
#6982=ORIENTED_EDGE('',*,*,#9448,.F.);
#6983=ORIENTED_EDGE('',*,*,#9787,.F.);
#6984=ORIENTED_EDGE('',*,*,#8778,.T.);
#6985=CARTESIAN_POINT('',(0.1436661244883,2.5,-5.223682660303));
#6986=DIRECTION('',(-0.96891783079148,0.0,0.247382774611195));
#6987=DIRECTION('',(0.0,1.0,0.0));
#6988=ORIENTED_EDGE('',*,*,#9787,.T.);
#6989=ORIENTED_EDGE('',*,*,#9447,.F.);
#6990=ORIENTED_EDGE('',*,*,#9788,.F.);
#6991=ORIENTED_EDGE('',*,*,#8779,.T.);
#6992=CARTESIAN_POINT('',(0.1317512281193,2.5,-5.241182660303));
#6993=DIRECTION('',(-0.8265991871191,0.0,0.5627910658975));
#6994=DIRECTION('',(0.0,1.0,0.0));
#6995=ORIENTED_EDGE('',*,*,#9788,.T.);
#6996=ORIENTED_EDGE('',*,*,#9446,.F.);
#6997=ORIENTED_EDGE('',*,*,#9789,.F.);
#6998=ORIENTED_EDGE('',*,*,#8780,.T.);
#6999=CARTESIAN_POINT('',(0.1138788898244,2.5,-5.252849282465));
#7000=DIRECTION('',(-0.546621084474778,0.0,0.837380075000366));
#7001=DIRECTION('',(0.0,1.0,0.0));
#7002=ORIENTED_EDGE('',*,*,#9789,.T.);
#7003=ORIENTED_EDGE('',*,*,#9445,.F.);
#7004=ORIENTED_EDGE('',*,*,#9790,.F.);
#7005=ORIENTED_EDGE('',*,*,#8781,.T.);
#7006=CARTESIAN_POINT('',(0.09004910543105,2.5,-5.258682526789));
#7007=DIRECTION('',(-0.237767929475994,0.0,0.971321991778575));
#7008=DIRECTION('',(0.0,1.0,0.0));
#7009=ORIENTED_EDGE('',*,*,#9790,.T.);
#7010=ORIENTED_EDGE('',*,*,#9444,.F.);
#7011=ORIENTED_EDGE('',*,*,#9791,.F.);
#7012=ORIENTED_EDGE('',*,*,#8782,.T.);
#7013=CARTESIAN_POINT('',(0.0006874056114826,2.5,-5.258682526789));
#7014=DIRECTION('',(0.0,0.0,1.0));
#7015=DIRECTION('',(1.0,-0.0,0.0));
#7016=ORIENTED_EDGE('',*,*,#9791,.T.);
#7017=ORIENTED_EDGE('',*,*,#9443,.F.);
#7018=ORIENTED_EDGE('',*,*,#9792,.F.);
#7019=ORIENTED_EDGE('',*,*,#8783,.T.);
#7020=CARTESIAN_POINT('',(-0.02314237878183,2.5,-5.252849282465));
#7021=DIRECTION('',(0.237767929475994,0.0,0.971321991778575));
#7022=DIRECTION('',(0.0,-1.0,0.0));
#7023=ORIENTED_EDGE('',*,*,#9792,.T.);
#7024=ORIENTED_EDGE('',*,*,#9442,.F.);
#7025=ORIENTED_EDGE('',*,*,#9793,.F.);
#7026=ORIENTED_EDGE('',*,*,#8784,.T.);
#7027=CARTESIAN_POINT('',(-0.04101473376611,2.5,-5.241182660303));
#7028=DIRECTION('',(0.546620726552989,0.0,0.837380308642783));
#7029=DIRECTION('',(0.0,-1.0,0.0));
#7030=ORIENTED_EDGE('',*,*,#9793,.T.);
#7031=ORIENTED_EDGE('',*,*,#9441,.F.);
#7032=ORIENTED_EDGE('',*,*,#9794,.F.);
#7033=ORIENTED_EDGE('',*,*,#8785,.T.);
#7034=CARTESIAN_POINT('',(-0.05292962596277,2.5,-5.223682660303));
#7035=DIRECTION('',(0.826599278799634,0.0,0.562790931241723));
#7036=DIRECTION('',(0.0,-1.0,0.0));
#7037=ORIENTED_EDGE('',*,*,#9794,.T.);
#7038=ORIENTED_EDGE('',*,*,#9440,.F.);
#7039=ORIENTED_EDGE('',*,*,#9795,.F.);
#7040=ORIENTED_EDGE('',*,*,#8786,.T.);
#7041=CARTESIAN_POINT('',(-0.05888707206109,2.5,-5.200349282465));
#7042=DIRECTION('',(0.96891783079148,0.0,0.247382774611195));
#7043=DIRECTION('',(0.0,-1.0,0.0));
#7044=ORIENTED_EDGE('',*,*,#9795,.T.);
#7045=ORIENTED_EDGE('',*,*,#9439,.F.);
#7046=ORIENTED_EDGE('',*,*,#9796,.F.);
#7047=ORIENTED_EDGE('',*,*,#8787,.T.);
#7048=CARTESIAN_POINT('',(-0.05888707206109,2.5,-5.153682660303));
#7049=DIRECTION('',(1.0,0.0,0.0));
#7050=DIRECTION('',(0.0,1.0,-0.0));
#7051=ORIENTED_EDGE('',*,*,#9796,.T.);
#7052=ORIENTED_EDGE('',*,*,#9438,.F.);
#7053=ORIENTED_EDGE('',*,*,#9797,.F.);
#7054=ORIENTED_EDGE('',*,*,#8788,.T.);
#7055=CARTESIAN_POINT('',(-0.05292962596277,2.5,-5.130349282465));
#7056=DIRECTION('',(0.96891783079148,0.0,-0.247382774611195));
#7057=DIRECTION('',(0.0,-1.0,0.0));
#7058=ORIENTED_EDGE('',*,*,#9797,.T.);
#7059=ORIENTED_EDGE('',*,*,#9437,.F.);
#7060=ORIENTED_EDGE('',*,*,#9798,.F.);
#7061=ORIENTED_EDGE('',*,*,#8789,.T.);
#7062=CARTESIAN_POINT('',(-0.04101473376611,2.5,-5.112849282465));
#7063=DIRECTION('',(0.826599278799634,0.0,-0.562790931241723));
#7064=DIRECTION('',(0.0,-1.0,0.0));
#7065=ORIENTED_EDGE('',*,*,#9798,.T.);
#7066=ORIENTED_EDGE('',*,*,#9436,.F.);
#7067=ORIENTED_EDGE('',*,*,#9799,.F.);
#7068=ORIENTED_EDGE('',*,*,#8790,.T.);
#7069=CARTESIAN_POINT('',(-0.02314237878183,2.5,-5.101182660303));
#7070=DIRECTION('',(0.546620726552989,0.0,-0.837380308642783));
#7071=DIRECTION('',(0.0,-1.0,0.0));
#7072=ORIENTED_EDGE('',*,*,#9799,.T.);
#7073=ORIENTED_EDGE('',*,*,#9435,.F.);
#7074=ORIENTED_EDGE('',*,*,#9780,.F.);
#7075=ORIENTED_EDGE('',*,*,#8791,.T.);
#7076=CARTESIAN_POINT('',(0.0006874056114826,2.5,-5.095349282465));
#7077=DIRECTION('',(0.237773063960311,0.0,-0.971320734904247));
#7078=DIRECTION('',(0.0,-1.0,0.0));
#7079=ORIENTED_EDGE('',*,*,#9800,.T.);
#7080=ORIENTED_EDGE('',*,*,#9434,.F.);
#7081=ORIENTED_EDGE('',*,*,#9801,.F.);
#7082=ORIENTED_EDGE('',*,*,#8652,.T.);
#7083=CARTESIAN_POINT('',(0.1853682513489,2.5,-5.153682660303));
#7084=DIRECTION('',(1.0,0.0,0.0));
#7085=DIRECTION('',(0.0,1.0,-0.0));
#7086=ORIENTED_EDGE('',*,*,#9801,.T.);
#7087=ORIENTED_EDGE('',*,*,#9433,.F.);
#7088=ORIENTED_EDGE('',*,*,#9802,.F.);
#7089=ORIENTED_EDGE('',*,*,#8629,.T.);
#7090=CARTESIAN_POINT('',(0.1794108047291,2.5,-5.124515904627));
#7091=DIRECTION('',(0.979770825591075,0.0,0.200122785610695));
#7092=DIRECTION('',(0.0,-1.0,0.0));
#7093=ORIENTED_EDGE('',*,*,#9802,.T.);
#7094=ORIENTED_EDGE('',*,*,#9432,.F.);
#7095=ORIENTED_EDGE('',*,*,#9803,.F.);
#7096=ORIENTED_EDGE('',*,*,#8630,.T.);
#7097=CARTESIAN_POINT('',(0.1674959109678,2.5,-5.101182660303));
#7098=DIRECTION('',(0.890604560018726,0.0,0.454778536953813));
#7099=DIRECTION('',(0.0,-1.0,0.0));
#7100=ORIENTED_EDGE('',*,*,#9803,.T.);
#7101=ORIENTED_EDGE('',*,*,#9431,.F.);
#7102=ORIENTED_EDGE('',*,*,#9804,.F.);
#7103=ORIENTED_EDGE('',*,*,#8631,.T.);
#7104=CARTESIAN_POINT('',(0.1436661244883,2.5,-5.077849282465));
#7105=DIRECTION('',(0.699625485176478,0.0,0.714509748353077));
#7106=DIRECTION('',(0.0,-1.0,0.0));
#7107=ORIENTED_EDGE('',*,*,#9804,.T.);
#7108=ORIENTED_EDGE('',*,*,#9430,.F.);
#7109=ORIENTED_EDGE('',*,*,#9805,.F.);
#7110=ORIENTED_EDGE('',*,*,#8632,.T.);
#7111=CARTESIAN_POINT('',(0.1198363359227,2.5,-5.066182660303));
#7112=DIRECTION('',(0.439712080662881,0.0,0.898138790009161));
#7113=DIRECTION('',(0.0,-1.0,0.0));
#7114=ORIENTED_EDGE('',*,*,#9805,.T.);
#7115=ORIENTED_EDGE('',*,*,#9429,.F.);
#7116=ORIENTED_EDGE('',*,*,#9806,.F.);
#7117=ORIENTED_EDGE('',*,*,#8633,.T.);
#7118=CARTESIAN_POINT('',(0.09004910543105,2.5,-5.060349282465));
#7119=DIRECTION('',(0.192184265498694,0.0,0.981358857959069));
#7120=DIRECTION('',(0.0,-1.0,0.0));
#7121=ORIENTED_EDGE('',*,*,#9806,.T.);
#7122=ORIENTED_EDGE('',*,*,#9428,.F.);
#7123=ORIENTED_EDGE('',*,*,#9807,.F.);
#7124=ORIENTED_EDGE('',*,*,#8634,.T.);
#7125=CARTESIAN_POINT('',(0.0006874056114826,2.5,-5.060349282465));
#7126=DIRECTION('',(0.0,0.0,1.0));
#7127=DIRECTION('',(1.0,-0.0,0.0));
#7128=ORIENTED_EDGE('',*,*,#9807,.T.);
#7129=ORIENTED_EDGE('',*,*,#9427,.F.);
#7130=ORIENTED_EDGE('',*,*,#9808,.F.);
#7131=ORIENTED_EDGE('',*,*,#8635,.T.);
#7132=CARTESIAN_POINT('',(-0.02909984156946,2.5,-5.066182660303));
#7133=DIRECTION('',(-0.192184161798091,0.0,0.981358878267255));
#7134=DIRECTION('',(0.0,1.0,0.0));
#7135=ORIENTED_EDGE('',*,*,#9808,.T.);
#7136=ORIENTED_EDGE('',*,*,#9426,.F.);
#7137=ORIENTED_EDGE('',*,*,#9809,.F.);
#7138=ORIENTED_EDGE('',*,*,#8636,.T.);
#7139=CARTESIAN_POINT('',(-0.05292962596277,2.5,-5.077849282465));
#7140=DIRECTION('',(-0.43971214276601,0.0,0.89813875960462));
#7141=DIRECTION('',(0.0,1.0,0.0));
#7142=ORIENTED_EDGE('',*,*,#9809,.T.);
#7143=ORIENTED_EDGE('',*,*,#9425,.F.);
#7144=ORIENTED_EDGE('',*,*,#9810,.F.);
#7145=ORIENTED_EDGE('',*,*,#8637,.T.);
#7146=CARTESIAN_POINT('',(-0.07675941035608,2.5,-5.101182660303));
#7147=DIRECTION('',(-0.699625516445213,0.0,0.714509717735713));
#7148=DIRECTION('',(0.0,1.0,0.0));
#7149=ORIENTED_EDGE('',*,*,#9810,.T.);
#7150=ORIENTED_EDGE('',*,*,#9424,.F.);
#7151=ORIENTED_EDGE('',*,*,#9811,.F.);
#7152=ORIENTED_EDGE('',*,*,#8638,.T.);
#7153=CARTESIAN_POINT('',(-0.08867430255273,2.5,-5.124515904627));
#7154=DIRECTION('',(-0.890604584206955,0.0,0.454778489585377));
#7155=DIRECTION('',(0.0,1.0,0.0));
#7156=ORIENTED_EDGE('',*,*,#9811,.T.);
#7157=ORIENTED_EDGE('',*,*,#9423,.F.);
#7158=ORIENTED_EDGE('',*,*,#9812,.F.);
#7159=ORIENTED_EDGE('',*,*,#8639,.T.);
#7160=CARTESIAN_POINT('',(-0.09463174865106,2.5,-5.153682660303));
#7161=DIRECTION('',(-0.979770829026208,0.0,0.200122768792802));
#7162=DIRECTION('',(0.0,1.0,0.0));
#7163=ORIENTED_EDGE('',*,*,#9812,.T.);
#7164=ORIENTED_EDGE('',*,*,#9422,.F.);
#7165=ORIENTED_EDGE('',*,*,#9813,.F.);
#7166=ORIENTED_EDGE('',*,*,#8640,.T.);
#7167=CARTESIAN_POINT('',(-0.09463174865106,2.5,-5.200349282465));
#7168=DIRECTION('',(-1.0,0.0,0.0));
#7169=DIRECTION('',(0.0,0.0,1.0));
#7170=ORIENTED_EDGE('',*,*,#9813,.T.);
#7171=ORIENTED_EDGE('',*,*,#9421,.F.);
#7172=ORIENTED_EDGE('',*,*,#9814,.F.);
#7173=ORIENTED_EDGE('',*,*,#8641,.T.);
#7174=CARTESIAN_POINT('',(-0.08867430255273,2.5,-5.229515904627));
#7175=DIRECTION('',(-0.979770649403873,0.0,-0.200123648194594));
#7176=DIRECTION('',(-0.200123648194594,0.0,0.979770649403873));
#7177=ORIENTED_EDGE('',*,*,#9814,.T.);
#7178=ORIENTED_EDGE('',*,*,#9420,.F.);
#7179=ORIENTED_EDGE('',*,*,#9815,.F.);
#7180=ORIENTED_EDGE('',*,*,#8642,.T.);
#7181=CARTESIAN_POINT('',(-0.07675941035608,2.5,-5.252849282465));
#7182=DIRECTION('',(-0.890605638192835,0.0,-0.454776425531418));
#7183=DIRECTION('',(-0.454776425531418,0.0,0.890605638192835));
#7184=ORIENTED_EDGE('',*,*,#9815,.T.);
#7185=ORIENTED_EDGE('',*,*,#9419,.F.);
#7186=ORIENTED_EDGE('',*,*,#9816,.F.);
#7187=ORIENTED_EDGE('',*,*,#8643,.T.);
#7188=CARTESIAN_POINT('',(-0.05292962596277,2.5,-5.276182526789));
#7189=DIRECTION('',(-0.699623472664698,0.0,-0.714511718935798));
#7190=DIRECTION('',(-0.714511718935798,0.0,0.699623472664698));
#7191=ORIENTED_EDGE('',*,*,#9816,.T.);
#7192=ORIENTED_EDGE('',*,*,#9418,.F.);
#7193=ORIENTED_EDGE('',*,*,#9817,.F.);
#7194=ORIENTED_EDGE('',*,*,#8644,.T.);
#7195=CARTESIAN_POINT('',(-0.02909984156946,2.5,-5.287849282465));
#7196=DIRECTION('',(-0.439716201932674,0.0,-0.898136772300246));
#7197=DIRECTION('',(-0.898136772300246,0.0,0.439716201932674));
#7198=ORIENTED_EDGE('',*,*,#9817,.T.);
#7199=ORIENTED_EDGE('',*,*,#9417,.F.);
#7200=ORIENTED_EDGE('',*,*,#9818,.F.);
#7201=ORIENTED_EDGE('',*,*,#8645,.T.);
#7202=CARTESIAN_POINT('',(0.0006874056114826,2.5,-5.293682526789));
#7203=DIRECTION('',(-0.192179925545209,0.0,-0.981359707863247));
#7204=DIRECTION('',(-0.981359707863247,0.0,0.192179925545209));
#7205=ORIENTED_EDGE('',*,*,#9818,.T.);
#7206=ORIENTED_EDGE('',*,*,#9416,.F.);
#7207=ORIENTED_EDGE('',*,*,#9819,.F.);
#7208=ORIENTED_EDGE('',*,*,#8646,.T.);
#7209=CARTESIAN_POINT('',(0.09004910543105,2.5,-5.293682526789));
#7210=DIRECTION('',(0.0,0.0,-1.0));
#7211=DIRECTION('',(0.0,-1.0,0.0));
#7212=ORIENTED_EDGE('',*,*,#9819,.T.);
#7213=ORIENTED_EDGE('',*,*,#9415,.F.);
#7214=ORIENTED_EDGE('',*,*,#9820,.F.);
#7215=ORIENTED_EDGE('',*,*,#8647,.T.);
#7216=CARTESIAN_POINT('',(0.1198363359227,2.5,-5.287849282465));
#7217=DIRECTION('',(0.192180029243707,0.0,-0.981359687555938));
#7218=DIRECTION('',(0.0,-1.0,0.0));
#7219=ORIENTED_EDGE('',*,*,#9820,.T.);
#7220=ORIENTED_EDGE('',*,*,#9414,.F.);
#7221=ORIENTED_EDGE('',*,*,#9821,.F.);
#7222=ORIENTED_EDGE('',*,*,#8648,.T.);
#7223=CARTESIAN_POINT('',(0.1436661244883,2.5,-5.276182526789));
#7224=DIRECTION('',(0.439716139829283,0.0,-0.898136802705264));
#7225=DIRECTION('',(0.0,-1.0,0.0));
#7226=ORIENTED_EDGE('',*,*,#9821,.T.);
#7227=ORIENTED_EDGE('',*,*,#9413,.F.);
#7228=ORIENTED_EDGE('',*,*,#9822,.F.);
#7229=ORIENTED_EDGE('',*,*,#8649,.T.);
#7230=CARTESIAN_POINT('',(0.1674959109678,2.5,-5.252849282465));
#7231=DIRECTION('',(0.699623441395874,0.0,-0.714511749553074));
#7232=DIRECTION('',(0.0,-1.0,0.0));
#7233=ORIENTED_EDGE('',*,*,#9822,.T.);
#7234=ORIENTED_EDGE('',*,*,#9412,.F.);
#7235=ORIENTED_EDGE('',*,*,#9823,.F.);
#7236=ORIENTED_EDGE('',*,*,#8650,.T.);
#7237=CARTESIAN_POINT('',(0.1794108047291,2.5,-5.229515904627));
#7238=DIRECTION('',(0.890605614004819,0.0,-0.45477647289971));
#7239=DIRECTION('',(0.0,-1.0,0.0));
#7240=ORIENTED_EDGE('',*,*,#9823,.T.);
#7241=ORIENTED_EDGE('',*,*,#9411,.F.);
#7242=ORIENTED_EDGE('',*,*,#9800,.F.);
#7243=ORIENTED_EDGE('',*,*,#8651,.T.);
#7244=CARTESIAN_POINT('',(0.1853682513489,2.5,-5.200349282465));
#7245=DIRECTION('',(0.979770645968681,0.0,-0.200123665012696));
#7246=DIRECTION('',(0.0,-1.0,0.0));
#7247=ORIENTED_EDGE('',*,*,#9824,.T.);
#7248=ORIENTED_EDGE('',*,*,#9464,.F.);
#7249=ORIENTED_EDGE('',*,*,#9825,.F.);
#7250=ORIENTED_EDGE('',*,*,#8662,.T.);
#7251=CARTESIAN_POINT('',(0.1853682513489,2.5,-5.375349282465));
#7252=DIRECTION('',(0.0,0.0,-1.0));
#7253=DIRECTION('',(0.0,-1.0,0.0));
#7254=ORIENTED_EDGE('',*,*,#9825,.T.);
#7255=ORIENTED_EDGE('',*,*,#9463,.F.);
#7256=ORIENTED_EDGE('',*,*,#9826,.F.);
#7257=ORIENTED_EDGE('',*,*,#8653,.T.);
#7258=CARTESIAN_POINT('',(0.1853682513489,2.5,-5.340349282465));
#7259=DIRECTION('',(1.0,0.0,0.0));
#7260=DIRECTION('',(0.0,1.0,-0.0));
#7261=ORIENTED_EDGE('',*,*,#9826,.T.);
#7262=ORIENTED_EDGE('',*,*,#9462,.F.);
#7263=ORIENTED_EDGE('',*,*,#9827,.F.);
#7264=ORIENTED_EDGE('',*,*,#8654,.T.);
#7265=CARTESIAN_POINT('',(-0.09463174865106,2.5,-5.340349282465));
#7266=DIRECTION('',(0.0,0.0,1.0));
#7267=DIRECTION('',(1.0,-0.0,0.0));
#7268=ORIENTED_EDGE('',*,*,#9827,.T.);
#7269=ORIENTED_EDGE('',*,*,#9461,.F.);
#7270=ORIENTED_EDGE('',*,*,#9828,.F.);
#7271=ORIENTED_EDGE('',*,*,#8655,.T.);
#7272=CARTESIAN_POINT('',(-0.09463174865106,2.5,-5.392849282465));
#7273=DIRECTION('',(-1.0,0.0,0.0));
#7274=DIRECTION('',(0.0,0.0,1.0));
#7275=ORIENTED_EDGE('',*,*,#9828,.T.);
#7276=ORIENTED_EDGE('',*,*,#9460,.F.);
#7277=ORIENTED_EDGE('',*,*,#9829,.F.);
#7278=ORIENTED_EDGE('',*,*,#8656,.T.);
#7279=CARTESIAN_POINT('',(0.1436661244883,2.5,-5.538682526789));
#7280=DIRECTION('',(-0.5219887572981,0.0,-0.8529523651731));
#7281=DIRECTION('',(-0.8529523651731,0.0,0.5219887572981));
#7282=ORIENTED_EDGE('',*,*,#9829,.T.);
#7283=ORIENTED_EDGE('',*,*,#9459,.F.);
#7284=ORIENTED_EDGE('',*,*,#9830,.F.);
#7285=ORIENTED_EDGE('',*,*,#8657,.T.);
#7286=CARTESIAN_POINT('',(-0.09463174865106,2.5,-5.538682526789));
#7287=DIRECTION('',(0.0,0.0,1.0));
#7288=DIRECTION('',(1.0,-0.0,0.0));
#7289=ORIENTED_EDGE('',*,*,#9830,.T.);
#7290=ORIENTED_EDGE('',*,*,#9458,.F.);
#7291=ORIENTED_EDGE('',*,*,#9831,.F.);
#7292=ORIENTED_EDGE('',*,*,#8658,.T.);
#7293=CARTESIAN_POINT('',(-0.09463174865106,2.5,-5.573682526789));
#7294=DIRECTION('',(-1.0,0.0,0.0));
#7295=DIRECTION('',(0.0,0.0,1.0));
#7296=ORIENTED_EDGE('',*,*,#9831,.T.);
#7297=ORIENTED_EDGE('',*,*,#9457,.F.);
#7298=ORIENTED_EDGE('',*,*,#9832,.F.);
#7299=ORIENTED_EDGE('',*,*,#8659,.T.);
#7300=CARTESIAN_POINT('',(0.1853682513489,2.5,-5.573682526789));
#7301=DIRECTION('',(0.0,0.0,-1.0));
#7302=DIRECTION('',(0.0,-1.0,0.0));
#7303=ORIENTED_EDGE('',*,*,#9832,.T.);
#7304=ORIENTED_EDGE('',*,*,#9456,.F.);
#7305=ORIENTED_EDGE('',*,*,#9833,.F.);
#7306=ORIENTED_EDGE('',*,*,#8660,.T.);
#7307=CARTESIAN_POINT('',(0.1853682513489,2.5,-5.521182526789));
#7308=DIRECTION('',(1.0,0.0,0.0));
#7309=DIRECTION('',(0.0,1.0,-0.0));
#7310=ORIENTED_EDGE('',*,*,#9833,.T.);
#7311=ORIENTED_EDGE('',*,*,#9455,.F.);
#7312=ORIENTED_EDGE('',*,*,#9824,.F.);
#7313=ORIENTED_EDGE('',*,*,#8661,.T.);
#7314=CARTESIAN_POINT('',(-0.05888707206109,2.5,-5.375349282465));
#7315=DIRECTION('',(0.512633683251806,0.0,0.85860742297961));
#7316=DIRECTION('',(0.0,-1.0,0.0));
#7317=ORIENTED_EDGE('',*,*,#9834,.T.);
#7318=ORIENTED_EDGE('',*,*,#9474,.F.);
#7319=ORIENTED_EDGE('',*,*,#9835,.F.);
#7320=ORIENTED_EDGE('',*,*,#8672,.T.);
#7321=CARTESIAN_POINT('',(0.1853682513489,2.5,-5.655349282465));
#7322=DIRECTION('',(0.0,0.0,-1.0));
#7323=DIRECTION('',(0.0,-1.0,0.0));
#7324=ORIENTED_EDGE('',*,*,#9835,.T.);
#7325=ORIENTED_EDGE('',*,*,#9473,.F.);
#7326=ORIENTED_EDGE('',*,*,#9836,.F.);
#7327=ORIENTED_EDGE('',*,*,#8663,.T.);
#7328=CARTESIAN_POINT('',(0.1853682513489,2.5,-5.620349282465));
#7329=DIRECTION('',(1.0,0.0,0.0));
#7330=DIRECTION('',(0.0,1.0,-0.0));
#7331=ORIENTED_EDGE('',*,*,#9836,.T.);
#7332=ORIENTED_EDGE('',*,*,#9472,.F.);
#7333=ORIENTED_EDGE('',*,*,#9837,.F.);
#7334=ORIENTED_EDGE('',*,*,#8664,.T.);
#7335=CARTESIAN_POINT('',(-0.09463174865106,2.5,-5.620349282465));
#7336=DIRECTION('',(0.0,0.0,1.0));
#7337=DIRECTION('',(1.0,-0.0,0.0));
#7338=ORIENTED_EDGE('',*,*,#9837,.T.);
#7339=ORIENTED_EDGE('',*,*,#9471,.F.);
#7340=ORIENTED_EDGE('',*,*,#9838,.F.);
#7341=ORIENTED_EDGE('',*,*,#8665,.T.);
#7342=CARTESIAN_POINT('',(-0.09463174865106,2.5,-5.672849282465));
#7343=DIRECTION('',(-1.0,0.0,0.0));
#7344=DIRECTION('',(0.0,0.0,1.0));
#7345=ORIENTED_EDGE('',*,*,#9838,.T.);
#7346=ORIENTED_EDGE('',*,*,#9470,.F.);
#7347=ORIENTED_EDGE('',*,*,#9839,.F.);
#7348=ORIENTED_EDGE('',*,*,#8666,.T.);
#7349=CARTESIAN_POINT('',(0.1436661244883,2.5,-5.818682526789));
#7350=DIRECTION('',(-0.5219887572981,0.0,-0.8529523651731));
#7351=DIRECTION('',(-0.8529523651731,0.0,0.5219887572981));
#7352=ORIENTED_EDGE('',*,*,#9839,.T.);
#7353=ORIENTED_EDGE('',*,*,#9469,.F.);
#7354=ORIENTED_EDGE('',*,*,#9840,.F.);
#7355=ORIENTED_EDGE('',*,*,#8667,.T.);
#7356=CARTESIAN_POINT('',(-0.09463174865106,2.5,-5.818682526789));
#7357=DIRECTION('',(0.0,0.0,1.0));
#7358=DIRECTION('',(1.0,-0.0,0.0));
#7359=ORIENTED_EDGE('',*,*,#9840,.T.);
#7360=ORIENTED_EDGE('',*,*,#9468,.F.);
#7361=ORIENTED_EDGE('',*,*,#9841,.F.);
#7362=ORIENTED_EDGE('',*,*,#8668,.T.);
#7363=CARTESIAN_POINT('',(-0.09463174865106,2.5,-5.853682526789));
#7364=DIRECTION('',(-1.0,0.0,0.0));
#7365=DIRECTION('',(0.0,0.0,1.0));
#7366=ORIENTED_EDGE('',*,*,#9841,.T.);
#7367=ORIENTED_EDGE('',*,*,#9467,.F.);
#7368=ORIENTED_EDGE('',*,*,#9842,.F.);
#7369=ORIENTED_EDGE('',*,*,#8669,.T.);
#7370=CARTESIAN_POINT('',(0.1853682513489,2.5,-5.853682526789));
#7371=DIRECTION('',(0.0,0.0,-1.0));
#7372=DIRECTION('',(0.0,-1.0,0.0));
#7373=ORIENTED_EDGE('',*,*,#9842,.T.);
#7374=ORIENTED_EDGE('',*,*,#9466,.F.);
#7375=ORIENTED_EDGE('',*,*,#9843,.F.);
#7376=ORIENTED_EDGE('',*,*,#8670,.T.);
#7377=CARTESIAN_POINT('',(0.1853682513489,2.5,-5.801182526789));
#7378=DIRECTION('',(1.0,0.0,0.0));
#7379=DIRECTION('',(0.0,1.0,-0.0));
#7380=ORIENTED_EDGE('',*,*,#9843,.T.);
#7381=ORIENTED_EDGE('',*,*,#9465,.F.);
#7382=ORIENTED_EDGE('',*,*,#9834,.F.);
#7383=ORIENTED_EDGE('',*,*,#8671,.T.);
#7384=CARTESIAN_POINT('',(-0.05888707206109,2.5,-5.655349282465));
#7385=DIRECTION('',(0.512633683251806,0.0,0.85860742297961));
#7386=DIRECTION('',(0.0,-1.0,0.0));
#7387=ORIENTED_EDGE('',*,*,#9844,.T.);
#7388=ORIENTED_EDGE('',*,*,#9486,.F.);
#7389=ORIENTED_EDGE('',*,*,#9845,.F.);
#7390=ORIENTED_EDGE('',*,*,#8684,.T.);
#7391=CARTESIAN_POINT('',(0.1853682513489,2.5,-5.900349282465));
#7392=DIRECTION('',(1.0,0.0,0.0));
#7393=DIRECTION('',(0.0,1.0,-0.0));
#7394=ORIENTED_EDGE('',*,*,#9845,.T.);
#7395=ORIENTED_EDGE('',*,*,#9485,.F.);
#7396=ORIENTED_EDGE('',*,*,#9846,.F.);
#7397=ORIENTED_EDGE('',*,*,#8673,.T.);
#7398=CARTESIAN_POINT('',(-0.09463174865106,2.5,-5.900349282465));
#7399=DIRECTION('',(0.0,0.0,1.0));
#7400=DIRECTION('',(1.0,-0.0,0.0));
#7401=ORIENTED_EDGE('',*,*,#9846,.T.);
#7402=ORIENTED_EDGE('',*,*,#9484,.F.);
#7403=ORIENTED_EDGE('',*,*,#9847,.F.);
#7404=ORIENTED_EDGE('',*,*,#8674,.T.);
#7405=CARTESIAN_POINT('',(-0.09463174865106,2.5,-6.110349282465));
#7406=DIRECTION('',(-1.0,0.0,0.0));
#7407=DIRECTION('',(0.0,0.0,1.0));
#7408=ORIENTED_EDGE('',*,*,#9847,.T.);
#7409=ORIENTED_EDGE('',*,*,#9483,.F.);
#7410=ORIENTED_EDGE('',*,*,#9848,.F.);
#7411=ORIENTED_EDGE('',*,*,#8675,.T.);
#7412=CARTESIAN_POINT('',(-0.05888707206109,2.5,-6.110349282465));
#7413=DIRECTION('',(0.0,0.0,-1.0));
#7414=DIRECTION('',(0.0,-1.0,0.0));
#7415=ORIENTED_EDGE('',*,*,#9848,.T.);
#7416=ORIENTED_EDGE('',*,*,#9482,.F.);
#7417=ORIENTED_EDGE('',*,*,#9849,.F.);
#7418=ORIENTED_EDGE('',*,*,#8676,.T.);
#7419=CARTESIAN_POINT('',(-0.05888707206109,2.5,-5.935349282465));
#7420=DIRECTION('',(1.0,0.0,0.0));
#7421=DIRECTION('',(0.0,1.0,-0.0));
#7422=ORIENTED_EDGE('',*,*,#9849,.T.);
#7423=ORIENTED_EDGE('',*,*,#9481,.F.);
#7424=ORIENTED_EDGE('',*,*,#9850,.F.);
#7425=ORIENTED_EDGE('',*,*,#8677,.T.);
#7426=CARTESIAN_POINT('',(0.01855974390647,2.5,-5.935349282465));
#7427=DIRECTION('',(0.0,0.0,-1.0));
#7428=DIRECTION('',(0.0,-1.0,0.0));
#7429=ORIENTED_EDGE('',*,*,#9850,.T.);
#7430=ORIENTED_EDGE('',*,*,#9480,.F.);
#7431=ORIENTED_EDGE('',*,*,#9851,.F.);
#7432=ORIENTED_EDGE('',*,*,#8678,.T.);
#7433=CARTESIAN_POINT('',(0.01855974390647,2.5,-6.087016038142));
#7434=DIRECTION('',(-1.0,0.0,0.0));
#7435=DIRECTION('',(0.0,0.0,1.0));
#7436=ORIENTED_EDGE('',*,*,#9851,.T.);
#7437=ORIENTED_EDGE('',*,*,#9479,.F.);
#7438=ORIENTED_EDGE('',*,*,#9852,.F.);
#7439=ORIENTED_EDGE('',*,*,#8679,.T.);
#7440=CARTESIAN_POINT('',(0.05430442049643,2.5,-6.087016038142));
#7441=DIRECTION('',(0.0,0.0,-1.0));
#7442=DIRECTION('',(0.0,-1.0,0.0));
#7443=ORIENTED_EDGE('',*,*,#9852,.T.);
#7444=ORIENTED_EDGE('',*,*,#9478,.F.);
#7445=ORIENTED_EDGE('',*,*,#9853,.F.);
#7446=ORIENTED_EDGE('',*,*,#8680,.T.);
#7447=CARTESIAN_POINT('',(0.05430442049643,2.5,-5.935349282465));
#7448=DIRECTION('',(1.0,0.0,0.0));
#7449=DIRECTION('',(0.0,1.0,-0.0));
#7450=ORIENTED_EDGE('',*,*,#9853,.T.);
#7451=ORIENTED_EDGE('',*,*,#9477,.F.);
#7452=ORIENTED_EDGE('',*,*,#9854,.F.);
#7453=ORIENTED_EDGE('',*,*,#8681,.T.);
#7454=CARTESIAN_POINT('',(0.1496235705866,2.5,-5.935349282465));
#7455=DIRECTION('',(0.0,0.0,-1.0));
#7456=DIRECTION('',(0.0,-1.0,0.0));
#7457=ORIENTED_EDGE('',*,*,#9854,.T.);
#7458=ORIENTED_EDGE('',*,*,#9476,.F.);
#7459=ORIENTED_EDGE('',*,*,#9855,.F.);
#7460=ORIENTED_EDGE('',*,*,#8682,.T.);
#7461=CARTESIAN_POINT('',(0.1496235705866,2.5,-6.110349282465));
#7462=DIRECTION('',(-1.0,0.0,0.0));
#7463=DIRECTION('',(0.0,0.0,1.0));
#7464=ORIENTED_EDGE('',*,*,#9855,.T.);
#7465=ORIENTED_EDGE('',*,*,#9475,.F.);
#7466=ORIENTED_EDGE('',*,*,#9844,.F.);
#7467=ORIENTED_EDGE('',*,*,#8683,.T.);
#7468=CARTESIAN_POINT('',(0.1853682513489,2.5,-6.110349282465));
#7469=DIRECTION('',(0.0,0.0,-1.0));
#7470=DIRECTION('',(0.0,-1.0,0.0));
#7471=ORIENTED_EDGE('',*,*,#9856,.T.);
#7472=ORIENTED_EDGE('',*,*,#9526,.F.);
#7473=ORIENTED_EDGE('',*,*,#9857,.F.);
#7474=ORIENTED_EDGE('',*,*,#8724,.T.);
#7475=CARTESIAN_POINT('',(0.1436661244883,2.5,-6.227016038142));
#7476=DIRECTION('',(-0.826599187119053,0.0,-0.562791065897568));
#7477=DIRECTION('',(-0.562791065897568,0.0,0.826599187119053));
#7478=ORIENTED_EDGE('',*,*,#9857,.T.);
#7479=ORIENTED_EDGE('',*,*,#9525,.F.);
#7480=ORIENTED_EDGE('',*,*,#9858,.F.);
#7481=ORIENTED_EDGE('',*,*,#8685,.T.);
#7482=CARTESIAN_POINT('',(0.1496235705866,2.5,-6.250349282465));
#7483=DIRECTION('',(-0.968917491494592,0.0,-0.247384103522898));
#7484=DIRECTION('',(-0.247384103522898,0.0,0.968917491494592));
#7485=ORIENTED_EDGE('',*,*,#9858,.T.);
#7486=ORIENTED_EDGE('',*,*,#9524,.F.);
#7487=ORIENTED_EDGE('',*,*,#9859,.F.);
#7488=ORIENTED_EDGE('',*,*,#8686,.T.);
#7489=CARTESIAN_POINT('',(0.1496235705866,2.5,-6.302849282465));
#7490=DIRECTION('',(-1.0,0.0,0.0));
#7491=DIRECTION('',(0.0,0.0,1.0));
#7492=ORIENTED_EDGE('',*,*,#9859,.T.);
#7493=ORIENTED_EDGE('',*,*,#9523,.F.);
#7494=ORIENTED_EDGE('',*,*,#9860,.F.);
#7495=ORIENTED_EDGE('',*,*,#8687,.T.);
#7496=CARTESIAN_POINT('',(0.1436661244883,2.5,-6.326182526789));
#7497=DIRECTION('',(-0.968917491494592,0.0,0.247384103522898));
#7498=DIRECTION('',(0.0,1.0,0.0));
#7499=ORIENTED_EDGE('',*,*,#9860,.T.);
#7500=ORIENTED_EDGE('',*,*,#9522,.F.);
#7501=ORIENTED_EDGE('',*,*,#9861,.F.);
#7502=ORIENTED_EDGE('',*,*,#8688,.T.);
#7503=CARTESIAN_POINT('',(0.1317512281193,2.5,-6.343682526789));
#7504=DIRECTION('',(-0.8265991871191,0.0,0.5627910658975));
#7505=DIRECTION('',(0.0,1.0,0.0));
#7506=ORIENTED_EDGE('',*,*,#9861,.T.);
#7507=ORIENTED_EDGE('',*,*,#9521,.F.);
#7508=ORIENTED_EDGE('',*,*,#9862,.F.);
#7509=ORIENTED_EDGE('',*,*,#8689,.T.);
#7510=CARTESIAN_POINT('',(0.1138788898244,2.5,-6.349516038142));
#7511=DIRECTION('',(-0.310288622311696,0.0,0.950642399045987));
#7512=DIRECTION('',(0.0,1.0,0.0));
#7513=ORIENTED_EDGE('',*,*,#9862,.T.);
#7514=ORIENTED_EDGE('',*,*,#9520,.F.);
#7515=ORIENTED_EDGE('',*,*,#9863,.F.);
#7516=ORIENTED_EDGE('',*,*,#8690,.T.);
#7517=CARTESIAN_POINT('',(0.1138788898244,2.5,-6.384516038142));
#7518=DIRECTION('',(-1.0,0.0,0.0));
#7519=DIRECTION('',(0.0,0.0,1.0));
#7520=ORIENTED_EDGE('',*,*,#9863,.T.);
#7521=ORIENTED_EDGE('',*,*,#9519,.F.);
#7522=ORIENTED_EDGE('',*,*,#9864,.F.);
#7523=ORIENTED_EDGE('',*,*,#8691,.T.);
#7524=CARTESIAN_POINT('',(0.1436661244883,2.5,-6.378682526789));
#7525=DIRECTION('',(0.192188475817199,0.0,-0.981358033422595));
#7526=DIRECTION('',(0.0,-1.0,0.0));
#7527=ORIENTED_EDGE('',*,*,#9864,.T.);
#7528=ORIENTED_EDGE('',*,*,#9518,.F.);
#7529=ORIENTED_EDGE('',*,*,#9865,.F.);
#7530=ORIENTED_EDGE('',*,*,#8692,.T.);
#7531=CARTESIAN_POINT('',(0.1674959109678,2.5,-6.355349282465));
#7532=DIRECTION('',(0.699623441395874,0.0,-0.714511749553074));
#7533=DIRECTION('',(0.0,-1.0,0.0));
#7534=ORIENTED_EDGE('',*,*,#9865,.T.);
#7535=ORIENTED_EDGE('',*,*,#9517,.F.);
#7536=ORIENTED_EDGE('',*,*,#9866,.F.);
#7537=ORIENTED_EDGE('',*,*,#8693,.T.);
#7538=CARTESIAN_POINT('',(0.1794108047291,2.5,-6.332016038142));
#7539=DIRECTION('',(0.890604560018726,0.0,-0.454778536953813));
#7540=DIRECTION('',(0.0,-1.0,0.0));
#7541=ORIENTED_EDGE('',*,*,#9866,.T.);
#7542=ORIENTED_EDGE('',*,*,#9516,.F.);
#7543=ORIENTED_EDGE('',*,*,#9867,.F.);
#7544=ORIENTED_EDGE('',*,*,#8694,.T.);
#7545=CARTESIAN_POINT('',(0.1853682513489,2.5,-6.302849282465));
#7546=DIRECTION('',(0.979770825591075,0.0,-0.200122785610695));
#7547=DIRECTION('',(0.0,-1.0,0.0));
#7548=ORIENTED_EDGE('',*,*,#9867,.T.);
#7549=ORIENTED_EDGE('',*,*,#9515,.F.);
#7550=ORIENTED_EDGE('',*,*,#9868,.F.);
#7551=ORIENTED_EDGE('',*,*,#8695,.T.);
#7552=CARTESIAN_POINT('',(0.1853682513489,2.5,-6.250349282465));
#7553=DIRECTION('',(1.0,0.0,0.0));
#7554=DIRECTION('',(0.0,1.0,-0.0));
#7555=ORIENTED_EDGE('',*,*,#9868,.T.);
#7556=ORIENTED_EDGE('',*,*,#9514,.F.);
#7557=ORIENTED_EDGE('',*,*,#9869,.F.);
#7558=ORIENTED_EDGE('',*,*,#8696,.T.);
#7559=CARTESIAN_POINT('',(0.1794108047291,2.5,-6.221182526789));
#7560=DIRECTION('',(0.979770825591075,0.0,0.200122785610695));
#7561=DIRECTION('',(0.0,-1.0,0.0));
#7562=ORIENTED_EDGE('',*,*,#9869,.T.);
#7563=ORIENTED_EDGE('',*,*,#9513,.F.);
#7564=ORIENTED_EDGE('',*,*,#9870,.F.);
#7565=ORIENTED_EDGE('',*,*,#8697,.T.);
#7566=CARTESIAN_POINT('',(0.1674959109678,2.5,-6.197849282465));
#7567=DIRECTION('',(0.890604560018726,0.0,0.454778536953813));
#7568=DIRECTION('',(0.0,-1.0,0.0));
#7569=ORIENTED_EDGE('',*,*,#9870,.T.);
#7570=ORIENTED_EDGE('',*,*,#9512,.F.);
#7571=ORIENTED_EDGE('',*,*,#9871,.F.);
#7572=ORIENTED_EDGE('',*,*,#8698,.T.);
#7573=CARTESIAN_POINT('',(0.1436661244883,2.5,-6.174516038142));
#7574=DIRECTION('',(0.699623441395874,0.0,0.714511749553074));
#7575=DIRECTION('',(0.0,-1.0,0.0));
#7576=ORIENTED_EDGE('',*,*,#9871,.T.);
#7577=ORIENTED_EDGE('',*,*,#9511,.F.);
#7578=ORIENTED_EDGE('',*,*,#9872,.F.);
#7579=ORIENTED_EDGE('',*,*,#8699,.T.);
#7580=CARTESIAN_POINT('',(0.1198363359227,2.5,-6.162849282465));
#7581=DIRECTION('',(0.439716139829202,0.0,0.898136802705304));
#7582=DIRECTION('',(0.0,-1.0,0.0));
#7583=ORIENTED_EDGE('',*,*,#9872,.T.);
#7584=ORIENTED_EDGE('',*,*,#9510,.F.);
#7585=ORIENTED_EDGE('',*,*,#9873,.F.);
#7586=ORIENTED_EDGE('',*,*,#8700,.T.);
#7587=CARTESIAN_POINT('',(0.09004910543105,2.5,-6.157016038142));
#7588=DIRECTION('',(0.192180029243804,0.0,0.981359687555919));
#7589=DIRECTION('',(0.0,-1.0,0.0));
#7590=ORIENTED_EDGE('',*,*,#9873,.T.);
#7591=ORIENTED_EDGE('',*,*,#9509,.F.);
#7592=ORIENTED_EDGE('',*,*,#9874,.F.);
#7593=ORIENTED_EDGE('',*,*,#8701,.T.);
#7594=CARTESIAN_POINT('',(0.0006874056114826,2.5,-6.157016038142));
#7595=DIRECTION('',(0.0,0.0,1.0));
#7596=DIRECTION('',(1.0,-0.0,0.0));
#7597=ORIENTED_EDGE('',*,*,#9874,.T.);
#7598=ORIENTED_EDGE('',*,*,#9508,.F.);
#7599=ORIENTED_EDGE('',*,*,#9875,.F.);
#7600=ORIENTED_EDGE('',*,*,#8702,.T.);
#7601=CARTESIAN_POINT('',(-0.02909984156946,2.5,-6.162849282465));
#7602=DIRECTION('',(-0.192179925545306,0.0,0.981359707863228));
#7603=DIRECTION('',(0.0,1.0,0.0));
#7604=ORIENTED_EDGE('',*,*,#9875,.T.);
#7605=ORIENTED_EDGE('',*,*,#9507,.F.);
#7606=ORIENTED_EDGE('',*,*,#9876,.F.);
#7607=ORIENTED_EDGE('',*,*,#8703,.T.);
#7608=CARTESIAN_POINT('',(-0.05292962596277,2.5,-6.174516038142));
#7609=DIRECTION('',(-0.439716201932593,0.0,0.898136772300286));
#7610=DIRECTION('',(0.0,1.0,0.0));
#7611=ORIENTED_EDGE('',*,*,#9876,.T.);
#7612=ORIENTED_EDGE('',*,*,#9506,.F.);
#7613=ORIENTED_EDGE('',*,*,#9877,.F.);
#7614=ORIENTED_EDGE('',*,*,#8704,.T.);
#7615=CARTESIAN_POINT('',(-0.07675941035608,2.5,-6.197849282465));
#7616=DIRECTION('',(-0.699623472664698,0.0,0.714511718935798));
#7617=DIRECTION('',(0.0,1.0,0.0));
#7618=ORIENTED_EDGE('',*,*,#9877,.T.);
#7619=ORIENTED_EDGE('',*,*,#9505,.F.);
#7620=ORIENTED_EDGE('',*,*,#9878,.F.);
#7621=ORIENTED_EDGE('',*,*,#8705,.T.);
#7622=CARTESIAN_POINT('',(-0.08867430255273,2.5,-6.221182526789));
#7623=DIRECTION('',(-0.890604584206955,0.0,0.454778489585377));
#7624=DIRECTION('',(0.0,1.0,0.0));
#7625=ORIENTED_EDGE('',*,*,#9878,.T.);
#7626=ORIENTED_EDGE('',*,*,#9504,.F.);
#7627=ORIENTED_EDGE('',*,*,#9879,.F.);
#7628=ORIENTED_EDGE('',*,*,#8706,.T.);
#7629=CARTESIAN_POINT('',(-0.09463174865106,2.5,-6.250349282465));
#7630=DIRECTION('',(-0.979770829026208,0.0,0.200122768792802));
#7631=DIRECTION('',(0.0,1.0,0.0));
#7632=ORIENTED_EDGE('',*,*,#9879,.T.);
#7633=ORIENTED_EDGE('',*,*,#9503,.F.);
#7634=ORIENTED_EDGE('',*,*,#9880,.F.);
#7635=ORIENTED_EDGE('',*,*,#8707,.T.);
#7636=CARTESIAN_POINT('',(-0.09463174865106,2.5,-6.302849282465));
#7637=DIRECTION('',(-1.0,0.0,0.0));
#7638=DIRECTION('',(0.0,0.0,1.0));
#7639=ORIENTED_EDGE('',*,*,#9880,.T.);
#7640=ORIENTED_EDGE('',*,*,#9502,.F.);
#7641=ORIENTED_EDGE('',*,*,#9881,.F.);
#7642=ORIENTED_EDGE('',*,*,#8708,.T.);
#7643=CARTESIAN_POINT('',(-0.08867430255273,2.5,-6.332016038142));
#7644=DIRECTION('',(-0.979770829026208,0.0,-0.200122768792802));
#7645=DIRECTION('',(-0.200122768792802,0.0,0.979770829026208));
#7646=ORIENTED_EDGE('',*,*,#9881,.T.);
#7647=ORIENTED_EDGE('',*,*,#9501,.F.);
#7648=ORIENTED_EDGE('',*,*,#9882,.F.);
#7649=ORIENTED_EDGE('',*,*,#8709,.T.);
#7650=CARTESIAN_POINT('',(-0.07675941035608,2.5,-6.355349282465));
#7651=DIRECTION('',(-0.890604584206955,0.0,-0.454778489585377));
#7652=DIRECTION('',(-0.454778489585377,0.0,0.890604584206955));
#7653=ORIENTED_EDGE('',*,*,#9882,.T.);
#7654=ORIENTED_EDGE('',*,*,#9500,.F.);
#7655=ORIENTED_EDGE('',*,*,#9883,.F.);
#7656=ORIENTED_EDGE('',*,*,#8710,.T.);
#7657=CARTESIAN_POINT('',(-0.05292962596277,2.5,-6.378682526789));
#7658=DIRECTION('',(-0.699623472664698,0.0,-0.714511718935798));
#7659=DIRECTION('',(-0.714511718935798,0.0,0.699623472664698));
#7660=ORIENTED_EDGE('',*,*,#9883,.T.);
#7661=ORIENTED_EDGE('',*,*,#9499,.F.);
#7662=ORIENTED_EDGE('',*,*,#9884,.F.);
#7663=ORIENTED_EDGE('',*,*,#8711,.T.);
#7664=CARTESIAN_POINT('',(-0.02314237878183,2.5,-6.384516038142));
#7665=DIRECTION('',(-0.192188398040197,0.0,-0.981358048654385));
#7666=DIRECTION('',(-0.981358048654385,0.0,0.192188398040197));
#7667=ORIENTED_EDGE('',*,*,#9884,.T.);
#7668=ORIENTED_EDGE('',*,*,#9498,.F.);
#7669=ORIENTED_EDGE('',*,*,#9885,.F.);
#7670=ORIENTED_EDGE('',*,*,#8712,.T.);
#7671=CARTESIAN_POINT('',(-0.02314237878183,2.5,-6.349516038142));
#7672=DIRECTION('',(1.0,0.0,0.0));
#7673=DIRECTION('',(0.0,1.0,-0.0));
#7674=ORIENTED_EDGE('',*,*,#9885,.T.);
#7675=ORIENTED_EDGE('',*,*,#9497,.F.);
#7676=ORIENTED_EDGE('',*,*,#9886,.F.);
#7677=ORIENTED_EDGE('',*,*,#8713,.T.);
#7678=CARTESIAN_POINT('',(-0.04101473376611,2.5,-6.343682526789));
#7679=DIRECTION('',(0.310288360459294,0.0,0.95064248451428));
#7680=DIRECTION('',(0.0,-1.0,0.0));
#7681=ORIENTED_EDGE('',*,*,#9886,.T.);
#7682=ORIENTED_EDGE('',*,*,#9496,.F.);
#7683=ORIENTED_EDGE('',*,*,#9887,.F.);
#7684=ORIENTED_EDGE('',*,*,#8714,.T.);
#7685=CARTESIAN_POINT('',(-0.05292962596277,2.5,-6.326182526789));
#7686=DIRECTION('',(0.826599278799634,0.0,0.562790931241723));
#7687=DIRECTION('',(0.0,-1.0,0.0));
#7688=ORIENTED_EDGE('',*,*,#9887,.T.);
#7689=ORIENTED_EDGE('',*,*,#9495,.F.);
#7690=ORIENTED_EDGE('',*,*,#9888,.F.);
#7691=ORIENTED_EDGE('',*,*,#8715,.T.);
#7692=CARTESIAN_POINT('',(-0.05888707206109,2.5,-6.302849282465));
#7693=DIRECTION('',(0.968917491494592,0.0,0.247384103522898));
#7694=DIRECTION('',(0.0,-1.0,0.0));
#7695=ORIENTED_EDGE('',*,*,#9888,.T.);
#7696=ORIENTED_EDGE('',*,*,#9494,.F.);
#7697=ORIENTED_EDGE('',*,*,#9889,.F.);
#7698=ORIENTED_EDGE('',*,*,#8716,.T.);
#7699=CARTESIAN_POINT('',(-0.05888707206109,2.5,-6.250349282465));
#7700=DIRECTION('',(1.0,0.0,0.0));
#7701=DIRECTION('',(0.0,1.0,-0.0));
#7702=ORIENTED_EDGE('',*,*,#9889,.T.);
#7703=ORIENTED_EDGE('',*,*,#9493,.F.);
#7704=ORIENTED_EDGE('',*,*,#9890,.F.);
#7705=ORIENTED_EDGE('',*,*,#8717,.T.);
#7706=CARTESIAN_POINT('',(-0.05292962596277,2.5,-6.227016038142));
#7707=DIRECTION('',(0.968917491494592,0.0,-0.247384103522898));
#7708=DIRECTION('',(0.0,-1.0,0.0));
#7709=ORIENTED_EDGE('',*,*,#9890,.T.);
#7710=ORIENTED_EDGE('',*,*,#9492,.F.);
#7711=ORIENTED_EDGE('',*,*,#9891,.F.);
#7712=ORIENTED_EDGE('',*,*,#8718,.T.);
#7713=CARTESIAN_POINT('',(-0.04101473376611,2.5,-6.209516038142));
#7714=DIRECTION('',(0.826599278799587,0.0,-0.562790931241791));
#7715=DIRECTION('',(0.0,-1.0,0.0));
#7716=ORIENTED_EDGE('',*,*,#9891,.T.);
#7717=ORIENTED_EDGE('',*,*,#9491,.F.);
#7718=ORIENTED_EDGE('',*,*,#9892,.F.);
#7719=ORIENTED_EDGE('',*,*,#8719,.T.);
#7720=CARTESIAN_POINT('',(-0.02314237878183,2.5,-6.197849282465));
#7721=DIRECTION('',(0.546625112994506,0.0,-0.837377445268109));
#7722=DIRECTION('',(0.0,-1.0,0.0));
#7723=ORIENTED_EDGE('',*,*,#9892,.T.);
#7724=ORIENTED_EDGE('',*,*,#9490,.F.);
#7725=ORIENTED_EDGE('',*,*,#9893,.F.);
#7726=ORIENTED_EDGE('',*,*,#8720,.T.);
#7727=CARTESIAN_POINT('',(0.0006874056114826,2.5,-6.192016038142));
#7728=DIRECTION('',(0.237767929475994,0.0,-0.971321991778575));
#7729=DIRECTION('',(0.0,-1.0,0.0));
#7730=ORIENTED_EDGE('',*,*,#9893,.T.);
#7731=ORIENTED_EDGE('',*,*,#9489,.F.);
#7732=ORIENTED_EDGE('',*,*,#9894,.F.);
#7733=ORIENTED_EDGE('',*,*,#8721,.T.);
#7734=CARTESIAN_POINT('',(0.09004910543105,2.5,-6.192016038142));
#7735=DIRECTION('',(0.0,0.0,-1.0));
#7736=DIRECTION('',(0.0,-1.0,0.0));
#7737=ORIENTED_EDGE('',*,*,#9894,.T.);
#7738=ORIENTED_EDGE('',*,*,#9488,.F.);
#7739=ORIENTED_EDGE('',*,*,#9895,.F.);
#7740=ORIENTED_EDGE('',*,*,#8722,.T.);
#7741=CARTESIAN_POINT('',(0.1138788898244,2.5,-6.197849282465));
#7742=DIRECTION('',(-0.237767929475994,0.0,-0.971321991778575));
#7743=DIRECTION('',(-0.971321991778575,0.0,0.237767929475994));
#7744=ORIENTED_EDGE('',*,*,#9895,.T.);
#7745=ORIENTED_EDGE('',*,*,#9487,.F.);
#7746=ORIENTED_EDGE('',*,*,#9856,.F.);
#7747=ORIENTED_EDGE('',*,*,#8723,.T.);
#7748=CARTESIAN_POINT('',(0.1317512281193,2.5,-6.209516038142));
#7749=DIRECTION('',(-0.546625470916724,0.0,-0.837377211622737));
#7750=DIRECTION('',(-0.837377211622737,0.0,0.546625470916724));
#7751=ORIENTED_EDGE('',*,*,#9896,.T.);
#7752=ORIENTED_EDGE('',*,*,#9534,.F.);
#7753=ORIENTED_EDGE('',*,*,#9897,.F.);
#7754=ORIENTED_EDGE('',*,*,#8732,.T.);
#7755=CARTESIAN_POINT('',(0.1853682513489,2.5,-6.559516038142));
#7756=DIRECTION('',(0.0,0.0,-1.0));
#7757=DIRECTION('',(0.0,-1.0,0.0));
#7758=ORIENTED_EDGE('',*,*,#9897,.T.);
#7759=ORIENTED_EDGE('',*,*,#9533,.F.);
#7760=ORIENTED_EDGE('',*,*,#9898,.F.);
#7761=ORIENTED_EDGE('',*,*,#8725,.T.);
#7762=CARTESIAN_POINT('',(0.1853682513489,2.5,-6.524516038142));
#7763=DIRECTION('',(1.0,0.0,0.0));
#7764=DIRECTION('',(0.0,1.0,-0.0));
#7765=ORIENTED_EDGE('',*,*,#9898,.T.);
#7766=ORIENTED_EDGE('',*,*,#9532,.F.);
#7767=ORIENTED_EDGE('',*,*,#9899,.F.);
#7768=ORIENTED_EDGE('',*,*,#8726,.T.);
#7769=CARTESIAN_POINT('',(-0.06484451815942,2.5,-6.524516038142));
#7770=DIRECTION('',(0.0,0.0,1.0));
#7771=DIRECTION('',(1.0,-0.0,0.0));
#7772=ORIENTED_EDGE('',*,*,#9899,.T.);
#7773=ORIENTED_EDGE('',*,*,#9531,.F.);
#7774=ORIENTED_EDGE('',*,*,#9900,.F.);
#7775=ORIENTED_EDGE('',*,*,#8727,.T.);
#7776=CARTESIAN_POINT('',(-0.06484451815942,2.5,-6.431182526789));
#7777=DIRECTION('',(1.0,0.0,0.0));
#7778=DIRECTION('',(0.0,1.0,-0.0));
#7779=ORIENTED_EDGE('',*,*,#9900,.T.);
#7780=ORIENTED_EDGE('',*,*,#9530,.F.);
#7781=ORIENTED_EDGE('',*,*,#9901,.F.);
#7782=ORIENTED_EDGE('',*,*,#8728,.T.);
#7783=CARTESIAN_POINT('',(-0.09463174865106,2.5,-6.431182526789));
#7784=DIRECTION('',(0.0,0.0,1.0));
#7785=DIRECTION('',(1.0,-0.0,0.0));
#7786=ORIENTED_EDGE('',*,*,#9901,.T.);
#7787=ORIENTED_EDGE('',*,*,#9529,.F.);
#7788=ORIENTED_EDGE('',*,*,#9902,.F.);
#7789=ORIENTED_EDGE('',*,*,#8729,.T.);
#7790=CARTESIAN_POINT('',(-0.09463174865106,2.5,-6.652849282465));
#7791=DIRECTION('',(-1.0,0.0,0.0));
#7792=DIRECTION('',(0.0,0.0,1.0));
#7793=ORIENTED_EDGE('',*,*,#9902,.T.);
#7794=ORIENTED_EDGE('',*,*,#9528,.F.);
#7795=ORIENTED_EDGE('',*,*,#9903,.F.);
#7796=ORIENTED_EDGE('',*,*,#8730,.T.);
#7797=CARTESIAN_POINT('',(-0.06484451815942,2.5,-6.652849282465));
#7798=DIRECTION('',(0.0,0.0,-1.0));
#7799=DIRECTION('',(0.0,-1.0,0.0));
#7800=ORIENTED_EDGE('',*,*,#9903,.T.);
#7801=ORIENTED_EDGE('',*,*,#9527,.F.);
#7802=ORIENTED_EDGE('',*,*,#9896,.F.);
#7803=ORIENTED_EDGE('',*,*,#8731,.T.);
#7804=CARTESIAN_POINT('',(-0.06484451815942,2.5,-6.559516038142));
#7805=DIRECTION('',(1.0,0.0,0.0));
#7806=DIRECTION('',(0.0,1.0,-0.0));
#7807=ORIENTED_EDGE('',*,*,#9904,.T.);
#7808=ORIENTED_EDGE('',*,*,#9578,.F.);
#7809=ORIENTED_EDGE('',*,*,#9905,.F.);
#7810=ORIENTED_EDGE('',*,*,#8812,.T.);
#7811=CARTESIAN_POINT('',(0.09004910543105,2.5,-6.734516038142));
#7812=DIRECTION('',(0.0,0.0,-1.0));
#7813=DIRECTION('',(0.0,-1.0,0.0));
#7814=ORIENTED_EDGE('',*,*,#9905,.T.);
#7815=ORIENTED_EDGE('',*,*,#9577,.F.);
#7816=ORIENTED_EDGE('',*,*,#9906,.F.);
#7817=ORIENTED_EDGE('',*,*,#8793,.T.);
#7818=CARTESIAN_POINT('',(0.1138788898244,2.5,-6.740349282465));
#7819=DIRECTION('',(-0.237767929475994,0.0,-0.971321991778575));
#7820=DIRECTION('',(-0.971321991778575,0.0,0.237767929475994));
#7821=ORIENTED_EDGE('',*,*,#9906,.T.);
#7822=ORIENTED_EDGE('',*,*,#9576,.F.);
#7823=ORIENTED_EDGE('',*,*,#9907,.F.);
#7824=ORIENTED_EDGE('',*,*,#8794,.T.);
#7825=CARTESIAN_POINT('',(0.1317512281193,2.5,-6.752016038142));
#7826=DIRECTION('',(-0.546625470916724,0.0,-0.837377211622737));
#7827=DIRECTION('',(-0.837377211622737,0.0,0.546625470916724));
#7828=ORIENTED_EDGE('',*,*,#9907,.T.);
#7829=ORIENTED_EDGE('',*,*,#9575,.F.);
#7830=ORIENTED_EDGE('',*,*,#9908,.F.);
#7831=ORIENTED_EDGE('',*,*,#8795,.T.);
#7832=CARTESIAN_POINT('',(0.1436661244883,2.5,-6.769516038142));
#7833=DIRECTION('',(-0.8265991871191,0.0,-0.5627910658975));
#7834=DIRECTION('',(-0.5627910658975,0.0,0.8265991871191));
#7835=ORIENTED_EDGE('',*,*,#9908,.T.);
#7836=ORIENTED_EDGE('',*,*,#9574,.F.);
#7837=ORIENTED_EDGE('',*,*,#9909,.F.);
#7838=ORIENTED_EDGE('',*,*,#8796,.T.);
#7839=CARTESIAN_POINT('',(0.1496235705866,2.5,-6.792849282465));
#7840=DIRECTION('',(-0.968917491494592,0.0,-0.247384103522898));
#7841=DIRECTION('',(-0.247384103522898,0.0,0.968917491494592));
#7842=ORIENTED_EDGE('',*,*,#9909,.T.);
#7843=ORIENTED_EDGE('',*,*,#9573,.F.);
#7844=ORIENTED_EDGE('',*,*,#9910,.F.);
#7845=ORIENTED_EDGE('',*,*,#8797,.T.);
#7846=CARTESIAN_POINT('',(0.1496235705866,2.5,-6.839516038142));
#7847=DIRECTION('',(-1.0,0.0,0.0));
#7848=DIRECTION('',(0.0,0.0,1.0));
#7849=ORIENTED_EDGE('',*,*,#9910,.T.);
#7850=ORIENTED_EDGE('',*,*,#9572,.F.);
#7851=ORIENTED_EDGE('',*,*,#9911,.F.);
#7852=ORIENTED_EDGE('',*,*,#8798,.T.);
#7853=CARTESIAN_POINT('',(0.1436661244883,2.5,-6.862849282465));
#7854=DIRECTION('',(-0.968917491494592,0.0,0.247384103522898));
#7855=DIRECTION('',(0.0,1.0,0.0));
#7856=ORIENTED_EDGE('',*,*,#9911,.T.);
#7857=ORIENTED_EDGE('',*,*,#9571,.F.);
#7858=ORIENTED_EDGE('',*,*,#9912,.F.);
#7859=ORIENTED_EDGE('',*,*,#8799,.T.);
#7860=CARTESIAN_POINT('',(0.1317512281193,2.5,-6.880349282465));
#7861=DIRECTION('',(-0.8265991871191,0.0,0.5627910658975));
#7862=DIRECTION('',(0.0,1.0,0.0));
#7863=ORIENTED_EDGE('',*,*,#9912,.T.);
#7864=ORIENTED_EDGE('',*,*,#9570,.F.);
#7865=ORIENTED_EDGE('',*,*,#9913,.F.);
#7866=ORIENTED_EDGE('',*,*,#8800,.T.);
#7867=CARTESIAN_POINT('',(0.1138788898244,2.5,-6.892016038142));
#7868=DIRECTION('',(-0.546625470916724,0.0,0.837377211622737));
#7869=DIRECTION('',(0.0,1.0,0.0));
#7870=ORIENTED_EDGE('',*,*,#9913,.T.);
#7871=ORIENTED_EDGE('',*,*,#9569,.F.);
#7872=ORIENTED_EDGE('',*,*,#9914,.F.);
#7873=ORIENTED_EDGE('',*,*,#8801,.T.);
#7874=CARTESIAN_POINT('',(0.09004910543105,2.5,-6.897849282465));
#7875=DIRECTION('',(-0.237767929475994,0.0,0.971321991778575));
#7876=DIRECTION('',(0.0,1.0,0.0));
#7877=ORIENTED_EDGE('',*,*,#9914,.T.);
#7878=ORIENTED_EDGE('',*,*,#9568,.F.);
#7879=ORIENTED_EDGE('',*,*,#9915,.F.);
#7880=ORIENTED_EDGE('',*,*,#8802,.T.);
#7881=CARTESIAN_POINT('',(0.0006874056114826,2.5,-6.897849282465));
#7882=DIRECTION('',(0.0,0.0,1.0));
#7883=DIRECTION('',(1.0,-0.0,0.0));
#7884=ORIENTED_EDGE('',*,*,#9915,.T.);
#7885=ORIENTED_EDGE('',*,*,#9567,.F.);
#7886=ORIENTED_EDGE('',*,*,#9916,.F.);
#7887=ORIENTED_EDGE('',*,*,#8803,.T.);
#7888=CARTESIAN_POINT('',(-0.02314237878183,2.5,-6.892016038142));
#7889=DIRECTION('',(0.237767929475994,0.0,0.971321991778575));
#7890=DIRECTION('',(0.0,-1.0,0.0));
#7891=ORIENTED_EDGE('',*,*,#9916,.T.);
#7892=ORIENTED_EDGE('',*,*,#9566,.F.);
#7893=ORIENTED_EDGE('',*,*,#9917,.F.);
#7894=ORIENTED_EDGE('',*,*,#8804,.T.);
#7895=CARTESIAN_POINT('',(-0.04101473376611,2.5,-6.880349282465));
#7896=DIRECTION('',(0.546625112994506,0.0,0.837377445268109));
#7897=DIRECTION('',(0.0,-1.0,0.0));
#7898=ORIENTED_EDGE('',*,*,#9917,.T.);
#7899=ORIENTED_EDGE('',*,*,#9565,.F.);
#7900=ORIENTED_EDGE('',*,*,#9918,.F.);
#7901=ORIENTED_EDGE('',*,*,#8805,.T.);
#7902=CARTESIAN_POINT('',(-0.05292962596277,2.5,-6.862849282465));
#7903=DIRECTION('',(0.826599278799634,0.0,0.562790931241723));
#7904=DIRECTION('',(0.0,-1.0,0.0));
#7905=ORIENTED_EDGE('',*,*,#9918,.T.);
#7906=ORIENTED_EDGE('',*,*,#9564,.F.);
#7907=ORIENTED_EDGE('',*,*,#9919,.F.);
#7908=ORIENTED_EDGE('',*,*,#8806,.T.);
#7909=CARTESIAN_POINT('',(-0.05888707206109,2.5,-6.839516038142));
#7910=DIRECTION('',(0.968917491494592,0.0,0.247384103522898));
#7911=DIRECTION('',(0.0,-1.0,0.0));
#7912=ORIENTED_EDGE('',*,*,#9919,.T.);
#7913=ORIENTED_EDGE('',*,*,#9563,.F.);
#7914=ORIENTED_EDGE('',*,*,#9920,.F.);
#7915=ORIENTED_EDGE('',*,*,#8807,.T.);
#7916=CARTESIAN_POINT('',(-0.05888707206109,2.5,-6.792849282465));
#7917=DIRECTION('',(1.0,0.0,0.0));
#7918=DIRECTION('',(0.0,1.0,-0.0));
#7919=ORIENTED_EDGE('',*,*,#9920,.T.);
#7920=ORIENTED_EDGE('',*,*,#9562,.F.);
#7921=ORIENTED_EDGE('',*,*,#9921,.F.);
#7922=ORIENTED_EDGE('',*,*,#8808,.T.);
#7923=CARTESIAN_POINT('',(-0.05292962596277,2.5,-6.769516038142));
#7924=DIRECTION('',(0.968917491494592,0.0,-0.247384103522898));
#7925=DIRECTION('',(0.0,-1.0,0.0));
#7926=ORIENTED_EDGE('',*,*,#9921,.T.);
#7927=ORIENTED_EDGE('',*,*,#9561,.F.);
#7928=ORIENTED_EDGE('',*,*,#9922,.F.);
#7929=ORIENTED_EDGE('',*,*,#8809,.T.);
#7930=CARTESIAN_POINT('',(-0.04101473376611,2.5,-6.752016038142));
#7931=DIRECTION('',(0.826599278799634,0.0,-0.562790931241723));
#7932=DIRECTION('',(0.0,-1.0,0.0));
#7933=ORIENTED_EDGE('',*,*,#9922,.T.);
#7934=ORIENTED_EDGE('',*,*,#9560,.F.);
#7935=ORIENTED_EDGE('',*,*,#9923,.F.);
#7936=ORIENTED_EDGE('',*,*,#8810,.T.);
#7937=CARTESIAN_POINT('',(-0.02314237878183,2.5,-6.740349282465));
#7938=DIRECTION('',(0.546625112994506,0.0,-0.837377445268109));
#7939=DIRECTION('',(0.0,-1.0,0.0));
#7940=ORIENTED_EDGE('',*,*,#9923,.T.);
#7941=ORIENTED_EDGE('',*,*,#9559,.F.);
#7942=ORIENTED_EDGE('',*,*,#9904,.F.);
#7943=ORIENTED_EDGE('',*,*,#8811,.T.);
#7944=CARTESIAN_POINT('',(0.0006874056114826,2.5,-6.734516038142));
#7945=DIRECTION('',(0.237767929475994,0.0,-0.971321991778575));
#7946=DIRECTION('',(0.0,-1.0,0.0));
#7947=ORIENTED_EDGE('',*,*,#9924,.T.);
#7948=ORIENTED_EDGE('',*,*,#9558,.F.);
#7949=ORIENTED_EDGE('',*,*,#9925,.F.);
#7950=ORIENTED_EDGE('',*,*,#8756,.T.);
#7951=CARTESIAN_POINT('',(0.1794108047291,2.5,-6.763682526789));
#7952=DIRECTION('',(0.979770825591075,0.0,0.200122785610695));
#7953=DIRECTION('',(0.0,-1.0,0.0));
#7954=ORIENTED_EDGE('',*,*,#9925,.T.);
#7955=ORIENTED_EDGE('',*,*,#9557,.F.);
#7956=ORIENTED_EDGE('',*,*,#9926,.F.);
#7957=ORIENTED_EDGE('',*,*,#8733,.T.);
#7958=CARTESIAN_POINT('',(0.1674959109678,2.5,-6.740349282465));
#7959=DIRECTION('',(0.890604560018726,0.0,0.454778536953813));
#7960=DIRECTION('',(0.0,-1.0,0.0));
#7961=ORIENTED_EDGE('',*,*,#9926,.T.);
#7962=ORIENTED_EDGE('',*,*,#9556,.F.);
#7963=ORIENTED_EDGE('',*,*,#9927,.F.);
#7964=ORIENTED_EDGE('',*,*,#8734,.T.);
#7965=CARTESIAN_POINT('',(0.1436661244883,2.5,-6.717016038142));
#7966=DIRECTION('',(0.699623441395874,0.0,0.714511749553074));
#7967=DIRECTION('',(0.0,-1.0,0.0));
#7968=ORIENTED_EDGE('',*,*,#9927,.T.);
#7969=ORIENTED_EDGE('',*,*,#9555,.F.);
#7970=ORIENTED_EDGE('',*,*,#9928,.F.);
#7971=ORIENTED_EDGE('',*,*,#8735,.T.);
#7972=CARTESIAN_POINT('',(0.1198363359227,2.5,-6.705349282465));
#7973=DIRECTION('',(0.439716139829202,0.0,0.898136802705304));
#7974=DIRECTION('',(0.0,-1.0,0.0));
#7975=ORIENTED_EDGE('',*,*,#9928,.T.);
#7976=ORIENTED_EDGE('',*,*,#9554,.F.);
#7977=ORIENTED_EDGE('',*,*,#9929,.F.);
#7978=ORIENTED_EDGE('',*,*,#8736,.T.);
#7979=CARTESIAN_POINT('',(0.09004910543105,2.5,-6.699516038142));
#7980=DIRECTION('',(0.192180029243804,0.0,0.981359687555919));
#7981=DIRECTION('',(0.0,-1.0,0.0));
#7982=ORIENTED_EDGE('',*,*,#9929,.T.);
#7983=ORIENTED_EDGE('',*,*,#9553,.F.);
#7984=ORIENTED_EDGE('',*,*,#9930,.F.);
#7985=ORIENTED_EDGE('',*,*,#8737,.T.);
#7986=CARTESIAN_POINT('',(0.0006874056114826,2.5,-6.699516038142));
#7987=DIRECTION('',(0.0,0.0,1.0));
#7988=DIRECTION('',(1.0,-0.0,0.0));
#7989=ORIENTED_EDGE('',*,*,#9930,.T.);
#7990=ORIENTED_EDGE('',*,*,#9552,.F.);
#7991=ORIENTED_EDGE('',*,*,#9931,.F.);
#7992=ORIENTED_EDGE('',*,*,#8738,.T.);
#7993=CARTESIAN_POINT('',(-0.02909984156946,2.5,-6.705349282465));
#7994=DIRECTION('',(-0.192179925545306,0.0,0.981359707863228));
#7995=DIRECTION('',(0.0,1.0,0.0));
#7996=ORIENTED_EDGE('',*,*,#9931,.T.);
#7997=ORIENTED_EDGE('',*,*,#9551,.F.);
#7998=ORIENTED_EDGE('',*,*,#9932,.F.);
#7999=ORIENTED_EDGE('',*,*,#8739,.T.);
#8000=CARTESIAN_POINT('',(-0.05292962596277,2.5,-6.717016038142));
#8001=DIRECTION('',(-0.439716201932593,0.0,0.898136772300286));
#8002=DIRECTION('',(0.0,1.0,0.0));
#8003=ORIENTED_EDGE('',*,*,#9932,.T.);
#8004=ORIENTED_EDGE('',*,*,#9550,.F.);
#8005=ORIENTED_EDGE('',*,*,#9933,.F.);
#8006=ORIENTED_EDGE('',*,*,#8740,.T.);
#8007=CARTESIAN_POINT('',(-0.07675941035608,2.5,-6.740349282465));
#8008=DIRECTION('',(-0.699623472664698,0.0,0.714511718935798));
#8009=DIRECTION('',(0.0,1.0,0.0));
#8010=ORIENTED_EDGE('',*,*,#9933,.T.);
#8011=ORIENTED_EDGE('',*,*,#9549,.F.);
#8012=ORIENTED_EDGE('',*,*,#9934,.F.);
#8013=ORIENTED_EDGE('',*,*,#8741,.T.);
#8014=CARTESIAN_POINT('',(-0.08867430255273,2.5,-6.763682526789));
#8015=DIRECTION('',(-0.890604584206955,0.0,0.454778489585377));
#8016=DIRECTION('',(0.0,1.0,0.0));
#8017=ORIENTED_EDGE('',*,*,#9934,.T.);
#8018=ORIENTED_EDGE('',*,*,#9548,.F.);
#8019=ORIENTED_EDGE('',*,*,#9935,.F.);
#8020=ORIENTED_EDGE('',*,*,#8742,.T.);
#8021=CARTESIAN_POINT('',(-0.09463174865106,2.5,-6.792849282465));
#8022=DIRECTION('',(-0.979770829026208,0.0,0.200122768792802));
#8023=DIRECTION('',(0.0,1.0,0.0));
#8024=ORIENTED_EDGE('',*,*,#9935,.T.);
#8025=ORIENTED_EDGE('',*,*,#9547,.F.);
#8026=ORIENTED_EDGE('',*,*,#9936,.F.);
#8027=ORIENTED_EDGE('',*,*,#8743,.T.);
#8028=CARTESIAN_POINT('',(-0.09463174865106,2.5,-6.839516038142));
#8029=DIRECTION('',(-1.0,0.0,0.0));
#8030=DIRECTION('',(0.0,0.0,1.0));
#8031=ORIENTED_EDGE('',*,*,#9936,.T.);
#8032=ORIENTED_EDGE('',*,*,#9546,.F.);
#8033=ORIENTED_EDGE('',*,*,#9937,.F.);
#8034=ORIENTED_EDGE('',*,*,#8744,.T.);
#8035=CARTESIAN_POINT('',(-0.08867430255273,2.5,-6.868682526789));
#8036=DIRECTION('',(-0.979770469779138,0.0,-0.200124527604108));
#8037=DIRECTION('',(-0.200124527604108,0.0,0.979770469779138));
#8038=ORIENTED_EDGE('',*,*,#9937,.T.);
#8039=ORIENTED_EDGE('',*,*,#9545,.F.);
#8040=ORIENTED_EDGE('',*,*,#9938,.F.);
#8041=ORIENTED_EDGE('',*,*,#8745,.T.);
#8042=CARTESIAN_POINT('',(-0.07675941035608,2.5,-6.892016038142));
#8043=DIRECTION('',(-0.890606692164392,0.0,-0.454774361493696));
#8044=DIRECTION('',(-0.454774361493696,0.0,0.890606692164392));
#8045=ORIENTED_EDGE('',*,*,#9938,.T.);
#8046=ORIENTED_EDGE('',*,*,#9544,.F.);
#8047=ORIENTED_EDGE('',*,*,#9939,.F.);
#8048=ORIENTED_EDGE('',*,*,#8746,.T.);
#8049=CARTESIAN_POINT('',(-0.05292962596277,2.5,-6.915349282465));
#8050=DIRECTION('',(-0.699623472664698,0.0,-0.714511718935798));
#8051=DIRECTION('',(-0.714511718935798,0.0,0.699623472664698));
#8052=ORIENTED_EDGE('',*,*,#9939,.T.);
#8053=ORIENTED_EDGE('',*,*,#9543,.F.);
#8054=ORIENTED_EDGE('',*,*,#9940,.F.);
#8055=ORIENTED_EDGE('',*,*,#8747,.T.);
#8056=CARTESIAN_POINT('',(-0.02909984156946,2.5,-6.927016038142));
#8057=DIRECTION('',(-0.439716201932674,0.0,-0.898136772300246));
#8058=DIRECTION('',(-0.898136772300246,0.0,0.439716201932674));
#8059=ORIENTED_EDGE('',*,*,#9940,.T.);
#8060=ORIENTED_EDGE('',*,*,#9542,.F.);
#8061=ORIENTED_EDGE('',*,*,#9941,.F.);
#8062=ORIENTED_EDGE('',*,*,#8748,.T.);
#8063=CARTESIAN_POINT('',(0.0006874056114826,2.5,-6.932849282465));
#8064=DIRECTION('',(-0.192179925545209,0.0,-0.981359707863247));
#8065=DIRECTION('',(-0.981359707863247,0.0,0.192179925545209));
#8066=ORIENTED_EDGE('',*,*,#9941,.T.);
#8067=ORIENTED_EDGE('',*,*,#9541,.F.);
#8068=ORIENTED_EDGE('',*,*,#9942,.F.);
#8069=ORIENTED_EDGE('',*,*,#8749,.T.);
#8070=CARTESIAN_POINT('',(0.09004910543105,2.5,-6.932849282465));
#8071=DIRECTION('',(0.0,0.0,-1.0));
#8072=DIRECTION('',(0.0,-1.0,0.0));
#8073=ORIENTED_EDGE('',*,*,#9942,.T.);
#8074=ORIENTED_EDGE('',*,*,#9540,.F.);
#8075=ORIENTED_EDGE('',*,*,#9943,.F.);
#8076=ORIENTED_EDGE('',*,*,#8750,.T.);
#8077=CARTESIAN_POINT('',(0.1198363359227,2.5,-6.927016038142));
#8078=DIRECTION('',(0.192180029243707,0.0,-0.981359687555938));
#8079=DIRECTION('',(0.0,-1.0,0.0));
#8080=ORIENTED_EDGE('',*,*,#9943,.T.);
#8081=ORIENTED_EDGE('',*,*,#9539,.F.);
#8082=ORIENTED_EDGE('',*,*,#9944,.F.);
#8083=ORIENTED_EDGE('',*,*,#8751,.T.);
#8084=CARTESIAN_POINT('',(0.1436661244883,2.5,-6.915349282465));
#8085=DIRECTION('',(0.439716139829283,0.0,-0.898136802705264));
#8086=DIRECTION('',(0.0,-1.0,0.0));
#8087=ORIENTED_EDGE('',*,*,#9944,.T.);
#8088=ORIENTED_EDGE('',*,*,#9538,.F.);
#8089=ORIENTED_EDGE('',*,*,#9945,.F.);
#8090=ORIENTED_EDGE('',*,*,#8752,.T.);
#8091=CARTESIAN_POINT('',(0.1674959109678,2.5,-6.892016038142));
#8092=DIRECTION('',(0.699623441395874,0.0,-0.714511749553074));
#8093=DIRECTION('',(0.0,-1.0,0.0));
#8094=ORIENTED_EDGE('',*,*,#9945,.T.);
#8095=ORIENTED_EDGE('',*,*,#9537,.F.);
#8096=ORIENTED_EDGE('',*,*,#9946,.F.);
#8097=ORIENTED_EDGE('',*,*,#8753,.T.);
#8098=CARTESIAN_POINT('',(0.1794108047291,2.5,-6.868682526789));
#8099=DIRECTION('',(0.890606667976507,0.0,-0.454774408862003));
#8100=DIRECTION('',(0.0,-1.0,0.0));
#8101=ORIENTED_EDGE('',*,*,#9946,.T.);
#8102=ORIENTED_EDGE('',*,*,#9536,.F.);
#8103=ORIENTED_EDGE('',*,*,#9947,.F.);
#8104=ORIENTED_EDGE('',*,*,#8754,.T.);
#8105=CARTESIAN_POINT('',(0.1853682513489,2.5,-6.839516038142));
#8106=DIRECTION('',(0.979770466343931,0.0,-0.200124544422206));
#8107=DIRECTION('',(0.0,-1.0,0.0));
#8108=ORIENTED_EDGE('',*,*,#9947,.T.);
#8109=ORIENTED_EDGE('',*,*,#9535,.F.);
#8110=ORIENTED_EDGE('',*,*,#9924,.F.);
#8111=ORIENTED_EDGE('',*,*,#8755,.T.);
#8112=CARTESIAN_POINT('',(0.1853682513489,2.5,-6.792849282465));
#8113=DIRECTION('',(1.0,0.0,0.0));
#8114=DIRECTION('',(0.0,1.0,-0.0));
#8115=ORIENTED_EDGE('',*,*,#9948,.T.);
#8116=ORIENTED_EDGE('',*,*,#9594,.F.);
#8117=ORIENTED_EDGE('',*,*,#9949,.F.);
#8118=ORIENTED_EDGE('',*,*,#8772,.T.);
#8119=CARTESIAN_POINT('',(0.06026186659476,2.5,-7.014516038142));
#8120=DIRECTION('',(1.0,0.0,0.0));
#8121=DIRECTION('',(0.0,1.0,-0.0));
#8122=ORIENTED_EDGE('',*,*,#9949,.T.);
#8123=ORIENTED_EDGE('',*,*,#9593,.F.);
#8124=ORIENTED_EDGE('',*,*,#9950,.F.);
#8125=ORIENTED_EDGE('',*,*,#8757,.T.);
#8126=CARTESIAN_POINT('',(0.1853682513489,2.5,-7.014516038142));
#8127=DIRECTION('',(0.0,0.0,-1.0));
#8128=DIRECTION('',(0.0,-1.0,0.0));
#8129=ORIENTED_EDGE('',*,*,#9950,.T.);
#8130=ORIENTED_EDGE('',*,*,#9592,.F.);
#8131=ORIENTED_EDGE('',*,*,#9951,.F.);
#8132=ORIENTED_EDGE('',*,*,#8758,.T.);
#8133=CARTESIAN_POINT('',(0.1853682513489,2.5,-6.979516038142));
#8134=DIRECTION('',(1.0,0.0,0.0));
#8135=DIRECTION('',(0.0,1.0,-0.0));
#8136=ORIENTED_EDGE('',*,*,#9951,.T.);
#8137=ORIENTED_EDGE('',*,*,#9591,.F.);
#8138=ORIENTED_EDGE('',*,*,#9952,.F.);
#8139=ORIENTED_EDGE('',*,*,#8759,.T.);
#8140=CARTESIAN_POINT('',(-0.09463174865106,2.5,-6.979516038142));
#8141=DIRECTION('',(0.0,0.0,1.0));
#8142=DIRECTION('',(1.0,-0.0,0.0));
#8143=ORIENTED_EDGE('',*,*,#9952,.T.);
#8144=ORIENTED_EDGE('',*,*,#9590,.F.);
#8145=ORIENTED_EDGE('',*,*,#9953,.F.);
#8146=ORIENTED_EDGE('',*,*,#8760,.T.);
#8147=CARTESIAN_POINT('',(-0.09463174865106,2.5,-7.119516038142));
#8148=DIRECTION('',(-1.0,0.0,0.0));
#8149=DIRECTION('',(0.0,0.0,1.0));
#8150=ORIENTED_EDGE('',*,*,#9953,.T.);
#8151=ORIENTED_EDGE('',*,*,#9589,.F.);
#8152=ORIENTED_EDGE('',*,*,#9954,.F.);
#8153=ORIENTED_EDGE('',*,*,#8761,.T.);
#8154=CARTESIAN_POINT('',(-0.08867430255273,2.5,-7.148682526789));
#8155=DIRECTION('',(-0.979770469779138,0.0,-0.200124527604108));
#8156=DIRECTION('',(-0.200124527604108,0.0,0.979770469779138));
#8157=ORIENTED_EDGE('',*,*,#9954,.T.);
#8158=ORIENTED_EDGE('',*,*,#9588,.F.);
#8159=ORIENTED_EDGE('',*,*,#9955,.F.);
#8160=ORIENTED_EDGE('',*,*,#8762,.T.);
#8161=CARTESIAN_POINT('',(-0.07080196425775,2.5,-7.172016038142));
#8162=DIRECTION('',(-0.793880420528893,0.0,-0.608073908255295));
#8163=DIRECTION('',(-0.608073908255295,0.0,0.793880420528893));
#8164=ORIENTED_EDGE('',*,*,#9955,.T.);
#8165=ORIENTED_EDGE('',*,*,#9587,.F.);
#8166=ORIENTED_EDGE('',*,*,#9956,.F.);
#8167=ORIENTED_EDGE('',*,*,#8763,.T.);
#8168=CARTESIAN_POINT('',(-0.04697217986444,2.5,-7.189516038142));
#8169=DIRECTION('',(-0.591909548749597,0.0,-0.806004395831095));
#8170=DIRECTION('',(-0.806004395831095,0.0,0.591909548749597));
#8171=ORIENTED_EDGE('',*,*,#9956,.T.);
#8172=ORIENTED_EDGE('',*,*,#9586,.F.);
#8173=ORIENTED_EDGE('',*,*,#9957,.F.);
#8174=ORIENTED_EDGE('',*,*,#8764,.T.);
#8175=CARTESIAN_POINT('',(-0.02909984156946,2.5,-7.195349282465));
#8176=DIRECTION('',(-0.310275786268989,0.0,-0.950646588620167));
#8177=DIRECTION('',(-0.950646588620167,0.0,0.310275786268989));
#8178=ORIENTED_EDGE('',*,*,#9957,.T.);
#8179=ORIENTED_EDGE('',*,*,#9585,.F.);
#8180=ORIENTED_EDGE('',*,*,#9958,.F.);
#8181=ORIENTED_EDGE('',*,*,#8765,.T.);
#8182=CARTESIAN_POINT('',(-0.005270040486845,2.5,-7.195349282465));
#8183=DIRECTION('',(0.0,0.0,-1.0));
#8184=DIRECTION('',(0.0,-1.0,0.0));
#8185=ORIENTED_EDGE('',*,*,#9958,.T.);
#8186=ORIENTED_EDGE('',*,*,#9584,.F.);
#8187=ORIENTED_EDGE('',*,*,#9959,.F.);
#8188=ORIENTED_EDGE('',*,*,#8766,.T.);
#8189=CARTESIAN_POINT('',(0.01260229780814,2.5,-7.189516038142));
#8190=DIRECTION('',(0.310275786268989,0.0,-0.950646588620167));
#8191=DIRECTION('',(0.0,-1.0,0.0));
#8192=ORIENTED_EDGE('',*,*,#9959,.T.);
#8193=ORIENTED_EDGE('',*,*,#9583,.F.);
#8194=ORIENTED_EDGE('',*,*,#9960,.F.);
#8195=ORIENTED_EDGE('',*,*,#8767,.T.);
#8196=CARTESIAN_POINT('',(0.03643208220145,2.5,-7.172016038142));
#8197=DIRECTION('',(0.591909548749597,0.0,-0.806004395831095));
#8198=DIRECTION('',(0.0,-1.0,0.0));
#8199=ORIENTED_EDGE('',*,*,#9960,.T.);
#8200=ORIENTED_EDGE('',*,*,#9582,.F.);
#8201=ORIENTED_EDGE('',*,*,#9961,.F.);
#8202=ORIENTED_EDGE('',*,*,#8768,.T.);
#8203=CARTESIAN_POINT('',(0.0483469743981,2.5,-7.148682526789));
#8204=DIRECTION('',(0.890606692164352,0.0,-0.454774361493776));
#8205=DIRECTION('',(0.0,-1.0,0.0));
#8206=ORIENTED_EDGE('',*,*,#9961,.T.);
#8207=ORIENTED_EDGE('',*,*,#9581,.F.);
#8208=ORIENTED_EDGE('',*,*,#9962,.F.);
#8209=ORIENTED_EDGE('',*,*,#8769,.T.);
#8210=CARTESIAN_POINT('',(0.1853682513489,2.5,-7.201182526789));
#8211=DIRECTION('',(-0.357788512600894,0.0,-0.933802645236583));
#8212=DIRECTION('',(-0.933802645236583,0.0,0.357788512600894));
#8213=ORIENTED_EDGE('',*,*,#9962,.T.);
#8214=ORIENTED_EDGE('',*,*,#9580,.F.);
#8215=ORIENTED_EDGE('',*,*,#9963,.F.);
#8216=ORIENTED_EDGE('',*,*,#8770,.T.);
#8217=CARTESIAN_POINT('',(0.1853682513489,2.5,-7.160349282465));
#8218=DIRECTION('',(1.0,0.0,0.0));
#8219=DIRECTION('',(0.0,1.0,-0.0));
#8220=ORIENTED_EDGE('',*,*,#9963,.T.);
#8221=ORIENTED_EDGE('',*,*,#9579,.F.);
#8222=ORIENTED_EDGE('',*,*,#9948,.F.);
#8223=ORIENTED_EDGE('',*,*,#8771,.T.);
#8224=CARTESIAN_POINT('',(0.06026186659476,2.5,-7.113682526789));
#8225=DIRECTION('',(0.349493677161788,0.0,0.936938722448769));
#8226=DIRECTION('',(0.0,-1.0,0.0));
#8227=ORIENTED_EDGE('',*,*,#9964,.T.);
#8228=ORIENTED_EDGE('',*,*,#9604,.F.);
#8229=ORIENTED_EDGE('',*,*,#9965,.F.);
#8230=ORIENTED_EDGE('',*,*,#8822,.T.);
#8231=CARTESIAN_POINT('',(0.02451719000479,2.5,-7.125349282465));
#8232=DIRECTION('',(-1.0,0.0,0.0));
#8233=DIRECTION('',(0.0,0.0,1.0));
#8234=ORIENTED_EDGE('',*,*,#9965,.T.);
#8235=ORIENTED_EDGE('',*,*,#9603,.F.);
#8236=ORIENTED_EDGE('',*,*,#9966,.F.);
#8237=ORIENTED_EDGE('',*,*,#8813,.T.);
#8238=CARTESIAN_POINT('',(0.01855974390647,2.5,-7.142849282465));
#8239=DIRECTION('',(-0.946649917770008,0.0,0.322263763377203));
#8240=DIRECTION('',(0.0,1.0,0.0));
#8241=ORIENTED_EDGE('',*,*,#9966,.T.);
#8242=ORIENTED_EDGE('',*,*,#9602,.F.);
#8243=ORIENTED_EDGE('',*,*,#9967,.F.);
#8244=ORIENTED_EDGE('',*,*,#8814,.T.);
#8245=CARTESIAN_POINT('',(0.00664485170981,2.5,-7.154516038142));
#8246=DIRECTION('',(-0.699627560208474,0.0,0.714507716541073));
#8247=DIRECTION('',(0.0,1.0,0.0));
#8248=ORIENTED_EDGE('',*,*,#9967,.T.);
#8249=ORIENTED_EDGE('',*,*,#9601,.F.);
#8250=ORIENTED_EDGE('',*,*,#9968,.F.);
#8251=ORIENTED_EDGE('',*,*,#8815,.T.);
#8252=CARTESIAN_POINT('',(-0.01122748658517,2.5,-7.160349282465));
#8253=DIRECTION('',(-0.310275786268989,0.0,0.950646588620167));
#8254=DIRECTION('',(0.0,1.0,0.0));
#8255=ORIENTED_EDGE('',*,*,#9968,.T.);
#8256=ORIENTED_EDGE('',*,*,#9600,.F.);
#8257=ORIENTED_EDGE('',*,*,#9969,.F.);
#8258=ORIENTED_EDGE('',*,*,#8816,.T.);
#8259=CARTESIAN_POINT('',(-0.02909984156946,2.5,-7.160349282465));
#8260=DIRECTION('',(0.0,0.0,1.0));
#8261=DIRECTION('',(1.0,-0.0,0.0));
#8262=ORIENTED_EDGE('',*,*,#9969,.T.);
#8263=ORIENTED_EDGE('',*,*,#9599,.F.);
#8264=ORIENTED_EDGE('',*,*,#9970,.F.);
#8265=ORIENTED_EDGE('',*,*,#8817,.T.);
#8266=CARTESIAN_POINT('',(-0.04697217986444,2.5,-7.154516038142));
#8267=DIRECTION('',(0.310275786268989,0.0,0.950646588620167));
#8268=DIRECTION('',(0.0,-1.0,0.0));
#8269=ORIENTED_EDGE('',*,*,#9970,.T.);
#8270=ORIENTED_EDGE('',*,*,#9598,.F.);
#8271=ORIENTED_EDGE('',*,*,#9971,.F.);
#8272=ORIENTED_EDGE('',*,*,#8818,.T.);
#8273=CARTESIAN_POINT('',(-0.05888707206109,2.5,-7.142849282465));
#8274=DIRECTION('',(0.699627560208474,0.0,0.714507716541073));
#8275=DIRECTION('',(0.0,-1.0,0.0));
#8276=ORIENTED_EDGE('',*,*,#9971,.T.);
#8277=ORIENTED_EDGE('',*,*,#9597,.F.);
#8278=ORIENTED_EDGE('',*,*,#9972,.F.);
#8279=ORIENTED_EDGE('',*,*,#8819,.T.);
#8280=CARTESIAN_POINT('',(-0.06484451815942,2.5,-7.125349282465));
#8281=DIRECTION('',(0.946649917770008,0.0,0.322263763377203));
#8282=DIRECTION('',(0.0,-1.0,0.0));
#8283=ORIENTED_EDGE('',*,*,#9972,.T.);
#8284=ORIENTED_EDGE('',*,*,#9596,.F.);
#8285=ORIENTED_EDGE('',*,*,#9973,.F.);
#8286=ORIENTED_EDGE('',*,*,#8820,.T.);
#8287=CARTESIAN_POINT('',(-0.06484451815942,2.5,-7.014516038142));
#8288=DIRECTION('',(1.0,0.0,0.0));
#8289=DIRECTION('',(0.0,1.0,-0.0));
#8290=ORIENTED_EDGE('',*,*,#9973,.T.);
#8291=ORIENTED_EDGE('',*,*,#9595,.F.);
#8292=ORIENTED_EDGE('',*,*,#9964,.F.);
#8293=ORIENTED_EDGE('',*,*,#8821,.T.);
#8294=CARTESIAN_POINT('',(0.02451719000479,2.5,-7.014516038142));
#8295=DIRECTION('',(0.0,0.0,-1.0));
#8296=DIRECTION('',(0.0,-1.0,0.0));
#8297=EDGE_CURVE('',#9974,#9975,#9976,.T.);
#8298=EDGE_CURVE('',#9974,#9977,#9978,.T.);
#8299=EDGE_CURVE('',#9977,#9979,#9980,.T.);
#8300=EDGE_CURVE('',#9975,#9979,#9981,.T.);
#8301=EDGE_CURVE('',#9982,#9983,#9984,.T.);
#8302=EDGE_CURVE('',#9985,#9982,#9986,.T.);
#8303=EDGE_CURVE('',#9987,#9985,#9988,.T.);
#8304=EDGE_CURVE('',#9983,#9987,#9989,.T.);
#8305=EDGE_CURVE('',#9990,#9991,#9992,.T.);
#8306=EDGE_CURVE('',#9990,#9993,#9994,.T.);
#8307=EDGE_CURVE('',#9993,#9995,#9996,.T.);
#8308=EDGE_CURVE('',#9995,#9991,#9997,.T.);
#8309=EDGE_CURVE('',#9998,#9999,#10000,.T.);
#8310=EDGE_CURVE('',#10001,#9998,#10002,.T.);
#8311=EDGE_CURVE('',#10001,#10003,#10004,.T.);
#8312=EDGE_CURVE('',#10003,#9999,#10005,.T.);
#8313=EDGE_CURVE('',#10006,#10007,#10008,.T.);
#8314=EDGE_CURVE('',#10006,#10003,#10009,.T.);
#8315=EDGE_CURVE('',#10007,#10001,#10010,.T.);
#8316=EDGE_CURVE('',#10011,#10012,#10013,.T.);
#8317=EDGE_CURVE('',#10011,#10014,#10015,.T.);
#8318=EDGE_CURVE('',#10014,#10016,#10017,.T.);
#8319=EDGE_CURVE('',#10016,#10012,#10018,.T.);
#8320=EDGE_CURVE('',#10019,#10020,#10021,.T.);
#8321=EDGE_CURVE('',#10019,#10022,#10023,.T.);
#8322=EDGE_CURVE('',#10022,#10024,#10025,.T.);
#8323=EDGE_CURVE('',#10024,#10020,#10026,.T.);
#8324=EDGE_CURVE('',#10027,#10028,#10029,.T.);
#8325=EDGE_CURVE('',#10027,#10030,#10031,.T.);
#8326=EDGE_CURVE('',#10030,#10032,#10033,.T.);
#8327=EDGE_CURVE('',#10032,#10028,#10034,.T.);
#8328=EDGE_CURVE('',#10035,#10036,#10037,.T.);
#8329=EDGE_CURVE('',#10035,#10038,#10039,.T.);
#8330=EDGE_CURVE('',#10038,#10040,#10041,.T.);
#8331=EDGE_CURVE('',#10040,#10036,#10042,.T.);
#8332=EDGE_CURVE('',#10043,#10044,#10045,.T.);
#8333=EDGE_CURVE('',#10046,#10043,#10047,.T.);
#8334=EDGE_CURVE('',#10046,#10048,#10049,.T.);
#8335=EDGE_CURVE('',#10048,#10044,#10050,.T.);
#8336=EDGE_CURVE('',#10051,#10052,#10053,.T.);
#8337=EDGE_CURVE('',#10054,#10051,#10055,.T.);
#8338=EDGE_CURVE('',#10054,#10056,#10057,.T.);
#8339=EDGE_CURVE('',#10056,#10052,#10058,.T.);
#8340=EDGE_CURVE('',#10059,#10060,#10061,.T.);
#8341=EDGE_CURVE('',#10062,#10059,#10063,.T.);
#8342=EDGE_CURVE('',#10062,#10064,#10065,.T.);
#8343=EDGE_CURVE('',#10064,#10060,#10066,.T.);
#8344=EDGE_CURVE('',#10067,#10068,#10069,.T.);
#8345=EDGE_CURVE('',#10070,#10067,#10071,.T.);
#8346=EDGE_CURVE('',#10070,#10072,#10073,.T.);
#8347=EDGE_CURVE('',#10072,#10068,#10074,.T.);
#8348=EDGE_CURVE('',#10075,#10076,#10077,.T.);
#8349=EDGE_CURVE('',#10075,#10078,#10079,.T.);
#8350=EDGE_CURVE('',#10078,#10080,#10081,.T.);
#8351=EDGE_CURVE('',#10080,#10082,#10083,.T.);
#8352=EDGE_CURVE('',#10076,#10082,#10084,.T.);
#8353=EDGE_CURVE('',#10085,#10086,#10087,.T.);
#8354=EDGE_CURVE('',#10086,#10088,#10089,.T.);
#8355=EDGE_CURVE('',#10088,#10090,#10091,.T.);
#8356=EDGE_CURVE('',#10092,#10090,#10093,.T.);
#8357=EDGE_CURVE('',#10085,#10092,#10094,.T.);
#8358=EDGE_CURVE('',#10076,#10072,#10095,.T.);
#8359=EDGE_CURVE('',#10082,#10085,#10096,.T.);
#8360=EDGE_CURVE('',#10092,#10064,#10097,.T.);
#8361=EDGE_CURVE('',#10068,#10064,#10098,.T.);
#8362=EDGE_CURVE('',#10067,#10062,#10099,.T.);
#8363=EDGE_CURVE('',#10059,#10070,#10100,.T.);
#8364=EDGE_CURVE('',#10101,#10007,#10102,.T.);
#8365=EDGE_CURVE('',#9998,#10101,#10103,.T.);
#8366=EDGE_CURVE('',#10060,#10072,#10104,.T.);
#8367=EDGE_CURVE('',#10090,#10075,#10105,.T.);
#8368=EDGE_CURVE('',#10085,#10082,#10106,.T.);
#8369=EDGE_CURVE('',#10090,#10075,#10107,.T.);
#8370=EDGE_CURVE('',#10108,#10109,#10110,.T.);
#8371=EDGE_CURVE('',#10086,#10108,#10111,.T.);
#8372=EDGE_CURVE('',#10080,#10112,#10113,.T.);
#8373=EDGE_CURVE('',#10112,#10114,#10115,.T.);
#8374=EDGE_CURVE('',#10116,#10114,#10117,.T.);
#8375=EDGE_CURVE('',#10116,#10118,#10119,.T.);
#8376=EDGE_CURVE('',#10118,#10109,#10120,.T.);
#8377=EDGE_CURVE('',#10121,#10122,#10123,.T.);
#8378=EDGE_CURVE('',#10124,#10121,#10125,.T.);
#8379=EDGE_CURVE('',#10126,#10124,#10127,.T.);
#8380=EDGE_CURVE('',#10128,#10126,#10129,.T.);
#8381=EDGE_CURVE('',#10130,#10128,#10131,.T.);
#8382=EDGE_CURVE('',#10132,#10130,#10133,.T.);
#8383=EDGE_CURVE('',#10132,#10134,#10135,.T.);
#8384=EDGE_CURVE('',#10122,#10134,#10136,.T.);
#8385=EDGE_CURVE('',#10137,#10138,#10139,.T.);
#8386=EDGE_CURVE('',#10140,#10138,#10141,.T.);
#8387=EDGE_CURVE('',#10142,#10140,#10143,.T.);
#8388=EDGE_CURVE('',#10144,#10142,#10145,.T.);
#8389=EDGE_CURVE('',#10146,#10144,#10147,.T.);
#8390=EDGE_CURVE('',#10148,#10146,#10149,.T.);
#8391=EDGE_CURVE('',#10150,#10148,#10151,.T.);
#8392=EDGE_CURVE('',#10137,#10150,#10152,.T.);
#8393=EDGE_CURVE('',#10153,#10154,#10155,.T.);
#8394=EDGE_CURVE('',#10156,#10154,#10157,.T.);
#8395=EDGE_CURVE('',#10158,#10156,#10159,.T.);
#8396=EDGE_CURVE('',#10160,#10158,#10161,.T.);
#8397=EDGE_CURVE('',#10162,#10160,#10163,.T.);
#8398=EDGE_CURVE('',#10164,#10162,#10165,.T.);
#8399=EDGE_CURVE('',#10166,#10164,#10167,.T.);
#8400=EDGE_CURVE('',#10153,#10166,#10168,.T.);
#8401=EDGE_CURVE('',#10169,#10170,#10171,.T.);
#8402=EDGE_CURVE('',#10172,#10169,#10173,.T.);
#8403=EDGE_CURVE('',#10174,#10172,#10175,.T.);
#8404=EDGE_CURVE('',#10176,#10174,#10177,.T.);
#8405=EDGE_CURVE('',#10178,#10176,#10179,.T.);
#8406=EDGE_CURVE('',#10180,#10178,#10181,.T.);
#8407=EDGE_CURVE('',#10182,#10180,#10183,.T.);
#8408=EDGE_CURVE('',#10170,#10182,#10184,.T.);
#8409=EDGE_CURVE('',#10185,#9987,#10186,.T.);
#8410=EDGE_CURVE('',#10187,#10185,#10188,.T.);
#8411=EDGE_CURVE('',#10189,#10187,#10190,.T.);
#8412=EDGE_CURVE('',#10189,#10191,#10192,.T.);
#8413=EDGE_CURVE('',#10193,#10191,#10194,.T.);
#8414=EDGE_CURVE('',#10195,#10193,#10196,.T.);
#8415=EDGE_CURVE('',#10197,#10195,#10198,.T.);
#8416=EDGE_CURVE('',#9977,#10197,#10199,.T.);
#8417=EDGE_CURVE('',#10200,#9974,#10201,.T.);
#8418=EDGE_CURVE('',#10202,#10200,#10203,.T.);
#8419=EDGE_CURVE('',#10204,#10202,#10205,.T.);
#8420=EDGE_CURVE('',#10206,#10204,#10207,.T.);
#8421=EDGE_CURVE('',#10208,#10206,#10209,.T.);
#8422=EDGE_CURVE('',#10210,#10208,#10211,.T.);
#8423=EDGE_CURVE('',#10212,#10210,#10213,.T.);
#8424=EDGE_CURVE('',#10214,#10212,#10215,.T.);
#8425=EDGE_CURVE('',#10216,#10214,#10217,.T.);
#8426=EDGE_CURVE('',#10218,#10216,#10219,.T.);
#8427=EDGE_CURVE('',#10220,#10218,#10221,.T.);
#8428=EDGE_CURVE('',#10222,#10220,#10223,.T.);
#8429=EDGE_CURVE('',#10224,#10222,#10225,.T.);
#8430=EDGE_CURVE('',#10226,#10224,#10227,.T.);
#8431=EDGE_CURVE('',#10228,#10226,#10229,.T.);
#8432=EDGE_CURVE('',#10230,#10228,#10231,.T.);
#8433=EDGE_CURVE('',#10232,#10230,#10233,.T.);
#8434=EDGE_CURVE('',#10234,#10232,#10235,.T.);
#8435=EDGE_CURVE('',#10236,#10234,#10237,.T.);
#8436=EDGE_CURVE('',#10238,#10236,#10239,.T.);
#8437=EDGE_CURVE('',#10240,#10238,#10241,.T.);
#8438=EDGE_CURVE('',#10242,#10240,#10243,.T.);
#8439=EDGE_CURVE('',#10244,#10242,#10245,.T.);
#8440=EDGE_CURVE('',#10246,#10244,#10247,.T.);
#8441=EDGE_CURVE('',#10248,#10246,#10249,.T.);
#8442=EDGE_CURVE('',#10250,#10248,#10251,.T.);
#8443=EDGE_CURVE('',#10252,#10250,#10253,.T.);
#8444=EDGE_CURVE('',#10254,#10252,#10255,.T.);
#8445=EDGE_CURVE('',#10256,#10254,#10257,.T.);
#8446=EDGE_CURVE('',#10258,#10256,#10259,.T.);
#8447=EDGE_CURVE('',#10260,#10258,#10261,.T.);
#8448=EDGE_CURVE('',#10262,#10260,#10263,.T.);
#8449=EDGE_CURVE('',#10264,#10262,#10265,.T.);
#8450=EDGE_CURVE('',#10266,#10264,#10267,.T.);
#8451=EDGE_CURVE('',#10268,#10266,#10269,.T.);
#8452=EDGE_CURVE('',#10270,#10268,#10271,.T.);
#8453=EDGE_CURVE('',#10270,#9983,#10272,.T.);
#8454=EDGE_CURVE('',#10273,#10274,#10275,.T.);
#8455=EDGE_CURVE('',#10276,#10273,#10277,.T.);
#8456=EDGE_CURVE('',#10278,#10276,#10279,.T.);
#8457=EDGE_CURVE('',#10274,#10278,#10280,.T.);
#8458=EDGE_CURVE('',#10281,#10282,#10283,.T.);
#8459=EDGE_CURVE('',#10284,#10281,#10285,.T.);
#8460=EDGE_CURVE('',#10286,#10284,#10287,.T.);
#8461=EDGE_CURVE('',#10288,#10286,#10289,.T.);
#8462=EDGE_CURVE('',#10290,#10288,#10291,.T.);
#8463=EDGE_CURVE('',#10292,#10290,#10293,.T.);
#8464=EDGE_CURVE('',#10294,#10292,#10295,.T.);
#8465=EDGE_CURVE('',#10296,#10294,#10297,.T.);
#8466=EDGE_CURVE('',#10298,#10296,#10299,.T.);
#8467=EDGE_CURVE('',#10300,#10298,#10301,.T.);
#8468=EDGE_CURVE('',#10302,#10300,#10303,.T.);
#8469=EDGE_CURVE('',#10304,#10302,#10305,.T.);
#8470=EDGE_CURVE('',#10306,#10304,#10307,.T.);
#8471=EDGE_CURVE('',#10308,#10306,#10309,.T.);
#8472=EDGE_CURVE('',#10310,#10308,#10311,.T.);
#8473=EDGE_CURVE('',#10312,#10310,#10313,.T.);
#8474=EDGE_CURVE('',#10314,#10312,#10315,.T.);
#8475=EDGE_CURVE('',#10316,#10314,#10317,.T.);
#8476=EDGE_CURVE('',#10318,#10316,#10319,.T.);
#8477=EDGE_CURVE('',#10320,#10318,#10321,.T.);
#8478=EDGE_CURVE('',#10322,#10320,#10323,.T.);
#8479=EDGE_CURVE('',#10324,#10322,#10325,.T.);
#8480=EDGE_CURVE('',#10326,#10324,#10327,.T.);
#8481=EDGE_CURVE('',#10328,#10326,#10329,.T.);
#8482=EDGE_CURVE('',#10330,#10328,#10331,.T.);
#8483=EDGE_CURVE('',#10332,#10330,#10333,.T.);
#8484=EDGE_CURVE('',#10334,#10332,#10335,.T.);
#8485=EDGE_CURVE('',#10336,#10334,#10337,.T.);
#8486=EDGE_CURVE('',#10338,#10336,#10339,.T.);
#8487=EDGE_CURVE('',#10340,#10338,#10341,.T.);
#8488=EDGE_CURVE('',#10342,#10340,#10343,.T.);
#8489=EDGE_CURVE('',#10344,#10342,#10345,.T.);
#8490=EDGE_CURVE('',#10346,#10344,#10347,.T.);
#8491=EDGE_CURVE('',#10348,#10346,#10349,.T.);
#8492=EDGE_CURVE('',#10350,#10348,#10351,.T.);
#8493=EDGE_CURVE('',#10352,#10350,#10353,.T.);
#8494=EDGE_CURVE('',#10354,#10352,#10355,.T.);
#8495=EDGE_CURVE('',#10356,#10354,#10357,.T.);
#8496=EDGE_CURVE('',#10358,#10356,#10359,.T.);
#8497=EDGE_CURVE('',#10360,#10358,#10361,.T.);
#8498=EDGE_CURVE('',#10362,#10360,#10363,.T.);
#8499=EDGE_CURVE('',#10364,#10362,#10365,.T.);
#8500=EDGE_CURVE('',#10366,#10364,#10367,.T.);
#8501=EDGE_CURVE('',#10368,#10366,#10369,.T.);
#8502=EDGE_CURVE('',#10370,#10368,#10371,.T.);
#8503=EDGE_CURVE('',#10372,#10370,#10373,.T.);
#8504=EDGE_CURVE('',#10374,#10372,#10375,.T.);
#8505=EDGE_CURVE('',#10376,#10374,#10377,.T.);
#8506=EDGE_CURVE('',#10378,#10376,#10379,.T.);
#8507=EDGE_CURVE('',#10380,#10378,#10381,.T.);
#8508=EDGE_CURVE('',#10382,#10380,#10383,.T.);
#8509=EDGE_CURVE('',#10384,#10382,#10385,.T.);
#8510=EDGE_CURVE('',#10386,#10384,#10387,.T.);
#8511=EDGE_CURVE('',#10282,#10386,#10388,.T.);
#8512=EDGE_CURVE('',#10389,#10390,#10391,.T.);
#8513=EDGE_CURVE('',#10392,#10389,#10393,.T.);
#8514=EDGE_CURVE('',#10394,#10392,#10395,.T.);
#8515=EDGE_CURVE('',#10396,#10394,#10397,.T.);
#8516=EDGE_CURVE('',#10398,#10396,#10399,.T.);
#8517=EDGE_CURVE('',#10400,#10398,#10401,.T.);
#8518=EDGE_CURVE('',#10402,#10400,#10403,.T.);
#8519=EDGE_CURVE('',#10404,#10402,#10405,.T.);
#8520=EDGE_CURVE('',#10406,#10404,#10407,.T.);
#8521=EDGE_CURVE('',#10408,#10406,#10409,.T.);
#8522=EDGE_CURVE('',#10410,#10408,#10411,.T.);
#8523=EDGE_CURVE('',#10412,#10410,#10413,.T.);
#8524=EDGE_CURVE('',#10390,#10412,#10414,.T.);
#8525=EDGE_CURVE('',#10415,#10416,#10417,.T.);
#8526=EDGE_CURVE('',#10418,#10415,#10419,.T.);
#8527=EDGE_CURVE('',#10420,#10418,#10421,.T.);
#8528=EDGE_CURVE('',#10416,#10420,#10422,.T.);
#8529=EDGE_CURVE('',#10423,#10424,#10425,.T.);
#8530=EDGE_CURVE('',#10426,#10423,#10427,.T.);
#8531=EDGE_CURVE('',#10428,#10426,#10429,.T.);
#8532=EDGE_CURVE('',#10430,#10428,#10431,.T.);
#8533=EDGE_CURVE('',#10432,#10430,#10433,.T.);
#8534=EDGE_CURVE('',#10434,#10432,#10435,.T.);
#8535=EDGE_CURVE('',#10436,#10434,#10437,.T.);
#8536=EDGE_CURVE('',#10424,#10436,#10438,.T.);
#8537=EDGE_CURVE('',#10439,#10440,#10441,.T.);
#8538=EDGE_CURVE('',#10442,#10439,#10443,.T.);
#8539=EDGE_CURVE('',#10444,#10442,#10445,.T.);
#8540=EDGE_CURVE('',#10446,#10444,#10447,.T.);
#8541=EDGE_CURVE('',#10448,#10446,#10449,.T.);
#8542=EDGE_CURVE('',#10450,#10448,#10451,.T.);
#8543=EDGE_CURVE('',#10452,#10450,#10453,.T.);
#8544=EDGE_CURVE('',#10454,#10452,#10455,.T.);
#8545=EDGE_CURVE('',#10456,#10454,#10457,.T.);
#8546=EDGE_CURVE('',#10458,#10456,#10459,.T.);
#8547=EDGE_CURVE('',#10460,#10458,#10461,.T.);
#8548=EDGE_CURVE('',#10462,#10460,#10463,.T.);
#8549=EDGE_CURVE('',#10464,#10462,#10465,.T.);
#8550=EDGE_CURVE('',#10466,#10464,#10467,.T.);
#8551=EDGE_CURVE('',#10468,#10466,#10469,.T.);
#8552=EDGE_CURVE('',#10470,#10468,#10471,.T.);
#8553=EDGE_CURVE('',#10472,#10470,#10473,.T.);
#8554=EDGE_CURVE('',#10474,#10472,#10475,.T.);
#8555=EDGE_CURVE('',#10476,#10474,#10477,.T.);
#8556=EDGE_CURVE('',#10478,#10476,#10479,.T.);
#8557=EDGE_CURVE('',#10480,#10478,#10481,.T.);
#8558=EDGE_CURVE('',#10482,#10480,#10483,.T.);
#8559=EDGE_CURVE('',#10484,#10482,#10485,.T.);
#8560=EDGE_CURVE('',#10486,#10484,#10487,.T.);
#8561=EDGE_CURVE('',#10488,#10486,#10489,.T.);
#8562=EDGE_CURVE('',#10490,#10488,#10491,.T.);
#8563=EDGE_CURVE('',#10492,#10490,#10493,.T.);
#8564=EDGE_CURVE('',#10494,#10492,#10495,.T.);
#8565=EDGE_CURVE('',#10496,#10494,#10497,.T.);
#8566=EDGE_CURVE('',#10498,#10496,#10499,.T.);
#8567=EDGE_CURVE('',#10500,#10498,#10501,.T.);
#8568=EDGE_CURVE('',#10502,#10500,#10503,.T.);
#8569=EDGE_CURVE('',#10504,#10502,#10505,.T.);
#8570=EDGE_CURVE('',#10506,#10504,#10507,.T.);
#8571=EDGE_CURVE('',#10508,#10506,#10509,.T.);
#8572=EDGE_CURVE('',#10510,#10508,#10511,.T.);
#8573=EDGE_CURVE('',#10512,#10510,#10513,.T.);
#8574=EDGE_CURVE('',#10514,#10512,#10515,.T.);
#8575=EDGE_CURVE('',#10516,#10514,#10517,.T.);
#8576=EDGE_CURVE('',#10440,#10516,#10518,.T.);
#8577=EDGE_CURVE('',#10519,#10520,#10521,.T.);
#8578=EDGE_CURVE('',#10522,#10519,#10523,.T.);
#8579=EDGE_CURVE('',#10524,#10522,#10525,.T.);
#8580=EDGE_CURVE('',#10526,#10524,#10527,.T.);
#8581=EDGE_CURVE('',#10528,#10526,#10529,.T.);
#8582=EDGE_CURVE('',#10530,#10528,#10531,.T.);
#8583=EDGE_CURVE('',#10532,#10530,#10533,.T.);
#8584=EDGE_CURVE('',#10534,#10532,#10535,.T.);
#8585=EDGE_CURVE('',#10536,#10534,#10537,.T.);
#8586=EDGE_CURVE('',#10538,#10536,#10539,.T.);
#8587=EDGE_CURVE('',#10540,#10538,#10541,.T.);
#8588=EDGE_CURVE('',#10520,#10540,#10542,.T.);
#8589=EDGE_CURVE('',#10543,#10544,#10545,.T.);
#8590=EDGE_CURVE('',#10546,#10543,#10547,.T.);
#8591=EDGE_CURVE('',#10548,#10546,#10549,.T.);
#8592=EDGE_CURVE('',#10550,#10548,#10551,.T.);
#8593=EDGE_CURVE('',#10552,#10550,#10553,.T.);
#8594=EDGE_CURVE('',#10554,#10552,#10555,.T.);
#8595=EDGE_CURVE('',#10556,#10554,#10557,.T.);
#8596=EDGE_CURVE('',#10558,#10556,#10559,.T.);
#8597=EDGE_CURVE('',#10560,#10558,#10561,.T.);
#8598=EDGE_CURVE('',#10562,#10560,#10563,.T.);
#8599=EDGE_CURVE('',#10564,#10562,#10565,.T.);
#8600=EDGE_CURVE('',#10566,#10564,#10567,.T.);
#8601=EDGE_CURVE('',#10568,#10566,#10569,.T.);
#8602=EDGE_CURVE('',#10570,#10568,#10571,.T.);
#8603=EDGE_CURVE('',#10572,#10570,#10573,.T.);
#8604=EDGE_CURVE('',#10574,#10572,#10575,.T.);
#8605=EDGE_CURVE('',#10576,#10574,#10577,.T.);
#8606=EDGE_CURVE('',#10578,#10576,#10579,.T.);
#8607=EDGE_CURVE('',#10580,#10578,#10581,.T.);
#8608=EDGE_CURVE('',#10582,#10580,#10583,.T.);
#8609=EDGE_CURVE('',#10584,#10582,#10585,.T.);
#8610=EDGE_CURVE('',#10586,#10584,#10587,.T.);
#8611=EDGE_CURVE('',#10588,#10586,#10589,.T.);
#8612=EDGE_CURVE('',#10590,#10588,#10591,.T.);
#8613=EDGE_CURVE('',#10592,#10590,#10593,.T.);
#8614=EDGE_CURVE('',#10594,#10592,#10595,.T.);
#8615=EDGE_CURVE('',#10596,#10594,#10597,.T.);
#8616=EDGE_CURVE('',#10598,#10596,#10599,.T.);
#8617=EDGE_CURVE('',#10600,#10598,#10601,.T.);
#8618=EDGE_CURVE('',#10602,#10600,#10603,.T.);
#8619=EDGE_CURVE('',#10604,#10602,#10605,.T.);
#8620=EDGE_CURVE('',#10606,#10604,#10607,.T.);
#8621=EDGE_CURVE('',#10608,#10606,#10609,.T.);
#8622=EDGE_CURVE('',#10610,#10608,#10611,.T.);
#8623=EDGE_CURVE('',#10612,#10610,#10613,.T.);
#8624=EDGE_CURVE('',#10614,#10612,#10615,.T.);
#8625=EDGE_CURVE('',#10616,#10614,#10617,.T.);
#8626=EDGE_CURVE('',#10618,#10616,#10619,.T.);
#8627=EDGE_CURVE('',#10620,#10618,#10621,.T.);
#8628=EDGE_CURVE('',#10544,#10620,#10622,.T.);
#8629=EDGE_CURVE('',#10623,#10624,#10625,.T.);
#8630=EDGE_CURVE('',#10626,#10623,#10627,.T.);
#8631=EDGE_CURVE('',#10628,#10626,#10629,.T.);
#8632=EDGE_CURVE('',#10630,#10628,#10631,.T.);
#8633=EDGE_CURVE('',#10632,#10630,#10633,.T.);
#8634=EDGE_CURVE('',#10634,#10632,#10635,.T.);
#8635=EDGE_CURVE('',#10636,#10634,#10637,.T.);
#8636=EDGE_CURVE('',#10638,#10636,#10639,.T.);
#8637=EDGE_CURVE('',#10640,#10638,#10641,.T.);
#8638=EDGE_CURVE('',#10642,#10640,#10643,.T.);
#8639=EDGE_CURVE('',#10644,#10642,#10645,.T.);
#8640=EDGE_CURVE('',#10646,#10644,#10647,.T.);
#8641=EDGE_CURVE('',#10648,#10646,#10649,.T.);
#8642=EDGE_CURVE('',#10650,#10648,#10651,.T.);
#8643=EDGE_CURVE('',#10652,#10650,#10653,.T.);
#8644=EDGE_CURVE('',#10654,#10652,#10655,.T.);
#8645=EDGE_CURVE('',#10656,#10654,#10657,.T.);
#8646=EDGE_CURVE('',#10658,#10656,#10659,.T.);
#8647=EDGE_CURVE('',#10660,#10658,#10661,.T.);
#8648=EDGE_CURVE('',#10662,#10660,#10663,.T.);
#8649=EDGE_CURVE('',#10664,#10662,#10665,.T.);
#8650=EDGE_CURVE('',#10666,#10664,#10667,.T.);
#8651=EDGE_CURVE('',#10668,#10666,#10669,.T.);
#8652=EDGE_CURVE('',#10624,#10668,#10670,.T.);
#8653=EDGE_CURVE('',#10671,#10672,#10673,.T.);
#8654=EDGE_CURVE('',#10674,#10671,#10675,.T.);
#8655=EDGE_CURVE('',#10676,#10674,#10677,.T.);
#8656=EDGE_CURVE('',#10678,#10676,#10679,.T.);
#8657=EDGE_CURVE('',#10680,#10678,#10681,.T.);
#8658=EDGE_CURVE('',#10682,#10680,#10683,.T.);
#8659=EDGE_CURVE('',#10684,#10682,#10685,.T.);
#8660=EDGE_CURVE('',#10686,#10684,#10687,.T.);
#8661=EDGE_CURVE('',#10688,#10686,#10689,.T.);
#8662=EDGE_CURVE('',#10672,#10688,#10690,.T.);
#8663=EDGE_CURVE('',#10691,#10692,#10693,.T.);
#8664=EDGE_CURVE('',#10694,#10691,#10695,.T.);
#8665=EDGE_CURVE('',#10696,#10694,#10697,.T.);
#8666=EDGE_CURVE('',#10698,#10696,#10699,.T.);
#8667=EDGE_CURVE('',#10700,#10698,#10701,.T.);
#8668=EDGE_CURVE('',#10702,#10700,#10703,.T.);
#8669=EDGE_CURVE('',#10704,#10702,#10705,.T.);
#8670=EDGE_CURVE('',#10706,#10704,#10707,.T.);
#8671=EDGE_CURVE('',#10708,#10706,#10709,.T.);
#8672=EDGE_CURVE('',#10692,#10708,#10710,.T.);
#8673=EDGE_CURVE('',#10711,#10712,#10713,.T.);
#8674=EDGE_CURVE('',#10714,#10711,#10715,.T.);
#8675=EDGE_CURVE('',#10716,#10714,#10717,.T.);
#8676=EDGE_CURVE('',#10718,#10716,#10719,.T.);
#8677=EDGE_CURVE('',#10720,#10718,#10721,.T.);
#8678=EDGE_CURVE('',#10722,#10720,#10723,.T.);
#8679=EDGE_CURVE('',#10724,#10722,#10725,.T.);
#8680=EDGE_CURVE('',#10726,#10724,#10727,.T.);
#8681=EDGE_CURVE('',#10728,#10726,#10729,.T.);
#8682=EDGE_CURVE('',#10730,#10728,#10731,.T.);
#8683=EDGE_CURVE('',#10732,#10730,#10733,.T.);
#8684=EDGE_CURVE('',#10712,#10732,#10734,.T.);
#8685=EDGE_CURVE('',#10735,#10736,#10737,.T.);
#8686=EDGE_CURVE('',#10738,#10735,#10739,.T.);
#8687=EDGE_CURVE('',#10740,#10738,#10741,.T.);
#8688=EDGE_CURVE('',#10742,#10740,#10743,.T.);
#8689=EDGE_CURVE('',#10744,#10742,#10745,.T.);
#8690=EDGE_CURVE('',#10746,#10744,#10747,.T.);
#8691=EDGE_CURVE('',#10748,#10746,#10749,.T.);
#8692=EDGE_CURVE('',#10750,#10748,#10751,.T.);
#8693=EDGE_CURVE('',#10752,#10750,#10753,.T.);
#8694=EDGE_CURVE('',#10754,#10752,#10755,.T.);
#8695=EDGE_CURVE('',#10756,#10754,#10757,.T.);
#8696=EDGE_CURVE('',#10758,#10756,#10759,.T.);
#8697=EDGE_CURVE('',#10760,#10758,#10761,.T.);
#8698=EDGE_CURVE('',#10762,#10760,#10763,.T.);
#8699=EDGE_CURVE('',#10764,#10762,#10765,.T.);
#8700=EDGE_CURVE('',#10766,#10764,#10767,.T.);
#8701=EDGE_CURVE('',#10768,#10766,#10769,.T.);
#8702=EDGE_CURVE('',#10770,#10768,#10771,.T.);
#8703=EDGE_CURVE('',#10772,#10770,#10773,.T.);
#8704=EDGE_CURVE('',#10774,#10772,#10775,.T.);
#8705=EDGE_CURVE('',#10776,#10774,#10777,.T.);
#8706=EDGE_CURVE('',#10778,#10776,#10779,.T.);
#8707=EDGE_CURVE('',#10780,#10778,#10781,.T.);
#8708=EDGE_CURVE('',#10782,#10780,#10783,.T.);
#8709=EDGE_CURVE('',#10784,#10782,#10785,.T.);
#8710=EDGE_CURVE('',#10786,#10784,#10787,.T.);
#8711=EDGE_CURVE('',#10788,#10786,#10789,.T.);
#8712=EDGE_CURVE('',#10790,#10788,#10791,.T.);
#8713=EDGE_CURVE('',#10792,#10790,#10793,.T.);
#8714=EDGE_CURVE('',#10794,#10792,#10795,.T.);
#8715=EDGE_CURVE('',#10796,#10794,#10797,.T.);
#8716=EDGE_CURVE('',#10798,#10796,#10799,.T.);
#8717=EDGE_CURVE('',#10800,#10798,#10801,.T.);
#8718=EDGE_CURVE('',#10802,#10800,#10803,.T.);
#8719=EDGE_CURVE('',#10804,#10802,#10805,.T.);
#8720=EDGE_CURVE('',#10806,#10804,#10807,.T.);
#8721=EDGE_CURVE('',#10808,#10806,#10809,.T.);
#8722=EDGE_CURVE('',#10810,#10808,#10811,.T.);
#8723=EDGE_CURVE('',#10812,#10810,#10813,.T.);
#8724=EDGE_CURVE('',#10736,#10812,#10814,.T.);
#8725=EDGE_CURVE('',#10815,#10816,#10817,.T.);
#8726=EDGE_CURVE('',#10818,#10815,#10819,.T.);
#8727=EDGE_CURVE('',#10820,#10818,#10821,.T.);
#8728=EDGE_CURVE('',#10822,#10820,#10823,.T.);
#8729=EDGE_CURVE('',#10824,#10822,#10825,.T.);
#8730=EDGE_CURVE('',#10826,#10824,#10827,.T.);
#8731=EDGE_CURVE('',#10828,#10826,#10829,.T.);
#8732=EDGE_CURVE('',#10816,#10828,#10830,.T.);
#8733=EDGE_CURVE('',#10831,#10832,#10833,.T.);
#8734=EDGE_CURVE('',#10834,#10831,#10835,.T.);
#8735=EDGE_CURVE('',#10836,#10834,#10837,.T.);
#8736=EDGE_CURVE('',#10838,#10836,#10839,.T.);
#8737=EDGE_CURVE('',#10840,#10838,#10841,.T.);
#8738=EDGE_CURVE('',#10842,#10840,#10843,.T.);
#8739=EDGE_CURVE('',#10844,#10842,#10845,.T.);
#8740=EDGE_CURVE('',#10846,#10844,#10847,.T.);
#8741=EDGE_CURVE('',#10848,#10846,#10849,.T.);
#8742=EDGE_CURVE('',#10850,#10848,#10851,.T.);
#8743=EDGE_CURVE('',#10852,#10850,#10853,.T.);
#8744=EDGE_CURVE('',#10854,#10852,#10855,.T.);
#8745=EDGE_CURVE('',#10856,#10854,#10857,.T.);
#8746=EDGE_CURVE('',#10858,#10856,#10859,.T.);
#8747=EDGE_CURVE('',#10860,#10858,#10861,.T.);
#8748=EDGE_CURVE('',#10862,#10860,#10863,.T.);
#8749=EDGE_CURVE('',#10864,#10862,#10865,.T.);
#8750=EDGE_CURVE('',#10866,#10864,#10867,.T.);
#8751=EDGE_CURVE('',#10868,#10866,#10869,.T.);
#8752=EDGE_CURVE('',#10870,#10868,#10871,.T.);
#8753=EDGE_CURVE('',#10872,#10870,#10873,.T.);
#8754=EDGE_CURVE('',#10874,#10872,#10875,.T.);
#8755=EDGE_CURVE('',#10876,#10874,#10877,.T.);
#8756=EDGE_CURVE('',#10832,#10876,#10878,.T.);
#8757=EDGE_CURVE('',#10879,#10880,#10881,.T.);
#8758=EDGE_CURVE('',#10882,#10879,#10883,.T.);
#8759=EDGE_CURVE('',#10884,#10882,#10885,.T.);
#8760=EDGE_CURVE('',#10886,#10884,#10887,.T.);
#8761=EDGE_CURVE('',#10888,#10886,#10889,.T.);
#8762=EDGE_CURVE('',#10890,#10888,#10891,.T.);
#8763=EDGE_CURVE('',#10892,#10890,#10893,.T.);
#8764=EDGE_CURVE('',#10894,#10892,#10895,.T.);
#8765=EDGE_CURVE('',#10896,#10894,#10897,.T.);
#8766=EDGE_CURVE('',#10898,#10896,#10899,.T.);
#8767=EDGE_CURVE('',#10900,#10898,#10901,.T.);
#8768=EDGE_CURVE('',#10902,#10900,#10903,.T.);
#8769=EDGE_CURVE('',#10904,#10902,#10905,.T.);
#8770=EDGE_CURVE('',#10906,#10904,#10907,.T.);
#8771=EDGE_CURVE('',#10908,#10906,#10909,.T.);
#8772=EDGE_CURVE('',#10880,#10908,#10910,.T.);
#8773=EDGE_CURVE('',#10911,#10912,#10913,.T.);
#8774=EDGE_CURVE('',#10914,#10911,#10915,.T.);
#8775=EDGE_CURVE('',#10916,#10914,#10917,.T.);
#8776=EDGE_CURVE('',#10918,#10916,#10919,.T.);
#8777=EDGE_CURVE('',#10920,#10918,#10921,.T.);
#8778=EDGE_CURVE('',#10922,#10920,#10923,.T.);
#8779=EDGE_CURVE('',#10924,#10922,#10925,.T.);
#8780=EDGE_CURVE('',#10926,#10924,#10927,.T.);
#8781=EDGE_CURVE('',#10928,#10926,#10929,.T.);
#8782=EDGE_CURVE('',#10930,#10928,#10931,.T.);
#8783=EDGE_CURVE('',#10932,#10930,#10933,.T.);
#8784=EDGE_CURVE('',#10934,#10932,#10935,.T.);
#8785=EDGE_CURVE('',#10936,#10934,#10937,.T.);
#8786=EDGE_CURVE('',#10938,#10936,#10939,.T.);
#8787=EDGE_CURVE('',#10940,#10938,#10941,.T.);
#8788=EDGE_CURVE('',#10942,#10940,#10943,.T.);
#8789=EDGE_CURVE('',#10944,#10942,#10945,.T.);
#8790=EDGE_CURVE('',#10946,#10944,#10947,.T.);
#8791=EDGE_CURVE('',#10948,#10946,#10949,.T.);
#8792=EDGE_CURVE('',#10912,#10948,#10950,.T.);
#8793=EDGE_CURVE('',#10951,#10952,#10953,.T.);
#8794=EDGE_CURVE('',#10954,#10951,#10955,.T.);
#8795=EDGE_CURVE('',#10956,#10954,#10957,.T.);
#8796=EDGE_CURVE('',#10958,#10956,#10959,.T.);
#8797=EDGE_CURVE('',#10960,#10958,#10961,.T.);
#8798=EDGE_CURVE('',#10962,#10960,#10963,.T.);
#8799=EDGE_CURVE('',#10964,#10962,#10965,.T.);
#8800=EDGE_CURVE('',#10966,#10964,#10967,.T.);
#8801=EDGE_CURVE('',#10968,#10966,#10969,.T.);
#8802=EDGE_CURVE('',#10970,#10968,#10971,.T.);
#8803=EDGE_CURVE('',#10972,#10970,#10973,.T.);
#8804=EDGE_CURVE('',#10974,#10972,#10975,.T.);
#8805=EDGE_CURVE('',#10976,#10974,#10977,.T.);
#8806=EDGE_CURVE('',#10978,#10976,#10979,.T.);
#8807=EDGE_CURVE('',#10980,#10978,#10981,.T.);
#8808=EDGE_CURVE('',#10982,#10980,#10983,.T.);
#8809=EDGE_CURVE('',#10984,#10982,#10985,.T.);
#8810=EDGE_CURVE('',#10986,#10984,#10987,.T.);
#8811=EDGE_CURVE('',#10988,#10986,#10989,.T.);
#8812=EDGE_CURVE('',#10952,#10988,#10990,.T.);
#8813=EDGE_CURVE('',#10991,#10992,#10993,.T.);
#8814=EDGE_CURVE('',#10994,#10991,#10995,.T.);
#8815=EDGE_CURVE('',#10996,#10994,#10997,.T.);
#8816=EDGE_CURVE('',#10998,#10996,#10999,.T.);
#8817=EDGE_CURVE('',#11000,#10998,#11001,.T.);
#8818=EDGE_CURVE('',#11002,#11000,#11003,.T.);
#8819=EDGE_CURVE('',#11004,#11002,#11005,.T.);
#8820=EDGE_CURVE('',#11006,#11004,#11007,.T.);
#8821=EDGE_CURVE('',#11008,#11006,#11009,.T.);
#8822=EDGE_CURVE('',#10992,#11008,#11010,.T.);
#8823=EDGE_CURVE('',#10118,#11011,#11012,.T.);
#8824=EDGE_CURVE('',#11011,#11013,#11014,.T.);
#8825=EDGE_CURVE('',#11013,#10109,#11015,.T.);
#8826=EDGE_CURVE('',#11016,#11013,#11017,.T.);
#8827=EDGE_CURVE('',#10108,#11016,#11018,.T.);
#8828=EDGE_CURVE('',#10088,#11019,#11020,.T.);
#8829=EDGE_CURVE('',#11021,#11016,#11022,.T.);
#8830=EDGE_CURVE('',#10116,#11021,#11023,.T.);
#8831=EDGE_CURVE('',#10114,#11024,#11025,.T.);
#8832=EDGE_CURVE('',#11026,#11024,#11027,.T.);
#8833=EDGE_CURVE('',#11026,#11028,#11029,.T.);
#8834=EDGE_CURVE('',#11030,#11028,#11031,.T.);
#8835=EDGE_CURVE('',#11019,#11030,#11032,.T.);
#8836=EDGE_CURVE('',#11030,#11033,#11034,.T.);
#8837=EDGE_CURVE('',#11035,#11033,#11036,.T.);
#8838=EDGE_CURVE('',#11019,#11035,#11037,.T.);
#8839=EDGE_CURVE('',#11038,#11039,#11040,.T.);
#8840=EDGE_CURVE('',#11038,#11041,#11042,.T.);
#8841=EDGE_CURVE('',#11043,#11041,#11044,.T.);
#8842=EDGE_CURVE('',#11043,#11045,#11046,.T.);
#8843=EDGE_CURVE('',#11047,#11045,#11048,.T.);
#8844=EDGE_CURVE('',#11049,#11047,#11050,.T.);
#8845=EDGE_CURVE('',#11051,#11049,#11052,.T.);
#8846=EDGE_CURVE('',#11051,#11053,#11054,.T.);
#8847=EDGE_CURVE('',#11055,#11053,#11056,.T.);
#8848=EDGE_CURVE('',#11057,#11055,#11058,.T.);
#8849=EDGE_CURVE('',#11059,#11057,#11060,.T.);
#8850=EDGE_CURVE('',#11061,#11059,#11062,.T.);
#8851=EDGE_CURVE('',#11063,#11061,#11064,.T.);
#8852=EDGE_CURVE('',#11065,#11063,#11066,.T.);
#8853=EDGE_CURVE('',#11067,#11065,#11068,.T.);
#8854=EDGE_CURVE('',#11067,#11069,#11070,.T.);
#8855=EDGE_CURVE('',#11071,#11069,#11072,.T.);
#8856=EDGE_CURVE('',#11073,#11071,#11074,.T.);
#8857=EDGE_CURVE('',#11075,#11073,#11076,.T.);
#8858=EDGE_CURVE('',#11077,#11075,#11078,.T.);
#8859=EDGE_CURVE('',#11079,#11077,#11080,.T.);
#8860=EDGE_CURVE('',#11081,#11079,#11082,.T.);
#8861=EDGE_CURVE('',#10078,#11081,#11083,.T.);
#8862=EDGE_CURVE('',#11084,#11035,#11085,.T.);
#8863=EDGE_CURVE('',#11086,#11084,#11087,.T.);
#8864=EDGE_CURVE('',#11088,#11086,#11089,.T.);
#8865=EDGE_CURVE('',#11090,#11088,#11091,.T.);
#8866=EDGE_CURVE('',#11092,#11090,#11093,.T.);
#8867=EDGE_CURVE('',#11026,#11092,#11094,.T.);
#8868=EDGE_CURVE('',#11024,#11095,#11096,.T.);
#8869=EDGE_CURVE('',#11095,#11097,#11098,.T.);
#8870=EDGE_CURVE('',#11099,#11097,#11100,.T.);
#8871=EDGE_CURVE('',#11101,#11099,#11102,.T.);
#8872=EDGE_CURVE('',#11103,#11101,#11104,.T.);
#8873=EDGE_CURVE('',#11103,#11105,#11106,.T.);
#8874=EDGE_CURVE('',#11039,#11105,#11107,.T.);
#8875=EDGE_CURVE('',#11108,#11109,#11110,.T.);
#8876=EDGE_CURVE('',#11109,#11108,#11111,.T.);
#8877=EDGE_CURVE('',#11112,#11113,#11114,.T.);
#8878=EDGE_CURVE('',#11115,#11112,#11116,.T.);
#8879=EDGE_CURVE('',#11117,#11115,#11118,.T.);
#8880=EDGE_CURVE('',#11113,#11117,#11119,.T.);
#8881=EDGE_CURVE('',#11120,#11121,#11122,.T.);
#8882=EDGE_CURVE('',#11121,#11120,#11123,.T.);
#8883=EDGE_CURVE('',#11121,#11124,#11125,.T.);
#8884=EDGE_CURVE('',#11120,#11126,#11127,.T.);
#8885=EDGE_CURVE('',#11124,#11126,#11128,.T.);
#8886=EDGE_CURVE('',#11129,#11124,#11130,.T.);
#8887=EDGE_CURVE('',#11131,#11126,#11132,.T.);
#8888=EDGE_CURVE('',#11129,#11131,#11133,.T.);
#8889=EDGE_CURVE('',#11131,#11129,#11134,.T.);
#8890=EDGE_CURVE('',#10043,#10054,#11135,.T.);
#8891=EDGE_CURVE('',#10051,#10046,#11136,.T.);
#8892=EDGE_CURVE('',#11126,#11124,#11137,.T.);
#8893=EDGE_CURVE('',#10052,#10048,#11138,.T.);
#8894=EDGE_CURVE('',#10044,#10056,#11139,.T.);
#8895=EDGE_CURVE('',#11108,#10048,#11140,.T.);
#8896=EDGE_CURVE('',#11109,#10056,#11141,.T.);
#8897=EDGE_CURVE('',#11113,#11142,#11143,.T.);
#8898=EDGE_CURVE('',#11117,#11144,#11145,.T.);
#8899=EDGE_CURVE('',#11142,#11144,#11146,.T.);
#8900=EDGE_CURVE('',#10036,#11142,#11147,.T.);
#8901=EDGE_CURVE('',#11144,#10035,#11148,.T.);
#8902=EDGE_CURVE('',#11115,#10038,#11149,.T.);
#8903=EDGE_CURVE('',#11112,#10040,#11150,.T.);
#8904=EDGE_CURVE('',#11105,#11151,#11152,.T.);
#8905=EDGE_CURVE('',#11151,#11153,#11154,.T.);
#8906=EDGE_CURVE('',#11153,#11099,#11155,.T.);
#8907=EDGE_CURVE('',#11097,#11156,#11157,.T.);
#8908=EDGE_CURVE('',#11156,#11158,#11159,.T.);
#8909=EDGE_CURVE('',#11158,#11039,#11160,.T.);
#8910=EDGE_CURVE('',#11161,#11162,#11163,.T.);
#8911=EDGE_CURVE('',#11161,#11038,#11164,.T.);
#8912=EDGE_CURVE('',#11165,#11158,#11166,.T.);
#8913=EDGE_CURVE('',#11165,#11167,#11168,.T.);
#8914=EDGE_CURVE('',#11167,#11169,#11170,.T.);
#8915=EDGE_CURVE('',#11162,#11169,#11171,.T.);
#8916=EDGE_CURVE('',#11172,#11173,#11174,.T.);
#8917=EDGE_CURVE('',#11172,#11175,#11176,.T.);
#8918=EDGE_CURVE('',#11175,#11177,#11178,.T.);
#8919=EDGE_CURVE('',#11177,#11162,#11179,.T.);
#8920=EDGE_CURVE('',#11169,#11180,#11181,.T.);
#8921=EDGE_CURVE('',#11180,#11182,#11183,.T.);
#8922=EDGE_CURVE('',#11182,#11184,#11185,.T.);
#8923=EDGE_CURVE('',#11173,#11184,#11186,.T.);
#8924=EDGE_CURVE('',#11184,#11187,#11188,.T.);
#8925=EDGE_CURVE('',#11187,#11189,#11190,.T.);
#8926=EDGE_CURVE('',#11189,#11191,#11192,.T.);
#8927=EDGE_CURVE('',#11193,#11191,#11194,.T.);
#8928=EDGE_CURVE('',#11173,#11193,#11195,.T.);
#8929=EDGE_CURVE('',#11191,#11193,#11196,.T.);
#8930=EDGE_CURVE('',#11189,#11197,#11198,.T.);
#8931=EDGE_CURVE('',#11172,#11197,#11199,.T.);
#8932=EDGE_CURVE('',#11200,#11175,#11201,.T.);
#8933=EDGE_CURVE('',#11197,#11200,#11202,.T.);
#8934=EDGE_CURVE('',#11203,#11204,#11205,.T.);
#8935=EDGE_CURVE('',#11206,#11204,#11207,.T.);
#8936=EDGE_CURVE('',#11206,#11208,#11209,.T.);
#8937=EDGE_CURVE('',#11203,#11208,#11210,.T.);
#8938=EDGE_CURVE('',#11211,#11165,#11212,.T.);
#8939=EDGE_CURVE('',#11095,#11211,#11213,.T.);
#8940=EDGE_CURVE('',#11041,#10112,#11214,.T.);
#8941=EDGE_CURVE('',#11215,#11161,#11216,.T.);
#8942=EDGE_CURVE('',#11200,#11215,#11217,.T.);
#8943=EDGE_CURVE('',#11218,#11187,#11219,.T.);
#8944=EDGE_CURVE('',#11220,#11218,#11221,.T.);
#8945=EDGE_CURVE('',#11167,#11220,#11222,.T.);
#8946=EDGE_CURVE('',#11208,#11153,#11223,.T.);
#8947=EDGE_CURVE('',#11203,#11151,#11224,.T.);
#8948=EDGE_CURVE('',#11204,#10027,#11225,.T.);
#8949=EDGE_CURVE('',#11103,#10030,#11226,.T.);
#8950=EDGE_CURVE('',#11101,#10032,#11227,.T.);
#8951=EDGE_CURVE('',#10028,#11206,#11228,.T.);
#8952=EDGE_CURVE('',#11220,#11180,#11229,.T.);
#8953=EDGE_CURVE('',#11218,#11182,#11230,.T.);
#8954=EDGE_CURVE('',#11215,#11177,#11231,.T.);
#8955=EDGE_CURVE('',#11065,#11232,#11233,.T.);
#8956=EDGE_CURVE('',#11234,#11232,#11235,.T.);
#8957=EDGE_CURVE('',#11051,#11234,#11236,.T.);
#8958=EDGE_CURVE('',#11049,#11237,#11238,.T.);
#8959=EDGE_CURVE('',#11239,#11237,#11240,.T.);
#8960=EDGE_CURVE('',#11043,#11239,#11241,.T.);
#8961=EDGE_CURVE('',#11081,#11242,#11243,.T.);
#8962=EDGE_CURVE('',#11244,#11242,#11245,.T.);
#8963=EDGE_CURVE('',#11067,#11244,#11246,.T.);
#8964=EDGE_CURVE('',#11244,#11247,#11248,.T.);
#8965=EDGE_CURVE('',#11077,#11247,#11249,.T.);
#8966=EDGE_CURVE('',#11075,#11250,#11251,.T.);
#8967=EDGE_CURVE('',#11252,#11250,#11253,.T.);
#8968=EDGE_CURVE('',#11069,#11252,#11254,.T.);
#8969=EDGE_CURVE('',#11071,#10024,#11255,.T.);
#8970=EDGE_CURVE('',#10020,#11252,#11256,.T.);
#8971=EDGE_CURVE('',#11073,#10022,#11257,.T.);
#8972=EDGE_CURVE('',#11250,#10019,#11258,.T.);
#8973=EDGE_CURVE('',#11045,#11259,#11260,.T.);
#8974=EDGE_CURVE('',#11259,#11261,#11262,.T.);
#8975=EDGE_CURVE('',#11261,#11047,#11263,.T.);
#8976=EDGE_CURVE('',#11247,#11264,#11265,.T.);
#8977=EDGE_CURVE('',#11264,#11079,#11266,.T.);
#8978=EDGE_CURVE('',#11061,#11267,#11268,.T.);
#8979=EDGE_CURVE('',#11267,#11269,#11270,.T.);
#8980=EDGE_CURVE('',#11269,#11063,#11271,.T.);
#8981=EDGE_CURVE('',#11237,#11261,#11272,.T.);
#8982=EDGE_CURVE('',#11239,#11259,#11273,.T.);
#8983=EDGE_CURVE('',#11242,#11264,#11274,.T.);
#8984=EDGE_CURVE('',#11232,#11269,#11275,.T.);
#8985=EDGE_CURVE('',#11234,#11267,#11276,.T.);
#8986=EDGE_CURVE('',#11059,#11277,#11278,.T.);
#8987=EDGE_CURVE('',#11279,#11277,#11280,.T.);
#8988=EDGE_CURVE('',#11053,#11279,#11281,.T.);
#8989=EDGE_CURVE('',#11055,#10016,#11282,.T.);
#8990=EDGE_CURVE('',#10012,#11279,#11283,.T.);
#8991=EDGE_CURVE('',#11057,#10014,#11284,.T.);
#8992=EDGE_CURVE('',#11277,#10011,#11285,.T.);
#8993=EDGE_CURVE('',#11211,#11156,#11286,.T.);
#8994=EDGE_CURVE('',#11287,#11288,#11289,.T.);
#8995=EDGE_CURVE('',#11288,#11287,#11290,.T.);
#8996=EDGE_CURVE('',#11291,#11287,#11292,.T.);
#8997=EDGE_CURVE('',#10003,#11288,#11293,.T.);
#8998=EDGE_CURVE('',#11291,#10006,#11294,.T.);
#8999=EDGE_CURVE('',#10101,#11291,#11295,.T.);
#9000=EDGE_CURVE('',#9999,#11291,#11296,.T.);
#9001=EDGE_CURVE('',#11297,#11084,#11298,.T.);
#9002=EDGE_CURVE('',#11028,#11297,#11299,.T.);
#9003=EDGE_CURVE('',#11092,#11300,#11301,.T.);
#9004=EDGE_CURVE('',#11302,#11300,#11303,.T.);
#9005=EDGE_CURVE('',#11086,#11302,#11304,.T.);
#9006=EDGE_CURVE('',#11088,#9995,#11305,.T.);
#9007=EDGE_CURVE('',#9991,#11302,#11306,.T.);
#9008=EDGE_CURVE('',#11090,#9993,#11307,.T.);
#9009=EDGE_CURVE('',#11300,#9990,#11308,.T.);
#9010=EDGE_CURVE('',#11033,#11297,#11309,.T.);
#9011=EDGE_CURVE('',#11021,#11011,#11310,.T.);
#9012=EDGE_CURVE('',#10134,#11311,#11312,.T.);
#9013=EDGE_CURVE('',#11313,#11311,#11314,.T.);
#9014=EDGE_CURVE('',#10122,#11313,#11315,.T.);
#9015=EDGE_CURVE('',#11316,#10128,#11317,.T.);
#9016=EDGE_CURVE('',#11318,#11316,#11319,.T.);
#9017=EDGE_CURVE('',#10130,#11318,#11320,.T.);
#9018=EDGE_CURVE('',#11321,#11313,#11322,.T.);
#9019=EDGE_CURVE('',#11321,#10121,#11323,.T.);
#9020=EDGE_CURVE('',#11324,#11318,#11325,.T.);
#9021=EDGE_CURVE('',#10132,#11324,#11326,.T.);
#9022=EDGE_CURVE('',#11324,#11311,#11327,.T.);
#9023=EDGE_CURVE('',#11328,#11329,#11330,.T.);
#9024=EDGE_CURVE('',#11329,#11331,#11332,.T.);
#9025=EDGE_CURVE('',#11331,#11333,#11334,.T.);
#9026=EDGE_CURVE('',#11333,#11335,#11336,.T.);
#9027=EDGE_CURVE('',#11335,#11337,#11338,.T.);
#9028=EDGE_CURVE('',#11337,#11339,#11340,.T.);
#9029=EDGE_CURVE('',#11339,#11341,#11342,.T.);
#9030=EDGE_CURVE('',#11328,#11341,#11343,.T.);
#9031=EDGE_CURVE('',#11344,#11345,#11346,.T.);
#9032=EDGE_CURVE('',#11347,#11344,#11348,.T.);
#9033=EDGE_CURVE('',#11349,#11347,#11350,.T.);
#9034=EDGE_CURVE('',#11345,#11349,#11351,.T.);
#9035=EDGE_CURVE('',#11352,#11353,#11354,.T.);
#9036=EDGE_CURVE('',#11353,#11355,#11356,.T.);
#9037=EDGE_CURVE('',#11355,#11357,#11358,.T.);
#9038=EDGE_CURVE('',#11357,#11359,#11360,.T.);
#9039=EDGE_CURVE('',#11359,#11361,#11362,.T.);
#9040=EDGE_CURVE('',#11361,#11363,#11364,.T.);
#9041=EDGE_CURVE('',#11363,#11365,#11366,.T.);
#9042=EDGE_CURVE('',#11352,#11365,#11367,.T.);
#9043=EDGE_CURVE('',#11368,#11369,#11370,.T.);
#9044=EDGE_CURVE('',#11371,#11368,#11372,.T.);
#9045=EDGE_CURVE('',#11373,#11371,#11374,.T.);
#9046=EDGE_CURVE('',#11369,#11373,#11375,.T.);
#9047=EDGE_CURVE('',#11316,#11376,#11377,.T.);
#9048=EDGE_CURVE('',#11376,#11378,#11379,.T.);
#9049=EDGE_CURVE('',#11378,#11321,#11380,.T.);
#9050=EDGE_CURVE('',#11381,#11382,#11383,.T.);
#9051=EDGE_CURVE('',#11384,#11381,#11385,.T.);
#9052=EDGE_CURVE('',#11386,#11384,#11387,.T.);
#9053=EDGE_CURVE('',#11382,#11386,#11388,.T.);
#9054=EDGE_CURVE('',#10154,#11341,#11389,.T.);
#9055=EDGE_CURVE('',#10153,#11328,#11390,.T.);
#9056=EDGE_CURVE('',#10166,#11329,#11391,.T.);
#9057=EDGE_CURVE('',#11331,#10164,#11392,.T.);
#9058=EDGE_CURVE('',#10156,#11339,#11393,.T.);
#9059=EDGE_CURVE('',#11337,#10158,#11394,.T.);
#9060=EDGE_CURVE('',#10162,#11333,#11395,.T.);
#9061=EDGE_CURVE('',#10160,#11335,#11396,.T.);
#9062=EDGE_CURVE('',#10138,#11365,#11397,.T.);
#9063=EDGE_CURVE('',#10137,#11352,#11398,.T.);
#9064=EDGE_CURVE('',#10150,#11353,#11399,.T.);
#9065=EDGE_CURVE('',#11355,#10148,#11400,.T.);
#9066=EDGE_CURVE('',#10140,#11363,#11401,.T.);
#9067=EDGE_CURVE('',#11361,#10142,#11402,.T.);
#9068=EDGE_CURVE('',#10146,#11357,#11403,.T.);
#9069=EDGE_CURVE('',#10144,#11359,#11404,.T.);
#9070=EDGE_CURVE('',#10124,#11378,#11405,.T.);
#9071=EDGE_CURVE('',#10126,#11376,#11406,.T.);
#9072=EDGE_CURVE('',#11407,#11382,#11408,.T.);
#9073=EDGE_CURVE('',#11409,#11386,#11410,.T.);
#9074=EDGE_CURVE('',#11409,#11411,#11412,.T.);
#9075=EDGE_CURVE('',#11413,#11411,#11414,.T.);
#9076=EDGE_CURVE('',#11413,#11407,#11415,.T.);
#9077=EDGE_CURVE('',#11416,#11413,#11417,.T.);
#9078=EDGE_CURVE('',#11418,#11416,#11419,.T.);
#9079=EDGE_CURVE('',#11418,#11407,#11420,.T.);
#9080=EDGE_CURVE('',#11418,#11381,#11421,.T.);
#9081=EDGE_CURVE('',#11422,#11416,#11423,.T.);
#9082=EDGE_CURVE('',#11422,#11424,#11425,.T.);
#9083=EDGE_CURVE('',#11424,#11384,#11426,.T.);
#9084=EDGE_CURVE('',#11409,#11424,#11427,.T.);
#9085=EDGE_CURVE('',#11411,#11422,#11428,.T.);
#9086=EDGE_CURVE('',#11429,#11430,#11431,.T.);
#9087=EDGE_CURVE('',#11430,#11432,#11433,.T.);
#9088=EDGE_CURVE('',#11432,#11434,#11435,.T.);
#9089=EDGE_CURVE('',#11434,#11429,#11436,.T.);
#9090=EDGE_CURVE('',#11437,#11438,#11439,.T.);
#9091=EDGE_CURVE('',#11438,#11440,#11441,.T.);
#9092=EDGE_CURVE('',#11440,#11442,#11443,.T.);
#9093=EDGE_CURVE('',#11442,#11437,#11444,.T.);
#9094=EDGE_CURVE('',#11445,#11434,#11446,.T.);
#9095=EDGE_CURVE('',#11445,#11447,#11448,.T.);
#9096=EDGE_CURVE('',#11429,#11447,#11449,.T.);
#9097=EDGE_CURVE('',#11447,#11369,#11450,.T.);
#9098=EDGE_CURVE('',#11451,#11373,#11452,.T.);
#9099=EDGE_CURVE('',#11451,#11430,#11453,.T.);
#9100=EDGE_CURVE('',#11451,#11454,#11455,.T.);
#9101=EDGE_CURVE('',#11432,#11454,#11456,.T.);
#9102=EDGE_CURVE('',#11454,#11371,#11457,.T.);
#9103=EDGE_CURVE('',#11445,#11368,#11458,.T.);
#9104=EDGE_CURVE('',#11459,#11442,#11460,.T.);
#9105=EDGE_CURVE('',#11459,#11461,#11462,.T.);
#9106=EDGE_CURVE('',#11437,#11461,#11463,.T.);
#9107=EDGE_CURVE('',#11461,#11345,#11464,.T.);
#9108=EDGE_CURVE('',#11465,#11349,#11466,.T.);
#9109=EDGE_CURVE('',#11465,#11438,#11467,.T.);
#9110=EDGE_CURVE('',#11465,#11468,#11469,.T.);
#9111=EDGE_CURVE('',#11440,#11468,#11470,.T.);
#9112=EDGE_CURVE('',#11468,#11347,#11471,.T.);
#9113=EDGE_CURVE('',#11459,#11344,#11472,.T.);
#9114=EDGE_CURVE('',#10182,#11473,#11474,.T.);
#9115=EDGE_CURVE('',#11475,#11473,#11476,.T.);
#9116=EDGE_CURVE('',#10170,#11475,#11477,.T.);
#9117=EDGE_CURVE('',#11478,#11475,#11479,.T.);
#9118=EDGE_CURVE('',#10169,#11478,#11480,.T.);
#9119=EDGE_CURVE('',#11481,#11478,#11482,.T.);
#9120=EDGE_CURVE('',#10172,#11481,#11483,.T.);
#9121=EDGE_CURVE('',#11484,#11481,#11485,.T.);
#9122=EDGE_CURVE('',#10174,#11484,#11486,.T.);
#9123=EDGE_CURVE('',#11487,#11484,#11488,.T.);
#9124=EDGE_CURVE('',#10176,#11487,#11489,.T.);
#9125=EDGE_CURVE('',#11490,#11487,#11491,.T.);
#9126=EDGE_CURVE('',#10178,#11490,#11492,.T.);
#9127=EDGE_CURVE('',#11493,#11490,#11494,.T.);
#9128=EDGE_CURVE('',#10180,#11493,#11495,.T.);
#9129=EDGE_CURVE('',#11473,#11493,#11496,.T.);
#9130=EDGE_CURVE('',#11497,#11498,#11499,.T.);
#9131=EDGE_CURVE('',#11500,#11497,#11501,.T.);
#9132=EDGE_CURVE('',#11502,#11500,#11503,.T.);
#9133=EDGE_CURVE('',#11498,#11502,#11504,.T.);
#9134=EDGE_CURVE('',#11505,#11506,#11507,.T.);
#9135=EDGE_CURVE('',#11505,#11508,#11509,.T.);
#9136=EDGE_CURVE('',#11508,#11498,#11510,.T.);
#9137=EDGE_CURVE('',#11511,#11502,#11512,.T.);
#9138=EDGE_CURVE('',#11511,#11506,#11513,.T.);
#9139=EDGE_CURVE('',#11506,#11514,#11515,.T.);
#9140=EDGE_CURVE('',#11511,#11516,#11517,.T.);
#9141=EDGE_CURVE('',#11514,#11516,#11518,.T.);
#9142=EDGE_CURVE('',#11516,#11500,#11519,.T.);
#9143=EDGE_CURVE('',#11520,#11497,#11521,.T.);
#9144=EDGE_CURVE('',#11520,#11522,#11523,.T.);
#9145=EDGE_CURVE('',#11514,#11522,#11524,.T.);
#9146=EDGE_CURVE('',#11522,#11505,#11525,.T.);
#9147=EDGE_CURVE('',#11520,#11508,#11526,.T.);
#9148=EDGE_CURVE('',#10270,#11527,#11528,.T.);
#9149=EDGE_CURVE('',#9982,#11527,#11529,.T.);
#9150=EDGE_CURVE('',#11530,#9985,#11531,.T.);
#9151=EDGE_CURVE('',#10185,#11530,#11532,.T.);
#9152=EDGE_CURVE('',#11533,#11530,#11534,.T.);
#9153=EDGE_CURVE('',#10187,#11533,#11535,.T.);
#9154=EDGE_CURVE('',#11536,#11533,#11537,.T.);
#9155=EDGE_CURVE('',#10189,#11536,#11538,.T.);
#9156=EDGE_CURVE('',#11539,#11536,#11540,.T.);
#9157=EDGE_CURVE('',#10191,#11539,#11541,.T.);
#9158=EDGE_CURVE('',#11542,#11539,#11543,.T.);
#9159=EDGE_CURVE('',#10193,#11542,#11544,.T.);
#9160=EDGE_CURVE('',#11545,#11542,#11546,.T.);
#9161=EDGE_CURVE('',#10195,#11545,#11547,.T.);
#9162=EDGE_CURVE('',#11548,#11545,#11549,.T.);
#9163=EDGE_CURVE('',#10197,#11548,#11550,.T.);
#9164=EDGE_CURVE('',#9979,#11548,#11551,.T.);
#9165=EDGE_CURVE('',#11552,#9975,#11553,.T.);
#9166=EDGE_CURVE('',#10200,#11552,#11554,.T.);
#9167=EDGE_CURVE('',#11555,#11552,#11556,.T.);
#9168=EDGE_CURVE('',#10202,#11555,#11557,.T.);
#9169=EDGE_CURVE('',#11558,#11555,#11559,.T.);
#9170=EDGE_CURVE('',#10204,#11558,#11560,.T.);
#9171=EDGE_CURVE('',#11561,#11558,#11562,.T.);
#9172=EDGE_CURVE('',#10206,#11561,#11563,.T.);
#9173=EDGE_CURVE('',#11564,#11561,#11565,.T.);
#9174=EDGE_CURVE('',#10208,#11564,#11566,.T.);
#9175=EDGE_CURVE('',#11567,#11564,#11568,.T.);
#9176=EDGE_CURVE('',#10210,#11567,#11569,.T.);
#9177=EDGE_CURVE('',#11570,#11567,#11571,.T.);
#9178=EDGE_CURVE('',#10212,#11570,#11572,.T.);
#9179=EDGE_CURVE('',#11573,#11570,#11574,.T.);
#9180=EDGE_CURVE('',#10214,#11573,#11575,.T.);
#9181=EDGE_CURVE('',#11576,#11573,#11577,.T.);
#9182=EDGE_CURVE('',#10216,#11576,#11578,.T.);
#9183=EDGE_CURVE('',#11579,#11576,#11580,.T.);
#9184=EDGE_CURVE('',#10218,#11579,#11581,.T.);
#9185=EDGE_CURVE('',#11582,#11579,#11583,.T.);
#9186=EDGE_CURVE('',#10220,#11582,#11584,.T.);
#9187=EDGE_CURVE('',#11585,#11582,#11586,.T.);
#9188=EDGE_CURVE('',#10222,#11585,#11587,.T.);
#9189=EDGE_CURVE('',#11588,#11585,#11589,.T.);
#9190=EDGE_CURVE('',#10224,#11588,#11590,.T.);
#9191=EDGE_CURVE('',#11591,#11588,#11592,.T.);
#9192=EDGE_CURVE('',#10226,#11591,#11593,.T.);
#9193=EDGE_CURVE('',#11594,#11591,#11595,.T.);
#9194=EDGE_CURVE('',#10228,#11594,#11596,.T.);
#9195=EDGE_CURVE('',#11597,#11594,#11598,.T.);
#9196=EDGE_CURVE('',#10230,#11597,#11599,.T.);
#9197=EDGE_CURVE('',#11600,#11597,#11601,.T.);
#9198=EDGE_CURVE('',#10232,#11600,#11602,.T.);
#9199=EDGE_CURVE('',#11603,#11600,#11604,.T.);
#9200=EDGE_CURVE('',#10234,#11603,#11605,.T.);
#9201=EDGE_CURVE('',#11606,#11603,#11607,.T.);
#9202=EDGE_CURVE('',#10236,#11606,#11608,.T.);
#9203=EDGE_CURVE('',#11609,#11606,#11610,.T.);
#9204=EDGE_CURVE('',#10238,#11609,#11611,.T.);
#9205=EDGE_CURVE('',#11612,#11609,#11613,.T.);
#9206=EDGE_CURVE('',#10240,#11612,#11614,.T.);
#9207=EDGE_CURVE('',#11615,#11612,#11616,.T.);
#9208=EDGE_CURVE('',#10242,#11615,#11617,.T.);
#9209=EDGE_CURVE('',#11618,#11615,#11619,.T.);
#9210=EDGE_CURVE('',#10244,#11618,#11620,.T.);
#9211=EDGE_CURVE('',#11621,#11618,#11622,.T.);
#9212=EDGE_CURVE('',#10246,#11621,#11623,.T.);
#9213=EDGE_CURVE('',#11624,#11621,#11625,.T.);
#9214=EDGE_CURVE('',#10248,#11624,#11626,.T.);
#9215=EDGE_CURVE('',#11627,#11624,#11628,.T.);
#9216=EDGE_CURVE('',#10250,#11627,#11629,.T.);
#9217=EDGE_CURVE('',#11630,#11627,#11631,.T.);
#9218=EDGE_CURVE('',#10252,#11630,#11632,.T.);
#9219=EDGE_CURVE('',#11633,#11630,#11634,.T.);
#9220=EDGE_CURVE('',#10254,#11633,#11635,.T.);
#9221=EDGE_CURVE('',#11636,#11633,#11637,.T.);
#9222=EDGE_CURVE('',#10256,#11636,#11638,.T.);
#9223=EDGE_CURVE('',#11639,#11636,#11640,.T.);
#9224=EDGE_CURVE('',#10258,#11639,#11641,.T.);
#9225=EDGE_CURVE('',#11642,#11639,#11643,.T.);
#9226=EDGE_CURVE('',#10260,#11642,#11644,.T.);
#9227=EDGE_CURVE('',#11645,#11642,#11646,.T.);
#9228=EDGE_CURVE('',#10262,#11645,#11647,.T.);
#9229=EDGE_CURVE('',#11648,#11645,#11649,.T.);
#9230=EDGE_CURVE('',#10264,#11648,#11650,.T.);
#9231=EDGE_CURVE('',#11651,#11648,#11652,.T.);
#9232=EDGE_CURVE('',#10266,#11651,#11653,.T.);
#9233=EDGE_CURVE('',#11654,#11651,#11655,.T.);
#9234=EDGE_CURVE('',#10268,#11654,#11656,.T.);
#9235=EDGE_CURVE('',#11527,#11654,#11657,.T.);
#9236=EDGE_CURVE('',#11658,#11659,#11660,.T.);
#9237=EDGE_CURVE('',#11659,#11661,#11662,.T.);
#9238=EDGE_CURVE('',#11661,#11663,#11664,.T.);
#9239=EDGE_CURVE('',#11663,#11658,#11665,.T.);
#9240=EDGE_CURVE('',#11666,#11667,#11668,.T.);
#9241=EDGE_CURVE('',#11667,#11669,#11670,.T.);
#9242=EDGE_CURVE('',#11669,#11671,#11672,.T.);
#9243=EDGE_CURVE('',#11671,#11673,#11674,.T.);
#9244=EDGE_CURVE('',#11673,#11675,#11676,.T.);
#9245=EDGE_CURVE('',#11675,#11677,#11678,.T.);
#9246=EDGE_CURVE('',#11677,#11679,#11680,.T.);
#9247=EDGE_CURVE('',#11679,#11681,#11682,.T.);
#9248=EDGE_CURVE('',#11681,#11683,#11684,.T.);
#9249=EDGE_CURVE('',#11683,#11685,#11686,.T.);
#9250=EDGE_CURVE('',#11685,#11687,#11688,.T.);
#9251=EDGE_CURVE('',#11687,#11689,#11690,.T.);
#9252=EDGE_CURVE('',#11689,#11691,#11692,.T.);
#9253=EDGE_CURVE('',#11691,#11693,#11694,.T.);
#9254=EDGE_CURVE('',#11693,#11695,#11696,.T.);
#9255=EDGE_CURVE('',#11695,#11697,#11698,.T.);
#9256=EDGE_CURVE('',#11697,#11699,#11700,.T.);
#9257=EDGE_CURVE('',#11699,#11701,#11702,.T.);
#9258=EDGE_CURVE('',#11701,#11703,#11704,.T.);
#9259=EDGE_CURVE('',#11703,#11705,#11706,.T.);
#9260=EDGE_CURVE('',#11705,#11707,#11708,.T.);
#9261=EDGE_CURVE('',#11707,#11709,#11710,.T.);
#9262=EDGE_CURVE('',#11709,#11711,#11712,.T.);
#9263=EDGE_CURVE('',#11711,#11713,#11714,.T.);
#9264=EDGE_CURVE('',#11713,#11715,#11716,.T.);
#9265=EDGE_CURVE('',#11715,#11717,#11718,.T.);
#9266=EDGE_CURVE('',#11717,#11719,#11720,.T.);
#9267=EDGE_CURVE('',#11719,#11721,#11722,.T.);
#9268=EDGE_CURVE('',#11721,#11723,#11724,.T.);
#9269=EDGE_CURVE('',#11723,#11725,#11726,.T.);
#9270=EDGE_CURVE('',#11725,#11727,#11728,.T.);
#9271=EDGE_CURVE('',#11727,#11729,#11730,.T.);
#9272=EDGE_CURVE('',#11729,#11731,#11732,.T.);
#9273=EDGE_CURVE('',#11731,#11733,#11734,.T.);
#9274=EDGE_CURVE('',#11733,#11735,#11736,.T.);
#9275=EDGE_CURVE('',#11735,#11737,#11738,.T.);
#9276=EDGE_CURVE('',#11737,#11739,#11740,.T.);
#9277=EDGE_CURVE('',#11739,#11741,#11742,.T.);
#9278=EDGE_CURVE('',#11741,#11743,#11744,.T.);
#9279=EDGE_CURVE('',#11743,#11745,#11746,.T.);
#9280=EDGE_CURVE('',#11745,#11747,#11748,.T.);
#9281=EDGE_CURVE('',#11747,#11749,#11750,.T.);
#9282=EDGE_CURVE('',#11749,#11751,#11752,.T.);
#9283=EDGE_CURVE('',#11751,#11753,#11754,.T.);
#9284=EDGE_CURVE('',#11753,#11755,#11756,.T.);
#9285=EDGE_CURVE('',#11755,#11757,#11758,.T.);
#9286=EDGE_CURVE('',#11757,#11759,#11760,.T.);
#9287=EDGE_CURVE('',#11759,#11761,#11762,.T.);
#9288=EDGE_CURVE('',#11761,#11763,#11764,.T.);
#9289=EDGE_CURVE('',#11763,#11765,#11766,.T.);
#9290=EDGE_CURVE('',#11765,#11767,#11768,.T.);
#9291=EDGE_CURVE('',#11767,#11769,#11770,.T.);
#9292=EDGE_CURVE('',#11769,#11771,#11772,.T.);
#9293=EDGE_CURVE('',#11771,#11666,#11773,.T.);
#9294=EDGE_CURVE('',#11774,#11775,#11776,.T.);
#9295=EDGE_CURVE('',#11775,#11777,#11778,.T.);
#9296=EDGE_CURVE('',#11777,#11779,#11780,.T.);
#9297=EDGE_CURVE('',#11779,#11781,#11782,.T.);
#9298=EDGE_CURVE('',#11781,#11783,#11784,.T.);
#9299=EDGE_CURVE('',#11783,#11785,#11786,.T.);
#9300=EDGE_CURVE('',#11785,#11787,#11788,.T.);
#9301=EDGE_CURVE('',#11787,#11789,#11790,.T.);
#9302=EDGE_CURVE('',#11789,#11791,#11792,.T.);
#9303=EDGE_CURVE('',#11791,#11793,#11794,.T.);
#9304=EDGE_CURVE('',#11793,#11795,#11796,.T.);
#9305=EDGE_CURVE('',#11795,#11797,#11798,.T.);
#9306=EDGE_CURVE('',#11797,#11774,#11799,.T.);
#9307=EDGE_CURVE('',#11800,#11801,#11802,.T.);
#9308=EDGE_CURVE('',#11801,#11803,#11804,.T.);
#9309=EDGE_CURVE('',#11803,#11805,#11806,.T.);
#9310=EDGE_CURVE('',#11805,#11800,#11807,.T.);
#9311=EDGE_CURVE('',#11808,#11809,#11810,.T.);
#9312=EDGE_CURVE('',#11809,#11811,#11812,.T.);
#9313=EDGE_CURVE('',#11811,#11813,#11814,.T.);
#9314=EDGE_CURVE('',#11813,#11815,#11816,.T.);
#9315=EDGE_CURVE('',#11815,#11817,#11818,.T.);
#9316=EDGE_CURVE('',#11817,#11819,#11820,.T.);
#9317=EDGE_CURVE('',#11819,#11821,#11822,.T.);
#9318=EDGE_CURVE('',#11821,#11808,#11823,.T.);
#9319=EDGE_CURVE('',#11824,#11825,#11826,.T.);
#9320=EDGE_CURVE('',#11825,#11827,#11828,.T.);
#9321=EDGE_CURVE('',#11827,#11829,#11830,.T.);
#9322=EDGE_CURVE('',#11829,#11831,#11832,.T.);
#9323=EDGE_CURVE('',#11831,#11833,#11834,.T.);
#9324=EDGE_CURVE('',#11833,#11835,#11836,.T.);
#9325=EDGE_CURVE('',#11835,#11837,#11838,.T.);
#9326=EDGE_CURVE('',#11837,#11839,#11840,.T.);
#9327=EDGE_CURVE('',#11839,#11841,#11842,.T.);
#9328=EDGE_CURVE('',#11841,#11843,#11844,.T.);
#9329=EDGE_CURVE('',#11843,#11845,#11846,.T.);
#9330=EDGE_CURVE('',#11845,#11847,#11848,.T.);
#9331=EDGE_CURVE('',#11847,#11849,#11850,.T.);
#9332=EDGE_CURVE('',#11849,#11851,#11852,.T.);
#9333=EDGE_CURVE('',#11851,#11853,#11854,.T.);
#9334=EDGE_CURVE('',#11853,#11855,#11856,.T.);
#9335=EDGE_CURVE('',#11855,#11857,#11858,.T.);
#9336=EDGE_CURVE('',#11857,#11859,#11860,.T.);
#9337=EDGE_CURVE('',#11859,#11861,#11862,.T.);
#9338=EDGE_CURVE('',#11861,#11863,#11864,.T.);
#9339=EDGE_CURVE('',#11863,#11865,#11866,.T.);
#9340=EDGE_CURVE('',#11865,#11867,#11868,.T.);
#9341=EDGE_CURVE('',#11867,#11869,#11870,.T.);
#9342=EDGE_CURVE('',#11869,#11871,#11872,.T.);
#9343=EDGE_CURVE('',#11871,#11873,#11874,.T.);
#9344=EDGE_CURVE('',#11873,#11875,#11876,.T.);
#9345=EDGE_CURVE('',#11875,#11877,#11878,.T.);
#9346=EDGE_CURVE('',#11877,#11879,#11880,.T.);
#9347=EDGE_CURVE('',#11879,#11881,#11882,.T.);
#9348=EDGE_CURVE('',#11881,#11883,#11884,.T.);
#9349=EDGE_CURVE('',#11883,#11885,#11886,.T.);
#9350=EDGE_CURVE('',#11885,#11887,#11888,.T.);
#9351=EDGE_CURVE('',#11887,#11889,#11890,.T.);
#9352=EDGE_CURVE('',#11889,#11891,#11892,.T.);
#9353=EDGE_CURVE('',#11891,#11893,#11894,.T.);
#9354=EDGE_CURVE('',#11893,#11895,#11896,.T.);
#9355=EDGE_CURVE('',#11895,#11897,#11898,.T.);
#9356=EDGE_CURVE('',#11897,#11899,#11900,.T.);
#9357=EDGE_CURVE('',#11899,#11901,#11902,.T.);
#9358=EDGE_CURVE('',#11901,#11824,#11903,.T.);
#9359=EDGE_CURVE('',#11904,#11905,#11906,.T.);
#9360=EDGE_CURVE('',#11905,#11907,#11908,.T.);
#9361=EDGE_CURVE('',#11907,#11909,#11910,.T.);
#9362=EDGE_CURVE('',#11909,#11911,#11912,.T.);
#9363=EDGE_CURVE('',#11911,#11913,#11914,.T.);
#9364=EDGE_CURVE('',#11913,#11915,#11916,.T.);
#9365=EDGE_CURVE('',#11915,#11917,#11918,.T.);
#9366=EDGE_CURVE('',#11917,#11919,#11920,.T.);
#9367=EDGE_CURVE('',#11919,#11921,#11922,.T.);
#9368=EDGE_CURVE('',#11921,#11923,#11924,.T.);
#9369=EDGE_CURVE('',#11923,#11925,#11926,.T.);
#9370=EDGE_CURVE('',#11925,#11904,#11927,.T.);
#9371=EDGE_CURVE('',#11928,#11929,#11930,.T.);
#9372=EDGE_CURVE('',#11929,#11931,#11932,.T.);
#9373=EDGE_CURVE('',#11931,#11933,#11934,.T.);
#9374=EDGE_CURVE('',#11933,#11935,#11936,.T.);
#9375=EDGE_CURVE('',#11935,#11937,#11938,.T.);
#9376=EDGE_CURVE('',#11937,#11939,#11940,.T.);
#9377=EDGE_CURVE('',#11939,#11941,#11942,.T.);
#9378=EDGE_CURVE('',#11941,#11943,#11944,.T.);
#9379=EDGE_CURVE('',#11943,#11945,#11946,.T.);
#9380=EDGE_CURVE('',#11945,#11947,#11948,.T.);
#9381=EDGE_CURVE('',#11947,#11949,#11950,.T.);
#9382=EDGE_CURVE('',#11949,#11951,#11952,.T.);
#9383=EDGE_CURVE('',#11951,#11953,#11954,.T.);
#9384=EDGE_CURVE('',#11953,#11955,#11956,.T.);
#9385=EDGE_CURVE('',#11955,#11957,#11958,.T.);
#9386=EDGE_CURVE('',#11957,#11959,#11960,.T.);
#9387=EDGE_CURVE('',#11959,#11961,#11962,.T.);
#9388=EDGE_CURVE('',#11961,#11963,#11964,.T.);
#9389=EDGE_CURVE('',#11963,#11965,#11966,.T.);
#9390=EDGE_CURVE('',#11965,#11967,#11968,.T.);
#9391=EDGE_CURVE('',#11967,#11969,#11970,.T.);
#9392=EDGE_CURVE('',#11969,#11971,#11972,.T.);
#9393=EDGE_CURVE('',#11971,#11973,#11974,.T.);
#9394=EDGE_CURVE('',#11973,#11975,#11976,.T.);
#9395=EDGE_CURVE('',#11975,#11977,#11978,.T.);
#9396=EDGE_CURVE('',#11977,#11979,#11980,.T.);
#9397=EDGE_CURVE('',#11979,#11981,#11982,.T.);
#9398=EDGE_CURVE('',#11981,#11983,#11984,.T.);
#9399=EDGE_CURVE('',#11983,#11985,#11986,.T.);
#9400=EDGE_CURVE('',#11985,#11987,#11988,.T.);
#9401=EDGE_CURVE('',#11987,#11989,#11990,.T.);
#9402=EDGE_CURVE('',#11989,#11991,#11992,.T.);
#9403=EDGE_CURVE('',#11991,#11993,#11994,.T.);
#9404=EDGE_CURVE('',#11993,#11995,#11996,.T.);
#9405=EDGE_CURVE('',#11995,#11997,#11998,.T.);
#9406=EDGE_CURVE('',#11997,#11999,#12000,.T.);
#9407=EDGE_CURVE('',#11999,#12001,#12002,.T.);
#9408=EDGE_CURVE('',#12001,#12003,#12004,.T.);
#9409=EDGE_CURVE('',#12003,#12005,#12006,.T.);
#9410=EDGE_CURVE('',#12005,#11928,#12007,.T.);
#9411=EDGE_CURVE('',#12008,#12009,#12010,.T.);
#9412=EDGE_CURVE('',#12009,#12011,#12012,.T.);
#9413=EDGE_CURVE('',#12011,#12013,#12014,.T.);
#9414=EDGE_CURVE('',#12013,#12015,#12016,.T.);
#9415=EDGE_CURVE('',#12015,#12017,#12018,.T.);
#9416=EDGE_CURVE('',#12017,#12019,#12020,.T.);
#9417=EDGE_CURVE('',#12019,#12021,#12022,.T.);
#9418=EDGE_CURVE('',#12021,#12023,#12024,.T.);
#9419=EDGE_CURVE('',#12023,#12025,#12026,.T.);
#9420=EDGE_CURVE('',#12025,#12027,#12028,.T.);
#9421=EDGE_CURVE('',#12027,#12029,#12030,.T.);
#9422=EDGE_CURVE('',#12029,#12031,#12032,.T.);
#9423=EDGE_CURVE('',#12031,#12033,#12034,.T.);
#9424=EDGE_CURVE('',#12033,#12035,#12036,.T.);
#9425=EDGE_CURVE('',#12035,#12037,#12038,.T.);
#9426=EDGE_CURVE('',#12037,#12039,#12040,.T.);
#9427=EDGE_CURVE('',#12039,#12041,#12042,.T.);
#9428=EDGE_CURVE('',#12041,#12043,#12044,.T.);
#9429=EDGE_CURVE('',#12043,#12045,#12046,.T.);
#9430=EDGE_CURVE('',#12045,#12047,#12048,.T.);
#9431=EDGE_CURVE('',#12047,#12049,#12050,.T.);
#9432=EDGE_CURVE('',#12049,#12051,#12052,.T.);
#9433=EDGE_CURVE('',#12051,#12053,#12054,.T.);
#9434=EDGE_CURVE('',#12053,#12008,#12055,.T.);
#9435=EDGE_CURVE('',#12056,#12057,#12058,.T.);
#9436=EDGE_CURVE('',#12057,#12059,#12060,.T.);
#9437=EDGE_CURVE('',#12059,#12061,#12062,.T.);
#9438=EDGE_CURVE('',#12061,#12063,#12064,.T.);
#9439=EDGE_CURVE('',#12063,#12065,#12066,.T.);
#9440=EDGE_CURVE('',#12065,#12067,#12068,.T.);
#9441=EDGE_CURVE('',#12067,#12069,#12070,.T.);
#9442=EDGE_CURVE('',#12069,#12071,#12072,.T.);
#9443=EDGE_CURVE('',#12071,#12073,#12074,.T.);
#9444=EDGE_CURVE('',#12073,#12075,#12076,.T.);
#9445=EDGE_CURVE('',#12075,#12077,#12078,.T.);
#9446=EDGE_CURVE('',#12077,#12079,#12080,.T.);
#9447=EDGE_CURVE('',#12079,#12081,#12082,.T.);
#9448=EDGE_CURVE('',#12081,#12083,#12084,.T.);
#9449=EDGE_CURVE('',#12083,#12085,#12086,.T.);
#9450=EDGE_CURVE('',#12085,#12087,#12088,.T.);
#9451=EDGE_CURVE('',#12087,#12089,#12090,.T.);
#9452=EDGE_CURVE('',#12089,#12091,#12092,.T.);
#9453=EDGE_CURVE('',#12091,#12093,#12094,.T.);
#9454=EDGE_CURVE('',#12093,#12056,#12095,.T.);
#9455=EDGE_CURVE('',#12096,#12097,#12098,.T.);
#9456=EDGE_CURVE('',#12097,#12099,#12100,.T.);
#9457=EDGE_CURVE('',#12099,#12101,#12102,.T.);
#9458=EDGE_CURVE('',#12101,#12103,#12104,.T.);
#9459=EDGE_CURVE('',#12103,#12105,#12106,.T.);
#9460=EDGE_CURVE('',#12105,#12107,#12108,.T.);
#9461=EDGE_CURVE('',#12107,#12109,#12110,.T.);
#9462=EDGE_CURVE('',#12109,#12111,#12112,.T.);
#9463=EDGE_CURVE('',#12111,#12113,#12114,.T.);
#9464=EDGE_CURVE('',#12113,#12096,#12115,.T.);
#9465=EDGE_CURVE('',#12116,#12117,#12118,.T.);
#9466=EDGE_CURVE('',#12117,#12119,#12120,.T.);
#9467=EDGE_CURVE('',#12119,#12121,#12122,.T.);
#9468=EDGE_CURVE('',#12121,#12123,#12124,.T.);
#9469=EDGE_CURVE('',#12123,#12125,#12126,.T.);
#9470=EDGE_CURVE('',#12125,#12127,#12128,.T.);
#9471=EDGE_CURVE('',#12127,#12129,#12130,.T.);
#9472=EDGE_CURVE('',#12129,#12131,#12132,.T.);
#9473=EDGE_CURVE('',#12131,#12133,#12134,.T.);
#9474=EDGE_CURVE('',#12133,#12116,#12135,.T.);
#9475=EDGE_CURVE('',#12136,#12137,#12138,.T.);
#9476=EDGE_CURVE('',#12137,#12139,#12140,.T.);
#9477=EDGE_CURVE('',#12139,#12141,#12142,.T.);
#9478=EDGE_CURVE('',#12141,#12143,#12144,.T.);
#9479=EDGE_CURVE('',#12143,#12145,#12146,.T.);
#9480=EDGE_CURVE('',#12145,#12147,#12148,.T.);
#9481=EDGE_CURVE('',#12147,#12149,#12150,.T.);
#9482=EDGE_CURVE('',#12149,#12151,#12152,.T.);
#9483=EDGE_CURVE('',#12151,#12153,#12154,.T.);
#9484=EDGE_CURVE('',#12153,#12155,#12156,.T.);
#9485=EDGE_CURVE('',#12155,#12157,#12158,.T.);
#9486=EDGE_CURVE('',#12157,#12136,#12159,.T.);
#9487=EDGE_CURVE('',#12160,#12161,#12162,.T.);
#9488=EDGE_CURVE('',#12161,#12163,#12164,.T.);
#9489=EDGE_CURVE('',#12163,#12165,#12166,.T.);
#9490=EDGE_CURVE('',#12165,#12167,#12168,.T.);
#9491=EDGE_CURVE('',#12167,#12169,#12170,.T.);
#9492=EDGE_CURVE('',#12169,#12171,#12172,.T.);
#9493=EDGE_CURVE('',#12171,#12173,#12174,.T.);
#9494=EDGE_CURVE('',#12173,#12175,#12176,.T.);
#9495=EDGE_CURVE('',#12175,#12177,#12178,.T.);
#9496=EDGE_CURVE('',#12177,#12179,#12180,.T.);
#9497=EDGE_CURVE('',#12179,#12181,#12182,.T.);
#9498=EDGE_CURVE('',#12181,#12183,#12184,.T.);
#9499=EDGE_CURVE('',#12183,#12185,#12186,.T.);
#9500=EDGE_CURVE('',#12185,#12187,#12188,.T.);
#9501=EDGE_CURVE('',#12187,#12189,#12190,.T.);
#9502=EDGE_CURVE('',#12189,#12191,#12192,.T.);
#9503=EDGE_CURVE('',#12191,#12193,#12194,.T.);
#9504=EDGE_CURVE('',#12193,#12195,#12196,.T.);
#9505=EDGE_CURVE('',#12195,#12197,#12198,.T.);
#9506=EDGE_CURVE('',#12197,#12199,#12200,.T.);
#9507=EDGE_CURVE('',#12199,#12201,#12202,.T.);
#9508=EDGE_CURVE('',#12201,#12203,#12204,.T.);
#9509=EDGE_CURVE('',#12203,#12205,#12206,.T.);
#9510=EDGE_CURVE('',#12205,#12207,#12208,.T.);
#9511=EDGE_CURVE('',#12207,#12209,#12210,.T.);
#9512=EDGE_CURVE('',#12209,#12211,#12212,.T.);
#9513=EDGE_CURVE('',#12211,#12213,#12214,.T.);
#9514=EDGE_CURVE('',#12213,#12215,#12216,.T.);
#9515=EDGE_CURVE('',#12215,#12217,#12218,.T.);
#9516=EDGE_CURVE('',#12217,#12219,#12220,.T.);
#9517=EDGE_CURVE('',#12219,#12221,#12222,.T.);
#9518=EDGE_CURVE('',#12221,#12223,#12224,.T.);
#9519=EDGE_CURVE('',#12223,#12225,#12226,.T.);
#9520=EDGE_CURVE('',#12225,#12227,#12228,.T.);
#9521=EDGE_CURVE('',#12227,#12229,#12230,.T.);
#9522=EDGE_CURVE('',#12229,#12231,#12232,.T.);
#9523=EDGE_CURVE('',#12231,#12233,#12234,.T.);
#9524=EDGE_CURVE('',#12233,#12235,#12236,.T.);
#9525=EDGE_CURVE('',#12235,#12237,#12238,.T.);
#9526=EDGE_CURVE('',#12237,#12160,#12239,.T.);
#9527=EDGE_CURVE('',#12240,#12241,#12242,.T.);
#9528=EDGE_CURVE('',#12241,#12243,#12244,.T.);
#9529=EDGE_CURVE('',#12243,#12245,#12246,.T.);
#9530=EDGE_CURVE('',#12245,#12247,#12248,.T.);
#9531=EDGE_CURVE('',#12247,#12249,#12250,.T.);
#9532=EDGE_CURVE('',#12249,#12251,#12252,.T.);
#9533=EDGE_CURVE('',#12251,#12253,#12254,.T.);
#9534=EDGE_CURVE('',#12253,#12240,#12255,.T.);
#9535=EDGE_CURVE('',#12256,#12257,#12258,.T.);
#9536=EDGE_CURVE('',#12257,#12259,#12260,.T.);
#9537=EDGE_CURVE('',#12259,#12261,#12262,.T.);
#9538=EDGE_CURVE('',#12261,#12263,#12264,.T.);
#9539=EDGE_CURVE('',#12263,#12265,#12266,.T.);
#9540=EDGE_CURVE('',#12265,#12267,#12268,.T.);
#9541=EDGE_CURVE('',#12267,#12269,#12270,.T.);
#9542=EDGE_CURVE('',#12269,#12271,#12272,.T.);
#9543=EDGE_CURVE('',#12271,#12273,#12274,.T.);
#9544=EDGE_CURVE('',#12273,#12275,#12276,.T.);
#9545=EDGE_CURVE('',#12275,#12277,#12278,.T.);
#9546=EDGE_CURVE('',#12277,#12279,#12280,.T.);
#9547=EDGE_CURVE('',#12279,#12281,#12282,.T.);
#9548=EDGE_CURVE('',#12281,#12283,#12284,.T.);
#9549=EDGE_CURVE('',#12283,#12285,#12286,.T.);
#9550=EDGE_CURVE('',#12285,#12287,#12288,.T.);
#9551=EDGE_CURVE('',#12287,#12289,#12290,.T.);
#9552=EDGE_CURVE('',#12289,#12291,#12292,.T.);
#9553=EDGE_CURVE('',#12291,#12293,#12294,.T.);
#9554=EDGE_CURVE('',#12293,#12295,#12296,.T.);
#9555=EDGE_CURVE('',#12295,#12297,#12298,.T.);
#9556=EDGE_CURVE('',#12297,#12299,#12300,.T.);
#9557=EDGE_CURVE('',#12299,#12301,#12302,.T.);
#9558=EDGE_CURVE('',#12301,#12256,#12303,.T.);
#9559=EDGE_CURVE('',#12304,#12305,#12306,.T.);
#9560=EDGE_CURVE('',#12305,#12307,#12308,.T.);
#9561=EDGE_CURVE('',#12307,#12309,#12310,.T.);
#9562=EDGE_CURVE('',#12309,#12311,#12312,.T.);
#9563=EDGE_CURVE('',#12311,#12313,#12314,.T.);
#9564=EDGE_CURVE('',#12313,#12315,#12316,.T.);
#9565=EDGE_CURVE('',#12315,#12317,#12318,.T.);
#9566=EDGE_CURVE('',#12317,#12319,#12320,.T.);
#9567=EDGE_CURVE('',#12319,#12321,#12322,.T.);
#9568=EDGE_CURVE('',#12321,#12323,#12324,.T.);
#9569=EDGE_CURVE('',#12323,#12325,#12326,.T.);
#9570=EDGE_CURVE('',#12325,#12327,#12328,.T.);
#9571=EDGE_CURVE('',#12327,#12329,#12330,.T.);
#9572=EDGE_CURVE('',#12329,#12331,#12332,.T.);
#9573=EDGE_CURVE('',#12331,#12333,#12334,.T.);
#9574=EDGE_CURVE('',#12333,#12335,#12336,.T.);
#9575=EDGE_CURVE('',#12335,#12337,#12338,.T.);
#9576=EDGE_CURVE('',#12337,#12339,#12340,.T.);
#9577=EDGE_CURVE('',#12339,#12341,#12342,.T.);
#9578=EDGE_CURVE('',#12341,#12304,#12343,.T.);
#9579=EDGE_CURVE('',#12344,#12345,#12346,.T.);
#9580=EDGE_CURVE('',#12345,#12347,#12348,.T.);
#9581=EDGE_CURVE('',#12347,#12349,#12350,.T.);
#9582=EDGE_CURVE('',#12349,#12351,#12352,.T.);
#9583=EDGE_CURVE('',#12351,#12353,#12354,.T.);
#9584=EDGE_CURVE('',#12353,#12355,#12356,.T.);
#9585=EDGE_CURVE('',#12355,#12357,#12358,.T.);
#9586=EDGE_CURVE('',#12357,#12359,#12360,.T.);
#9587=EDGE_CURVE('',#12359,#12361,#12362,.T.);
#9588=EDGE_CURVE('',#12361,#12363,#12364,.T.);
#9589=EDGE_CURVE('',#12363,#12365,#12366,.T.);
#9590=EDGE_CURVE('',#12365,#12367,#12368,.T.);
#9591=EDGE_CURVE('',#12367,#12369,#12370,.T.);
#9592=EDGE_CURVE('',#12369,#12371,#12372,.T.);
#9593=EDGE_CURVE('',#12371,#12373,#12374,.T.);
#9594=EDGE_CURVE('',#12373,#12344,#12375,.T.);
#9595=EDGE_CURVE('',#12376,#12377,#12378,.T.);
#9596=EDGE_CURVE('',#12377,#12379,#12380,.T.);
#9597=EDGE_CURVE('',#12379,#12381,#12382,.T.);
#9598=EDGE_CURVE('',#12381,#12383,#12384,.T.);
#9599=EDGE_CURVE('',#12383,#12385,#12386,.T.);
#9600=EDGE_CURVE('',#12385,#12387,#12388,.T.);
#9601=EDGE_CURVE('',#12387,#12389,#12390,.T.);
#9602=EDGE_CURVE('',#12389,#12391,#12392,.T.);
#9603=EDGE_CURVE('',#12391,#12393,#12394,.T.);
#9604=EDGE_CURVE('',#12393,#12376,#12395,.T.);
#9605=EDGE_CURVE('',#10278,#11658,#12396,.T.);
#9606=EDGE_CURVE('',#10274,#11663,#12397,.T.);
#9607=EDGE_CURVE('',#10273,#11661,#12398,.T.);
#9608=EDGE_CURVE('',#10276,#11659,#12399,.T.);
#9609=EDGE_CURVE('',#10386,#11666,#12400,.T.);
#9610=EDGE_CURVE('',#10282,#11771,#12401,.T.);
#9611=EDGE_CURVE('',#10281,#11769,#12402,.T.);
#9612=EDGE_CURVE('',#10284,#11767,#12403,.T.);
#9613=EDGE_CURVE('',#10286,#11765,#12404,.T.);
#9614=EDGE_CURVE('',#10288,#11763,#12405,.T.);
#9615=EDGE_CURVE('',#10290,#11761,#12406,.T.);
#9616=EDGE_CURVE('',#10292,#11759,#12407,.T.);
#9617=EDGE_CURVE('',#10294,#11757,#12408,.T.);
#9618=EDGE_CURVE('',#10296,#11755,#12409,.T.);
#9619=EDGE_CURVE('',#10298,#11753,#12410,.T.);
#9620=EDGE_CURVE('',#10300,#11751,#12411,.T.);
#9621=EDGE_CURVE('',#10302,#11749,#12412,.T.);
#9622=EDGE_CURVE('',#10304,#11747,#12413,.T.);
#9623=EDGE_CURVE('',#10306,#11745,#12414,.T.);
#9624=EDGE_CURVE('',#10308,#11743,#12415,.T.);
#9625=EDGE_CURVE('',#10310,#11741,#12416,.T.);
#9626=EDGE_CURVE('',#10312,#11739,#12417,.T.);
#9627=EDGE_CURVE('',#10314,#11737,#12418,.T.);
#9628=EDGE_CURVE('',#10316,#11735,#12419,.T.);
#9629=EDGE_CURVE('',#10318,#11733,#12420,.T.);
#9630=EDGE_CURVE('',#10320,#11731,#12421,.T.);
#9631=EDGE_CURVE('',#10322,#11729,#12422,.T.);
#9632=EDGE_CURVE('',#10324,#11727,#12423,.T.);
#9633=EDGE_CURVE('',#10326,#11725,#12424,.T.);
#9634=EDGE_CURVE('',#10328,#11723,#12425,.T.);
#9635=EDGE_CURVE('',#10330,#11721,#12426,.T.);
#9636=EDGE_CURVE('',#10332,#11719,#12427,.T.);
#9637=EDGE_CURVE('',#10334,#11717,#12428,.T.);
#9638=EDGE_CURVE('',#10336,#11715,#12429,.T.);
#9639=EDGE_CURVE('',#10338,#11713,#12430,.T.);
#9640=EDGE_CURVE('',#10340,#11711,#12431,.T.);
#9641=EDGE_CURVE('',#10342,#11709,#12432,.T.);
#9642=EDGE_CURVE('',#10344,#11707,#12433,.T.);
#9643=EDGE_CURVE('',#10346,#11705,#12434,.T.);
#9644=EDGE_CURVE('',#10348,#11703,#12435,.T.);
#9645=EDGE_CURVE('',#10350,#11701,#12436,.T.);
#9646=EDGE_CURVE('',#10352,#11699,#12437,.T.);
#9647=EDGE_CURVE('',#10354,#11697,#12438,.T.);
#9648=EDGE_CURVE('',#10356,#11695,#12439,.T.);
#9649=EDGE_CURVE('',#10358,#11693,#12440,.T.);
#9650=EDGE_CURVE('',#10360,#11691,#12441,.T.);
#9651=EDGE_CURVE('',#10362,#11689,#12442,.T.);
#9652=EDGE_CURVE('',#10364,#11687,#12443,.T.);
#9653=EDGE_CURVE('',#10366,#11685,#12444,.T.);
#9654=EDGE_CURVE('',#10368,#11683,#12445,.T.);
#9655=EDGE_CURVE('',#10370,#11681,#12446,.T.);
#9656=EDGE_CURVE('',#10372,#11679,#12447,.T.);
#9657=EDGE_CURVE('',#10374,#11677,#12448,.T.);
#9658=EDGE_CURVE('',#10376,#11675,#12449,.T.);
#9659=EDGE_CURVE('',#10378,#11673,#12450,.T.);
#9660=EDGE_CURVE('',#10380,#11671,#12451,.T.);
#9661=EDGE_CURVE('',#10382,#11669,#12452,.T.);
#9662=EDGE_CURVE('',#10384,#11667,#12453,.T.);
#9663=EDGE_CURVE('',#10412,#11774,#12454,.T.);
#9664=EDGE_CURVE('',#10390,#11797,#12455,.T.);
#9665=EDGE_CURVE('',#10389,#11795,#12456,.T.);
#9666=EDGE_CURVE('',#10392,#11793,#12457,.T.);
#9667=EDGE_CURVE('',#10394,#11791,#12458,.T.);
#9668=EDGE_CURVE('',#10396,#11789,#12459,.T.);
#9669=EDGE_CURVE('',#10398,#11787,#12460,.T.);
#9670=EDGE_CURVE('',#10400,#11785,#12461,.T.);
#9671=EDGE_CURVE('',#10402,#11783,#12462,.T.);
#9672=EDGE_CURVE('',#10404,#11781,#12463,.T.);
#9673=EDGE_CURVE('',#10406,#11779,#12464,.T.);
#9674=EDGE_CURVE('',#10408,#11777,#12465,.T.);
#9675=EDGE_CURVE('',#10410,#11775,#12466,.T.);
#9676=EDGE_CURVE('',#10420,#11800,#12467,.T.);
#9677=EDGE_CURVE('',#10416,#11805,#12468,.T.);
#9678=EDGE_CURVE('',#10415,#11803,#12469,.T.);
#9679=EDGE_CURVE('',#10418,#11801,#12470,.T.);
#9680=EDGE_CURVE('',#10436,#11808,#12471,.T.);
#9681=EDGE_CURVE('',#10424,#11821,#12472,.T.);
#9682=EDGE_CURVE('',#10423,#11819,#12473,.T.);
#9683=EDGE_CURVE('',#10426,#11817,#12474,.T.);
#9684=EDGE_CURVE('',#10428,#11815,#12475,.T.);
#9685=EDGE_CURVE('',#10430,#11813,#12476,.T.);
#9686=EDGE_CURVE('',#10432,#11811,#12477,.T.);
#9687=EDGE_CURVE('',#10434,#11809,#12478,.T.);
#9688=EDGE_CURVE('',#10516,#11824,#12479,.T.);
#9689=EDGE_CURVE('',#10440,#11901,#12480,.T.);
#9690=EDGE_CURVE('',#10439,#11899,#12481,.T.);
#9691=EDGE_CURVE('',#10442,#11897,#12482,.T.);
#9692=EDGE_CURVE('',#10444,#11895,#12483,.T.);
#9693=EDGE_CURVE('',#10446,#11893,#12484,.T.);
#9694=EDGE_CURVE('',#10448,#11891,#12485,.T.);
#9695=EDGE_CURVE('',#10450,#11889,#12486,.T.);
#9696=EDGE_CURVE('',#10452,#11887,#12487,.T.);
#9697=EDGE_CURVE('',#10454,#11885,#12488,.T.);
#9698=EDGE_CURVE('',#10456,#11883,#12489,.T.);
#9699=EDGE_CURVE('',#10458,#11881,#12490,.T.);
#9700=EDGE_CURVE('',#10460,#11879,#12491,.T.);
#9701=EDGE_CURVE('',#10462,#11877,#12492,.T.);
#9702=EDGE_CURVE('',#10464,#11875,#12493,.T.);
#9703=EDGE_CURVE('',#10466,#11873,#12494,.T.);
#9704=EDGE_CURVE('',#10468,#11871,#12495,.T.);
#9705=EDGE_CURVE('',#10470,#11869,#12496,.T.);
#9706=EDGE_CURVE('',#10472,#11867,#12497,.T.);
#9707=EDGE_CURVE('',#10474,#11865,#12498,.T.);
#9708=EDGE_CURVE('',#10476,#11863,#12499,.T.);
#9709=EDGE_CURVE('',#10478,#11861,#12500,.T.);
#9710=EDGE_CURVE('',#10480,#11859,#12501,.T.);
#9711=EDGE_CURVE('',#10482,#11857,#12502,.T.);
#9712=EDGE_CURVE('',#10484,#11855,#12503,.T.);
#9713=EDGE_CURVE('',#10486,#11853,#12504,.T.);
#9714=EDGE_CURVE('',#10488,#11851,#12505,.T.);
#9715=EDGE_CURVE('',#10490,#11849,#12506,.T.);
#9716=EDGE_CURVE('',#10492,#11847,#12507,.T.);
#9717=EDGE_CURVE('',#10494,#11845,#12508,.T.);
#9718=EDGE_CURVE('',#10496,#11843,#12509,.T.);
#9719=EDGE_CURVE('',#10498,#11841,#12510,.T.);
#9720=EDGE_CURVE('',#10500,#11839,#12511,.T.);
#9721=EDGE_CURVE('',#10502,#11837,#12512,.T.);
#9722=EDGE_CURVE('',#10504,#11835,#12513,.T.);
#9723=EDGE_CURVE('',#10506,#11833,#12514,.T.);
#9724=EDGE_CURVE('',#10508,#11831,#12515,.T.);
#9725=EDGE_CURVE('',#10510,#11829,#12516,.T.);
#9726=EDGE_CURVE('',#10512,#11827,#12517,.T.);
#9727=EDGE_CURVE('',#10514,#11825,#12518,.T.);
#9728=EDGE_CURVE('',#10540,#11904,#12519,.T.);
#9729=EDGE_CURVE('',#10520,#11925,#12520,.T.);
#9730=EDGE_CURVE('',#10519,#11923,#12521,.T.);
#9731=EDGE_CURVE('',#10522,#11921,#12522,.T.);
#9732=EDGE_CURVE('',#10524,#11919,#12523,.T.);
#9733=EDGE_CURVE('',#10526,#11917,#12524,.T.);
#9734=EDGE_CURVE('',#10528,#11915,#12525,.T.);
#9735=EDGE_CURVE('',#10530,#11913,#12526,.T.);
#9736=EDGE_CURVE('',#10532,#11911,#12527,.T.);
#9737=EDGE_CURVE('',#10534,#11909,#12528,.T.);
#9738=EDGE_CURVE('',#10536,#11907,#12529,.T.);
#9739=EDGE_CURVE('',#10538,#11905,#12530,.T.);
#9740=EDGE_CURVE('',#10620,#11928,#12531,.T.);
#9741=EDGE_CURVE('',#10544,#12005,#12532,.T.);
#9742=EDGE_CURVE('',#10543,#12003,#12533,.T.);
#9743=EDGE_CURVE('',#10546,#12001,#12534,.T.);
#9744=EDGE_CURVE('',#10548,#11999,#12535,.T.);
#9745=EDGE_CURVE('',#10550,#11997,#12536,.T.);
#9746=EDGE_CURVE('',#10552,#11995,#12537,.T.);
#9747=EDGE_CURVE('',#10554,#11993,#12538,.T.);
#9748=EDGE_CURVE('',#10556,#11991,#12539,.T.);
#9749=EDGE_CURVE('',#10558,#11989,#12540,.T.);
#9750=EDGE_CURVE('',#10560,#11987,#12541,.T.);
#9751=EDGE_CURVE('',#10562,#11985,#12542,.T.);
#9752=EDGE_CURVE('',#10564,#11983,#12543,.T.);
#9753=EDGE_CURVE('',#10566,#11981,#12544,.T.);
#9754=EDGE_CURVE('',#10568,#11979,#12545,.T.);
#9755=EDGE_CURVE('',#10570,#11977,#12546,.T.);
#9756=EDGE_CURVE('',#10572,#11975,#12547,.T.);
#9757=EDGE_CURVE('',#10574,#11973,#12548,.T.);
#9758=EDGE_CURVE('',#10576,#11971,#12549,.T.);
#9759=EDGE_CURVE('',#10578,#11969,#12550,.T.);
#9760=EDGE_CURVE('',#10580,#11967,#12551,.T.);
#9761=EDGE_CURVE('',#10582,#11965,#12552,.T.);
#9762=EDGE_CURVE('',#10584,#11963,#12553,.T.);
#9763=EDGE_CURVE('',#10586,#11961,#12554,.T.);
#9764=EDGE_CURVE('',#10588,#11959,#12555,.T.);
#9765=EDGE_CURVE('',#10590,#11957,#12556,.T.);
#9766=EDGE_CURVE('',#10592,#11955,#12557,.T.);
#9767=EDGE_CURVE('',#10594,#11953,#12558,.T.);
#9768=EDGE_CURVE('',#10596,#11951,#12559,.T.);
#9769=EDGE_CURVE('',#10598,#11949,#12560,.T.);
#9770=EDGE_CURVE('',#10600,#11947,#12561,.T.);
#9771=EDGE_CURVE('',#10602,#11945,#12562,.T.);
#9772=EDGE_CURVE('',#10604,#11943,#12563,.T.);
#9773=EDGE_CURVE('',#10606,#11941,#12564,.T.);
#9774=EDGE_CURVE('',#10608,#11939,#12565,.T.);
#9775=EDGE_CURVE('',#10610,#11937,#12566,.T.);
#9776=EDGE_CURVE('',#10612,#11935,#12567,.T.);
#9777=EDGE_CURVE('',#10614,#11933,#12568,.T.);
#9778=EDGE_CURVE('',#10616,#11931,#12569,.T.);
#9779=EDGE_CURVE('',#10618,#11929,#12570,.T.);
#9780=EDGE_CURVE('',#10948,#12056,#12571,.T.);
#9781=EDGE_CURVE('',#10912,#12093,#12572,.T.);
#9782=EDGE_CURVE('',#10911,#12091,#12573,.T.);
#9783=EDGE_CURVE('',#10914,#12089,#12574,.T.);
#9784=EDGE_CURVE('',#10916,#12087,#12575,.T.);
#9785=EDGE_CURVE('',#10918,#12085,#12576,.T.);
#9786=EDGE_CURVE('',#10920,#12083,#12577,.T.);
#9787=EDGE_CURVE('',#10922,#12081,#12578,.T.);
#9788=EDGE_CURVE('',#10924,#12079,#12579,.T.);
#9789=EDGE_CURVE('',#10926,#12077,#12580,.T.);
#9790=EDGE_CURVE('',#10928,#12075,#12581,.T.);
#9791=EDGE_CURVE('',#10930,#12073,#12582,.T.);
#9792=EDGE_CURVE('',#10932,#12071,#12583,.T.);
#9793=EDGE_CURVE('',#10934,#12069,#12584,.T.);
#9794=EDGE_CURVE('',#10936,#12067,#12585,.T.);
#9795=EDGE_CURVE('',#10938,#12065,#12586,.T.);
#9796=EDGE_CURVE('',#10940,#12063,#12587,.T.);
#9797=EDGE_CURVE('',#10942,#12061,#12588,.T.);
#9798=EDGE_CURVE('',#10944,#12059,#12589,.T.);
#9799=EDGE_CURVE('',#10946,#12057,#12590,.T.);
#9800=EDGE_CURVE('',#10668,#12008,#12591,.T.);
#9801=EDGE_CURVE('',#10624,#12053,#12592,.T.);
#9802=EDGE_CURVE('',#10623,#12051,#12593,.T.);
#9803=EDGE_CURVE('',#10626,#12049,#12594,.T.);
#9804=EDGE_CURVE('',#10628,#12047,#12595,.T.);
#9805=EDGE_CURVE('',#10630,#12045,#12596,.T.);
#9806=EDGE_CURVE('',#10632,#12043,#12597,.T.);
#9807=EDGE_CURVE('',#10634,#12041,#12598,.T.);
#9808=EDGE_CURVE('',#10636,#12039,#12599,.T.);
#9809=EDGE_CURVE('',#10638,#12037,#12600,.T.);
#9810=EDGE_CURVE('',#10640,#12035,#12601,.T.);
#9811=EDGE_CURVE('',#10642,#12033,#12602,.T.);
#9812=EDGE_CURVE('',#10644,#12031,#12603,.T.);
#9813=EDGE_CURVE('',#10646,#12029,#12604,.T.);
#9814=EDGE_CURVE('',#10648,#12027,#12605,.T.);
#9815=EDGE_CURVE('',#10650,#12025,#12606,.T.);
#9816=EDGE_CURVE('',#10652,#12023,#12607,.T.);
#9817=EDGE_CURVE('',#10654,#12021,#12608,.T.);
#9818=EDGE_CURVE('',#10656,#12019,#12609,.T.);
#9819=EDGE_CURVE('',#10658,#12017,#12610,.T.);
#9820=EDGE_CURVE('',#10660,#12015,#12611,.T.);
#9821=EDGE_CURVE('',#10662,#12013,#12612,.T.);
#9822=EDGE_CURVE('',#10664,#12011,#12613,.T.);
#9823=EDGE_CURVE('',#10666,#12009,#12614,.T.);
#9824=EDGE_CURVE('',#10688,#12096,#12615,.T.);
#9825=EDGE_CURVE('',#10672,#12113,#12616,.T.);
#9826=EDGE_CURVE('',#10671,#12111,#12617,.T.);
#9827=EDGE_CURVE('',#10674,#12109,#12618,.T.);
#9828=EDGE_CURVE('',#10676,#12107,#12619,.T.);
#9829=EDGE_CURVE('',#10678,#12105,#12620,.T.);
#9830=EDGE_CURVE('',#10680,#12103,#12621,.T.);
#9831=EDGE_CURVE('',#10682,#12101,#12622,.T.);
#9832=EDGE_CURVE('',#10684,#12099,#12623,.T.);
#9833=EDGE_CURVE('',#10686,#12097,#12624,.T.);
#9834=EDGE_CURVE('',#10708,#12116,#12625,.T.);
#9835=EDGE_CURVE('',#10692,#12133,#12626,.T.);
#9836=EDGE_CURVE('',#10691,#12131,#12627,.T.);
#9837=EDGE_CURVE('',#10694,#12129,#12628,.T.);
#9838=EDGE_CURVE('',#10696,#12127,#12629,.T.);
#9839=EDGE_CURVE('',#10698,#12125,#12630,.T.);
#9840=EDGE_CURVE('',#10700,#12123,#12631,.T.);
#9841=EDGE_CURVE('',#10702,#12121,#12632,.T.);
#9842=EDGE_CURVE('',#10704,#12119,#12633,.T.);
#9843=EDGE_CURVE('',#10706,#12117,#12634,.T.);
#9844=EDGE_CURVE('',#10732,#12136,#12635,.T.);
#9845=EDGE_CURVE('',#10712,#12157,#12636,.T.);
#9846=EDGE_CURVE('',#10711,#12155,#12637,.T.);
#9847=EDGE_CURVE('',#10714,#12153,#12638,.T.);
#9848=EDGE_CURVE('',#10716,#12151,#12639,.T.);
#9849=EDGE_CURVE('',#10718,#12149,#12640,.T.);
#9850=EDGE_CURVE('',#10720,#12147,#12641,.T.);
#9851=EDGE_CURVE('',#10722,#12145,#12642,.T.);
#9852=EDGE_CURVE('',#10724,#12143,#12643,.T.);
#9853=EDGE_CURVE('',#10726,#12141,#12644,.T.);
#9854=EDGE_CURVE('',#10728,#12139,#12645,.T.);
#9855=EDGE_CURVE('',#10730,#12137,#12646,.T.);
#9856=EDGE_CURVE('',#10812,#12160,#12647,.T.);
#9857=EDGE_CURVE('',#10736,#12237,#12648,.T.);
#9858=EDGE_CURVE('',#10735,#12235,#12649,.T.);
#9859=EDGE_CURVE('',#10738,#12233,#12650,.T.);
#9860=EDGE_CURVE('',#10740,#12231,#12651,.T.);
#9861=EDGE_CURVE('',#10742,#12229,#12652,.T.);
#9862=EDGE_CURVE('',#10744,#12227,#12653,.T.);
#9863=EDGE_CURVE('',#10746,#12225,#12654,.T.);
#9864=EDGE_CURVE('',#10748,#12223,#12655,.T.);
#9865=EDGE_CURVE('',#10750,#12221,#12656,.T.);
#9866=EDGE_CURVE('',#10752,#12219,#12657,.T.);
#9867=EDGE_CURVE('',#10754,#12217,#12658,.T.);
#9868=EDGE_CURVE('',#10756,#12215,#12659,.T.);
#9869=EDGE_CURVE('',#10758,#12213,#12660,.T.);
#9870=EDGE_CURVE('',#10760,#12211,#12661,.T.);
#9871=EDGE_CURVE('',#10762,#12209,#12662,.T.);
#9872=EDGE_CURVE('',#10764,#12207,#12663,.T.);
#9873=EDGE_CURVE('',#10766,#12205,#12664,.T.);
#9874=EDGE_CURVE('',#10768,#12203,#12665,.T.);
#9875=EDGE_CURVE('',#10770,#12201,#12666,.T.);
#9876=EDGE_CURVE('',#10772,#12199,#12667,.T.);
#9877=EDGE_CURVE('',#10774,#12197,#12668,.T.);
#9878=EDGE_CURVE('',#10776,#12195,#12669,.T.);
#9879=EDGE_CURVE('',#10778,#12193,#12670,.T.);
#9880=EDGE_CURVE('',#10780,#12191,#12671,.T.);
#9881=EDGE_CURVE('',#10782,#12189,#12672,.T.);
#9882=EDGE_CURVE('',#10784,#12187,#12673,.T.);
#9883=EDGE_CURVE('',#10786,#12185,#12674,.T.);
#9884=EDGE_CURVE('',#10788,#12183,#12675,.T.);
#9885=EDGE_CURVE('',#10790,#12181,#12676,.T.);
#9886=EDGE_CURVE('',#10792,#12179,#12677,.T.);
#9887=EDGE_CURVE('',#10794,#12177,#12678,.T.);
#9888=EDGE_CURVE('',#10796,#12175,#12679,.T.);
#9889=EDGE_CURVE('',#10798,#12173,#12680,.T.);
#9890=EDGE_CURVE('',#10800,#12171,#12681,.T.);
#9891=EDGE_CURVE('',#10802,#12169,#12682,.T.);
#9892=EDGE_CURVE('',#10804,#12167,#12683,.T.);
#9893=EDGE_CURVE('',#10806,#12165,#12684,.T.);
#9894=EDGE_CURVE('',#10808,#12163,#12685,.T.);
#9895=EDGE_CURVE('',#10810,#12161,#12686,.T.);
#9896=EDGE_CURVE('',#10828,#12240,#12687,.T.);
#9897=EDGE_CURVE('',#10816,#12253,#12688,.T.);
#9898=EDGE_CURVE('',#10815,#12251,#12689,.T.);
#9899=EDGE_CURVE('',#10818,#12249,#12690,.T.);
#9900=EDGE_CURVE('',#10820,#12247,#12691,.T.);
#9901=EDGE_CURVE('',#10822,#12245,#12692,.T.);
#9902=EDGE_CURVE('',#10824,#12243,#12693,.T.);
#9903=EDGE_CURVE('',#10826,#12241,#12694,.T.);
#9904=EDGE_CURVE('',#10988,#12304,#12695,.T.);
#9905=EDGE_CURVE('',#10952,#12341,#12696,.T.);
#9906=EDGE_CURVE('',#10951,#12339,#12697,.T.);
#9907=EDGE_CURVE('',#10954,#12337,#12698,.T.);
#9908=EDGE_CURVE('',#10956,#12335,#12699,.T.);
#9909=EDGE_CURVE('',#10958,#12333,#12700,.T.);
#9910=EDGE_CURVE('',#10960,#12331,#12701,.T.);
#9911=EDGE_CURVE('',#10962,#12329,#12702,.T.);
#9912=EDGE_CURVE('',#10964,#12327,#12703,.T.);
#9913=EDGE_CURVE('',#10966,#12325,#12704,.T.);
#9914=EDGE_CURVE('',#10968,#12323,#12705,.T.);
#9915=EDGE_CURVE('',#10970,#12321,#12706,.T.);
#9916=EDGE_CURVE('',#10972,#12319,#12707,.T.);
#9917=EDGE_CURVE('',#10974,#12317,#12708,.T.);
#9918=EDGE_CURVE('',#10976,#12315,#12709,.T.);
#9919=EDGE_CURVE('',#10978,#12313,#12710,.T.);
#9920=EDGE_CURVE('',#10980,#12311,#12711,.T.);
#9921=EDGE_CURVE('',#10982,#12309,#12712,.T.);
#9922=EDGE_CURVE('',#10984,#12307,#12713,.T.);
#9923=EDGE_CURVE('',#10986,#12305,#12714,.T.);
#9924=EDGE_CURVE('',#10876,#12256,#12715,.T.);
#9925=EDGE_CURVE('',#10832,#12301,#12716,.T.);
#9926=EDGE_CURVE('',#10831,#12299,#12717,.T.);
#9927=EDGE_CURVE('',#10834,#12297,#12718,.T.);
#9928=EDGE_CURVE('',#10836,#12295,#12719,.T.);
#9929=EDGE_CURVE('',#10838,#12293,#12720,.T.);
#9930=EDGE_CURVE('',#10840,#12291,#12721,.T.);
#9931=EDGE_CURVE('',#10842,#12289,#12722,.T.);
#9932=EDGE_CURVE('',#10844,#12287,#12723,.T.);
#9933=EDGE_CURVE('',#10846,#12285,#12724,.T.);
#9934=EDGE_CURVE('',#10848,#12283,#12725,.T.);
#9935=EDGE_CURVE('',#10850,#12281,#12726,.T.);
#9936=EDGE_CURVE('',#10852,#12279,#12727,.T.);
#9937=EDGE_CURVE('',#10854,#12277,#12728,.T.);
#9938=EDGE_CURVE('',#10856,#12275,#12729,.T.);
#9939=EDGE_CURVE('',#10858,#12273,#12730,.T.);
#9940=EDGE_CURVE('',#10860,#12271,#12731,.T.);
#9941=EDGE_CURVE('',#10862,#12269,#12732,.T.);
#9942=EDGE_CURVE('',#10864,#12267,#12733,.T.);
#9943=EDGE_CURVE('',#10866,#12265,#12734,.T.);
#9944=EDGE_CURVE('',#10868,#12263,#12735,.T.);
#9945=EDGE_CURVE('',#10870,#12261,#12736,.T.);
#9946=EDGE_CURVE('',#10872,#12259,#12737,.T.);
#9947=EDGE_CURVE('',#10874,#12257,#12738,.T.);
#9948=EDGE_CURVE('',#10908,#12344,#12739,.T.);
#9949=EDGE_CURVE('',#10880,#12373,#12740,.T.);
#9950=EDGE_CURVE('',#10879,#12371,#12741,.T.);
#9951=EDGE_CURVE('',#10882,#12369,#12742,.T.);
#9952=EDGE_CURVE('',#10884,#12367,#12743,.T.);
#9953=EDGE_CURVE('',#10886,#12365,#12744,.T.);
#9954=EDGE_CURVE('',#10888,#12363,#12745,.T.);
#9955=EDGE_CURVE('',#10890,#12361,#12746,.T.);
#9956=EDGE_CURVE('',#10892,#12359,#12747,.T.);
#9957=EDGE_CURVE('',#10894,#12357,#12748,.T.);
#9958=EDGE_CURVE('',#10896,#12355,#12749,.T.);
#9959=EDGE_CURVE('',#10898,#12353,#12750,.T.);
#9960=EDGE_CURVE('',#10900,#12351,#12751,.T.);
#9961=EDGE_CURVE('',#10902,#12349,#12752,.T.);
#9962=EDGE_CURVE('',#10904,#12347,#12753,.T.);
#9963=EDGE_CURVE('',#10906,#12345,#12754,.T.);
#9964=EDGE_CURVE('',#11008,#12376,#12755,.T.);
#9965=EDGE_CURVE('',#10992,#12393,#12756,.T.);
#9966=EDGE_CURVE('',#10991,#12391,#12757,.T.);
#9967=EDGE_CURVE('',#10994,#12389,#12758,.T.);
#9968=EDGE_CURVE('',#10996,#12387,#12759,.T.);
#9969=EDGE_CURVE('',#10998,#12385,#12760,.T.);
#9970=EDGE_CURVE('',#11000,#12383,#12761,.T.);
#9971=EDGE_CURVE('',#11002,#12381,#12762,.T.);
#9972=EDGE_CURVE('',#11004,#12379,#12763,.T.);
#9973=EDGE_CURVE('',#11006,#12377,#12764,.T.);
#9974=VERTEX_POINT('',#12765);
#9975=VERTEX_POINT('',#12766);
#9976=LINE('',#12767,#12768);
#9977=VERTEX_POINT('',#12769);
#9978=CIRCLE('',#12770,0.15232224);
#9979=VERTEX_POINT('',#12771);
#9980=LINE('',#12772,#12773);
#9981=CIRCLE('',#12774,0.15232224);
#9982=VERTEX_POINT('',#12775);
#9983=VERTEX_POINT('',#12776);
#9984=LINE('',#12777,#12778);
#9985=VERTEX_POINT('',#12779);
#9986=CIRCLE('',#12780,0.07215264);
#9987=VERTEX_POINT('',#12781);
#9988=LINE('',#12782,#12783);
#9989=CIRCLE('',#12784,0.07215264);
#9990=VERTEX_POINT('',#12785);
#9991=VERTEX_POINT('',#12786);
#9992=LINE('',#12787,#12788);
#9993=VERTEX_POINT('',#12789);
#9994=CIRCLE('',#12790,0.5);
#9995=VERTEX_POINT('',#12791);
#9996=LINE('',#12792,#12793);
#9997=CIRCLE('',#12794,0.5);
#9998=VERTEX_POINT('',#12795);
#9999=VERTEX_POINT('',#12796);
#10000=LINE('',#12797,#12798);
#10001=VERTEX_POINT('',#12799);
#10002=CIRCLE('',#12800,2.1);
#10003=VERTEX_POINT('',#12801);
#10004=LINE('',#12802,#12803);
#10005=CIRCLE('',#12804,1.8);
#10006=VERTEX_POINT('',#12805);
#10007=VERTEX_POINT('',#12806);
#10008=LINE('',#12807,#12808);
#10009=CIRCLE('',#12809,1.8);
#10010=CIRCLE('',#12810,2.1);
#10011=VERTEX_POINT('',#12811);
#10012=VERTEX_POINT('',#12812);
#10013=LINE('',#12813,#12814);
#10014=VERTEX_POINT('',#12815);
#10015=CIRCLE('',#12816,0.5);
#10016=VERTEX_POINT('',#12817);
#10017=LINE('',#12818,#12819);
#10018=CIRCLE('',#12820,0.5);
#10019=VERTEX_POINT('',#12821);
#10020=VERTEX_POINT('',#12822);
#10021=LINE('',#12823,#12824);
#10022=VERTEX_POINT('',#12825);
#10023=CIRCLE('',#12826,0.5);
#10024=VERTEX_POINT('',#12827);
#10025=LINE('',#12828,#12829);
#10026=CIRCLE('',#12830,0.5);
#10027=VERTEX_POINT('',#12831);
#10028=VERTEX_POINT('',#12832);
#10029=LINE('',#12833,#12834);
#10030=VERTEX_POINT('',#12835);
#10031=CIRCLE('',#12836,0.5);
#10032=VERTEX_POINT('',#12837);
#10033=LINE('',#12838,#12839);
#10034=CIRCLE('',#12840,0.5);
#10035=VERTEX_POINT('',#12841);
#10036=VERTEX_POINT('',#12842);
#10037=LINE('',#12843,#12844);
#10038=VERTEX_POINT('',#12845);
#10039=CIRCLE('',#12846,0.5);
#10040=VERTEX_POINT('',#12847);
#10041=LINE('',#12848,#12849);
#10042=CIRCLE('',#12850,0.5);
#10043=VERTEX_POINT('',#12851);
#10044=VERTEX_POINT('',#12852);
#10045=CIRCLE('',#12853,0.2);
#10046=VERTEX_POINT('',#12854);
#10047=CIRCLE('',#12855,0.2);
#10048=VERTEX_POINT('',#12856);
#10049=CIRCLE('',#12857,0.2);
#10050=CIRCLE('',#12858,0.4);
#10051=VERTEX_POINT('',#12859);
#10052=VERTEX_POINT('',#12860);
#10053=CIRCLE('',#12861,0.2);
#10054=VERTEX_POINT('',#12862);
#10055=CIRCLE('',#12863,0.2);
#10056=VERTEX_POINT('',#12864);
#10057=CIRCLE('',#12865,0.2);
#10058=CIRCLE('',#12866,0.4);
#10059=VERTEX_POINT('',#12867);
#10060=VERTEX_POINT('',#12868);
#10061=CIRCLE('',#12869,0.2);
#10062=VERTEX_POINT('',#12870);
#10063=CIRCLE('',#12871,2.6);
#10064=VERTEX_POINT('',#12872);
#10065=CIRCLE('',#12873,0.2);
#10066=CIRCLE('',#12874,2.8);
#10067=VERTEX_POINT('',#12875);
#10068=VERTEX_POINT('',#12876);
#10069=CIRCLE('',#12877,0.2);
#10070=VERTEX_POINT('',#12878);
#10071=CIRCLE('',#12879,2.6);
#10072=VERTEX_POINT('',#12880);
#10073=CIRCLE('',#12881,0.2);
#10074=CIRCLE('',#12882,2.8);
#10075=VERTEX_POINT('',#12883);
#10076=VERTEX_POINT('',#12884);
#10077=CIRCLE('',#12885,2.8);
#10078=VERTEX_POINT('',#12886);
#10079=LINE('',#12887,#12888);
#10080=VERTEX_POINT('',#12889);
#10081=LINE('',#12890,#12891);
#10082=VERTEX_POINT('',#12892);
#10083=LINE('',#12893,#12894);
#10084=CIRCLE('',#12895,2.8);
#10085=VERTEX_POINT('',#12896);
#10086=VERTEX_POINT('',#12897);
#10087=LINE('',#12898,#12899);
#10088=VERTEX_POINT('',#12900);
#10089=LINE('',#12901,#12902);
#10090=VERTEX_POINT('',#12903);
#10091=LINE('',#12904,#12905);
#10092=VERTEX_POINT('',#12906);
#10093=CIRCLE('',#12907,2.8);
#10094=CIRCLE('',#12908,2.8);
#10095=LINE('',#12909,#12910);
#10096=CIRCLE('',#12911,2.8);
#10097=LINE('',#12912,#12913);
#10098=CIRCLE('',#12914,2.8);
#10099=CIRCLE('',#12915,2.6);
#10100=CIRCLE('',#12916,2.6);
#10101=VERTEX_POINT('',#12917);
#10102=CIRCLE('',#12918,2.1);
#10103=CIRCLE('',#12919,2.1);
#10104=CIRCLE('',#12920,2.8);
#10105=CIRCLE('',#12921,2.8);
#10106=LINE('',#12922,#12923);
#10107=LINE('',#12924,#12925);
#10108=VERTEX_POINT('',#12926);
#10109=VERTEX_POINT('',#12927);
#10110=LINE('',#12928,#12929);
#10111=LINE('',#12930,#12931);
#10112=VERTEX_POINT('',#12932);
#10113=LINE('',#12933,#12934);
#10114=VERTEX_POINT('',#12935);
#10115=LINE('',#12936,#12937);
#10116=VERTEX_POINT('',#12938);
#10117=LINE('',#12939,#12940);
#10118=VERTEX_POINT('',#12941);
#10119=LINE('',#12942,#12943);
#10120=LINE('',#12944,#12945);
#10121=VERTEX_POINT('',#12946);
#10122=VERTEX_POINT('',#12947);
#10123=LINE('',#12948,#12949);
#10124=VERTEX_POINT('',#12950);
#10125=LINE('',#12951,#12952);
#10126=VERTEX_POINT('',#12953);
#10127=LINE('',#12954,#12955);
#10128=VERTEX_POINT('',#12956);
#10129=LINE('',#12957,#12958);
#10130=VERTEX_POINT('',#12959);
#10131=LINE('',#12960,#12961);
#10132=VERTEX_POINT('',#12962);
#10133=LINE('',#12963,#12964);
#10134=VERTEX_POINT('',#12965);
#10135=LINE('',#12966,#12967);
#10136=LINE('',#12968,#12969);
#10137=VERTEX_POINT('',#12970);
#10138=VERTEX_POINT('',#12971);
#10139=LINE('',#12972,#12973);
#10140=VERTEX_POINT('',#12974);
#10141=LINE('',#12975,#12976);
#10142=VERTEX_POINT('',#12977);
#10143=LINE('',#12978,#12979);
#10144=VERTEX_POINT('',#12980);
#10145=LINE('',#12981,#12982);
#10146=VERTEX_POINT('',#12983);
#10147=LINE('',#12984,#12985);
#10148=VERTEX_POINT('',#12986);
#10149=LINE('',#12987,#12988);
#10150=VERTEX_POINT('',#12989);
#10151=LINE('',#12990,#12991);
#10152=LINE('',#12992,#12993);
#10153=VERTEX_POINT('',#12994);
#10154=VERTEX_POINT('',#12995);
#10155=LINE('',#12996,#12997);
#10156=VERTEX_POINT('',#12998);
#10157=LINE('',#12999,#13000);
#10158=VERTEX_POINT('',#13001);
#10159=LINE('',#13002,#13003);
#10160=VERTEX_POINT('',#13004);
#10161=LINE('',#13005,#13006);
#10162=VERTEX_POINT('',#13007);
#10163=LINE('',#13008,#13009);
#10164=VERTEX_POINT('',#13010);
#10165=LINE('',#13011,#13012);
#10166=VERTEX_POINT('',#13013);
#10167=LINE('',#13014,#13015);
#10168=LINE('',#13016,#13017);
#10169=VERTEX_POINT('',#13018);
#10170=VERTEX_POINT('',#13019);
#10171=LINE('',#13020,#13021);
#10172=VERTEX_POINT('',#13022);
#10173=LINE('',#13023,#13024);
#10174=VERTEX_POINT('',#13025);
#10175=LINE('',#13026,#13027);
#10176=VERTEX_POINT('',#13028);
#10177=LINE('',#13029,#13030);
#10178=VERTEX_POINT('',#13031);
#10179=LINE('',#13032,#13033);
#10180=VERTEX_POINT('',#13034);
#10181=LINE('',#13035,#13036);
#10182=VERTEX_POINT('',#13037);
#10183=LINE('',#13038,#13039);
#10184=LINE('',#13040,#13041);
#10185=VERTEX_POINT('',#13042);
#10186=LINE('',#13043,#13044);
#10187=VERTEX_POINT('',#13045);
#10188=LINE('',#13046,#13047);
#10189=VERTEX_POINT('',#13048);
#10190=LINE('',#13049,#13050);
#10191=VERTEX_POINT('',#13051);
#10192=CIRCLE('',#13052,0.10422048);
#10193=VERTEX_POINT('',#13053);
#10194=LINE('',#13054,#13055);
#10195=VERTEX_POINT('',#13056);
#10196=LINE('',#13057,#13058);
#10197=VERTEX_POINT('',#13059);
#10198=LINE('',#13060,#13061);
#10199=LINE('',#13062,#13063);
#10200=VERTEX_POINT('',#13064);
#10201=CIRCLE('',#13065,0.15232224);
#10202=VERTEX_POINT('',#13066);
#10203=LINE('',#13067,#13068);
#10204=VERTEX_POINT('',#13069);
#10205=LINE('',#13070,#13071);
#10206=VERTEX_POINT('',#13072);
#10207=LINE('',#13073,#13074);
#10208=VERTEX_POINT('',#13075);
#10209=LINE('',#13076,#13077);
#10210=VERTEX_POINT('',#13078);
#10211=CIRCLE('',#13079,0.07215264);
#10212=VERTEX_POINT('',#13080);
#10213=LINE('',#13081,#13082);
#10214=VERTEX_POINT('',#13083);
#10215=LINE('',#13084,#13085);
#10216=VERTEX_POINT('',#13086);
#10217=LINE('',#13087,#13088);
#10218=VERTEX_POINT('',#13089);
#10219=LINE('',#13090,#13091);
#10220=VERTEX_POINT('',#13092);
#10221=LINE('',#13093,#13094);
#10222=VERTEX_POINT('',#13095);
#10223=LINE('',#13096,#13097);
#10224=VERTEX_POINT('',#13098);
#10225=LINE('',#13099,#13100);
#10226=VERTEX_POINT('',#13101);
#10227=LINE('',#13102,#13103);
#10228=VERTEX_POINT('',#13104);
#10229=LINE('',#13105,#13106);
#10230=VERTEX_POINT('',#13107);
#10231=LINE('',#13108,#13109);
#10232=VERTEX_POINT('',#13110);
#10233=LINE('',#13111,#13112);
#10234=VERTEX_POINT('',#13113);
#10235=LINE('',#13114,#13115);
#10236=VERTEX_POINT('',#13116);
#10237=LINE('',#13117,#13118);
#10238=VERTEX_POINT('',#13119);
#10239=LINE('',#13120,#13121);
#10240=VERTEX_POINT('',#13122);
#10241=LINE('',#13123,#13124);
#10242=VERTEX_POINT('',#13125);
#10243=LINE('',#13126,#13127);
#10244=VERTEX_POINT('',#13128);
#10245=LINE('',#13129,#13130);
#10246=VERTEX_POINT('',#13131);
#10247=LINE('',#13132,#13133);
#10248=VERTEX_POINT('',#13134);
#10249=LINE('',#13135,#13136);
#10250=VERTEX_POINT('',#13137);
#10251=LINE('',#13138,#13139);
#10252=VERTEX_POINT('',#13140);
#10253=LINE('',#13141,#13142);
#10254=VERTEX_POINT('',#13143);
#10255=LINE('',#13144,#13145);
#10256=VERTEX_POINT('',#13146);
#10257=LINE('',#13147,#13148);
#10258=VERTEX_POINT('',#13149);
#10259=LINE('',#13150,#13151);
#10260=VERTEX_POINT('',#13152);
#10261=LINE('',#13153,#13154);
#10262=VERTEX_POINT('',#13155);
#10263=LINE('',#13156,#13157);
#10264=VERTEX_POINT('',#13158);
#10265=LINE('',#13159,#13160);
#10266=VERTEX_POINT('',#13161);
#10267=LINE('',#13162,#13163);
#10268=VERTEX_POINT('',#13164);
#10269=LINE('',#13165,#13166);
#10270=VERTEX_POINT('',#13167);
#10271=LINE('',#13168,#13169);
#10272=CIRCLE('',#13170,0.07215264);
#10273=VERTEX_POINT('',#13171);
#10274=VERTEX_POINT('',#13172);
#10275=LINE('',#13173,#13174);
#10276=VERTEX_POINT('',#13175);
#10277=LINE('',#13176,#13177);
#10278=VERTEX_POINT('',#13178);
#10279=LINE('',#13179,#13180);
#10280=LINE('',#13181,#13182);
#10281=VERTEX_POINT('',#13183);
#10282=VERTEX_POINT('',#13184);
#10283=LINE('',#13185,#13186);
#10284=VERTEX_POINT('',#13187);
#10285=LINE('',#13188,#13189);
#10286=VERTEX_POINT('',#13190);
#10287=LINE('',#13191,#13192);
#10288=VERTEX_POINT('',#13193);
#10289=LINE('',#13194,#13195);
#10290=VERTEX_POINT('',#13196);
#10291=LINE('',#13197,#13198);
#10292=VERTEX_POINT('',#13199);
#10293=LINE('',#13200,#13201);
#10294=VERTEX_POINT('',#13202);
#10295=LINE('',#13203,#13204);
#10296=VERTEX_POINT('',#13205);
#10297=LINE('',#13206,#13207);
#10298=VERTEX_POINT('',#13208);
#10299=LINE('',#13209,#13210);
#10300=VERTEX_POINT('',#13211);
#10301=LINE('',#13212,#13213);
#10302=VERTEX_POINT('',#13214);
#10303=LINE('',#13215,#13216);
#10304=VERTEX_POINT('',#13217);
#10305=LINE('',#13218,#13219);
#10306=VERTEX_POINT('',#13220);
#10307=LINE('',#13221,#13222);
#10308=VERTEX_POINT('',#13223);
#10309=LINE('',#13224,#13225);
#10310=VERTEX_POINT('',#13226);
#10311=LINE('',#13227,#13228);
#10312=VERTEX_POINT('',#13229);
#10313=LINE('',#13230,#13231);
#10314=VERTEX_POINT('',#13232);
#10315=LINE('',#13233,#13234);
#10316=VERTEX_POINT('',#13235);
#10317=LINE('',#13236,#13237);
#10318=VERTEX_POINT('',#13238);
#10319=LINE('',#13239,#13240);
#10320=VERTEX_POINT('',#13241);
#10321=LINE('',#13242,#13243);
#10322=VERTEX_POINT('',#13244);
#10323=LINE('',#13245,#13246);
#10324=VERTEX_POINT('',#13247);
#10325=LINE('',#13248,#13249);
#10326=VERTEX_POINT('',#13250);
#10327=LINE('',#13251,#13252);
#10328=VERTEX_POINT('',#13253);
#10329=LINE('',#13254,#13255);
#10330=VERTEX_POINT('',#13256);
#10331=LINE('',#13257,#13258);
#10332=VERTEX_POINT('',#13259);
#10333=LINE('',#13260,#13261);
#10334=VERTEX_POINT('',#13262);
#10335=LINE('',#13263,#13264);
#10336=VERTEX_POINT('',#13265);
#10337=LINE('',#13266,#13267);
#10338=VERTEX_POINT('',#13268);
#10339=LINE('',#13269,#13270);
#10340=VERTEX_POINT('',#13271);
#10341=LINE('',#13272,#13273);
#10342=VERTEX_POINT('',#13274);
#10343=LINE('',#13275,#13276);
#10344=VERTEX_POINT('',#13277);
#10345=LINE('',#13278,#13279);
#10346=VERTEX_POINT('',#13280);
#10347=LINE('',#13281,#13282);
#10348=VERTEX_POINT('',#13283);
#10349=LINE('',#13284,#13285);
#10350=VERTEX_POINT('',#13286);
#10351=LINE('',#13287,#13288);
#10352=VERTEX_POINT('',#13289);
#10353=LINE('',#13290,#13291);
#10354=VERTEX_POINT('',#13292);
#10355=LINE('',#13293,#13294);
#10356=VERTEX_POINT('',#13295);
#10357=LINE('',#13296,#13297);
#10358=VERTEX_POINT('',#13298);
#10359=LINE('',#13299,#13300);
#10360=VERTEX_POINT('',#13301);
#10361=LINE('',#13302,#13303);
#10362=VERTEX_POINT('',#13304);
#10363=LINE('',#13305,#13306);
#10364=VERTEX_POINT('',#13307);
#10365=LINE('',#13308,#13309);
#10366=VERTEX_POINT('',#13310);
#10367=LINE('',#13311,#13312);
#10368=VERTEX_POINT('',#13313);
#10369=LINE('',#13314,#13315);
#10370=VERTEX_POINT('',#13316);
#10371=LINE('',#13317,#13318);
#10372=VERTEX_POINT('',#13319);
#10373=LINE('',#13320,#13321);
#10374=VERTEX_POINT('',#13322);
#10375=LINE('',#13323,#13324);
#10376=VERTEX_POINT('',#13325);
#10377=LINE('',#13326,#13327);
#10378=VERTEX_POINT('',#13328);
#10379=LINE('',#13329,#13330);
#10380=VERTEX_POINT('',#13331);
#10381=LINE('',#13332,#13333);
#10382=VERTEX_POINT('',#13334);
#10383=LINE('',#13335,#13336);
#10384=VERTEX_POINT('',#13337);
#10385=LINE('',#13338,#13339);
#10386=VERTEX_POINT('',#13340);
#10387=LINE('',#13341,#13342);
#10388=LINE('',#13343,#13344);
#10389=VERTEX_POINT('',#13345);
#10390=VERTEX_POINT('',#13346);
#10391=LINE('',#13347,#13348);
#10392=VERTEX_POINT('',#13349);
#10393=LINE('',#13350,#13351);
#10394=VERTEX_POINT('',#13352);
#10395=LINE('',#13353,#13354);
#10396=VERTEX_POINT('',#13355);
#10397=LINE('',#13356,#13357);
#10398=VERTEX_POINT('',#13358);
#10399=LINE('',#13359,#13360);
#10400=VERTEX_POINT('',#13361);
#10401=LINE('',#13362,#13363);
#10402=VERTEX_POINT('',#13364);
#10403=LINE('',#13365,#13366);
#10404=VERTEX_POINT('',#13367);
#10405=LINE('',#13368,#13369);
#10406=VERTEX_POINT('',#13370);
#10407=LINE('',#13371,#13372);
#10408=VERTEX_POINT('',#13373);
#10409=LINE('',#13374,#13375);
#10410=VERTEX_POINT('',#13376);
#10411=LINE('',#13377,#13378);
#10412=VERTEX_POINT('',#13379);
#10413=LINE('',#13380,#13381);
#10414=LINE('',#13382,#13383);
#10415=VERTEX_POINT('',#13384);
#10416=VERTEX_POINT('',#13385);
#10417=LINE('',#13386,#13387);
#10418=VERTEX_POINT('',#13388);
#10419=LINE('',#13389,#13390);
#10420=VERTEX_POINT('',#13391);
#10421=LINE('',#13392,#13393);
#10422=LINE('',#13394,#13395);
#10423=VERTEX_POINT('',#13396);
#10424=VERTEX_POINT('',#13397);
#10425=LINE('',#13398,#13399);
#10426=VERTEX_POINT('',#13400);
#10427=LINE('',#13401,#13402);
#10428=VERTEX_POINT('',#13403);
#10429=LINE('',#13404,#13405);
#10430=VERTEX_POINT('',#13406);
#10431=LINE('',#13407,#13408);
#10432=VERTEX_POINT('',#13409);
#10433=LINE('',#13410,#13411);
#10434=VERTEX_POINT('',#13412);
#10435=LINE('',#13413,#13414);
#10436=VERTEX_POINT('',#13415);
#10437=LINE('',#13416,#13417);
#10438=LINE('',#13418,#13419);
#10439=VERTEX_POINT('',#13420);
#10440=VERTEX_POINT('',#13421);
#10441=LINE('',#13422,#13423);
#10442=VERTEX_POINT('',#13424);
#10443=LINE('',#13425,#13426);
#10444=VERTEX_POINT('',#13427);
#10445=LINE('',#13428,#13429);
#10446=VERTEX_POINT('',#13430);
#10447=LINE('',#13431,#13432);
#10448=VERTEX_POINT('',#13433);
#10449=LINE('',#13434,#13435);
#10450=VERTEX_POINT('',#13436);
#10451=LINE('',#13437,#13438);
#10452=VERTEX_POINT('',#13439);
#10453=LINE('',#13440,#13441);
#10454=VERTEX_POINT('',#13442);
#10455=LINE('',#13443,#13444);
#10456=VERTEX_POINT('',#13445);
#10457=LINE('',#13446,#13447);
#10458=VERTEX_POINT('',#13448);
#10459=LINE('',#13449,#13450);
#10460=VERTEX_POINT('',#13451);
#10461=LINE('',#13452,#13453);
#10462=VERTEX_POINT('',#13454);
#10463=LINE('',#13455,#13456);
#10464=VERTEX_POINT('',#13457);
#10465=LINE('',#13458,#13459);
#10466=VERTEX_POINT('',#13460);
#10467=LINE('',#13461,#13462);
#10468=VERTEX_POINT('',#13463);
#10469=LINE('',#13464,#13465);
#10470=VERTEX_POINT('',#13466);
#10471=LINE('',#13467,#13468);
#10472=VERTEX_POINT('',#13469);
#10473=LINE('',#13470,#13471);
#10474=VERTEX_POINT('',#13472);
#10475=LINE('',#13473,#13474);
#10476=VERTEX_POINT('',#13475);
#10477=LINE('',#13476,#13477);
#10478=VERTEX_POINT('',#13478);
#10479=LINE('',#13479,#13480);
#10480=VERTEX_POINT('',#13481);
#10481=LINE('',#13482,#13483);
#10482=VERTEX_POINT('',#13484);
#10483=LINE('',#13485,#13486);
#10484=VERTEX_POINT('',#13487);
#10485=LINE('',#13488,#13489);
#10486=VERTEX_POINT('',#13490);
#10487=LINE('',#13491,#13492);
#10488=VERTEX_POINT('',#13493);
#10489=LINE('',#13494,#13495);
#10490=VERTEX_POINT('',#13496);
#10491=LINE('',#13497,#13498);
#10492=VERTEX_POINT('',#13499);
#10493=LINE('',#13500,#13501);
#10494=VERTEX_POINT('',#13502);
#10495=LINE('',#13503,#13504);
#10496=VERTEX_POINT('',#13505);
#10497=LINE('',#13506,#13507);
#10498=VERTEX_POINT('',#13508);
#10499=LINE('',#13509,#13510);
#10500=VERTEX_POINT('',#13511);
#10501=LINE('',#13512,#13513);
#10502=VERTEX_POINT('',#13514);
#10503=LINE('',#13515,#13516);
#10504=VERTEX_POINT('',#13517);
#10505=LINE('',#13518,#13519);
#10506=VERTEX_POINT('',#13520);
#10507=LINE('',#13521,#13522);
#10508=VERTEX_POINT('',#13523);
#10509=LINE('',#13524,#13525);
#10510=VERTEX_POINT('',#13526);
#10511=LINE('',#13527,#13528);
#10512=VERTEX_POINT('',#13529);
#10513=LINE('',#13530,#13531);
#10514=VERTEX_POINT('',#13532);
#10515=LINE('',#13533,#13534);
#10516=VERTEX_POINT('',#13535);
#10517=LINE('',#13536,#13537);
#10518=LINE('',#13538,#13539);
#10519=VERTEX_POINT('',#13540);
#10520=VERTEX_POINT('',#13541);
#10521=LINE('',#13542,#13543);
#10522=VERTEX_POINT('',#13544);
#10523=LINE('',#13545,#13546);
#10524=VERTEX_POINT('',#13547);
#10525=LINE('',#13548,#13549);
#10526=VERTEX_POINT('',#13550);
#10527=LINE('',#13551,#13552);
#10528=VERTEX_POINT('',#13553);
#10529=LINE('',#13554,#13555);
#10530=VERTEX_POINT('',#13556);
#10531=LINE('',#13557,#13558);
#10532=VERTEX_POINT('',#13559);
#10533=LINE('',#13560,#13561);
#10534=VERTEX_POINT('',#13562);
#10535=LINE('',#13563,#13564);
#10536=VERTEX_POINT('',#13565);
#10537=LINE('',#13566,#13567);
#10538=VERTEX_POINT('',#13568);
#10539=LINE('',#13569,#13570);
#10540=VERTEX_POINT('',#13571);
#10541=LINE('',#13572,#13573);
#10542=LINE('',#13574,#13575);
#10543=VERTEX_POINT('',#13576);
#10544=VERTEX_POINT('',#13577);
#10545=LINE('',#13578,#13579);
#10546=VERTEX_POINT('',#13580);
#10547=LINE('',#13581,#13582);
#10548=VERTEX_POINT('',#13583);
#10549=LINE('',#13584,#13585);
#10550=VERTEX_POINT('',#13586);
#10551=LINE('',#13587,#13588);
#10552=VERTEX_POINT('',#13589);
#10553=LINE('',#13590,#13591);
#10554=VERTEX_POINT('',#13592);
#10555=LINE('',#13593,#13594);
#10556=VERTEX_POINT('',#13595);
#10557=LINE('',#13596,#13597);
#10558=VERTEX_POINT('',#13598);
#10559=LINE('',#13599,#13600);
#10560=VERTEX_POINT('',#13601);
#10561=LINE('',#13602,#13603);
#10562=VERTEX_POINT('',#13604);
#10563=LINE('',#13605,#13606);
#10564=VERTEX_POINT('',#13607);
#10565=LINE('',#13608,#13609);
#10566=VERTEX_POINT('',#13610);
#10567=LINE('',#13611,#13612);
#10568=VERTEX_POINT('',#13613);
#10569=LINE('',#13614,#13615);
#10570=VERTEX_POINT('',#13616);
#10571=LINE('',#13617,#13618);
#10572=VERTEX_POINT('',#13619);
#10573=LINE('',#13620,#13621);
#10574=VERTEX_POINT('',#13622);
#10575=LINE('',#13623,#13624);
#10576=VERTEX_POINT('',#13625);
#10577=LINE('',#13626,#13627);
#10578=VERTEX_POINT('',#13628);
#10579=LINE('',#13629,#13630);
#10580=VERTEX_POINT('',#13631);
#10581=LINE('',#13632,#13633);
#10582=VERTEX_POINT('',#13634);
#10583=LINE('',#13635,#13636);
#10584=VERTEX_POINT('',#13637);
#10585=LINE('',#13638,#13639);
#10586=VERTEX_POINT('',#13640);
#10587=LINE('',#13641,#13642);
#10588=VERTEX_POINT('',#13643);
#10589=LINE('',#13644,#13645);
#10590=VERTEX_POINT('',#13646);
#10591=LINE('',#13647,#13648);
#10592=VERTEX_POINT('',#13649);
#10593=LINE('',#13650,#13651);
#10594=VERTEX_POINT('',#13652);
#10595=LINE('',#13653,#13654);
#10596=VERTEX_POINT('',#13655);
#10597=LINE('',#13656,#13657);
#10598=VERTEX_POINT('',#13658);
#10599=LINE('',#13659,#13660);
#10600=VERTEX_POINT('',#13661);
#10601=LINE('',#13662,#13663);
#10602=VERTEX_POINT('',#13664);
#10603=LINE('',#13665,#13666);
#10604=VERTEX_POINT('',#13667);
#10605=LINE('',#13668,#13669);
#10606=VERTEX_POINT('',#13670);
#10607=LINE('',#13671,#13672);
#10608=VERTEX_POINT('',#13673);
#10609=LINE('',#13674,#13675);
#10610=VERTEX_POINT('',#13676);
#10611=LINE('',#13677,#13678);
#10612=VERTEX_POINT('',#13679);
#10613=LINE('',#13680,#13681);
#10614=VERTEX_POINT('',#13682);
#10615=LINE('',#13683,#13684);
#10616=VERTEX_POINT('',#13685);
#10617=LINE('',#13686,#13687);
#10618=VERTEX_POINT('',#13688);
#10619=LINE('',#13689,#13690);
#10620=VERTEX_POINT('',#13691);
#10621=LINE('',#13692,#13693);
#10622=LINE('',#13694,#13695);
#10623=VERTEX_POINT('',#13696);
#10624=VERTEX_POINT('',#13697);
#10625=LINE('',#13698,#13699);
#10626=VERTEX_POINT('',#13700);
#10627=LINE('',#13701,#13702);
#10628=VERTEX_POINT('',#13703);
#10629=LINE('',#13704,#13705);
#10630=VERTEX_POINT('',#13706);
#10631=LINE('',#13707,#13708);
#10632=VERTEX_POINT('',#13709);
#10633=LINE('',#13710,#13711);
#10634=VERTEX_POINT('',#13712);
#10635=LINE('',#13713,#13714);
#10636=VERTEX_POINT('',#13715);
#10637=LINE('',#13716,#13717);
#10638=VERTEX_POINT('',#13718);
#10639=LINE('',#13719,#13720);
#10640=VERTEX_POINT('',#13721);
#10641=LINE('',#13722,#13723);
#10642=VERTEX_POINT('',#13724);
#10643=LINE('',#13725,#13726);
#10644=VERTEX_POINT('',#13727);
#10645=LINE('',#13728,#13729);
#10646=VERTEX_POINT('',#13730);
#10647=LINE('',#13731,#13732);
#10648=VERTEX_POINT('',#13733);
#10649=LINE('',#13734,#13735);
#10650=VERTEX_POINT('',#13736);
#10651=LINE('',#13737,#13738);
#10652=VERTEX_POINT('',#13739);
#10653=LINE('',#13740,#13741);
#10654=VERTEX_POINT('',#13742);
#10655=LINE('',#13743,#13744);
#10656=VERTEX_POINT('',#13745);
#10657=LINE('',#13746,#13747);
#10658=VERTEX_POINT('',#13748);
#10659=LINE('',#13749,#13750);
#10660=VERTEX_POINT('',#13751);
#10661=LINE('',#13752,#13753);
#10662=VERTEX_POINT('',#13754);
#10663=LINE('',#13755,#13756);
#10664=VERTEX_POINT('',#13757);
#10665=LINE('',#13758,#13759);
#10666=VERTEX_POINT('',#13760);
#10667=LINE('',#13761,#13762);
#10668=VERTEX_POINT('',#13763);
#10669=LINE('',#13764,#13765);
#10670=LINE('',#13766,#13767);
#10671=VERTEX_POINT('',#13768);
#10672=VERTEX_POINT('',#13769);
#10673=LINE('',#13770,#13771);
#10674=VERTEX_POINT('',#13772);
#10675=LINE('',#13773,#13774);
#10676=VERTEX_POINT('',#13775);
#10677=LINE('',#13776,#13777);
#10678=VERTEX_POINT('',#13778);
#10679=LINE('',#13779,#13780);
#10680=VERTEX_POINT('',#13781);
#10681=LINE('',#13782,#13783);
#10682=VERTEX_POINT('',#13784);
#10683=LINE('',#13785,#13786);
#10684=VERTEX_POINT('',#13787);
#10685=LINE('',#13788,#13789);
#10686=VERTEX_POINT('',#13790);
#10687=LINE('',#13791,#13792);
#10688=VERTEX_POINT('',#13793);
#10689=LINE('',#13794,#13795);
#10690=LINE('',#13796,#13797);
#10691=VERTEX_POINT('',#13798);
#10692=VERTEX_POINT('',#13799);
#10693=LINE('',#13800,#13801);
#10694=VERTEX_POINT('',#13802);
#10695=LINE('',#13803,#13804);
#10696=VERTEX_POINT('',#13805);
#10697=LINE('',#13806,#13807);
#10698=VERTEX_POINT('',#13808);
#10699=LINE('',#13809,#13810);
#10700=VERTEX_POINT('',#13811);
#10701=LINE('',#13812,#13813);
#10702=VERTEX_POINT('',#13814);
#10703=LINE('',#13815,#13816);
#10704=VERTEX_POINT('',#13817);
#10705=LINE('',#13818,#13819);
#10706=VERTEX_POINT('',#13820);
#10707=LINE('',#13821,#13822);
#10708=VERTEX_POINT('',#13823);
#10709=LINE('',#13824,#13825);
#10710=LINE('',#13826,#13827);
#10711=VERTEX_POINT('',#13828);
#10712=VERTEX_POINT('',#13829);
#10713=LINE('',#13830,#13831);
#10714=VERTEX_POINT('',#13832);
#10715=LINE('',#13833,#13834);
#10716=VERTEX_POINT('',#13835);
#10717=LINE('',#13836,#13837);
#10718=VERTEX_POINT('',#13838);
#10719=LINE('',#13839,#13840);
#10720=VERTEX_POINT('',#13841);
#10721=LINE('',#13842,#13843);
#10722=VERTEX_POINT('',#13844);
#10723=LINE('',#13845,#13846);
#10724=VERTEX_POINT('',#13847);
#10725=LINE('',#13848,#13849);
#10726=VERTEX_POINT('',#13850);
#10727=LINE('',#13851,#13852);
#10728=VERTEX_POINT('',#13853);
#10729=LINE('',#13854,#13855);
#10730=VERTEX_POINT('',#13856);
#10731=LINE('',#13857,#13858);
#10732=VERTEX_POINT('',#13859);
#10733=LINE('',#13860,#13861);
#10734=LINE('',#13862,#13863);
#10735=VERTEX_POINT('',#13864);
#10736=VERTEX_POINT('',#13865);
#10737=LINE('',#13866,#13867);
#10738=VERTEX_POINT('',#13868);
#10739=LINE('',#13869,#13870);
#10740=VERTEX_POINT('',#13871);
#10741=LINE('',#13872,#13873);
#10742=VERTEX_POINT('',#13874);
#10743=LINE('',#13875,#13876);
#10744=VERTEX_POINT('',#13877);
#10745=LINE('',#13878,#13879);
#10746=VERTEX_POINT('',#13880);
#10747=LINE('',#13881,#13882);
#10748=VERTEX_POINT('',#13883);
#10749=LINE('',#13884,#13885);
#10750=VERTEX_POINT('',#13886);
#10751=LINE('',#13887,#13888);
#10752=VERTEX_POINT('',#13889);
#10753=LINE('',#13890,#13891);
#10754=VERTEX_POINT('',#13892);
#10755=LINE('',#13893,#13894);
#10756=VERTEX_POINT('',#13895);
#10757=LINE('',#13896,#13897);
#10758=VERTEX_POINT('',#13898);
#10759=LINE('',#13899,#13900);
#10760=VERTEX_POINT('',#13901);
#10761=LINE('',#13902,#13903);
#10762=VERTEX_POINT('',#13904);
#10763=LINE('',#13905,#13906);
#10764=VERTEX_POINT('',#13907);
#10765=LINE('',#13908,#13909);
#10766=VERTEX_POINT('',#13910);
#10767=LINE('',#13911,#13912);
#10768=VERTEX_POINT('',#13913);
#10769=LINE('',#13914,#13915);
#10770=VERTEX_POINT('',#13916);
#10771=LINE('',#13917,#13918);
#10772=VERTEX_POINT('',#13919);
#10773=LINE('',#13920,#13921);
#10774=VERTEX_POINT('',#13922);
#10775=LINE('',#13923,#13924);
#10776=VERTEX_POINT('',#13925);
#10777=LINE('',#13926,#13927);
#10778=VERTEX_POINT('',#13928);
#10779=LINE('',#13929,#13930);
#10780=VERTEX_POINT('',#13931);
#10781=LINE('',#13932,#13933);
#10782=VERTEX_POINT('',#13934);
#10783=LINE('',#13935,#13936);
#10784=VERTEX_POINT('',#13937);
#10785=LINE('',#13938,#13939);
#10786=VERTEX_POINT('',#13940);
#10787=LINE('',#13941,#13942);
#10788=VERTEX_POINT('',#13943);
#10789=LINE('',#13944,#13945);
#10790=VERTEX_POINT('',#13946);
#10791=LINE('',#13947,#13948);
#10792=VERTEX_POINT('',#13949);
#10793=LINE('',#13950,#13951);
#10794=VERTEX_POINT('',#13952);
#10795=LINE('',#13953,#13954);
#10796=VERTEX_POINT('',#13955);
#10797=LINE('',#13956,#13957);
#10798=VERTEX_POINT('',#13958);
#10799=LINE('',#13959,#13960);
#10800=VERTEX_POINT('',#13961);
#10801=LINE('',#13962,#13963);
#10802=VERTEX_POINT('',#13964);
#10803=LINE('',#13965,#13966);
#10804=VERTEX_POINT('',#13967);
#10805=LINE('',#13968,#13969);
#10806=VERTEX_POINT('',#13970);
#10807=LINE('',#13971,#13972);
#10808=VERTEX_POINT('',#13973);
#10809=LINE('',#13974,#13975);
#10810=VERTEX_POINT('',#13976);
#10811=LINE('',#13977,#13978);
#10812=VERTEX_POINT('',#13979);
#10813=LINE('',#13980,#13981);
#10814=LINE('',#13982,#13983);
#10815=VERTEX_POINT('',#13984);
#10816=VERTEX_POINT('',#13985);
#10817=LINE('',#13986,#13987);
#10818=VERTEX_POINT('',#13988);
#10819=LINE('',#13989,#13990);
#10820=VERTEX_POINT('',#13991);
#10821=LINE('',#13992,#13993);
#10822=VERTEX_POINT('',#13994);
#10823=LINE('',#13995,#13996);
#10824=VERTEX_POINT('',#13997);
#10825=LINE('',#13998,#13999);
#10826=VERTEX_POINT('',#14000);
#10827=LINE('',#14001,#14002);
#10828=VERTEX_POINT('',#14003);
#10829=LINE('',#14004,#14005);
#10830=LINE('',#14006,#14007);
#10831=VERTEX_POINT('',#14008);
#10832=VERTEX_POINT('',#14009);
#10833=LINE('',#14010,#14011);
#10834=VERTEX_POINT('',#14012);
#10835=LINE('',#14013,#14014);
#10836=VERTEX_POINT('',#14015);
#10837=LINE('',#14016,#14017);
#10838=VERTEX_POINT('',#14018);
#10839=LINE('',#14019,#14020);
#10840=VERTEX_POINT('',#14021);
#10841=LINE('',#14022,#14023);
#10842=VERTEX_POINT('',#14024);
#10843=LINE('',#14025,#14026);
#10844=VERTEX_POINT('',#14027);
#10845=LINE('',#14028,#14029);
#10846=VERTEX_POINT('',#14030);
#10847=LINE('',#14031,#14032);
#10848=VERTEX_POINT('',#14033);
#10849=LINE('',#14034,#14035);
#10850=VERTEX_POINT('',#14036);
#10851=LINE('',#14037,#14038);
#10852=VERTEX_POINT('',#14039);
#10853=LINE('',#14040,#14041);
#10854=VERTEX_POINT('',#14042);
#10855=LINE('',#14043,#14044);
#10856=VERTEX_POINT('',#14045);
#10857=LINE('',#14046,#14047);
#10858=VERTEX_POINT('',#14048);
#10859=LINE('',#14049,#14050);
#10860=VERTEX_POINT('',#14051);
#10861=LINE('',#14052,#14053);
#10862=VERTEX_POINT('',#14054);
#10863=LINE('',#14055,#14056);
#10864=VERTEX_POINT('',#14057);
#10865=LINE('',#14058,#14059);
#10866=VERTEX_POINT('',#14060);
#10867=LINE('',#14061,#14062);
#10868=VERTEX_POINT('',#14063);
#10869=LINE('',#14064,#14065);
#10870=VERTEX_POINT('',#14066);
#10871=LINE('',#14067,#14068);
#10872=VERTEX_POINT('',#14069);
#10873=LINE('',#14070,#14071);
#10874=VERTEX_POINT('',#14072);
#10875=LINE('',#14073,#14074);
#10876=VERTEX_POINT('',#14075);
#10877=LINE('',#14076,#14077);
#10878=LINE('',#14078,#14079);
#10879=VERTEX_POINT('',#14080);
#10880=VERTEX_POINT('',#14081);
#10881=LINE('',#14082,#14083);
#10882=VERTEX_POINT('',#14084);
#10883=LINE('',#14085,#14086);
#10884=VERTEX_POINT('',#14087);
#10885=LINE('',#14088,#14089);
#10886=VERTEX_POINT('',#14090);
#10887=LINE('',#14091,#14092);
#10888=VERTEX_POINT('',#14093);
#10889=LINE('',#14094,#14095);
#10890=VERTEX_POINT('',#14096);
#10891=LINE('',#14097,#14098);
#10892=VERTEX_POINT('',#14099);
#10893=LINE('',#14100,#14101);
#10894=VERTEX_POINT('',#14102);
#10895=LINE('',#14103,#14104);
#10896=VERTEX_POINT('',#14105);
#10897=LINE('',#14106,#14107);
#10898=VERTEX_POINT('',#14108);
#10899=LINE('',#14109,#14110);
#10900=VERTEX_POINT('',#14111);
#10901=LINE('',#14112,#14113);
#10902=VERTEX_POINT('',#14114);
#10903=LINE('',#14115,#14116);
#10904=VERTEX_POINT('',#14117);
#10905=LINE('',#14118,#14119);
#10906=VERTEX_POINT('',#14120);
#10907=LINE('',#14121,#14122);
#10908=VERTEX_POINT('',#14123);
#10909=LINE('',#14124,#14125);
#10910=LINE('',#14126,#14127);
#10911=VERTEX_POINT('',#14128);
#10912=VERTEX_POINT('',#14129);
#10913=LINE('',#14130,#14131);
#10914=VERTEX_POINT('',#14132);
#10915=LINE('',#14133,#14134);
#10916=VERTEX_POINT('',#14135);
#10917=LINE('',#14136,#14137);
#10918=VERTEX_POINT('',#14138);
#10919=LINE('',#14139,#14140);
#10920=VERTEX_POINT('',#14141);
#10921=LINE('',#14142,#14143);
#10922=VERTEX_POINT('',#14144);
#10923=LINE('',#14145,#14146);
#10924=VERTEX_POINT('',#14147);
#10925=LINE('',#14148,#14149);
#10926=VERTEX_POINT('',#14150);
#10927=LINE('',#14151,#14152);
#10928=VERTEX_POINT('',#14153);
#10929=LINE('',#14154,#14155);
#10930=VERTEX_POINT('',#14156);
#10931=LINE('',#14157,#14158);
#10932=VERTEX_POINT('',#14159);
#10933=LINE('',#14160,#14161);
#10934=VERTEX_POINT('',#14162);
#10935=LINE('',#14163,#14164);
#10936=VERTEX_POINT('',#14165);
#10937=LINE('',#14166,#14167);
#10938=VERTEX_POINT('',#14168);
#10939=LINE('',#14169,#14170);
#10940=VERTEX_POINT('',#14171);
#10941=LINE('',#14172,#14173);
#10942=VERTEX_POINT('',#14174);
#10943=LINE('',#14175,#14176);
#10944=VERTEX_POINT('',#14177);
#10945=LINE('',#14178,#14179);
#10946=VERTEX_POINT('',#14180);
#10947=LINE('',#14181,#14182);
#10948=VERTEX_POINT('',#14183);
#10949=LINE('',#14184,#14185);
#10950=LINE('',#14186,#14187);
#10951=VERTEX_POINT('',#14188);
#10952=VERTEX_POINT('',#14189);
#10953=LINE('',#14190,#14191);
#10954=VERTEX_POINT('',#14192);
#10955=LINE('',#14193,#14194);
#10956=VERTEX_POINT('',#14195);
#10957=LINE('',#14196,#14197);
#10958=VERTEX_POINT('',#14198);
#10959=LINE('',#14199,#14200);
#10960=VERTEX_POINT('',#14201);
#10961=LINE('',#14202,#14203);
#10962=VERTEX_POINT('',#14204);
#10963=LINE('',#14205,#14206);
#10964=VERTEX_POINT('',#14207);
#10965=LINE('',#14208,#14209);
#10966=VERTEX_POINT('',#14210);
#10967=LINE('',#14211,#14212);
#10968=VERTEX_POINT('',#14213);
#10969=LINE('',#14214,#14215);
#10970=VERTEX_POINT('',#14216);
#10971=LINE('',#14217,#14218);
#10972=VERTEX_POINT('',#14219);
#10973=LINE('',#14220,#14221);
#10974=VERTEX_POINT('',#14222);
#10975=LINE('',#14223,#14224);
#10976=VERTEX_POINT('',#14225);
#10977=LINE('',#14226,#14227);
#10978=VERTEX_POINT('',#14228);
#10979=LINE('',#14229,#14230);
#10980=VERTEX_POINT('',#14231);
#10981=LINE('',#14232,#14233);
#10982=VERTEX_POINT('',#14234);
#10983=LINE('',#14235,#14236);
#10984=VERTEX_POINT('',#14237);
#10985=LINE('',#14238,#14239);
#10986=VERTEX_POINT('',#14240);
#10987=LINE('',#14241,#14242);
#10988=VERTEX_POINT('',#14243);
#10989=LINE('',#14244,#14245);
#10990=LINE('',#14246,#14247);
#10991=VERTEX_POINT('',#14248);
#10992=VERTEX_POINT('',#14249);
#10993=LINE('',#14250,#14251);
#10994=VERTEX_POINT('',#14252);
#10995=LINE('',#14253,#14254);
#10996=VERTEX_POINT('',#14255);
#10997=LINE('',#14256,#14257);
#10998=VERTEX_POINT('',#14258);
#10999=LINE('',#14259,#14260);
#11000=VERTEX_POINT('',#14261);
#11001=LINE('',#14262,#14263);
#11002=VERTEX_POINT('',#14264);
#11003=LINE('',#14265,#14266);
#11004=VERTEX_POINT('',#14267);
#11005=LINE('',#14268,#14269);
#11006=VERTEX_POINT('',#14270);
#11007=LINE('',#14271,#14272);
#11008=VERTEX_POINT('',#14273);
#11009=LINE('',#14274,#14275);
#11010=LINE('',#14276,#14277);
#11011=VERTEX_POINT('',#14278);
#11012=LINE('',#14279,#14280);
#11013=VERTEX_POINT('',#14281);
#11014=LINE('',#14282,#14283);
#11015=LINE('',#14284,#14285);
#11016=VERTEX_POINT('',#14286);
#11017=LINE('',#14287,#14288);
#11018=LINE('',#14289,#14290);
#11019=VERTEX_POINT('',#14291);
#11020=LINE('',#14292,#14293);
#11021=VERTEX_POINT('',#14294);
#11022=LINE('',#14295,#14296);
#11023=LINE('',#14297,#14298);
#11024=VERTEX_POINT('',#14299);
#11025=LINE('',#14300,#14301);
#11026=VERTEX_POINT('',#14302);
#11027=LINE('',#14303,#14304);
#11028=VERTEX_POINT('',#14305);
#11029=LINE('',#14306,#14307);
#11030=VERTEX_POINT('',#14308);
#11031=LINE('',#14309,#14310);
#11032=LINE('',#14311,#14312);
#11033=VERTEX_POINT('',#14313);
#11034=LINE('',#14314,#14315);
#11035=VERTEX_POINT('',#14316);
#11036=LINE('',#14317,#14318);
#11037=LINE('',#14319,#14320);
#11038=VERTEX_POINT('',#14321);
#11039=VERTEX_POINT('',#14322);
#11040=LINE('',#14323,#14324);
#11041=VERTEX_POINT('',#14325);
#11042=LINE('',#14326,#14327);
#11043=VERTEX_POINT('',#14328);
#11044=LINE('',#14329,#14330);
#11045=VERTEX_POINT('',#14331);
#11046=LINE('',#14332,#14333);
#11047=VERTEX_POINT('',#14334);
#11048=LINE('',#14335,#14336);
#11049=VERTEX_POINT('',#14337);
#11050=LINE('',#14338,#14339);
#11051=VERTEX_POINT('',#14340);
#11052=LINE('',#14341,#14342);
#11053=VERTEX_POINT('',#14343);
#11054=LINE('',#14344,#14345);
#11055=VERTEX_POINT('',#14346);
#11056=LINE('',#14347,#14348);
#11057=VERTEX_POINT('',#14349);
#11058=LINE('',#14350,#14351);
#11059=VERTEX_POINT('',#14352);
#11060=LINE('',#14353,#14354);
#11061=VERTEX_POINT('',#14355);
#11062=LINE('',#14356,#14357);
#11063=VERTEX_POINT('',#14358);
#11064=LINE('',#14359,#14360);
#11065=VERTEX_POINT('',#14361);
#11066=LINE('',#14362,#14363);
#11067=VERTEX_POINT('',#14364);
#11068=LINE('',#14365,#14366);
#11069=VERTEX_POINT('',#14367);
#11070=LINE('',#14368,#14369);
#11071=VERTEX_POINT('',#14370);
#11072=LINE('',#14371,#14372);
#11073=VERTEX_POINT('',#14373);
#11074=LINE('',#14374,#14375);
#11075=VERTEX_POINT('',#14376);
#11076=LINE('',#14377,#14378);
#11077=VERTEX_POINT('',#14379);
#11078=LINE('',#14380,#14381);
#11079=VERTEX_POINT('',#14382);
#11080=LINE('',#14383,#14384);
#11081=VERTEX_POINT('',#14385);
#11082=LINE('',#14386,#14387);
#11083=LINE('',#14388,#14389);
#11084=VERTEX_POINT('',#14390);
#11085=LINE('',#14391,#14392);
#11086=VERTEX_POINT('',#14393);
#11087=LINE('',#14394,#14395);
#11088=VERTEX_POINT('',#14396);
#11089=LINE('',#14397,#14398);
#11090=VERTEX_POINT('',#14399);
#11091=LINE('',#14400,#14401);
#11092=VERTEX_POINT('',#14402);
#11093=LINE('',#14403,#14404);
#11094=LINE('',#14405,#14406);
#11095=VERTEX_POINT('',#14407);
#11096=LINE('',#14408,#14409);
#11097=VERTEX_POINT('',#14410);
#11098=LINE('',#14411,#14412);
#11099=VERTEX_POINT('',#14413);
#11100=LINE('',#14414,#14415);
#11101=VERTEX_POINT('',#14416);
#11102=LINE('',#14417,#14418);
#11103=VERTEX_POINT('',#14419);
#11104=LINE('',#14420,#14421);
#11105=VERTEX_POINT('',#14422);
#11106=LINE('',#14423,#14424);
#11107=LINE('',#14425,#14426);
#11108=VERTEX_POINT('',#14427);
#11109=VERTEX_POINT('',#14428);
#11110=CIRCLE('',#14429,0.4);
#11111=CIRCLE('',#14430,0.4);
#11112=VERTEX_POINT('',#14431);
#11113=VERTEX_POINT('',#14432);
#11114=LINE('',#14433,#14434);
#11115=VERTEX_POINT('',#14435);
#11116=LINE('',#14436,#14437);
#11117=VERTEX_POINT('',#14438);
#11118=LINE('',#14439,#14440);
#11119=LINE('',#14441,#14442);
#11120=VERTEX_POINT('',#14443);
#11121=VERTEX_POINT('',#14444);
#11122=CIRCLE('',#14445,0.4);
#11123=CIRCLE('',#14446,0.4);
#11124=VERTEX_POINT('',#14447);
#11125=LINE('',#14448,#14449);
#11126=VERTEX_POINT('',#14450);
#11127=LINE('',#14451,#14452);
#11128=CIRCLE('',#14453,0.4);
#11129=VERTEX_POINT('',#14454);
#11130=CIRCLE('',#14455,0.3);
#11131=VERTEX_POINT('',#14456);
#11132=CIRCLE('',#14457,0.3);
#11133=CIRCLE('',#14458,0.1);
#11134=CIRCLE('',#14459,0.1);
#11135=CIRCLE('',#14460,0.2);
#11136=CIRCLE('',#14461,0.2);
#11137=CIRCLE('',#14462,0.4);
#11138=CIRCLE('',#14463,0.4);
#11139=CIRCLE('',#14464,0.4);
#11140=LINE('',#14465,#14466);
#11141=LINE('',#14467,#14468);
#11142=VERTEX_POINT('',#14469);
#11143=LINE('',#14470,#14471);
#11144=VERTEX_POINT('',#14472);
#11145=LINE('',#14473,#14474);
#11146=LINE('',#14475,#14476);
#11147=CIRCLE('',#14477,0.5);
#11148=CIRCLE('',#14478,0.5);
#11149=LINE('',#14479,#14480);
#11150=LINE('',#14481,#14482);
#11151=VERTEX_POINT('',#14483);
#11152=LINE('',#14484,#14485);
#11153=VERTEX_POINT('',#14486);
#11154=LINE('',#14487,#14488);
#11155=LINE('',#14489,#14490);
#11156=VERTEX_POINT('',#14491);
#11157=LINE('',#14492,#14493);
#11158=VERTEX_POINT('',#14494);
#11159=LINE('',#14495,#14496);
#11160=LINE('',#14497,#14498);
#11161=VERTEX_POINT('',#14499);
#11162=VERTEX_POINT('',#14500);
#11163=LINE('',#14501,#14502);
#11164=LINE('',#14503,#14504);
#11165=VERTEX_POINT('',#14505);
#11166=LINE('',#14506,#14507);
#11167=VERTEX_POINT('',#14508);
#11168=LINE('',#14509,#14510);
#11169=VERTEX_POINT('',#14511);
#11170=LINE('',#14512,#14513);
#11171=LINE('',#14514,#14515);
#11172=VERTEX_POINT('',#14516);
#11173=VERTEX_POINT('',#14517);
#11174=CIRCLE('',#14518,1.55);
#11175=VERTEX_POINT('',#14519);
#11176=LINE('',#14520,#14521);
#11177=VERTEX_POINT('',#14522);
#11178=LINE('',#14523,#14524);
#11179=LINE('',#14525,#14526);
#11180=VERTEX_POINT('',#14527);
#11181=LINE('',#14528,#14529);
#11182=VERTEX_POINT('',#14530);
#11183=LINE('',#14531,#14532);
#11184=VERTEX_POINT('',#14533);
#11185=LINE('',#14534,#14535);
#11186=CIRCLE('',#14536,1.55);
#11187=VERTEX_POINT('',#14537);
#11188=LINE('',#14538,#14539);
#11189=VERTEX_POINT('',#14540);
#11190=CIRCLE('',#14541,1.55);
#11191=VERTEX_POINT('',#14542);
#11192=LINE('',#14543,#14544);
#11193=VERTEX_POINT('',#14545);
#11194=CIRCLE('',#14546,1.55);
#11195=LINE('',#14547,#14548);
#11196=CIRCLE('',#14549,1.55);
#11197=VERTEX_POINT('',#14550);
#11198=CIRCLE('',#14551,1.55);
#11199=LINE('',#14552,#14553);
#11200=VERTEX_POINT('',#14554);
#11201=LINE('',#14555,#14556);
#11202=LINE('',#14557,#14558);
#11203=VERTEX_POINT('',#14559);
#11204=VERTEX_POINT('',#14560);
#11205=LINE('',#14561,#14562);
#11206=VERTEX_POINT('',#14563);
#11207=LINE('',#14564,#14565);
#11208=VERTEX_POINT('',#14566);
#11209=LINE('',#14567,#14568);
#11210=LINE('',#14569,#14570);
#11211=VERTEX_POINT('',#14571);
#11212=LINE('',#14572,#14573);
#11213=LINE('',#14574,#14575);
#11214=LINE('',#14576,#14577);
#11215=VERTEX_POINT('',#14578);
#11216=LINE('',#14579,#14580);
#11217=LINE('',#14581,#14582);
#11218=VERTEX_POINT('',#14583);
#11219=LINE('',#14584,#14585);
#11220=VERTEX_POINT('',#14586);
#11221=LINE('',#14587,#14588);
#11222=LINE('',#14589,#14590);
#11223=LINE('',#14591,#14592);
#11224=LINE('',#14593,#14594);
#11225=CIRCLE('',#14595,0.5);
#11226=LINE('',#14596,#14597);
#11227=LINE('',#14598,#14599);
#11228=CIRCLE('',#14600,0.5);
#11229=LINE('',#14601,#14602);
#11230=LINE('',#14603,#14604);
#11231=LINE('',#14605,#14606);
#11232=VERTEX_POINT('',#14607);
#11233=LINE('',#14608,#14609);
#11234=VERTEX_POINT('',#14610);
#11235=LINE('',#14611,#14612);
#11236=LINE('',#14613,#14614);
#11237=VERTEX_POINT('',#14615);
#11238=LINE('',#14616,#14617);
#11239=VERTEX_POINT('',#14618);
#11240=LINE('',#14619,#14620);
#11241=LINE('',#14621,#14622);
#11242=VERTEX_POINT('',#14623);
#11243=LINE('',#14624,#14625);
#11244=VERTEX_POINT('',#14626);
#11245=LINE('',#14627,#14628);
#11246=LINE('',#14629,#14630);
#11247=VERTEX_POINT('',#14631);
#11248=LINE('',#14632,#14633);
#11249=LINE('',#14634,#14635);
#11250=VERTEX_POINT('',#14636);
#11251=LINE('',#14637,#14638);
#11252=VERTEX_POINT('',#14639);
#11253=LINE('',#14640,#14641);
#11254=LINE('',#14642,#14643);
#11255=LINE('',#14644,#14645);
#11256=CIRCLE('',#14646,0.5);
#11257=LINE('',#14647,#14648);
#11258=CIRCLE('',#14649,0.5);
#11259=VERTEX_POINT('',#14650);
#11260=LINE('',#14651,#14652);
#11261=VERTEX_POINT('',#14653);
#11262=LINE('',#14654,#14655);
#11263=LINE('',#14656,#14657);
#11264=VERTEX_POINT('',#14658);
#11265=LINE('',#14659,#14660);
#11266=LINE('',#14661,#14662);
#11267=VERTEX_POINT('',#14663);
#11268=LINE('',#14664,#14665);
#11269=VERTEX_POINT('',#14666);
#11270=LINE('',#14667,#14668);
#11271=LINE('',#14669,#14670);
#11272=LINE('',#14671,#14672);
#11273=LINE('',#14673,#14674);
#11274=LINE('',#14675,#14676);
#11275=LINE('',#14677,#14678);
#11276=LINE('',#14679,#14680);
#11277=VERTEX_POINT('',#14681);
#11278=LINE('',#14682,#14683);
#11279=VERTEX_POINT('',#14684);
#11280=LINE('',#14685,#14686);
#11281=LINE('',#14687,#14688);
#11282=LINE('',#14689,#14690);
#11283=CIRCLE('',#14691,0.5);
#11284=LINE('',#14692,#14693);
#11285=CIRCLE('',#14694,0.5);
#11286=LINE('',#14695,#14696);
#11287=VERTEX_POINT('',#14697);
#11288=VERTEX_POINT('',#14698);
#11289=CIRCLE('',#14699,1.8);
#11290=CIRCLE('',#14700,1.8);
#11291=VERTEX_POINT('',#14701);
#11292=LINE('',#14702,#14703);
#11293=LINE('',#14704,#14705);
#11294=CIRCLE('',#14706,1.8);
#11295=LINE('',#14707,#14708);
#11296=CIRCLE('',#14709,1.8);
#11297=VERTEX_POINT('',#14710);
#11298=LINE('',#14711,#14712);
#11299=LINE('',#14713,#14714);
#11300=VERTEX_POINT('',#14715);
#11301=LINE('',#14716,#14717);
#11302=VERTEX_POINT('',#14718);
#11303=LINE('',#14719,#14720);
#11304=LINE('',#14721,#14722);
#11305=LINE('',#14723,#14724);
#11306=CIRCLE('',#14725,0.5);
#11307=LINE('',#14726,#14727);
#11308=CIRCLE('',#14728,0.5);
#11309=LINE('',#14729,#14730);
#11310=LINE('',#14731,#14732);
#11311=VERTEX_POINT('',#14733);
#11312=LINE('',#14734,#14735);
#11313=VERTEX_POINT('',#14736);
#11314=LINE('',#14737,#14738);
#11315=LINE('',#14739,#14740);
#11316=VERTEX_POINT('',#14741);
#11317=LINE('',#14742,#14743);
#11318=VERTEX_POINT('',#14744);
#11319=LINE('',#14745,#14746);
#11320=LINE('',#14747,#14748);
#11321=VERTEX_POINT('',#14749);
#11322=LINE('',#14750,#14751);
#11323=LINE('',#14752,#14753);
#11324=VERTEX_POINT('',#14754);
#11325=LINE('',#14755,#14756);
#11326=LINE('',#14757,#14758);
#11327=LINE('',#14759,#14760);
#11328=VERTEX_POINT('',#14761);
#11329=VERTEX_POINT('',#14762);
#11330=LINE('',#14763,#14764);
#11331=VERTEX_POINT('',#14765);
#11332=LINE('',#14766,#14767);
#11333=VERTEX_POINT('',#14768);
#11334=LINE('',#14769,#14770);
#11335=VERTEX_POINT('',#14771);
#11336=LINE('',#14772,#14773);
#11337=VERTEX_POINT('',#14774);
#11338=LINE('',#14775,#14776);
#11339=VERTEX_POINT('',#14777);
#11340=LINE('',#14778,#14779);
#11341=VERTEX_POINT('',#14780);
#11342=LINE('',#14781,#14782);
#11343=LINE('',#14783,#14784);
#11344=VERTEX_POINT('',#14785);
#11345=VERTEX_POINT('',#14786);
#11346=LINE('',#14787,#14788);
#11347=VERTEX_POINT('',#14789);
#11348=LINE('',#14790,#14791);
#11349=VERTEX_POINT('',#14792);
#11350=LINE('',#14793,#14794);
#11351=LINE('',#14795,#14796);
#11352=VERTEX_POINT('',#14797);
#11353=VERTEX_POINT('',#14798);
#11354=LINE('',#14799,#14800);
#11355=VERTEX_POINT('',#14801);
#11356=LINE('',#14802,#14803);
#11357=VERTEX_POINT('',#14804);
#11358=LINE('',#14805,#14806);
#11359=VERTEX_POINT('',#14807);
#11360=LINE('',#14808,#14809);
#11361=VERTEX_POINT('',#14810);
#11362=LINE('',#14811,#14812);
#11363=VERTEX_POINT('',#14813);
#11364=LINE('',#14814,#14815);
#11365=VERTEX_POINT('',#14816);
#11366=LINE('',#14817,#14818);
#11367=LINE('',#14819,#14820);
#11368=VERTEX_POINT('',#14821);
#11369=VERTEX_POINT('',#14822);
#11370=LINE('',#14823,#14824);
#11371=VERTEX_POINT('',#14825);
#11372=LINE('',#14826,#14827);
#11373=VERTEX_POINT('',#14828);
#11374=LINE('',#14829,#14830);
#11375=LINE('',#14831,#14832);
#11376=VERTEX_POINT('',#14833);
#11377=LINE('',#14834,#14835);
#11378=VERTEX_POINT('',#14836);
#11379=LINE('',#14837,#14838);
#11380=LINE('',#14839,#14840);
#11381=VERTEX_POINT('',#14841);
#11382=VERTEX_POINT('',#14842);
#11383=LINE('',#14843,#14844);
#11384=VERTEX_POINT('',#14845);
#11385=LINE('',#14846,#14847);
#11386=VERTEX_POINT('',#14848);
#11387=LINE('',#14849,#14850);
#11388=LINE('',#14851,#14852);
#11389=LINE('',#14853,#14854);
#11390=LINE('',#14855,#14856);
#11391=LINE('',#14857,#14858);
#11392=LINE('',#14859,#14860);
#11393=LINE('',#14861,#14862);
#11394=LINE('',#14863,#14864);
#11395=LINE('',#14865,#14866);
#11396=LINE('',#14867,#14868);
#11397=LINE('',#14869,#14870);
#11398=LINE('',#14871,#14872);
#11399=LINE('',#14873,#14874);
#11400=LINE('',#14875,#14876);
#11401=LINE('',#14877,#14878);
#11402=LINE('',#14879,#14880);
#11403=LINE('',#14881,#14882);
#11404=LINE('',#14883,#14884);
#11405=LINE('',#14885,#14886);
#11406=LINE('',#14887,#14888);
#11407=VERTEX_POINT('',#14889);
#11408=LINE('',#14890,#14891);
#11409=VERTEX_POINT('',#14892);
#11410=LINE('',#14893,#14894);
#11411=VERTEX_POINT('',#14895);
#11412=CIRCLE('',#14896,0.3);
#11413=VERTEX_POINT('',#14897);
#11414=LINE('',#14898,#14899);
#11415=CIRCLE('',#14900,0.3);
#11416=VERTEX_POINT('',#14901);
#11417=LINE('',#14902,#14903);
#11418=VERTEX_POINT('',#14904);
#11419=CIRCLE('',#14905,0.3);
#11420=LINE('',#14906,#14907);
#11421=LINE('',#14908,#14909);
#11422=VERTEX_POINT('',#14910);
#11423=LINE('',#14911,#14912);
#11424=VERTEX_POINT('',#14913);
#11425=CIRCLE('',#14914,0.3);
#11426=LINE('',#14915,#14916);
#11427=LINE('',#14917,#14918);
#11428=LINE('',#14919,#14920);
#11429=VERTEX_POINT('',#14921);
#11430=VERTEX_POINT('',#14922);
#11431=LINE('',#14923,#14924);
#11432=VERTEX_POINT('',#14925);
#11433=LINE('',#14926,#14927);
#11434=VERTEX_POINT('',#14928);
#11435=LINE('',#14929,#14930);
#11436=LINE('',#14931,#14932);
#11437=VERTEX_POINT('',#14933);
#11438=VERTEX_POINT('',#14934);
#11439=LINE('',#14935,#14936);
#11440=VERTEX_POINT('',#14937);
#11441=LINE('',#14938,#14939);
#11442=VERTEX_POINT('',#14940);
#11443=LINE('',#14941,#14942);
#11444=LINE('',#14943,#14944);
#11445=VERTEX_POINT('',#14945);
#11446=CIRCLE('',#14946,0.3);
#11447=VERTEX_POINT('',#14947);
#11448=LINE('',#14948,#14949);
#11449=CIRCLE('',#14950,0.3);
#11450=LINE('',#14951,#14952);
#11451=VERTEX_POINT('',#14953);
#11452=LINE('',#14954,#14955);
#11453=CIRCLE('',#14956,0.3);
#11454=VERTEX_POINT('',#14957);
#11455=LINE('',#14958,#14959);
#11456=CIRCLE('',#14960,0.3);
#11457=LINE('',#14961,#14962);
#11458=LINE('',#14963,#14964);
#11459=VERTEX_POINT('',#14965);
#11460=CIRCLE('',#14966,0.3);
#11461=VERTEX_POINT('',#14967);
#11462=LINE('',#14968,#14969);
#11463=CIRCLE('',#14970,0.3);
#11464=LINE('',#14971,#14972);
#11465=VERTEX_POINT('',#14973);
#11466=LINE('',#14974,#14975);
#11467=CIRCLE('',#14976,0.3);
#11468=VERTEX_POINT('',#14977);
#11469=LINE('',#14978,#14979);
#11470=CIRCLE('',#14980,0.3);
#11471=LINE('',#14981,#14982);
#11472=LINE('',#14983,#14984);
#11473=VERTEX_POINT('',#14985);
#11474=LINE('',#14986,#14987);
#11475=VERTEX_POINT('',#14988);
#11476=LINE('',#14989,#14990);
#11477=LINE('',#14991,#14992);
#11478=VERTEX_POINT('',#14993);
#11479=LINE('',#14994,#14995);
#11480=LINE('',#14996,#14997);
#11481=VERTEX_POINT('',#14998);
#11482=LINE('',#14999,#15000);
#11483=LINE('',#15001,#15002);
#11484=VERTEX_POINT('',#15003);
#11485=LINE('',#15004,#15005);
#11486=LINE('',#15006,#15007);
#11487=VERTEX_POINT('',#15008);
#11488=LINE('',#15009,#15010);
#11489=LINE('',#15011,#15012);
#11490=VERTEX_POINT('',#15013);
#11491=LINE('',#15014,#15015);
#11492=LINE('',#15016,#15017);
#11493=VERTEX_POINT('',#15018);
#11494=LINE('',#15019,#15020);
#11495=LINE('',#15021,#15022);
#11496=LINE('',#15023,#15024);
#11497=VERTEX_POINT('',#15025);
#11498=VERTEX_POINT('',#15026);
#11499=LINE('',#15027,#15028);
#11500=VERTEX_POINT('',#15029);
#11501=LINE('',#15030,#15031);
#11502=VERTEX_POINT('',#15032);
#11503=LINE('',#15033,#15034);
#11504=LINE('',#15035,#15036);
#11505=VERTEX_POINT('',#15037);
#11506=VERTEX_POINT('',#15038);
#11507=LINE('',#15039,#15040);
#11508=VERTEX_POINT('',#15041);
#11509=CIRCLE('',#15042,0.2);
#11510=LINE('',#15043,#15044);
#11511=VERTEX_POINT('',#15045);
#11512=LINE('',#15046,#15047);
#11513=CIRCLE('',#15048,0.2);
#11514=VERTEX_POINT('',#15049);
#11515=LINE('',#15050,#15051);
#11516=VERTEX_POINT('',#15052);
#11517=LINE('',#15053,#15054);
#11518=CIRCLE('',#15055,0.2);
#11519=LINE('',#15056,#15057);
#11520=VERTEX_POINT('',#15058);
#11521=LINE('',#15059,#15060);
#11522=VERTEX_POINT('',#15061);
#11523=CIRCLE('',#15062,0.2);
#11524=LINE('',#15063,#15064);
#11525=LINE('',#15065,#15066);
#11526=LINE('',#15067,#15068);
#11527=VERTEX_POINT('',#15069);
#11528=LINE('',#15070,#15071);
#11529=CIRCLE('',#15072,0.07215264);
#11530=VERTEX_POINT('',#15073);
#11531=LINE('',#15074,#15075);
#11532=LINE('',#15076,#15077);
#11533=VERTEX_POINT('',#15078);
#11534=LINE('',#15079,#15080);
#11535=LINE('',#15081,#15082);
#11536=VERTEX_POINT('',#15083);
#11537=LINE('',#15084,#15085);
#11538=LINE('',#15086,#15087);
#11539=VERTEX_POINT('',#15088);
#11540=CIRCLE('',#15089,0.10422048);
#11541=LINE('',#15090,#15091);
#11542=VERTEX_POINT('',#15092);
#11543=LINE('',#15093,#15094);
#11544=LINE('',#15095,#15096);
#11545=VERTEX_POINT('',#15097);
#11546=LINE('',#15098,#15099);
#11547=LINE('',#15100,#15101);
#11548=VERTEX_POINT('',#15102);
#11549=LINE('',#15103,#15104);
#11550=LINE('',#15105,#15106);
#11551=LINE('',#15107,#15108);
#11552=VERTEX_POINT('',#15109);
#11553=CIRCLE('',#15110,0.15232224);
#11554=LINE('',#15111,#15112);
#11555=VERTEX_POINT('',#15113);
#11556=LINE('',#15114,#15115);
#11557=LINE('',#15116,#15117);
#11558=VERTEX_POINT('',#15118);
#11559=LINE('',#15119,#15120);
#11560=LINE('',#15121,#15122);
#11561=VERTEX_POINT('',#15123);
#11562=LINE('',#15124,#15125);
#11563=LINE('',#15126,#15127);
#11564=VERTEX_POINT('',#15128);
#11565=LINE('',#15129,#15130);
#11566=LINE('',#15131,#15132);
#11567=VERTEX_POINT('',#15133);
#11568=CIRCLE('',#15134,0.07215264);
#11569=LINE('',#15135,#15136);
#11570=VERTEX_POINT('',#15137);
#11571=LINE('',#15138,#15139);
#11572=LINE('',#15140,#15141);
#11573=VERTEX_POINT('',#15142);
#11574=LINE('',#15143,#15144);
#11575=LINE('',#15145,#15146);
#11576=VERTEX_POINT('',#15147);
#11577=LINE('',#15148,#15149);
#11578=LINE('',#15150,#15151);
#11579=VERTEX_POINT('',#15152);
#11580=LINE('',#15153,#15154);
#11581=LINE('',#15155,#15156);
#11582=VERTEX_POINT('',#15157);
#11583=LINE('',#15158,#15159);
#11584=LINE('',#15160,#15161);
#11585=VERTEX_POINT('',#15162);
#11586=LINE('',#15163,#15164);
#11587=LINE('',#15165,#15166);
#11588=VERTEX_POINT('',#15167);
#11589=LINE('',#15168,#15169);
#11590=LINE('',#15170,#15171);
#11591=VERTEX_POINT('',#15172);
#11592=LINE('',#15173,#15174);
#11593=LINE('',#15175,#15176);
#11594=VERTEX_POINT('',#15177);
#11595=LINE('',#15178,#15179);
#11596=LINE('',#15180,#15181);
#11597=VERTEX_POINT('',#15182);
#11598=LINE('',#15183,#15184);
#11599=LINE('',#15185,#15186);
#11600=VERTEX_POINT('',#15187);
#11601=LINE('',#15188,#15189);
#11602=LINE('',#15190,#15191);
#11603=VERTEX_POINT('',#15192);
#11604=LINE('',#15193,#15194);
#11605=LINE('',#15195,#15196);
#11606=VERTEX_POINT('',#15197);
#11607=LINE('',#15198,#15199);
#11608=LINE('',#15200,#15201);
#11609=VERTEX_POINT('',#15202);
#11610=LINE('',#15203,#15204);
#11611=LINE('',#15205,#15206);
#11612=VERTEX_POINT('',#15207);
#11613=LINE('',#15208,#15209);
#11614=LINE('',#15210,#15211);
#11615=VERTEX_POINT('',#15212);
#11616=LINE('',#15213,#15214);
#11617=LINE('',#15215,#15216);
#11618=VERTEX_POINT('',#15217);
#11619=LINE('',#15218,#15219);
#11620=LINE('',#15220,#15221);
#11621=VERTEX_POINT('',#15222);
#11622=LINE('',#15223,#15224);
#11623=LINE('',#15225,#15226);
#11624=VERTEX_POINT('',#15227);
#11625=LINE('',#15228,#15229);
#11626=LINE('',#15230,#15231);
#11627=VERTEX_POINT('',#15232);
#11628=LINE('',#15233,#15234);
#11629=LINE('',#15235,#15236);
#11630=VERTEX_POINT('',#15237);
#11631=LINE('',#15238,#15239);
#11632=LINE('',#15240,#15241);
#11633=VERTEX_POINT('',#15242);
#11634=LINE('',#15243,#15244);
#11635=LINE('',#15245,#15246);
#11636=VERTEX_POINT('',#15247);
#11637=LINE('',#15248,#15249);
#11638=LINE('',#15250,#15251);
#11639=VERTEX_POINT('',#15252);
#11640=LINE('',#15253,#15254);
#11641=LINE('',#15255,#15256);
#11642=VERTEX_POINT('',#15257);
#11643=LINE('',#15258,#15259);
#11644=LINE('',#15260,#15261);
#11645=VERTEX_POINT('',#15262);
#11646=LINE('',#15263,#15264);
#11647=LINE('',#15265,#15266);
#11648=VERTEX_POINT('',#15267);
#11649=LINE('',#15268,#15269);
#11650=LINE('',#15270,#15271);
#11651=VERTEX_POINT('',#15272);
#11652=LINE('',#15273,#15274);
#11653=LINE('',#15275,#15276);
#11654=VERTEX_POINT('',#15277);
#11655=LINE('',#15278,#15279);
#11656=LINE('',#15280,#15281);
#11657=LINE('',#15282,#15283);
#11658=VERTEX_POINT('',#15284);
#11659=VERTEX_POINT('',#15285);
#11660=LINE('',#15286,#15287);
#11661=VERTEX_POINT('',#15288);
#11662=LINE('',#15289,#15290);
#11663=VERTEX_POINT('',#15291);
#11664=LINE('',#15292,#15293);
#11665=LINE('',#15294,#15295);
#11666=VERTEX_POINT('',#15296);
#11667=VERTEX_POINT('',#15297);
#11668=LINE('',#15298,#15299);
#11669=VERTEX_POINT('',#15300);
#11670=LINE('',#15301,#15302);
#11671=VERTEX_POINT('',#15303);
#11672=LINE('',#15304,#15305);
#11673=VERTEX_POINT('',#15306);
#11674=LINE('',#15307,#15308);
#11675=VERTEX_POINT('',#15309);
#11676=LINE('',#15310,#15311);
#11677=VERTEX_POINT('',#15312);
#11678=LINE('',#15313,#15314);
#11679=VERTEX_POINT('',#15315);
#11680=LINE('',#15316,#15317);
#11681=VERTEX_POINT('',#15318);
#11682=LINE('',#15319,#15320);
#11683=VERTEX_POINT('',#15321);
#11684=LINE('',#15322,#15323);
#11685=VERTEX_POINT('',#15324);
#11686=LINE('',#15325,#15326);
#11687=VERTEX_POINT('',#15327);
#11688=LINE('',#15328,#15329);
#11689=VERTEX_POINT('',#15330);
#11690=LINE('',#15331,#15332);
#11691=VERTEX_POINT('',#15333);
#11692=LINE('',#15334,#15335);
#11693=VERTEX_POINT('',#15336);
#11694=LINE('',#15337,#15338);
#11695=VERTEX_POINT('',#15339);
#11696=LINE('',#15340,#15341);
#11697=VERTEX_POINT('',#15342);
#11698=LINE('',#15343,#15344);
#11699=VERTEX_POINT('',#15345);
#11700=LINE('',#15346,#15347);
#11701=VERTEX_POINT('',#15348);
#11702=LINE('',#15349,#15350);
#11703=VERTEX_POINT('',#15351);
#11704=LINE('',#15352,#15353);
#11705=VERTEX_POINT('',#15354);
#11706=LINE('',#15355,#15356);
#11707=VERTEX_POINT('',#15357);
#11708=LINE('',#15358,#15359);
#11709=VERTEX_POINT('',#15360);
#11710=LINE('',#15361,#15362);
#11711=VERTEX_POINT('',#15363);
#11712=LINE('',#15364,#15365);
#11713=VERTEX_POINT('',#15366);
#11714=LINE('',#15367,#15368);
#11715=VERTEX_POINT('',#15369);
#11716=LINE('',#15370,#15371);
#11717=VERTEX_POINT('',#15372);
#11718=LINE('',#15373,#15374);
#11719=VERTEX_POINT('',#15375);
#11720=LINE('',#15376,#15377);
#11721=VERTEX_POINT('',#15378);
#11722=LINE('',#15379,#15380);
#11723=VERTEX_POINT('',#15381);
#11724=LINE('',#15382,#15383);
#11725=VERTEX_POINT('',#15384);
#11726=LINE('',#15385,#15386);
#11727=VERTEX_POINT('',#15387);
#11728=LINE('',#15388,#15389);
#11729=VERTEX_POINT('',#15390);
#11730=LINE('',#15391,#15392);
#11731=VERTEX_POINT('',#15393);
#11732=LINE('',#15394,#15395);
#11733=VERTEX_POINT('',#15396);
#11734=LINE('',#15397,#15398);
#11735=VERTEX_POINT('',#15399);
#11736=LINE('',#15400,#15401);
#11737=VERTEX_POINT('',#15402);
#11738=LINE('',#15403,#15404);
#11739=VERTEX_POINT('',#15405);
#11740=LINE('',#15406,#15407);
#11741=VERTEX_POINT('',#15408);
#11742=LINE('',#15409,#15410);
#11743=VERTEX_POINT('',#15411);
#11744=LINE('',#15412,#15413);
#11745=VERTEX_POINT('',#15414);
#11746=LINE('',#15415,#15416);
#11747=VERTEX_POINT('',#15417);
#11748=LINE('',#15418,#15419);
#11749=VERTEX_POINT('',#15420);
#11750=LINE('',#15421,#15422);
#11751=VERTEX_POINT('',#15423);
#11752=LINE('',#15424,#15425);
#11753=VERTEX_POINT('',#15426);
#11754=LINE('',#15427,#15428);
#11755=VERTEX_POINT('',#15429);
#11756=LINE('',#15430,#15431);
#11757=VERTEX_POINT('',#15432);
#11758=LINE('',#15433,#15434);
#11759=VERTEX_POINT('',#15435);
#11760=LINE('',#15436,#15437);
#11761=VERTEX_POINT('',#15438);
#11762=LINE('',#15439,#15440);
#11763=VERTEX_POINT('',#15441);
#11764=LINE('',#15442,#15443);
#11765=VERTEX_POINT('',#15444);
#11766=LINE('',#15445,#15446);
#11767=VERTEX_POINT('',#15447);
#11768=LINE('',#15448,#15449);
#11769=VERTEX_POINT('',#15450);
#11770=LINE('',#15451,#15452);
#11771=VERTEX_POINT('',#15453);
#11772=LINE('',#15454,#15455);
#11773=LINE('',#15456,#15457);
#11774=VERTEX_POINT('',#15458);
#11775=VERTEX_POINT('',#15459);
#11776=LINE('',#15460,#15461);
#11777=VERTEX_POINT('',#15462);
#11778=LINE('',#15463,#15464);
#11779=VERTEX_POINT('',#15465);
#11780=LINE('',#15466,#15467);
#11781=VERTEX_POINT('',#15468);
#11782=LINE('',#15469,#15470);
#11783=VERTEX_POINT('',#15471);
#11784=LINE('',#15472,#15473);
#11785=VERTEX_POINT('',#15474);
#11786=LINE('',#15475,#15476);
#11787=VERTEX_POINT('',#15477);
#11788=LINE('',#15478,#15479);
#11789=VERTEX_POINT('',#15480);
#11790=LINE('',#15481,#15482);
#11791=VERTEX_POINT('',#15483);
#11792=LINE('',#15484,#15485);
#11793=VERTEX_POINT('',#15486);
#11794=LINE('',#15487,#15488);
#11795=VERTEX_POINT('',#15489);
#11796=LINE('',#15490,#15491);
#11797=VERTEX_POINT('',#15492);
#11798=LINE('',#15493,#15494);
#11799=LINE('',#15495,#15496);
#11800=VERTEX_POINT('',#15497);
#11801=VERTEX_POINT('',#15498);
#11802=LINE('',#15499,#15500);
#11803=VERTEX_POINT('',#15501);
#11804=LINE('',#15502,#15503);
#11805=VERTEX_POINT('',#15504);
#11806=LINE('',#15505,#15506);
#11807=LINE('',#15507,#15508);
#11808=VERTEX_POINT('',#15509);
#11809=VERTEX_POINT('',#15510);
#11810=LINE('',#15511,#15512);
#11811=VERTEX_POINT('',#15513);
#11812=LINE('',#15514,#15515);
#11813=VERTEX_POINT('',#15516);
#11814=LINE('',#15517,#15518);
#11815=VERTEX_POINT('',#15519);
#11816=LINE('',#15520,#15521);
#11817=VERTEX_POINT('',#15522);
#11818=LINE('',#15523,#15524);
#11819=VERTEX_POINT('',#15525);
#11820=LINE('',#15526,#15527);
#11821=VERTEX_POINT('',#15528);
#11822=LINE('',#15529,#15530);
#11823=LINE('',#15531,#15532);
#11824=VERTEX_POINT('',#15533);
#11825=VERTEX_POINT('',#15534);
#11826=LINE('',#15535,#15536);
#11827=VERTEX_POINT('',#15537);
#11828=LINE('',#15538,#15539);
#11829=VERTEX_POINT('',#15540);
#11830=LINE('',#15541,#15542);
#11831=VERTEX_POINT('',#15543);
#11832=LINE('',#15544,#15545);
#11833=VERTEX_POINT('',#15546);
#11834=LINE('',#15547,#15548);
#11835=VERTEX_POINT('',#15549);
#11836=LINE('',#15550,#15551);
#11837=VERTEX_POINT('',#15552);
#11838=LINE('',#15553,#15554);
#11839=VERTEX_POINT('',#15555);
#11840=LINE('',#15556,#15557);
#11841=VERTEX_POINT('',#15558);
#11842=LINE('',#15559,#15560);
#11843=VERTEX_POINT('',#15561);
#11844=LINE('',#15562,#15563);
#11845=VERTEX_POINT('',#15564);
#11846=LINE('',#15565,#15566);
#11847=VERTEX_POINT('',#15567);
#11848=LINE('',#15568,#15569);
#11849=VERTEX_POINT('',#15570);
#11850=LINE('',#15571,#15572);
#11851=VERTEX_POINT('',#15573);
#11852=LINE('',#15574,#15575);
#11853=VERTEX_POINT('',#15576);
#11854=LINE('',#15577,#15578);
#11855=VERTEX_POINT('',#15579);
#11856=LINE('',#15580,#15581);
#11857=VERTEX_POINT('',#15582);
#11858=LINE('',#15583,#15584);
#11859=VERTEX_POINT('',#15585);
#11860=LINE('',#15586,#15587);
#11861=VERTEX_POINT('',#15588);
#11862=LINE('',#15589,#15590);
#11863=VERTEX_POINT('',#15591);
#11864=LINE('',#15592,#15593);
#11865=VERTEX_POINT('',#15594);
#11866=LINE('',#15595,#15596);
#11867=VERTEX_POINT('',#15597);
#11868=LINE('',#15598,#15599);
#11869=VERTEX_POINT('',#15600);
#11870=LINE('',#15601,#15602);
#11871=VERTEX_POINT('',#15603);
#11872=LINE('',#15604,#15605);
#11873=VERTEX_POINT('',#15606);
#11874=LINE('',#15607,#15608);
#11875=VERTEX_POINT('',#15609);
#11876=LINE('',#15610,#15611);
#11877=VERTEX_POINT('',#15612);
#11878=LINE('',#15613,#15614);
#11879=VERTEX_POINT('',#15615);
#11880=LINE('',#15616,#15617);
#11881=VERTEX_POINT('',#15618);
#11882=LINE('',#15619,#15620);
#11883=VERTEX_POINT('',#15621);
#11884=LINE('',#15622,#15623);
#11885=VERTEX_POINT('',#15624);
#11886=LINE('',#15625,#15626);
#11887=VERTEX_POINT('',#15627);
#11888=LINE('',#15628,#15629);
#11889=VERTEX_POINT('',#15630);
#11890=LINE('',#15631,#15632);
#11891=VERTEX_POINT('',#15633);
#11892=LINE('',#15634,#15635);
#11893=VERTEX_POINT('',#15636);
#11894=LINE('',#15637,#15638);
#11895=VERTEX_POINT('',#15639);
#11896=LINE('',#15640,#15641);
#11897=VERTEX_POINT('',#15642);
#11898=LINE('',#15643,#15644);
#11899=VERTEX_POINT('',#15645);
#11900=LINE('',#15646,#15647);
#11901=VERTEX_POINT('',#15648);
#11902=LINE('',#15649,#15650);
#11903=LINE('',#15651,#15652);
#11904=VERTEX_POINT('',#15653);
#11905=VERTEX_POINT('',#15654);
#11906=LINE('',#15655,#15656);
#11907=VERTEX_POINT('',#15657);
#11908=LINE('',#15658,#15659);
#11909=VERTEX_POINT('',#15660);
#11910=LINE('',#15661,#15662);
#11911=VERTEX_POINT('',#15663);
#11912=LINE('',#15664,#15665);
#11913=VERTEX_POINT('',#15666);
#11914=LINE('',#15667,#15668);
#11915=VERTEX_POINT('',#15669);
#11916=LINE('',#15670,#15671);
#11917=VERTEX_POINT('',#15672);
#11918=LINE('',#15673,#15674);
#11919=VERTEX_POINT('',#15675);
#11920=LINE('',#15676,#15677);
#11921=VERTEX_POINT('',#15678);
#11922=LINE('',#15679,#15680);
#11923=VERTEX_POINT('',#15681);
#11924=LINE('',#15682,#15683);
#11925=VERTEX_POINT('',#15684);
#11926=LINE('',#15685,#15686);
#11927=LINE('',#15687,#15688);
#11928=VERTEX_POINT('',#15689);
#11929=VERTEX_POINT('',#15690);
#11930=LINE('',#15691,#15692);
#11931=VERTEX_POINT('',#15693);
#11932=LINE('',#15694,#15695);
#11933=VERTEX_POINT('',#15696);
#11934=LINE('',#15697,#15698);
#11935=VERTEX_POINT('',#15699);
#11936=LINE('',#15700,#15701);
#11937=VERTEX_POINT('',#15702);
#11938=LINE('',#15703,#15704);
#11939=VERTEX_POINT('',#15705);
#11940=LINE('',#15706,#15707);
#11941=VERTEX_POINT('',#15708);
#11942=LINE('',#15709,#15710);
#11943=VERTEX_POINT('',#15711);
#11944=LINE('',#15712,#15713);
#11945=VERTEX_POINT('',#15714);
#11946=LINE('',#15715,#15716);
#11947=VERTEX_POINT('',#15717);
#11948=LINE('',#15718,#15719);
#11949=VERTEX_POINT('',#15720);
#11950=LINE('',#15721,#15722);
#11951=VERTEX_POINT('',#15723);
#11952=LINE('',#15724,#15725);
#11953=VERTEX_POINT('',#15726);
#11954=LINE('',#15727,#15728);
#11955=VERTEX_POINT('',#15729);
#11956=LINE('',#15730,#15731);
#11957=VERTEX_POINT('',#15732);
#11958=LINE('',#15733,#15734);
#11959=VERTEX_POINT('',#15735);
#11960=LINE('',#15736,#15737);
#11961=VERTEX_POINT('',#15738);
#11962=LINE('',#15739,#15740);
#11963=VERTEX_POINT('',#15741);
#11964=LINE('',#15742,#15743);
#11965=VERTEX_POINT('',#15744);
#11966=LINE('',#15745,#15746);
#11967=VERTEX_POINT('',#15747);
#11968=LINE('',#15748,#15749);
#11969=VERTEX_POINT('',#15750);
#11970=LINE('',#15751,#15752);
#11971=VERTEX_POINT('',#15753);
#11972=LINE('',#15754,#15755);
#11973=VERTEX_POINT('',#15756);
#11974=LINE('',#15757,#15758);
#11975=VERTEX_POINT('',#15759);
#11976=LINE('',#15760,#15761);
#11977=VERTEX_POINT('',#15762);
#11978=LINE('',#15763,#15764);
#11979=VERTEX_POINT('',#15765);
#11980=LINE('',#15766,#15767);
#11981=VERTEX_POINT('',#15768);
#11982=LINE('',#15769,#15770);
#11983=VERTEX_POINT('',#15771);
#11984=LINE('',#15772,#15773);
#11985=VERTEX_POINT('',#15774);
#11986=LINE('',#15775,#15776);
#11987=VERTEX_POINT('',#15777);
#11988=LINE('',#15778,#15779);
#11989=VERTEX_POINT('',#15780);
#11990=LINE('',#15781,#15782);
#11991=VERTEX_POINT('',#15783);
#11992=LINE('',#15784,#15785);
#11993=VERTEX_POINT('',#15786);
#11994=LINE('',#15787,#15788);
#11995=VERTEX_POINT('',#15789);
#11996=LINE('',#15790,#15791);
#11997=VERTEX_POINT('',#15792);
#11998=LINE('',#15793,#15794);
#11999=VERTEX_POINT('',#15795);
#12000=LINE('',#15796,#15797);
#12001=VERTEX_POINT('',#15798);
#12002=LINE('',#15799,#15800);
#12003=VERTEX_POINT('',#15801);
#12004=LINE('',#15802,#15803);
#12005=VERTEX_POINT('',#15804);
#12006=LINE('',#15805,#15806);
#12007=LINE('',#15807,#15808);
#12008=VERTEX_POINT('',#15809);
#12009=VERTEX_POINT('',#15810);
#12010=LINE('',#15811,#15812);
#12011=VERTEX_POINT('',#15813);
#12012=LINE('',#15814,#15815);
#12013=VERTEX_POINT('',#15816);
#12014=LINE('',#15817,#15818);
#12015=VERTEX_POINT('',#15819);
#12016=LINE('',#15820,#15821);
#12017=VERTEX_POINT('',#15822);
#12018=LINE('',#15823,#15824);
#12019=VERTEX_POINT('',#15825);
#12020=LINE('',#15826,#15827);
#12021=VERTEX_POINT('',#15828);
#12022=LINE('',#15829,#15830);
#12023=VERTEX_POINT('',#15831);
#12024=LINE('',#15832,#15833);
#12025=VERTEX_POINT('',#15834);
#12026=LINE('',#15835,#15836);
#12027=VERTEX_POINT('',#15837);
#12028=LINE('',#15838,#15839);
#12029=VERTEX_POINT('',#15840);
#12030=LINE('',#15841,#15842);
#12031=VERTEX_POINT('',#15843);
#12032=LINE('',#15844,#15845);
#12033=VERTEX_POINT('',#15846);
#12034=LINE('',#15847,#15848);
#12035=VERTEX_POINT('',#15849);
#12036=LINE('',#15850,#15851);
#12037=VERTEX_POINT('',#15852);
#12038=LINE('',#15853,#15854);
#12039=VERTEX_POINT('',#15855);
#12040=LINE('',#15856,#15857);
#12041=VERTEX_POINT('',#15858);
#12042=LINE('',#15859,#15860);
#12043=VERTEX_POINT('',#15861);
#12044=LINE('',#15862,#15863);
#12045=VERTEX_POINT('',#15864);
#12046=LINE('',#15865,#15866);
#12047=VERTEX_POINT('',#15867);
#12048=LINE('',#15868,#15869);
#12049=VERTEX_POINT('',#15870);
#12050=LINE('',#15871,#15872);
#12051=VERTEX_POINT('',#15873);
#12052=LINE('',#15874,#15875);
#12053=VERTEX_POINT('',#15876);
#12054=LINE('',#15877,#15878);
#12055=LINE('',#15879,#15880);
#12056=VERTEX_POINT('',#15881);
#12057=VERTEX_POINT('',#15882);
#12058=LINE('',#15883,#15884);
#12059=VERTEX_POINT('',#15885);
#12060=LINE('',#15886,#15887);
#12061=VERTEX_POINT('',#15888);
#12062=LINE('',#15889,#15890);
#12063=VERTEX_POINT('',#15891);
#12064=LINE('',#15892,#15893);
#12065=VERTEX_POINT('',#15894);
#12066=LINE('',#15895,#15896);
#12067=VERTEX_POINT('',#15897);
#12068=LINE('',#15898,#15899);
#12069=VERTEX_POINT('',#15900);
#12070=LINE('',#15901,#15902);
#12071=VERTEX_POINT('',#15903);
#12072=LINE('',#15904,#15905);
#12073=VERTEX_POINT('',#15906);
#12074=LINE('',#15907,#15908);
#12075=VERTEX_POINT('',#15909);
#12076=LINE('',#15910,#15911);
#12077=VERTEX_POINT('',#15912);
#12078=LINE('',#15913,#15914);
#12079=VERTEX_POINT('',#15915);
#12080=LINE('',#15916,#15917);
#12081=VERTEX_POINT('',#15918);
#12082=LINE('',#15919,#15920);
#12083=VERTEX_POINT('',#15921);
#12084=LINE('',#15922,#15923);
#12085=VERTEX_POINT('',#15924);
#12086=LINE('',#15925,#15926);
#12087=VERTEX_POINT('',#15927);
#12088=LINE('',#15928,#15929);
#12089=VERTEX_POINT('',#15930);
#12090=LINE('',#15931,#15932);
#12091=VERTEX_POINT('',#15933);
#12092=LINE('',#15934,#15935);
#12093=VERTEX_POINT('',#15936);
#12094=LINE('',#15937,#15938);
#12095=LINE('',#15939,#15940);
#12096=VERTEX_POINT('',#15941);
#12097=VERTEX_POINT('',#15942);
#12098=LINE('',#15943,#15944);
#12099=VERTEX_POINT('',#15945);
#12100=LINE('',#15946,#15947);
#12101=VERTEX_POINT('',#15948);
#12102=LINE('',#15949,#15950);
#12103=VERTEX_POINT('',#15951);
#12104=LINE('',#15952,#15953);
#12105=VERTEX_POINT('',#15954);
#12106=LINE('',#15955,#15956);
#12107=VERTEX_POINT('',#15957);
#12108=LINE('',#15958,#15959);
#12109=VERTEX_POINT('',#15960);
#12110=LINE('',#15961,#15962);
#12111=VERTEX_POINT('',#15963);
#12112=LINE('',#15964,#15965);
#12113=VERTEX_POINT('',#15966);
#12114=LINE('',#15967,#15968);
#12115=LINE('',#15969,#15970);
#12116=VERTEX_POINT('',#15971);
#12117=VERTEX_POINT('',#15972);
#12118=LINE('',#15973,#15974);
#12119=VERTEX_POINT('',#15975);
#12120=LINE('',#15976,#15977);
#12121=VERTEX_POINT('',#15978);
#12122=LINE('',#15979,#15980);
#12123=VERTEX_POINT('',#15981);
#12124=LINE('',#15982,#15983);
#12125=VERTEX_POINT('',#15984);
#12126=LINE('',#15985,#15986);
#12127=VERTEX_POINT('',#15987);
#12128=LINE('',#15988,#15989);
#12129=VERTEX_POINT('',#15990);
#12130=LINE('',#15991,#15992);
#12131=VERTEX_POINT('',#15993);
#12132=LINE('',#15994,#15995);
#12133=VERTEX_POINT('',#15996);
#12134=LINE('',#15997,#15998);
#12135=LINE('',#15999,#16000);
#12136=VERTEX_POINT('',#16001);
#12137=VERTEX_POINT('',#16002);
#12138=LINE('',#16003,#16004);
#12139=VERTEX_POINT('',#16005);
#12140=LINE('',#16006,#16007);
#12141=VERTEX_POINT('',#16008);
#12142=LINE('',#16009,#16010);
#12143=VERTEX_POINT('',#16011);
#12144=LINE('',#16012,#16013);
#12145=VERTEX_POINT('',#16014);
#12146=LINE('',#16015,#16016);
#12147=VERTEX_POINT('',#16017);
#12148=LINE('',#16018,#16019);
#12149=VERTEX_POINT('',#16020);
#12150=LINE('',#16021,#16022);
#12151=VERTEX_POINT('',#16023);
#12152=LINE('',#16024,#16025);
#12153=VERTEX_POINT('',#16026);
#12154=LINE('',#16027,#16028);
#12155=VERTEX_POINT('',#16029);
#12156=LINE('',#16030,#16031);
#12157=VERTEX_POINT('',#16032);
#12158=LINE('',#16033,#16034);
#12159=LINE('',#16035,#16036);
#12160=VERTEX_POINT('',#16037);
#12161=VERTEX_POINT('',#16038);
#12162=LINE('',#16039,#16040);
#12163=VERTEX_POINT('',#16041);
#12164=LINE('',#16042,#16043);
#12165=VERTEX_POINT('',#16044);
#12166=LINE('',#16045,#16046);
#12167=VERTEX_POINT('',#16047);
#12168=LINE('',#16048,#16049);
#12169=VERTEX_POINT('',#16050);
#12170=LINE('',#16051,#16052);
#12171=VERTEX_POINT('',#16053);
#12172=LINE('',#16054,#16055);
#12173=VERTEX_POINT('',#16056);
#12174=LINE('',#16057,#16058);
#12175=VERTEX_POINT('',#16059);
#12176=LINE('',#16060,#16061);
#12177=VERTEX_POINT('',#16062);
#12178=LINE('',#16063,#16064);
#12179=VERTEX_POINT('',#16065);
#12180=LINE('',#16066,#16067);
#12181=VERTEX_POINT('',#16068);
#12182=LINE('',#16069,#16070);
#12183=VERTEX_POINT('',#16071);
#12184=LINE('',#16072,#16073);
#12185=VERTEX_POINT('',#16074);
#12186=LINE('',#16075,#16076);
#12187=VERTEX_POINT('',#16077);
#12188=LINE('',#16078,#16079);
#12189=VERTEX_POINT('',#16080);
#12190=LINE('',#16081,#16082);
#12191=VERTEX_POINT('',#16083);
#12192=LINE('',#16084,#16085);
#12193=VERTEX_POINT('',#16086);
#12194=LINE('',#16087,#16088);
#12195=VERTEX_POINT('',#16089);
#12196=LINE('',#16090,#16091);
#12197=VERTEX_POINT('',#16092);
#12198=LINE('',#16093,#16094);
#12199=VERTEX_POINT('',#16095);
#12200=LINE('',#16096,#16097);
#12201=VERTEX_POINT('',#16098);
#12202=LINE('',#16099,#16100);
#12203=VERTEX_POINT('',#16101);
#12204=LINE('',#16102,#16103);
#12205=VERTEX_POINT('',#16104);
#12206=LINE('',#16105,#16106);
#12207=VERTEX_POINT('',#16107);
#12208=LINE('',#16108,#16109);
#12209=VERTEX_POINT('',#16110);
#12210=LINE('',#16111,#16112);
#12211=VERTEX_POINT('',#16113);
#12212=LINE('',#16114,#16115);
#12213=VERTEX_POINT('',#16116);
#12214=LINE('',#16117,#16118);
#12215=VERTEX_POINT('',#16119);
#12216=LINE('',#16120,#16121);
#12217=VERTEX_POINT('',#16122);
#12218=LINE('',#16123,#16124);
#12219=VERTEX_POINT('',#16125);
#12220=LINE('',#16126,#16127);
#12221=VERTEX_POINT('',#16128);
#12222=LINE('',#16129,#16130);
#12223=VERTEX_POINT('',#16131);
#12224=LINE('',#16132,#16133);
#12225=VERTEX_POINT('',#16134);
#12226=LINE('',#16135,#16136);
#12227=VERTEX_POINT('',#16137);
#12228=LINE('',#16138,#16139);
#12229=VERTEX_POINT('',#16140);
#12230=LINE('',#16141,#16142);
#12231=VERTEX_POINT('',#16143);
#12232=LINE('',#16144,#16145);
#12233=VERTEX_POINT('',#16146);
#12234=LINE('',#16147,#16148);
#12235=VERTEX_POINT('',#16149);
#12236=LINE('',#16150,#16151);
#12237=VERTEX_POINT('',#16152);
#12238=LINE('',#16153,#16154);
#12239=LINE('',#16155,#16156);
#12240=VERTEX_POINT('',#16157);
#12241=VERTEX_POINT('',#16158);
#12242=LINE('',#16159,#16160);
#12243=VERTEX_POINT('',#16161);
#12244=LINE('',#16162,#16163);
#12245=VERTEX_POINT('',#16164);
#12246=LINE('',#16165,#16166);
#12247=VERTEX_POINT('',#16167);
#12248=LINE('',#16168,#16169);
#12249=VERTEX_POINT('',#16170);
#12250=LINE('',#16171,#16172);
#12251=VERTEX_POINT('',#16173);
#12252=LINE('',#16174,#16175);
#12253=VERTEX_POINT('',#16176);
#12254=LINE('',#16177,#16178);
#12255=LINE('',#16179,#16180);
#12256=VERTEX_POINT('',#16181);
#12257=VERTEX_POINT('',#16182);
#12258=LINE('',#16183,#16184);
#12259=VERTEX_POINT('',#16185);
#12260=LINE('',#16186,#16187);
#12261=VERTEX_POINT('',#16188);
#12262=LINE('',#16189,#16190);
#12263=VERTEX_POINT('',#16191);
#12264=LINE('',#16192,#16193);
#12265=VERTEX_POINT('',#16194);
#12266=LINE('',#16195,#16196);
#12267=VERTEX_POINT('',#16197);
#12268=LINE('',#16198,#16199);
#12269=VERTEX_POINT('',#16200);
#12270=LINE('',#16201,#16202);
#12271=VERTEX_POINT('',#16203);
#12272=LINE('',#16204,#16205);
#12273=VERTEX_POINT('',#16206);
#12274=LINE('',#16207,#16208);
#12275=VERTEX_POINT('',#16209);
#12276=LINE('',#16210,#16211);
#12277=VERTEX_POINT('',#16212);
#12278=LINE('',#16213,#16214);
#12279=VERTEX_POINT('',#16215);
#12280=LINE('',#16216,#16217);
#12281=VERTEX_POINT('',#16218);
#12282=LINE('',#16219,#16220);
#12283=VERTEX_POINT('',#16221);
#12284=LINE('',#16222,#16223);
#12285=VERTEX_POINT('',#16224);
#12286=LINE('',#16225,#16226);
#12287=VERTEX_POINT('',#16227);
#12288=LINE('',#16228,#16229);
#12289=VERTEX_POINT('',#16230);
#12290=LINE('',#16231,#16232);
#12291=VERTEX_POINT('',#16233);
#12292=LINE('',#16234,#16235);
#12293=VERTEX_POINT('',#16236);
#12294=LINE('',#16237,#16238);
#12295=VERTEX_POINT('',#16239);
#12296=LINE('',#16240,#16241);
#12297=VERTEX_POINT('',#16242);
#12298=LINE('',#16243,#16244);
#12299=VERTEX_POINT('',#16245);
#12300=LINE('',#16246,#16247);
#12301=VERTEX_POINT('',#16248);
#12302=LINE('',#16249,#16250);
#12303=LINE('',#16251,#16252);
#12304=VERTEX_POINT('',#16253);
#12305=VERTEX_POINT('',#16254);
#12306=LINE('',#16255,#16256);
#12307=VERTEX_POINT('',#16257);
#12308=LINE('',#16258,#16259);
#12309=VERTEX_POINT('',#16260);
#12310=LINE('',#16261,#16262);
#12311=VERTEX_POINT('',#16263);
#12312=LINE('',#16264,#16265);
#12313=VERTEX_POINT('',#16266);
#12314=LINE('',#16267,#16268);
#12315=VERTEX_POINT('',#16269);
#12316=LINE('',#16270,#16271);
#12317=VERTEX_POINT('',#16272);
#12318=LINE('',#16273,#16274);
#12319=VERTEX_POINT('',#16275);
#12320=LINE('',#16276,#16277);
#12321=VERTEX_POINT('',#16278);
#12322=LINE('',#16279,#16280);
#12323=VERTEX_POINT('',#16281);
#12324=LINE('',#16282,#16283);
#12325=VERTEX_POINT('',#16284);
#12326=LINE('',#16285,#16286);
#12327=VERTEX_POINT('',#16287);
#12328=LINE('',#16288,#16289);
#12329=VERTEX_POINT('',#16290);
#12330=LINE('',#16291,#16292);
#12331=VERTEX_POINT('',#16293);
#12332=LINE('',#16294,#16295);
#12333=VERTEX_POINT('',#16296);
#12334=LINE('',#16297,#16298);
#12335=VERTEX_POINT('',#16299);
#12336=LINE('',#16300,#16301);
#12337=VERTEX_POINT('',#16302);
#12338=LINE('',#16303,#16304);
#12339=VERTEX_POINT('',#16305);
#12340=LINE('',#16306,#16307);
#12341=VERTEX_POINT('',#16308);
#12342=LINE('',#16309,#16310);
#12343=LINE('',#16311,#16312);
#12344=VERTEX_POINT('',#16313);
#12345=VERTEX_POINT('',#16314);
#12346=LINE('',#16315,#16316);
#12347=VERTEX_POINT('',#16317);
#12348=LINE('',#16318,#16319);
#12349=VERTEX_POINT('',#16320);
#12350=LINE('',#16321,#16322);
#12351=VERTEX_POINT('',#16323);
#12352=LINE('',#16324,#16325);
#12353=VERTEX_POINT('',#16326);
#12354=LINE('',#16327,#16328);
#12355=VERTEX_POINT('',#16329);
#12356=LINE('',#16330,#16331);
#12357=VERTEX_POINT('',#16332);
#12358=LINE('',#16333,#16334);
#12359=VERTEX_POINT('',#16335);
#12360=LINE('',#16336,#16337);
#12361=VERTEX_POINT('',#16338);
#12362=LINE('',#16339,#16340);
#12363=VERTEX_POINT('',#16341);
#12364=LINE('',#16342,#16343);
#12365=VERTEX_POINT('',#16344);
#12366=LINE('',#16345,#16346);
#12367=VERTEX_POINT('',#16347);
#12368=LINE('',#16348,#16349);
#12369=VERTEX_POINT('',#16350);
#12370=LINE('',#16351,#16352);
#12371=VERTEX_POINT('',#16353);
#12372=LINE('',#16354,#16355);
#12373=VERTEX_POINT('',#16356);
#12374=LINE('',#16357,#16358);
#12375=LINE('',#16359,#16360);
#12376=VERTEX_POINT('',#16361);
#12377=VERTEX_POINT('',#16362);
#12378=LINE('',#16363,#16364);
#12379=VERTEX_POINT('',#16365);
#12380=LINE('',#16366,#16367);
#12381=VERTEX_POINT('',#16368);
#12382=LINE('',#16369,#16370);
#12383=VERTEX_POINT('',#16371);
#12384=LINE('',#16372,#16373);
#12385=VERTEX_POINT('',#16374);
#12386=LINE('',#16375,#16376);
#12387=VERTEX_POINT('',#16377);
#12388=LINE('',#16378,#16379);
#12389=VERTEX_POINT('',#16380);
#12390=LINE('',#16381,#16382);
#12391=VERTEX_POINT('',#16383);
#12392=LINE('',#16384,#16385);
#12393=VERTEX_POINT('',#16386);
#12394=LINE('',#16387,#16388);
#12395=LINE('',#16389,#16390);
#12396=LINE('',#16391,#16392);
#12397=LINE('',#16393,#16394);
#12398=LINE('',#16395,#16396);
#12399=LINE('',#16397,#16398);
#12400=LINE('',#16399,#16400);
#12401=LINE('',#16401,#16402);
#12402=LINE('',#16403,#16404);
#12403=LINE('',#16405,#16406);
#12404=LINE('',#16407,#16408);
#12405=LINE('',#16409,#16410);
#12406=LINE('',#16411,#16412);
#12407=LINE('',#16413,#16414);
#12408=LINE('',#16415,#16416);
#12409=LINE('',#16417,#16418);
#12410=LINE('',#16419,#16420);
#12411=LINE('',#16421,#16422);
#12412=LINE('',#16423,#16424);
#12413=LINE('',#16425,#16426);
#12414=LINE('',#16427,#16428);
#12415=LINE('',#16429,#16430);
#12416=LINE('',#16431,#16432);
#12417=LINE('',#16433,#16434);
#12418=LINE('',#16435,#16436);
#12419=LINE('',#16437,#16438);
#12420=LINE('',#16439,#16440);
#12421=LINE('',#16441,#16442);
#12422=LINE('',#16443,#16444);
#12423=LINE('',#16445,#16446);
#12424=LINE('',#16447,#16448);
#12425=LINE('',#16449,#16450);
#12426=LINE('',#16451,#16452);
#12427=LINE('',#16453,#16454);
#12428=LINE('',#16455,#16456);
#12429=LINE('',#16457,#16458);
#12430=LINE('',#16459,#16460);
#12431=LINE('',#16461,#16462);
#12432=LINE('',#16463,#16464);
#12433=LINE('',#16465,#16466);
#12434=LINE('',#16467,#16468);
#12435=LINE('',#16469,#16470);
#12436=LINE('',#16471,#16472);
#12437=LINE('',#16473,#16474);
#12438=LINE('',#16475,#16476);
#12439=LINE('',#16477,#16478);
#12440=LINE('',#16479,#16480);
#12441=LINE('',#16481,#16482);
#12442=LINE('',#16483,#16484);
#12443=LINE('',#16485,#16486);
#12444=LINE('',#16487,#16488);
#12445=LINE('',#16489,#16490);
#12446=LINE('',#16491,#16492);
#12447=LINE('',#16493,#16494);
#12448=LINE('',#16495,#16496);
#12449=LINE('',#16497,#16498);
#12450=LINE('',#16499,#16500);
#12451=LINE('',#16501,#16502);
#12452=LINE('',#16503,#16504);
#12453=LINE('',#16505,#16506);
#12454=LINE('',#16507,#16508);
#12455=LINE('',#16509,#16510);
#12456=LINE('',#16511,#16512);
#12457=LINE('',#16513,#16514);
#12458=LINE('',#16515,#16516);
#12459=LINE('',#16517,#16518);
#12460=LINE('',#16519,#16520);
#12461=LINE('',#16521,#16522);
#12462=LINE('',#16523,#16524);
#12463=LINE('',#16525,#16526);
#12464=LINE('',#16527,#16528);
#12465=LINE('',#16529,#16530);
#12466=LINE('',#16531,#16532);
#12467=LINE('',#16533,#16534);
#12468=LINE('',#16535,#16536);
#12469=LINE('',#16537,#16538);
#12470=LINE('',#16539,#16540);
#12471=LINE('',#16541,#16542);
#12472=LINE('',#16543,#16544);
#12473=LINE('',#16545,#16546);
#12474=LINE('',#16547,#16548);
#12475=LINE('',#16549,#16550);
#12476=LINE('',#16551,#16552);
#12477=LINE('',#16553,#16554);
#12478=LINE('',#16555,#16556);
#12479=LINE('',#16557,#16558);
#12480=LINE('',#16559,#16560);
#12481=LINE('',#16561,#16562);
#12482=LINE('',#16563,#16564);
#12483=LINE('',#16565,#16566);
#12484=LINE('',#16567,#16568);
#12485=LINE('',#16569,#16570);
#12486=LINE('',#16571,#16572);
#12487=LINE('',#16573,#16574);
#12488=LINE('',#16575,#16576);
#12489=LINE('',#16577,#16578);
#12490=LINE('',#16579,#16580);
#12491=LINE('',#16581,#16582);
#12492=LINE('',#16583,#16584);
#12493=LINE('',#16585,#16586);
#12494=LINE('',#16587,#16588);
#12495=LINE('',#16589,#16590);
#12496=LINE('',#16591,#16592);
#12497=LINE('',#16593,#16594);
#12498=LINE('',#16595,#16596);
#12499=LINE('',#16597,#16598);
#12500=LINE('',#16599,#16600);
#12501=LINE('',#16601,#16602);
#12502=LINE('',#16603,#16604);
#12503=LINE('',#16605,#16606);
#12504=LINE('',#16607,#16608);
#12505=LINE('',#16609,#16610);
#12506=LINE('',#16611,#16612);
#12507=LINE('',#16613,#16614);
#12508=LINE('',#16615,#16616);
#12509=LINE('',#16617,#16618);
#12510=LINE('',#16619,#16620);
#12511=LINE('',#16621,#16622);
#12512=LINE('',#16623,#16624);
#12513=LINE('',#16625,#16626);
#12514=LINE('',#16627,#16628);
#12515=LINE('',#16629,#16630);
#12516=LINE('',#16631,#16632);
#12517=LINE('',#16633,#16634);
#12518=LINE('',#16635,#16636);
#12519=LINE('',#16637,#16638);
#12520=LINE('',#16639,#16640);
#12521=LINE('',#16641,#16642);
#12522=LINE('',#16643,#16644);
#12523=LINE('',#16645,#16646);
#12524=LINE('',#16647,#16648);
#12525=LINE('',#16649,#16650);
#12526=LINE('',#16651,#16652);
#12527=LINE('',#16653,#16654);
#12528=LINE('',#16655,#16656);
#12529=LINE('',#16657,#16658);
#12530=LINE('',#16659,#16660);
#12531=LINE('',#16661,#16662);
#12532=LINE('',#16663,#16664);
#12533=LINE('',#16665,#16666);
#12534=LINE('',#16667,#16668);
#12535=LINE('',#16669,#16670);
#12536=LINE('',#16671,#16672);
#12537=LINE('',#16673,#16674);
#12538=LINE('',#16675,#16676);
#12539=LINE('',#16677,#16678);
#12540=LINE('',#16679,#16680);
#12541=LINE('',#16681,#16682);
#12542=LINE('',#16683,#16684);
#12543=LINE('',#16685,#16686);
#12544=LINE('',#16687,#16688);
#12545=LINE('',#16689,#16690);
#12546=LINE('',#16691,#16692);
#12547=LINE('',#16693,#16694);
#12548=LINE('',#16695,#16696);
#12549=LINE('',#16697,#16698);
#12550=LINE('',#16699,#16700);
#12551=LINE('',#16701,#16702);
#12552=LINE('',#16703,#16704);
#12553=LINE('',#16705,#16706);
#12554=LINE('',#16707,#16708);
#12555=LINE('',#16709,#16710);
#12556=LINE('',#16711,#16712);
#12557=LINE('',#16713,#16714);
#12558=LINE('',#16715,#16716);
#12559=LINE('',#16717,#16718);
#12560=LINE('',#16719,#16720);
#12561=LINE('',#16721,#16722);
#12562=LINE('',#16723,#16724);
#12563=LINE('',#16725,#16726);
#12564=LINE('',#16727,#16728);
#12565=LINE('',#16729,#16730);
#12566=LINE('',#16731,#16732);
#12567=LINE('',#16733,#16734);
#12568=LINE('',#16735,#16736);
#12569=LINE('',#16737,#16738);
#12570=LINE('',#16739,#16740);
#12571=LINE('',#16741,#16742);
#12572=LINE('',#16743,#16744);
#12573=LINE('',#16745,#16746);
#12574=LINE('',#16747,#16748);
#12575=LINE('',#16749,#16750);
#12576=LINE('',#16751,#16752);
#12577=LINE('',#16753,#16754);
#12578=LINE('',#16755,#16756);
#12579=LINE('',#16757,#16758);
#12580=LINE('',#16759,#16760);
#12581=LINE('',#16761,#16762);
#12582=LINE('',#16763,#16764);
#12583=LINE('',#16765,#16766);
#12584=LINE('',#16767,#16768);
#12585=LINE('',#16769,#16770);
#12586=LINE('',#16771,#16772);
#12587=LINE('',#16773,#16774);
#12588=LINE('',#16775,#16776);
#12589=LINE('',#16777,#16778);
#12590=LINE('',#16779,#16780);
#12591=LINE('',#16781,#16782);
#12592=LINE('',#16783,#16784);
#12593=LINE('',#16785,#16786);
#12594=LINE('',#16787,#16788);
#12595=LINE('',#16789,#16790);
#12596=LINE('',#16791,#16792);
#12597=LINE('',#16793,#16794);
#12598=LINE('',#16795,#16796);
#12599=LINE('',#16797,#16798);
#12600=LINE('',#16799,#16800);
#12601=LINE('',#16801,#16802);
#12602=LINE('',#16803,#16804);
#12603=LINE('',#16805,#16806);
#12604=LINE('',#16807,#16808);
#12605=LINE('',#16809,#16810);
#12606=LINE('',#16811,#16812);
#12607=LINE('',#16813,#16814);
#12608=LINE('',#16815,#16816);
#12609=LINE('',#16817,#16818);
#12610=LINE('',#16819,#16820);
#12611=LINE('',#16821,#16822);
#12612=LINE('',#16823,#16824);
#12613=LINE('',#16825,#16826);
#12614=LINE('',#16827,#16828);
#12615=LINE('',#16829,#16830);
#12616=LINE('',#16831,#16832);
#12617=LINE('',#16833,#16834);
#12618=LINE('',#16835,#16836);
#12619=LINE('',#16837,#16838);
#12620=LINE('',#16839,#16840);
#12621=LINE('',#16841,#16842);
#12622=LINE('',#16843,#16844);
#12623=LINE('',#16845,#16846);
#12624=LINE('',#16847,#16848);
#12625=LINE('',#16849,#16850);
#12626=LINE('',#16851,#16852);
#12627=LINE('',#16853,#16854);
#12628=LINE('',#16855,#16856);
#12629=LINE('',#16857,#16858);
#12630=LINE('',#16859,#16860);
#12631=LINE('',#16861,#16862);
#12632=LINE('',#16863,#16864);
#12633=LINE('',#16865,#16866);
#12634=LINE('',#16867,#16868);
#12635=LINE('',#16869,#16870);
#12636=LINE('',#16871,#16872);
#12637=LINE('',#16873,#16874);
#12638=LINE('',#16875,#16876);
#12639=LINE('',#16877,#16878);
#12640=LINE('',#16879,#16880);
#12641=LINE('',#16881,#16882);
#12642=LINE('',#16883,#16884);
#12643=LINE('',#16885,#16886);
#12644=LINE('',#16887,#16888);
#12645=LINE('',#16889,#16890);
#12646=LINE('',#16891,#16892);
#12647=LINE('',#16893,#16894);
#12648=LINE('',#16895,#16896);
#12649=LINE('',#16897,#16898);
#12650=LINE('',#16899,#16900);
#12651=LINE('',#16901,#16902);
#12652=LINE('',#16903,#16904);
#12653=LINE('',#16905,#16906);
#12654=LINE('',#16907,#16908);
#12655=LINE('',#16909,#16910);
#12656=LINE('',#16911,#16912);
#12657=LINE('',#16913,#16914);
#12658=LINE('',#16915,#16916);
#12659=LINE('',#16917,#16918);
#12660=LINE('',#16919,#16920);
#12661=LINE('',#16921,#16922);
#12662=LINE('',#16923,#16924);
#12663=LINE('',#16925,#16926);
#12664=LINE('',#16927,#16928);
#12665=LINE('',#16929,#16930);
#12666=LINE('',#16931,#16932);
#12667=LINE('',#16933,#16934);
#12668=LINE('',#16935,#16936);
#12669=LINE('',#16937,#16938);
#12670=LINE('',#16939,#16940);
#12671=LINE('',#16941,#16942);
#12672=LINE('',#16943,#16944);
#12673=LINE('',#16945,#16946);
#12674=LINE('',#16947,#16948);
#12675=LINE('',#16949,#16950);
#12676=LINE('',#16951,#16952);
#12677=LINE('',#16953,#16954);
#12678=LINE('',#16955,#16956);
#12679=LINE('',#16957,#16958);
#12680=LINE('',#16959,#16960);
#12681=LINE('',#16961,#16962);
#12682=LINE('',#16963,#16964);
#12683=LINE('',#16965,#16966);
#12684=LINE('',#16967,#16968);
#12685=LINE('',#16969,#16970);
#12686=LINE('',#16971,#16972);
#12687=LINE('',#16973,#16974);
#12688=LINE('',#16975,#16976);
#12689=LINE('',#16977,#16978);
#12690=LINE('',#16979,#16980);
#12691=LINE('',#16981,#16982);
#12692=LINE('',#16983,#16984);
#12693=LINE('',#16985,#16986);
#12694=LINE('',#16987,#16988);
#12695=LINE('',#16989,#16990);
#12696=LINE('',#16991,#16992);
#12697=LINE('',#16993,#16994);
#12698=LINE('',#16995,#16996);
#12699=LINE('',#16997,#16998);
#12700=LINE('',#16999,#17000);
#12701=LINE('',#17001,#17002);
#12702=LINE('',#17003,#17004);
#12703=LINE('',#17005,#17006);
#12704=LINE('',#17007,#17008);
#12705=LINE('',#17009,#17010);
#12706=LINE('',#17011,#17012);
#12707=LINE('',#17013,#17014);
#12708=LINE('',#17015,#17016);
#12709=LINE('',#17017,#17018);
#12710=LINE('',#17019,#17020);
#12711=LINE('',#17021,#17022);
#12712=LINE('',#17023,#17024);
#12713=LINE('',#17025,#17026);
#12714=LINE('',#17027,#17028);
#12715=LINE('',#17029,#17030);
#12716=LINE('',#17031,#17032);
#12717=LINE('',#17033,#17034);
#12718=LINE('',#17035,#17036);
#12719=LINE('',#17037,#17038);
#12720=LINE('',#17039,#17040);
#12721=LINE('',#17041,#17042);
#12722=LINE('',#17043,#17044);
#12723=LINE('',#17045,#17046);
#12724=LINE('',#17047,#17048);
#12725=LINE('',#17049,#17050);
#12726=LINE('',#17051,#17052);
#12727=LINE('',#17053,#17054);
#12728=LINE('',#17055,#17056);
#12729=LINE('',#17057,#17058);
#12730=LINE('',#17059,#17060);
#12731=LINE('',#17061,#17062);
#12732=LINE('',#17063,#17064);
#12733=LINE('',#17065,#17066);
#12734=LINE('',#17067,#17068);
#12735=LINE('',#17069,#17070);
#12736=LINE('',#17071,#17072);
#12737=LINE('',#17073,#17074);
#12738=LINE('',#17075,#17076);
#12739=LINE('',#17077,#17078);
#12740=LINE('',#17079,#17080);
#12741=LINE('',#17081,#17082);
#12742=LINE('',#17083,#17084);
#12743=LINE('',#17085,#17086);
#12744=LINE('',#17087,#17088);
#12745=LINE('',#17089,#17090);
#12746=LINE('',#17091,#17092);
#12747=LINE('',#17093,#17094);
#12748=LINE('',#17095,#17096);
#12749=LINE('',#17097,#17098);
#12750=LINE('',#17099,#17100);
#12751=LINE('',#17101,#17102);
#12752=LINE('',#17103,#17104);
#12753=LINE('',#17105,#17106);
#12754=LINE('',#17107,#17108);
#12755=LINE('',#17109,#17110);
#12756=LINE('',#17111,#17112);
#12757=LINE('',#17113,#17114);
#12758=LINE('',#17115,#17116);
#12759=LINE('',#17117,#17118);
#12760=LINE('',#17119,#17120);
#12761=LINE('',#17121,#17122);
#12762=LINE('',#17123,#17124);
#12763=LINE('',#17125,#17126);
#12764=LINE('',#17127,#17128);
#12765=CARTESIAN_POINT('',(-1.697321834452,2.5,-7.411497297851));
#12766=CARTESIAN_POINT('',(-1.697321834452,2.45,-7.411497297851));
#12767=CARTESIAN_POINT('',(-1.697321834452,2.5,-7.411497297851));
#12768=VECTOR('',#17129,1.0);
#12769=CARTESIAN_POINT('',(-1.849644074452,2.5,-7.259175057851));
#12770=AXIS2_PLACEMENT_3D('',#17130,#17131,#17132);
#12771=CARTESIAN_POINT('',(-1.849644074452,2.45,-7.259175057851));
#12772=CARTESIAN_POINT('',(-1.849644074452,2.5,-7.259175057851));
#12773=VECTOR('',#17133,0.05);
#12774=AXIS2_PLACEMENT_3D('',#17134,#17135,#17136);
#12775=CARTESIAN_POINT('',(-0.9597615144522,2.45,-7.016913733041));
#12776=CARTESIAN_POINT('',(-0.9597615144522,2.5,-7.016913733041));
#12777=CARTESIAN_POINT('',(-0.9597615144522,2.5,-7.016913733041));
#12778=VECTOR('',#17137,1.0);
#12779=CARTESIAN_POINT('',(-1.031914154452,2.45,-6.944761093041));
#12780=AXIS2_PLACEMENT_3D('',#17138,#17139,#17140);
#12781=CARTESIAN_POINT('',(-1.031914154452,2.5,-6.944761093041));
#12782=CARTESIAN_POINT('',(-1.031914154452,2.5,-6.944761093041));
#12783=VECTOR('',#17141,0.05);
#12784=AXIS2_PLACEMENT_3D('',#17142,#17143,#17144);
#12785=CARTESIAN_POINT('',(-3.4,-5.3,-2.1));
#12786=CARTESIAN_POINT('',(-3.2,-5.3,-2.1));
#12787=CARTESIAN_POINT('',(-3.3,-5.3,-2.1));
#12788=VECTOR('',#17145,1.0);
#12789=CARTESIAN_POINT('',(-3.4,-4.8,-2.6));
#12790=AXIS2_PLACEMENT_3D('',#17146,#17147,#17148);
#12791=CARTESIAN_POINT('',(-3.2,-4.8,-2.6));
#12792=CARTESIAN_POINT('',(-3.4,-4.8,-2.6));
#12793=VECTOR('',#17149,0.2);
#12794=AXIS2_PLACEMENT_3D('',#17150,#17151,#17152);
#12795=CARTESIAN_POINT('',(2.57167334302699E-16,-2.1,2.8));
#12796=CARTESIAN_POINT('',(2.20429143688028E-16,-1.8,2.5));
#12797=CARTESIAN_POINT('',(2.38798238961564E-16,-1.949999999724,2.649999999724));
#12798=VECTOR('',#17153,1.0);
#12799=CARTESIAN_POINT('',(2.1,0.0,2.8));
#12800=AXIS2_PLACEMENT_3D('',#17154,#17155,#17156);
#12801=CARTESIAN_POINT('',(1.8,0.0,2.5));
#12802=CARTESIAN_POINT('',(2.099999999662,1.408303426584E-09,2.799999999662));
#12803=VECTOR('',#17157,0.4242640685411);
#12804=AXIS2_PLACEMENT_3D('',#17158,#17159,#17160);
#12805=CARTESIAN_POINT('',(-2.20429143688028E-16,1.8,2.5));
#12806=CARTESIAN_POINT('',(-2.57167334302699E-16,2.1,2.8));
#12807=CARTESIAN_POINT('',(-2.38798238961564E-16,1.949999999724,2.649999999724));
#12808=VECTOR('',#17161,1.0);
#12809=AXIS2_PLACEMENT_3D('',#17162,#17163,#17164);
#12810=AXIS2_PLACEMENT_3D('',#17165,#17166,#17167);
#12811=CARTESIAN_POINT('',(2.2,-5.3,-5.1));
#12812=CARTESIAN_POINT('',(2.4,-5.3,-5.1));
#12813=CARTESIAN_POINT('',(2.3,-5.3,-5.1));
#12814=VECTOR('',#17168,1.0);
#12815=CARTESIAN_POINT('',(2.2,-4.8,-5.6));
#12816=AXIS2_PLACEMENT_3D('',#17169,#17170,#17171);
#12817=CARTESIAN_POINT('',(2.4,-4.8,-5.6));
#12818=CARTESIAN_POINT('',(2.2,-4.8,-5.6));
#12819=VECTOR('',#17172,0.2);
#12820=AXIS2_PLACEMENT_3D('',#17173,#17174,#17175);
#12821=CARTESIAN_POINT('',(2.2,-5.3,-2.1));
#12822=CARTESIAN_POINT('',(2.4,-5.3,-2.1));
#12823=CARTESIAN_POINT('',(2.3,-5.3,-2.1));
#12824=VECTOR('',#17176,1.0);
#12825=CARTESIAN_POINT('',(2.2,-4.8,-2.6));
#12826=AXIS2_PLACEMENT_3D('',#17177,#17178,#17179);
#12827=CARTESIAN_POINT('',(2.4,-4.8,-2.6));
#12828=CARTESIAN_POINT('',(2.2,-4.8,-2.6));
#12829=VECTOR('',#17180,0.2);
#12830=AXIS2_PLACEMENT_3D('',#17181,#17182,#17183);
#12831=CARTESIAN_POINT('',(-2.2,-5.3,-10.7));
#12832=CARTESIAN_POINT('',(-2.4,-5.3,-10.7));
#12833=CARTESIAN_POINT('',(-2.3,-5.3,-10.7));
#12834=VECTOR('',#17184,1.0);
#12835=CARTESIAN_POINT('',(-2.2,-4.8,-10.2));
#12836=AXIS2_PLACEMENT_3D('',#17185,#17186,#17187);
#12837=CARTESIAN_POINT('',(-2.4,-4.8,-10.2));
#12838=CARTESIAN_POINT('',(-2.2,-4.8,-10.2));
#12839=VECTOR('',#17188,0.2);
#12840=AXIS2_PLACEMENT_3D('',#17189,#17190,#17191);
#12841=CARTESIAN_POINT('',(2.0,-5.3,-9.1));
#12842=CARTESIAN_POINT('',(2.2,-5.3,-9.1));
#12843=CARTESIAN_POINT('',(2.1,-5.3,-9.1));
#12844=VECTOR('',#17192,1.0);
#12845=CARTESIAN_POINT('',(2.0,-4.8,-9.6));
#12846=AXIS2_PLACEMENT_3D('',#17193,#17194,#17195);
#12847=CARTESIAN_POINT('',(2.2,-4.8,-9.6));
#12848=CARTESIAN_POINT('',(2.0,-4.8,-9.6));
#12849=VECTOR('',#17196,0.2);
#12850=AXIS2_PLACEMENT_3D('',#17197,#17198,#17199);
#12851=CARTESIAN_POINT('',(-0.0128786744859465,-3.2,-10.7995849186273));
#12852=CARTESIAN_POINT('',(-0.025757348971893,-3.0,-10.9991698372547));
#12853=AXIS2_PLACEMENT_3D('',#17200,#17201,#17202);
#12854=CARTESIAN_POINT('',(0.0,-3.2,-10.4));
#12855=AXIS2_PLACEMENT_3D('',#17203,#17204,#17205);
#12856=CARTESIAN_POINT('',(0.0,-3.0,-10.2));
#12857=AXIS2_PLACEMENT_3D('',#17206,#17207,#17208);
#12858=AXIS2_PLACEMENT_3D('',#17209,#17210,#17211);
#12859=CARTESIAN_POINT('',(0.0128786744859465,-3.2,-10.4004150813727));
#12860=CARTESIAN_POINT('',(0.025757348971893,-3.0,-10.2008301627453));
#12861=AXIS2_PLACEMENT_3D('',#17212,#17213,#17214);
#12862=CARTESIAN_POINT('',(0.0,-3.2,-10.8));
#12863=AXIS2_PLACEMENT_3D('',#17215,#17216,#17217);
#12864=CARTESIAN_POINT('',(0.0,-3.0,-11.0));
#12865=AXIS2_PLACEMENT_3D('',#17218,#17219,#17220);
#12866=AXIS2_PLACEMENT_3D('',#17221,#17222,#17223);
#12867=CARTESIAN_POINT('',(2.59989163340298,-0.023738040381778,2.8));
#12868=CARTESIAN_POINT('',(2.79988329751091,-0.0255640434880687,2.6));
#12869=AXIS2_PLACEMENT_3D('',#17224,#17225,#17226);
#12870=CARTESIAN_POINT('',(-2.6,0.0,2.8));
#12871=AXIS2_PLACEMENT_3D('',#17227,#17228,#17229);
#12872=CARTESIAN_POINT('',(-2.8,0.0,2.6));
#12873=AXIS2_PLACEMENT_3D('',#17230,#17231,#17232);
#12874=AXIS2_PLACEMENT_3D('',#17233,#17234,#17235);
#12875=CARTESIAN_POINT('',(-2.59989163340298,0.023738040381778,2.8));
#12876=CARTESIAN_POINT('',(-2.79988329751091,0.0255640434880687,2.6));
#12877=AXIS2_PLACEMENT_3D('',#17236,#17237,#17238);
#12878=CARTESIAN_POINT('',(2.6,0.0,2.8));
#12879=AXIS2_PLACEMENT_3D('',#17239,#17240,#17241);
#12880=CARTESIAN_POINT('',(2.8,0.0,2.6));
#12881=AXIS2_PLACEMENT_3D('',#17242,#17243,#17244);
#12882=AXIS2_PLACEMENT_3D('',#17245,#17246,#17247);
#12883=CARTESIAN_POINT('',(1.260952021292,-2.5,0.0));
#12884=CARTESIAN_POINT('',(2.8,0.0,0.0));
#12885=AXIS2_PLACEMENT_3D('',#17248,#17249,#17250);
#12886=CARTESIAN_POINT('',(3.1,-2.5,0.0));
#12887=CARTESIAN_POINT('',(1.260952021292,-2.5,0.0));
#12888=VECTOR('',#17251,1.839047978708);
#12889=CARTESIAN_POINT('',(3.1,2.5,0.0));
#12890=CARTESIAN_POINT('',(3.1,-2.5,0.0));
#12891=VECTOR('',#17252,5.0);
#12892=CARTESIAN_POINT('',(1.260952021292,2.5,0.0));
#12893=CARTESIAN_POINT('',(3.1,2.5,0.0));
#12894=VECTOR('',#17253,1.839047978708);
#12895=AXIS2_PLACEMENT_3D('',#17254,#17255,#17256);
#12896=CARTESIAN_POINT('',(-1.260952021292,2.5,0.0));
#12897=CARTESIAN_POINT('',(-3.9,2.5,0.0));
#12898=CARTESIAN_POINT('',(-1.260952021292,2.5,0.0));
#12899=VECTOR('',#17257,2.639047978708);
#12900=CARTESIAN_POINT('',(-3.9,-2.5,0.0));
#12901=CARTESIAN_POINT('',(-3.9,2.5,0.0));
#12902=VECTOR('',#17258,5.0);
#12903=CARTESIAN_POINT('',(-1.260952021292,-2.5,0.0));
#12904=CARTESIAN_POINT('',(-3.9,-2.5,0.0));
#12905=VECTOR('',#17259,2.639047978708);
#12906=CARTESIAN_POINT('',(-2.8,0.0,0.0));
#12907=AXIS2_PLACEMENT_3D('',#17260,#17261,#17262);
#12908=AXIS2_PLACEMENT_3D('',#17263,#17264,#17265);
#12909=CARTESIAN_POINT('',(2.8,0.0,0.0));
#12910=VECTOR('',#17266,2.6);
#12911=AXIS2_PLACEMENT_3D('',#17267,#17268,#17269);
#12912=CARTESIAN_POINT('',(-2.8,0.0,0.0));
#12913=VECTOR('',#17270,2.6);
#12914=AXIS2_PLACEMENT_3D('',#17271,#17272,#17273);
#12915=AXIS2_PLACEMENT_3D('',#17274,#17275,#17276);
#12916=AXIS2_PLACEMENT_3D('',#17277,#17278,#17279);
#12917=CARTESIAN_POINT('',(-2.1,0.0,2.8));
#12918=AXIS2_PLACEMENT_3D('',#17280,#17281,#17282);
#12919=AXIS2_PLACEMENT_3D('',#17283,#17284,#17285);
#12920=AXIS2_PLACEMENT_3D('',#17286,#17287,#17288);
#12921=AXIS2_PLACEMENT_3D('',#17289,#17290,#17291);
#12922=CARTESIAN_POINT('',(-1.260952021292,2.5,0.0));
#12923=VECTOR('',#17292,2.521904042584);
#12924=CARTESIAN_POINT('',(-1.260952021292,-2.5,0.0));
#12925=VECTOR('',#17293,2.521904042584);
#12926=CARTESIAN_POINT('',(-3.9,2.5,-7.7));
#12927=CARTESIAN_POINT('',(-2.3,2.5,-7.7));
#12928=CARTESIAN_POINT('',(-3.9,2.5,-7.7));
#12929=VECTOR('',#17294,1.6);
#12930=CARTESIAN_POINT('',(-3.9,2.5,0.0));
#12931=VECTOR('',#17295,7.7);
#12932=CARTESIAN_POINT('',(3.1,2.5,-11.2));
#12933=CARTESIAN_POINT('',(3.1,2.5,0.0));
#12934=VECTOR('',#17296,11.2);
#12935=CARTESIAN_POINT('',(-3.9,2.5,-11.2));
#12936=CARTESIAN_POINT('',(3.1,2.5,-11.2));
#12937=VECTOR('',#17297,7.0);
#12938=CARTESIAN_POINT('',(-3.9,2.5,-9.1));
#12939=CARTESIAN_POINT('',(-3.9,2.5,-9.1));
#12940=VECTOR('',#17298,2.1);
#12941=CARTESIAN_POINT('',(-2.3,2.5,-9.1));
#12942=CARTESIAN_POINT('',(-3.9,2.5,-9.1));
#12943=VECTOR('',#17299,1.6);
#12944=CARTESIAN_POINT('',(-2.3,2.5,-9.1));
#12945=VECTOR('',#17300,1.4);
#12946=CARTESIAN_POINT('',(2.25,2.5,-7.5));
#12947=CARTESIAN_POINT('',(2.25,2.5,-7.1));
#12948=CARTESIAN_POINT('',(2.25,2.5,-7.5));
#12949=VECTOR('',#17301,0.4);
#12950=CARTESIAN_POINT('',(0.9,2.5,-7.5));
#12951=CARTESIAN_POINT('',(0.9,2.5,-7.5));
#12952=VECTOR('',#17302,1.35);
#12953=CARTESIAN_POINT('',(0.9,2.5,-9.5));
#12954=CARTESIAN_POINT('',(0.9,2.5,-9.5));
#12955=VECTOR('',#17303,2.0);
#12956=CARTESIAN_POINT('',(2.25,2.5,-9.5));
#12957=CARTESIAN_POINT('',(2.25,2.5,-9.5));
#12958=VECTOR('',#17304,1.35);
#12959=CARTESIAN_POINT('',(2.25,2.5,-9.9));
#12960=CARTESIAN_POINT('',(2.25,2.5,-9.9));
#12961=VECTOR('',#17305,0.4);
#12962=CARTESIAN_POINT('',(2.5,2.5,-9.9));
#12963=CARTESIAN_POINT('',(2.5,2.5,-9.9));
#12964=VECTOR('',#17306,0.25);
#12965=CARTESIAN_POINT('',(2.5,2.5,-7.1));
#12966=CARTESIAN_POINT('',(2.5,2.5,-9.9));
#12967=VECTOR('',#17307,2.8);
#12968=CARTESIAN_POINT('',(2.25,2.5,-7.1));
#12969=VECTOR('',#17308,0.25);
#12970=CARTESIAN_POINT('',(2.5,2.5,-6.1));
#12971=CARTESIAN_POINT('',(2.5,2.5,-3.3));
#12972=CARTESIAN_POINT('',(2.5,2.5,-6.1));
#12973=VECTOR('',#17309,2.8);
#12974=CARTESIAN_POINT('',(2.25,2.5,-3.3));
#12975=CARTESIAN_POINT('',(2.25,2.5,-3.3));
#12976=VECTOR('',#17310,0.25);
#12977=CARTESIAN_POINT('',(2.25,2.5,-3.7));
#12978=CARTESIAN_POINT('',(2.25,2.5,-3.7));
#12979=VECTOR('',#17311,0.4);
#12980=CARTESIAN_POINT('',(0.9,2.5,-3.7));
#12981=CARTESIAN_POINT('',(0.9,2.5,-3.7));
#12982=VECTOR('',#17312,1.35);
#12983=CARTESIAN_POINT('',(0.9,2.5,-5.7));
#12984=CARTESIAN_POINT('',(0.9,2.5,-5.7));
#12985=VECTOR('',#17313,2.0);
#12986=CARTESIAN_POINT('',(2.25,2.5,-5.7));
#12987=CARTESIAN_POINT('',(2.25,2.5,-5.7));
#12988=VECTOR('',#17314,1.35);
#12989=CARTESIAN_POINT('',(2.25,2.5,-6.1));
#12990=CARTESIAN_POINT('',(2.25,2.5,-6.1));
#12991=VECTOR('',#17315,0.4);
#12992=CARTESIAN_POINT('',(2.5,2.5,-6.1));
#12993=VECTOR('',#17316,0.25);
#12994=CARTESIAN_POINT('',(2.5,2.5,-3.1));
#12995=CARTESIAN_POINT('',(2.5,2.5,-0.3));
#12996=CARTESIAN_POINT('',(2.5,2.5,-3.1));
#12997=VECTOR('',#17317,2.8);
#12998=CARTESIAN_POINT('',(2.25,2.5,-0.3));
#12999=CARTESIAN_POINT('',(2.25,2.5,-0.3));
#13000=VECTOR('',#17318,0.25);
#13001=CARTESIAN_POINT('',(2.25,2.5,-0.7));
#13002=CARTESIAN_POINT('',(2.25,2.5,-0.7));
#13003=VECTOR('',#17319,0.4);
#13004=CARTESIAN_POINT('',(0.9,2.5,-0.7));
#13005=CARTESIAN_POINT('',(0.9,2.5,-0.7));
#13006=VECTOR('',#17320,1.35);
#13007=CARTESIAN_POINT('',(0.9,2.5,-2.7));
#13008=CARTESIAN_POINT('',(0.9,2.5,-2.7));
#13009=VECTOR('',#17321,2.0);
#13010=CARTESIAN_POINT('',(2.25,2.5,-2.7));
#13011=CARTESIAN_POINT('',(2.25,2.5,-2.7));
#13012=VECTOR('',#17322,1.35);
#13013=CARTESIAN_POINT('',(2.25,2.5,-3.1));
#13014=CARTESIAN_POINT('',(2.25,2.5,-3.1));
#13015=VECTOR('',#17323,0.4);
#13016=CARTESIAN_POINT('',(2.5,2.5,-3.1));
#13017=VECTOR('',#17324,0.25);
#13018=CARTESIAN_POINT('',(-3.1,2.5,-3.1));
#13019=CARTESIAN_POINT('',(-3.4,2.5,-3.1));
#13020=CARTESIAN_POINT('',(-3.1,2.5,-3.1));
#13021=VECTOR('',#17325,0.3);
#13022=CARTESIAN_POINT('',(-3.1,2.5,-2.8));
#13023=CARTESIAN_POINT('',(-3.1,2.5,-2.8));
#13024=VECTOR('',#17326,0.3);
#13025=CARTESIAN_POINT('',(-2.3,2.5,-2.8));
#13026=CARTESIAN_POINT('',(-2.3,2.5,-2.8));
#13027=VECTOR('',#17327,0.8);
#13028=CARTESIAN_POINT('',(-2.3,2.5,-0.8));
#13029=CARTESIAN_POINT('',(-2.3,2.5,-0.8));
#13030=VECTOR('',#17328,2.0);
#13031=CARTESIAN_POINT('',(-3.1,2.5,-0.8));
#13032=CARTESIAN_POINT('',(-3.1,2.5,-0.8));
#13033=VECTOR('',#17329,0.8);
#13034=CARTESIAN_POINT('',(-3.1,2.5,-0.5));
#13035=CARTESIAN_POINT('',(-3.1,2.5,-0.5));
#13036=VECTOR('',#17330,0.3);
#13037=CARTESIAN_POINT('',(-3.4,2.5,-0.5));
#13038=CARTESIAN_POINT('',(-3.4,2.5,-0.5));
#13039=VECTOR('',#17331,0.3);
#13040=CARTESIAN_POINT('',(-3.4,2.5,-3.1));
#13041=VECTOR('',#17332,2.6);
#13042=CARTESIAN_POINT('',(-1.031914154452,2.5,-6.611962222469));
#13043=CARTESIAN_POINT('',(-1.031914154452,2.5,-6.611962222469));
#13044=VECTOR('',#17333,0.3327988705718);
#13045=CARTESIAN_POINT('',(-1.280439914452,2.5,-6.660122045004));
#13046=CARTESIAN_POINT('',(-1.280439914452,2.5,-6.660122045004));
#13047=VECTOR('',#17334,0.2531490112367);
#13048=CARTESIAN_POINT('',(-1.280439914452,2.5,-6.994434465601));
#13049=CARTESIAN_POINT('',(-1.280439914452,2.5,-6.994434465601));
#13050=VECTOR('',#17335,0.3343124205977);
#13051=CARTESIAN_POINT('',(-1.364833179656,2.5,-7.096751570744));
#13052=AXIS2_PLACEMENT_3D('',#17336,#17337,#17338);
#13053=CARTESIAN_POINT('',(-1.601118314452,2.5,-7.142539380262));
#13054=CARTESIAN_POINT('',(-1.601118314452,2.5,-7.142539380262));
#13055=VECTOR('',#17339,0.2406806773011);
#13056=CARTESIAN_POINT('',(-1.601118314452,2.5,-6.722263751499));
#13057=CARTESIAN_POINT('',(-1.601118314452,2.5,-6.722263751499));
#13058=VECTOR('',#17340,0.4202756287633);
#13059=CARTESIAN_POINT('',(-1.849644074452,2.5,-6.770423574033));
#13060=CARTESIAN_POINT('',(-1.849644074452,2.5,-6.770423574033));
#13061=VECTOR('',#17341,0.2531490112367);
#13062=CARTESIAN_POINT('',(-1.849644074452,2.5,-7.259175057851));
#13063=VECTOR('',#17342,0.4887514838179);
#13064=CARTESIAN_POINT('',(-1.668343597442,2.5,-7.408715442291));
#13065=AXIS2_PLACEMENT_3D('',#17343,#17344,#17345);
#13066=CARTESIAN_POINT('',(-1.349588680597,2.5,-7.346946472237));
#13067=CARTESIAN_POINT('',(-1.349588680597,2.5,-7.346946472237));
#13068=VECTOR('',#17346,0.324684620324);
#13069=CARTESIAN_POINT('',(-1.160185514452,2.5,-7.112744257822));
#13070=CARTESIAN_POINT('',(-1.160185514452,2.5,-7.112744257822));
#13071=VECTOR('',#17347,0.3012046423649);
#13072=CARTESIAN_POINT('',(-0.9538211709126,2.5,-7.270253846767));
#13073=CARTESIAN_POINT('',(-0.9538211709126,2.5,-7.270253846767));
#13074=VECTOR('',#17348,0.2596064577284);
#13075=CARTESIAN_POINT('',(-0.4810513011318,2.5,-7.178639548804));
#13076=CARTESIAN_POINT('',(-0.4810513011318,2.5,-7.178639548804));
#13077=VECTOR('',#17349,0.481564667894);
#13078=CARTESIAN_POINT('',(-0.4226251944522,2.5,-7.107804629859));
#13079=AXIS2_PLACEMENT_3D('',#17350,#17351,#17352);
#13080=CARTESIAN_POINT('',(-0.4226251944522,2.5,-5.577162943168));
#13081=CARTESIAN_POINT('',(-0.4226251944522,2.5,-5.577162943168));
#13082=VECTOR('',#17353,1.530641686691);
#13083=CARTESIAN_POINT('',(-1.112858160752,2.5,-5.23512873059));
#13084=CARTESIAN_POINT('',(-1.112858160752,2.5,-5.23512873059));
#13085=VECTOR('',#17354,0.7703304163419);
#13086=CARTESIAN_POINT('',(-0.9974892193886,2.5,-5.099186570142));
#13087=CARTESIAN_POINT('',(-0.9974892193886,2.5,-5.099186570142));
#13088=VECTOR('',#17355,0.1782982434534);
#13089=CARTESIAN_POINT('',(-0.4226251944522,2.5,-4.987788261081));
#13090=CARTESIAN_POINT('',(-0.4226251944522,2.5,-4.987788261081));
#13091=VECTOR('',#17356,0.5855580504338);
#13092=CARTESIAN_POINT('',(-0.4226251944522,2.5,-4.739262501081));
#13093=CARTESIAN_POINT('',(-0.4226251944522,2.5,-4.739262501081));
#13094=VECTOR('',#17357,0.24852576);
#13095=CARTESIAN_POINT('',(-1.785508394452,2.5,-5.003364753688));
#13096=CARTESIAN_POINT('',(-1.785508394452,2.5,-5.003364753688));
#13097=VECTOR('',#17358,1.388236513233);
#13098=CARTESIAN_POINT('',(-1.785508394452,2.5,-4.626567633688));
#13099=CARTESIAN_POINT('',(-1.785508394452,2.5,-4.626567633688));
#13100=VECTOR('',#17359,0.37679712);
#13101=CARTESIAN_POINT('',(-1.18569243786,2.5,-4.135449116163));
#13102=CARTESIAN_POINT('',(-1.18569243786,2.5,-4.135449116163));
#13103=VECTOR('',#17360,0.775226792647);
#13104=CARTESIAN_POINT('',(-0.4226251944522,2.5,-4.648789180663));
#13105=CARTESIAN_POINT('',(-0.4226251944522,2.5,-4.648789180663));
#13106=VECTOR('',#17361,0.9196682226666);
#13107=CARTESIAN_POINT('',(-0.4226251944522,2.5,-4.344144700663));
#13108=CARTESIAN_POINT('',(-0.4226251944522,2.5,-4.344144700663));
#13109=VECTOR('',#17362,0.30464448);
#13110=CARTESIAN_POINT('',(-0.9814406550972,2.5,-3.96821142992));
#13111=CARTESIAN_POINT('',(-0.9814406550972,2.5,-3.96821142992));
#13112=VECTOR('',#17363,0.673498732818);
#13113=CARTESIAN_POINT('',(-0.4226251944522,2.5,-3.510663381081));
#13114=CARTESIAN_POINT('',(-0.4226251944522,2.5,-3.510663381081));
#13115=VECTOR('',#17364,0.7222360667072);
#13116=CARTESIAN_POINT('',(-0.4226251944522,2.5,-3.189984981081));
#13117=CARTESIAN_POINT('',(-0.4226251944522,2.5,-3.189984981081));
#13118=VECTOR('',#17365,0.3206784);
#13119=CARTESIAN_POINT('',(-1.19644253169,2.5,-3.82357269965));
#13120=CARTESIAN_POINT('',(-1.19644253169,2.5,-3.82357269965));
#13121=VECTOR('',#17366,1.000113327844);
#13122=CARTESIAN_POINT('',(-1.849644074452,2.5,-3.384142852556));
#13123=CARTESIAN_POINT('',(-1.849644074452,2.5,-3.384142852556));
#13124=VECTOR('',#17367,0.7872552610079);
#13125=CARTESIAN_POINT('',(-1.849644074452,2.5,-3.688787332556));
#13126=CARTESIAN_POINT('',(-1.849644074452,2.5,-3.688787332556));
#13127=VECTOR('',#17368,0.30464448);
#13128=CARTESIAN_POINT('',(-1.400694314452,2.5,-3.990810385893));
#13129=CARTESIAN_POINT('',(-1.400694314452,2.5,-3.990810385893));
#13130=VECTOR('',#17369,0.5410857711593);
#13131=CARTESIAN_POINT('',(-1.849644074452,2.5,-4.358402374987));
#13132=CARTESIAN_POINT('',(-1.849644074452,2.5,-4.358402374987));
#13133=VECTOR('',#17370,0.5802411200957);
#13134=CARTESIAN_POINT('',(-1.849644074452,2.5,-5.264318854987));
#13135=CARTESIAN_POINT('',(-1.849644074452,2.5,-5.264318854987));
#13136=VECTOR('',#17371,0.90591648);
#13137=CARTESIAN_POINT('',(-1.388344578252,2.5,-5.174927309128));
#13138=CARTESIAN_POINT('',(-1.388344578252,2.5,-5.174927309128));
#13139=VECTOR('',#17372,0.4698809143446);
#13140=CARTESIAN_POINT('',(-1.849644074452,2.5,-5.718488248367));
#13141=CARTESIAN_POINT('',(-1.849644074452,2.5,-5.718488248367));
#13142=VECTOR('',#17373,0.7129205564865);
#13143=CARTESIAN_POINT('',(-1.849644074452,2.5,-6.103302328367));
#13144=CARTESIAN_POINT('',(-1.849644074452,2.5,-6.103302328367));
#13145=VECTOR('',#17374,0.38481408);
#13146=CARTESIAN_POINT('',(-1.278562412658,2.5,-5.430382268788));
#13147=CARTESIAN_POINT('',(-1.278562412658,2.5,-5.430382268788));
#13148=VECTOR('',#17375,0.8825846537423);
#13149=CARTESIAN_POINT('',(-0.4787439144522,2.5,-5.826719887528));
#13150=CARTESIAN_POINT('',(-0.4787439144522,2.5,-5.826719887528));
#13151=VECTOR('',#17376,0.8926327005557);
#13152=CARTESIAN_POINT('',(-0.4787439144522,2.5,-6.003093007528));
#13153=CARTESIAN_POINT('',(-0.4787439144522,2.5,-6.003093007528));
#13154=VECTOR('',#17377,0.17637312);
#13155=CARTESIAN_POINT('',(-1.849644074452,2.5,-6.268748802797));
#13156=CARTESIAN_POINT('',(-1.849644074452,2.5,-6.268748802797));
#13157=VECTOR('',#17378,1.39640261037);
#13158=CARTESIAN_POINT('',(-1.849644074452,2.5,-6.517274562797));
#13159=CARTESIAN_POINT('',(-1.849644074452,2.5,-6.517274562797));
#13160=VECTOR('',#17379,0.24852576);
#13161=CARTESIAN_POINT('',(-0.6711509544522,2.5,-6.288903791425));
#13162=CARTESIAN_POINT('',(-0.6711509544522,2.5,-6.288903791425));
#13163=VECTOR('',#17380,1.20041627909);
#13164=CARTESIAN_POINT('',(-0.6711509544522,2.5,-6.962328431425));
#13165=CARTESIAN_POINT('',(-0.6711509544522,2.5,-6.962328431425));
#13166=VECTOR('',#17381,0.67342464);
#13167=CARTESIAN_POINT('',(-0.9460349811317,2.5,-7.015596011986));
#13168=CARTESIAN_POINT('',(-0.9460349811318,2.5,-7.015596011986));
#13169=VECTOR('',#17382,0.2799976129585);
#13170=AXIS2_PLACEMENT_3D('',#17383,#17384,#17385);
#13171=CARTESIAN_POINT('',(-0.3584895144522,2.5,-3.115358549859));
#13172=CARTESIAN_POINT('',(-0.3264216744522,2.5,-3.115358549859));
#13173=CARTESIAN_POINT('',(-0.3584895144522,2.5,-3.115358549859));
#13174=VECTOR('',#17386,0.03206784);
#13175=CARTESIAN_POINT('',(-0.3584895144522,2.5,-7.163923349859));
#13176=CARTESIAN_POINT('',(-0.3584895144522,2.5,-7.163923349859));
#13177=VECTOR('',#17387,4.0485648);
#13178=CARTESIAN_POINT('',(-0.3264216744522,2.5,-7.163923349859));
#13179=CARTESIAN_POINT('',(-0.3264216744522,2.5,-7.163923349859));
#13180=VECTOR('',#17388,0.03206784);
#13181=CARTESIAN_POINT('',(-0.3264216744522,2.5,-3.115358549859));
#13182=VECTOR('',#17389,4.0485648);
#13183=CARTESIAN_POINT('',(0.1674959109678,2.5,-3.193682610236));
#13184=CARTESIAN_POINT('',(0.1436661244883,2.5,-3.217015954695));
#13185=CARTESIAN_POINT('',(0.1674959109678,2.5,-3.193682610236));
#13186=VECTOR('',#17390,0.03335121717906);
#13187=CARTESIAN_POINT('',(0.1794108047291,2.5,-3.170349282465));
#13188=CARTESIAN_POINT('',(0.1794108047291,2.5,-3.170349282465));
#13189=VECTOR('',#17391,0.02619940606532);
#13190=CARTESIAN_POINT('',(0.1853682513489,2.5,-3.14118261858));
#13191=CARTESIAN_POINT('',(0.1853682513489,2.5,-3.14118261858));
#13192=VECTOR('',#17392,0.02976886716716);
#13193=CARTESIAN_POINT('',(0.1853682513489,2.5,-3.09451594635));
#13194=CARTESIAN_POINT('',(0.1853682513489,2.5,-3.09451594635));
#13195=VECTOR('',#17393,0.04666667222977);
#13196=CARTESIAN_POINT('',(0.1794108047291,2.5,-3.065349282465));
#13197=CARTESIAN_POINT('',(0.1794108047291,2.5,-3.065349282465));
#13198=VECTOR('',#17394,0.02976886716716);
#13199=CARTESIAN_POINT('',(0.1615384648695,2.5,-3.036182616494));
#13200=CARTESIAN_POINT('',(0.1615384648695,2.5,-3.036182616494));
#13201=VECTOR('',#17395,0.03420694280314);
#13202=CARTESIAN_POINT('',(0.1317512281193,2.5,-3.018682615972));
#13203=CARTESIAN_POINT('',(0.1317512281193,2.5,-3.018682615972));
#13204=VECTOR('',#17396,0.03454749616777);
#13205=CARTESIAN_POINT('',(0.107921443726,2.5,-3.012849282465));
#13206=CARTESIAN_POINT('',(0.107921443726,2.5,-3.012849282465));
#13207=VECTOR('',#17397,0.02453337327066);
#13208=CARTESIAN_POINT('',(0.107921443726,2.5,-3.047849282465));
#13209=CARTESIAN_POINT('',(0.107921443726,2.5,-3.047849282465));
#13210=VECTOR('',#17398,0.035);
#13211=CARTESIAN_POINT('',(0.125793782021,2.5,-3.053682614408));
#13212=CARTESIAN_POINT('',(0.125793782021,2.5,-3.053682614408));
#13213=VECTOR('',#17399,0.01880021908602);
#13214=CARTESIAN_POINT('',(0.1436661244883,2.5,-3.071182614408));
#13215=CARTESIAN_POINT('',(0.1436661244883,2.5,-3.071182614408));
#13216=VECTOR('',#17400,0.0250134089094);
#13217=CARTESIAN_POINT('',(0.1496235705866,2.5,-3.09451594635));
#13218=CARTESIAN_POINT('',(0.1496235705866,2.5,-3.09451594635));
#13219=VECTOR('',#17401,0.02408185091633);
#13220=CARTESIAN_POINT('',(0.1496235705866,2.5,-3.14118261858));
#13221=CARTESIAN_POINT('',(0.1496235705866,2.5,-3.14118261858));
#13222=VECTOR('',#17402,0.04666667222977);
#13223=CARTESIAN_POINT('',(0.1436661244883,2.5,-3.164515954695));
#13224=CARTESIAN_POINT('',(0.1436661244883,2.5,-3.164515954695));
#13225=VECTOR('',#17403,0.02408185495897);
#13226=CARTESIAN_POINT('',(0.1317512281193,2.5,-3.182015954695));
#13227=CARTESIAN_POINT('',(0.1317512281193,2.5,-3.182015954695));
#13228=VECTOR('',#17404,0.02117108300214);
#13229=CARTESIAN_POINT('',(0.1138788898244,2.5,-3.193682610236));
#13230=CARTESIAN_POINT('',(0.1138788898244,2.5,-3.193682610236));
#13231=VECTOR('',#17405,0.02134317988563);
#13232=CARTESIAN_POINT('',(0.09600655152937,2.5,-3.193682610236));
#13233=CARTESIAN_POINT('',(0.09600655152937,2.5,-3.193682610236));
#13234=VECTOR('',#17406,0.01787233829498);
#13235=CARTESIAN_POINT('',(0.07813420488974,2.5,-3.182015954695));
#13236=CARTESIAN_POINT('',(0.07813420488974,2.5,-3.182015954695));
#13237=VECTOR('',#17407,0.02134318687326);
#13238=CARTESIAN_POINT('',(0.06621931269309,2.5,-3.164515954695));
#13239=CARTESIAN_POINT('',(0.06621931269309,2.5,-3.164515954695));
#13240=VECTOR('',#17408,0.02117108065399);
#13241=CARTESIAN_POINT('',(0.06026186659476,2.5,-3.14118261858));
#13242=CARTESIAN_POINT('',(0.06026186659476,2.5,-3.14118261858));
#13243=VECTOR('',#17409,0.02408185495896);
#13244=CARTESIAN_POINT('',(0.06026186659476,2.5,-3.10618261858));
#13245=CARTESIAN_POINT('',(0.06026186659476,2.5,-3.10618261858));
#13246=VECTOR('',#17410,0.035);
#13247=CARTESIAN_POINT('',(0.05430442049643,2.5,-3.082849282465));
#13248=CARTESIAN_POINT('',(0.05430442049643,2.5,-3.082849282465));
#13249=VECTOR('',#17411,0.02408185495896);
#13250=CARTESIAN_POINT('',(0.04238952829978,2.5,-3.059515950523));
#13251=CARTESIAN_POINT('',(0.04238952829978,2.5,-3.059515950523));
#13252=VECTOR('',#17412,0.02619940906966);
#13253=CARTESIAN_POINT('',(0.01855974390647,2.5,-3.036182616494));
#13254=CARTESIAN_POINT('',(0.01855974390647,2.5,-3.036182616494));
#13255=VECTOR('',#17413,0.03335120839081);
#13256=CARTESIAN_POINT('',(-0.005270040486845,2.5,-3.030349282465));
#13257=CARTESIAN_POINT('',(-0.005270040486845,2.5,-3.030349282465));
#13258=VECTOR('',#17414,0.02453337339467);
#13259=CARTESIAN_POINT('',(-0.02909984156946,2.5,-3.030349282465));
#13260=CARTESIAN_POINT('',(-0.02909984156946,2.5,-3.030349282465));
#13261=VECTOR('',#17415,0.02382980108261);
#13262=CARTESIAN_POINT('',(-0.05292962596277,2.5,-3.036182616494));
#13263=CARTESIAN_POINT('',(-0.05292962596277,2.5,-3.036182616494));
#13264=VECTOR('',#17416,0.02453337339467);
#13265=CARTESIAN_POINT('',(-0.07675941035608,2.5,-3.059515950523));
#13266=CARTESIAN_POINT('',(-0.07675941035608,2.5,-3.059515950523));
#13267=VECTOR('',#17417,0.03335120839081);
#13268=CARTESIAN_POINT('',(-0.08867430255273,2.5,-3.082849282465));
#13269=CARTESIAN_POINT('',(-0.08867430255273,2.5,-3.082849282465));
#13270=VECTOR('',#17418,0.02619940906966);
#13271=CARTESIAN_POINT('',(-0.09463174865106,2.5,-3.10618261858));
#13272=CARTESIAN_POINT('',(-0.09463174865106,2.5,-3.10618261858));
#13273=VECTOR('',#17419,0.02408185495897);
#13274=CARTESIAN_POINT('',(-0.09463174865106,2.5,-3.135349282465));
#13275=CARTESIAN_POINT('',(-0.09463174865106,2.5,-3.135349282465));
#13276=VECTOR('',#17420,0.02916666388512);
#13277=CARTESIAN_POINT('',(-0.08867430255273,2.5,-3.164515954695));
#13278=CARTESIAN_POINT('',(-0.08867430255273,2.5,-3.164515954695));
#13279=VECTOR('',#17421,0.02976887523863);
#13280=CARTESIAN_POINT('',(-0.07080196425775,2.5,-3.187849282465));
#13281=CARTESIAN_POINT('',(-0.07080196425775,2.5,-3.187849282465));
#13282=VECTOR('',#17422,0.02939157465947);
#13283=CARTESIAN_POINT('',(-0.04697217986444,2.5,-3.205349282465));
#13284=CARTESIAN_POINT('',(-0.04697217986444,2.5,-3.205349282465));
#13285=VECTOR('',#17423,0.02956532807583);
#13286=CARTESIAN_POINT('',(-0.02909984156946,2.5,-3.211182610236));
#13287=CARTESIAN_POINT('',(-0.02909984156946,2.5,-3.211182610236));
#13288=VECTOR('',#17424,0.01880021779143);
#13289=CARTESIAN_POINT('',(-0.02909984156946,2.5,-3.176182610236));
#13290=CARTESIAN_POINT('',(-0.02909984156946,2.5,-3.176182610236));
#13291=VECTOR('',#17425,0.035);
#13292=CARTESIAN_POINT('',(-0.04101473376611,2.5,-3.170349282465));
#13293=CARTESIAN_POINT('',(-0.04101473376611,2.5,-3.170349282465));
#13294=VECTOR('',#17426,0.01326621155164);
#13295=CARTESIAN_POINT('',(-0.05292962596277,2.5,-3.158682610236));
#13296=CARTESIAN_POINT('',(-0.05292962596277,2.5,-3.158682610236));
#13297=VECTOR('',#17427,0.01667560784424);
#13298=CARTESIAN_POINT('',(-0.05888707206109,2.5,-3.14118261858));
#13299=CARTESIAN_POINT('',(-0.05888707206109,2.5,-3.14118261858));
#13300=VECTOR('',#17428,0.01848623466128);
#13301=CARTESIAN_POINT('',(-0.05888707206109,2.5,-3.10618261858));
#13302=CARTESIAN_POINT('',(-0.05888707206109,2.5,-3.10618261858));
#13303=VECTOR('',#17429,0.035);
#13304=CARTESIAN_POINT('',(-0.05292962596277,2.5,-3.08868261858));
#13305=CARTESIAN_POINT('',(-0.05292962596277,2.5,-3.08868261858));
#13306=VECTOR('',#17430,0.01848624256074);
#13307=CARTESIAN_POINT('',(-0.04101473376611,2.5,-3.071182614408));
#13308=CARTESIAN_POINT('',(-0.04101473376611,2.5,-3.071182614408));
#13309=VECTOR('',#17431,0.02117108410284);
#13310=CARTESIAN_POINT('',(-0.02314237878183,2.5,-3.065349282465));
#13311=CARTESIAN_POINT('',(-0.02314237878183,2.5,-3.065349282465));
#13312=VECTOR('',#17432,0.01880023495163);
#13313=CARTESIAN_POINT('',(-0.01122748658517,2.5,-3.065349282465));
#13314=CARTESIAN_POINT('',(-0.01122748658517,2.5,-3.065349282465));
#13315=VECTOR('',#17433,0.01191489219665);
#13316=CARTESIAN_POINT('',(0.00664485170981,2.5,-3.071182614408));
#13317=CARTESIAN_POINT('',(0.00664485170981,2.5,-3.071182614408));
#13318=VECTOR('',#17434,0.01880021908602);
#13319=CARTESIAN_POINT('',(0.01855974390647,2.5,-3.08868261858));
#13320=CARTESIAN_POINT('',(0.01855974390647,2.5,-3.08868261858));
#13321=VECTOR('',#17435,0.02117108410283);
#13322=CARTESIAN_POINT('',(0.02451719000479,2.5,-3.10618261858));
#13323=CARTESIAN_POINT('',(0.02451719000479,2.5,-3.10618261858));
#13324=VECTOR('',#17436,0.01848624256074);
#13325=CARTESIAN_POINT('',(0.02451719000479,2.5,-3.14118261858));
#13326=CARTESIAN_POINT('',(0.02451719000479,2.5,-3.14118261858));
#13327=VECTOR('',#17437,0.035);
#13328=CARTESIAN_POINT('',(0.03047463610312,2.5,-3.170349282465));
#13329=CARTESIAN_POINT('',(0.03047463610312,2.5,-3.170349282465));
#13330=VECTOR('',#17438,0.02976886706279);
#13331=CARTESIAN_POINT('',(0.04238952829978,2.5,-3.193682610236));
#13332=CARTESIAN_POINT('',(0.04238952829978,2.5,-3.193682610236));
#13333=VECTOR('',#17439,0.02619940535377);
#13334=CARTESIAN_POINT('',(0.06621931269309,2.5,-3.217015954695));
#13335=CARTESIAN_POINT('',(0.06621931269309,2.5,-3.217015954695));
#13336=VECTOR('',#17440,0.03335121568847);
#13337=CARTESIAN_POINT('',(0.09004910543105,2.5,-3.228682610236));
#13338=CARTESIAN_POINT('',(0.09004910543105,2.5,-3.228682610236));
#13339=VECTOR('',#17441,0.02653243059793);
#13340=CARTESIAN_POINT('',(0.1198363359227,2.5,-3.228682610236));
#13341=CARTESIAN_POINT('',(0.1198363359227,2.5,-3.228682610236));
#13342=VECTOR('',#17442,0.02978723049164);
#13343=CARTESIAN_POINT('',(0.1436661244883,2.5,-3.217015954695));
#13344=VECTOR('',#17443,0.02653242685061);
#13345=CARTESIAN_POINT('',(-0.09463174865106,2.5,-3.310349282465));
#13346=CARTESIAN_POINT('',(-0.09463174865106,2.5,-3.275349282465));
#13347=CARTESIAN_POINT('',(-0.09463174865106,2.5,-3.310349282465));
#13348=VECTOR('',#17444,0.035);
#13349=CARTESIAN_POINT('',(0.1198363359227,2.5,-3.345349282465));
#13350=CARTESIAN_POINT('',(0.1198363359227,2.5,-3.345349282465));
#13351=VECTOR('',#17445,0.217305221522);
#13352=CARTESIAN_POINT('',(-0.09463174865106,2.5,-3.392015938006));
#13353=CARTESIAN_POINT('',(-0.09463174865106,2.5,-3.392015938006));
#13354=VECTOR('',#17446,0.2194865281516);
#13355=CARTESIAN_POINT('',(-0.09463174865106,2.5,-3.438682626925));
#13356=CARTESIAN_POINT('',(-0.09463174865106,2.5,-3.438682626925));
#13357=VECTOR('',#17447,0.04666668891907);
#13358=CARTESIAN_POINT('',(0.1198363359227,2.5,-3.485349282465));
#13359=CARTESIAN_POINT('',(0.1198363359227,2.5,-3.485349282465));
#13360=VECTOR('',#17448,0.2194865281516);
#13361=CARTESIAN_POINT('',(-0.09463174865106,2.5,-3.520349282465));
#13362=CARTESIAN_POINT('',(-0.09463174865106,2.5,-3.520349282465));
#13363=VECTOR('',#17449,0.217305221522);
#13364=CARTESIAN_POINT('',(-0.09463174865106,2.5,-3.555349282465));
#13365=CARTESIAN_POINT('',(-0.09463174865106,2.5,-3.555349282465));
#13366=VECTOR('',#17450,0.035);
#13367=CARTESIAN_POINT('',(0.1853682513489,2.5,-3.508682626925));
#13368=CARTESIAN_POINT('',(0.1853682513489,2.5,-3.508682626925));
#13369=VECTOR('',#17451,0.2838622495848);
#13370=CARTESIAN_POINT('',(0.1853682513489,2.5,-3.462015938006));
#13371=CARTESIAN_POINT('',(0.1853682513489,2.5,-3.462015938006));
#13372=VECTOR('',#17452,0.04666668891907);
#13373=CARTESIAN_POINT('',(-0.04101473376611,2.5,-3.415349282465));
#13374=CARTESIAN_POINT('',(-0.04101473376611,2.5,-3.415349282465));
#13375=VECTOR('',#17453,0.2311428837082);
#13376=CARTESIAN_POINT('',(0.1853682513489,2.5,-3.368682626925));
#13377=CARTESIAN_POINT('',(0.1853682513489,2.5,-3.368682626925));
#13378=VECTOR('',#17454,0.2311428837082);
#13379=CARTESIAN_POINT('',(0.1853682513489,2.5,-3.322015938006));
#13380=CARTESIAN_POINT('',(0.1853682513489,2.5,-3.322015938006));
#13381=VECTOR('',#17455,0.04666668891907);
#13382=CARTESIAN_POINT('',(-0.09463174865106,2.5,-3.275349282465));
#13383=VECTOR('',#17456,0.2838622495848);
#13384=CARTESIAN_POINT('',(0.1853682513489,2.5,-3.602015971384));
#13385=CARTESIAN_POINT('',(0.1853682513489,2.5,-3.637015971384));
#13386=CARTESIAN_POINT('',(0.1853682513489,2.5,-3.602015971384));
#13387=VECTOR('',#17457,0.035);
#13388=CARTESIAN_POINT('',(-0.09463174865106,2.5,-3.602015971384));
#13389=CARTESIAN_POINT('',(-0.09463174865106,2.5,-3.602015971384));
#13390=VECTOR('',#17458,0.28);
#13391=CARTESIAN_POINT('',(-0.09463174865106,2.5,-3.637015971384));
#13392=CARTESIAN_POINT('',(-0.09463174865106,2.5,-3.637015971384));
#13393=VECTOR('',#17459,0.035);
#13394=CARTESIAN_POINT('',(0.1853682513489,2.5,-3.637015971384));
#13395=VECTOR('',#17460,0.28);
#13396=CARTESIAN_POINT('',(-0.06484451815942,2.5,-3.683682593546));
#13397=CARTESIAN_POINT('',(-0.06484451815942,2.5,-3.777015971384));
#13398=CARTESIAN_POINT('',(-0.06484451815942,2.5,-3.683682593546));
#13399=VECTOR('',#17461,0.09333337783813);
#13400=CARTESIAN_POINT('',(-0.09463174865106,2.5,-3.683682593546));
#13401=CARTESIAN_POINT('',(-0.09463174865106,2.5,-3.683682593546));
#13402=VECTOR('',#17462,0.02978723049164);
#13403=CARTESIAN_POINT('',(-0.09463174865106,2.5,-3.905349282465));
#13404=CARTESIAN_POINT('',(-0.09463174865106,2.5,-3.905349282465));
#13405=VECTOR('',#17463,0.2216666889191);
#13406=CARTESIAN_POINT('',(-0.06484451815942,2.5,-3.905349282465));
#13407=CARTESIAN_POINT('',(-0.06484451815942,2.5,-3.905349282465));
#13408=VECTOR('',#17464,0.02978723049164);
#13409=CARTESIAN_POINT('',(-0.06484451815942,2.5,-3.812015971384));
#13410=CARTESIAN_POINT('',(-0.06484451815942,2.5,-3.812015971384));
#13411=VECTOR('',#17465,0.09333331108093);
#13412=CARTESIAN_POINT('',(0.1853682513489,2.5,-3.812015971384));
#13413=CARTESIAN_POINT('',(0.1853682513489,2.5,-3.812015971384));
#13414=VECTOR('',#17466,0.2502127695084);
#13415=CARTESIAN_POINT('',(0.1853682513489,2.5,-3.777015971384));
#13416=CARTESIAN_POINT('',(0.1853682513489,2.5,-3.777015971384));
#13417=VECTOR('',#17467,0.035);
#13418=CARTESIAN_POINT('',(-0.06484451815942,2.5,-3.777015971384));
#13419=VECTOR('',#17468,0.2502127695084);
#13420=CARTESIAN_POINT('',(0.1317512281193,2.5,-4.004515971384));
#13421=CARTESIAN_POINT('',(0.1138788898244,2.5,-3.992849282465));
#13422=CARTESIAN_POINT('',(0.1317512281193,2.5,-4.004515971384));
#13423=VECTOR('',#17469,0.02134319813113);
#13424=CARTESIAN_POINT('',(0.1436661244883,2.5,-4.022015971384));
#13425=CARTESIAN_POINT('',(0.1436661244883,2.5,-4.022015971384));
#13426=VECTOR('',#17470,0.02117108300214);
#13427=CARTESIAN_POINT('',(0.1496235705866,2.5,-4.045349282465));
#13428=CARTESIAN_POINT('',(0.1496235705866,2.5,-4.045349282465));
#13429=VECTOR('',#17471,0.02408183070313);
#13430=CARTESIAN_POINT('',(0.1496235705866,2.5,-4.097849282465));
#13431=CARTESIAN_POINT('',(0.1496235705866,2.5,-4.097849282465));
#13432=VECTOR('',#17472,0.0525);
#13433=CARTESIAN_POINT('',(0.1436661244883,2.5,-4.121182593546));
#13434=CARTESIAN_POINT('',(0.1436661244883,2.5,-4.121182593546));
#13435=VECTOR('',#17473,0.02408183070313);
#13436=CARTESIAN_POINT('',(0.1317512281193,2.5,-4.138682660303));
#13437=CARTESIAN_POINT('',(0.1317512281193,2.5,-4.138682660303));
#13438=VECTOR('',#17474,0.02117113818362);
#13439=CARTESIAN_POINT('',(0.1138788898244,2.5,-4.144515904627));
#13440=CARTESIAN_POINT('',(0.1138788898244,2.5,-4.144515904627));
#13441=VECTOR('',#17475,0.01880019189984);
#13442=CARTESIAN_POINT('',(0.1138788898244,2.5,-4.179515904627));
#13443=CARTESIAN_POINT('',(0.1138788898244,2.5,-4.179515904627));
#13444=VECTOR('',#17476,0.035);
#13445=CARTESIAN_POINT('',(0.1436661244883,2.5,-4.173682660303));
#13446=CARTESIAN_POINT('',(0.1436661244883,2.5,-4.173682660303));
#13447=VECTOR('',#17477,0.0303530243677);
#13448=CARTESIAN_POINT('',(0.1674959109678,2.5,-4.150349282465));
#13449=CARTESIAN_POINT('',(0.1674959109678,2.5,-4.150349282465));
#13450=VECTOR('',#17478,0.03335124053157);
#13451=CARTESIAN_POINT('',(0.1794108047291,2.5,-4.127015971384));
#13452=CARTESIAN_POINT('',(0.1794108047291,2.5,-4.127015971384));
#13453=VECTOR('',#17479,0.02619939120175);
#13454=CARTESIAN_POINT('',(0.1853682513489,2.5,-4.097849282465));
#13455=CARTESIAN_POINT('',(0.1853682513489,2.5,-4.097849282465));
#13456=VECTOR('',#17480,0.02976889169469);
#13457=CARTESIAN_POINT('',(0.1853682513489,2.5,-4.045349282465));
#13458=CARTESIAN_POINT('',(0.1853682513489,2.5,-4.045349282465));
#13459=VECTOR('',#17481,0.0525);
#13460=CARTESIAN_POINT('',(0.1794108047291,2.5,-4.016182593546));
#13461=CARTESIAN_POINT('',(0.1794108047291,2.5,-4.016182593546));
#13462=VECTOR('',#17482,0.02976889169469);
#13463=CARTESIAN_POINT('',(0.1674959109678,2.5,-3.992849282465));
#13464=CARTESIAN_POINT('',(0.1674959109678,2.5,-3.992849282465));
#13465=VECTOR('',#17483,0.02619939120174);
#13466=CARTESIAN_POINT('',(0.1436661244883,2.5,-3.969515971384));
#13467=CARTESIAN_POINT('',(0.1436661244883,2.5,-3.969515971384));
#13468=VECTOR('',#17484,0.03335119382656);
#13469=CARTESIAN_POINT('',(0.1198363359227,2.5,-3.957849282465));
#13470=CARTESIAN_POINT('',(0.1198363359227,2.5,-3.957849282465));
#13471=VECTOR('',#17485,0.02653244152763);
#13472=CARTESIAN_POINT('',(0.09004910543105,2.5,-3.952015971384));
#13473=CARTESIAN_POINT('',(0.09004910543105,2.5,-3.952015971384));
#13474=VECTOR('',#17486,0.03035303310262);
#13475=CARTESIAN_POINT('',(0.0006874056114825,2.5,-3.952015971384));
#13476=CARTESIAN_POINT('',(0.0006874056114825,2.5,-3.952015971384));
#13477=VECTOR('',#17487,0.08936169981956);
#13478=CARTESIAN_POINT('',(-0.02909984156946,2.5,-3.957849282465));
#13479=CARTESIAN_POINT('',(-0.02909984156946,2.5,-3.957849282465));
#13480=VECTOR('',#17488,0.03035304948082);
#13481=CARTESIAN_POINT('',(-0.05292962596277,2.5,-3.969515971384));
#13482=CARTESIAN_POINT('',(-0.05292962596277,2.5,-3.969515971384));
#13483=VECTOR('',#17489,0.02653243778031);
#13484=CARTESIAN_POINT('',(-0.07675941035608,2.5,-3.992849282465));
#13485=CARTESIAN_POINT('',(-0.07675941035608,2.5,-3.992849282465));
#13486=VECTOR('',#17490,0.03335119233598);
#13487=CARTESIAN_POINT('',(-0.08867430255273,2.5,-4.016182593546));
#13488=CARTESIAN_POINT('',(-0.08867430255273,2.5,-4.016182593546));
#13489=VECTOR('',#17491,0.02619939049019);
#13490=CARTESIAN_POINT('',(-0.09463174865106,2.5,-4.045349282465));
#13491=CARTESIAN_POINT('',(-0.09463174865106,2.5,-4.045349282465));
#13492=VECTOR('',#17492,0.02976889159032);
#13493=CARTESIAN_POINT('',(-0.09463174865106,2.5,-4.097849282465));
#13494=CARTESIAN_POINT('',(-0.09463174865106,2.5,-4.097849282465));
#13495=VECTOR('',#17493,0.0525);
#13496=CARTESIAN_POINT('',(-0.08867430255273,2.5,-4.127015971384));
#13497=CARTESIAN_POINT('',(-0.08867430255273,2.5,-4.127015971384));
#13498=VECTOR('',#17494,0.02976889159032);
#13499=CARTESIAN_POINT('',(-0.07675941035608,2.5,-4.150349282465));
#13500=CARTESIAN_POINT('',(-0.07675941035608,2.5,-4.150349282465));
#13501=VECTOR('',#17495,0.02619939049019);
#13502=CARTESIAN_POINT('',(-0.05292962596277,2.5,-4.173682660303));
#13503=CARTESIAN_POINT('',(-0.05292962596277,2.5,-4.173682660303));
#13504=VECTOR('',#17496,0.03335123904098);
#13505=CARTESIAN_POINT('',(-0.02314237878183,2.5,-4.179515904627));
#13506=CARTESIAN_POINT('',(-0.02314237878183,2.5,-4.179515904627));
#13507=VECTOR('',#17497,0.03035303665136);
#13508=CARTESIAN_POINT('',(-0.02314237878183,2.5,-4.144515904627));
#13509=CARTESIAN_POINT('',(-0.02314237878183,2.5,-4.144515904627));
#13510=VECTOR('',#17498,0.035);
#13511=CARTESIAN_POINT('',(-0.04101473376611,2.5,-4.138682660303));
#13512=CARTESIAN_POINT('',(-0.04101473376611,2.5,-4.138682660303));
#13513=VECTOR('',#17499,0.01880020776546);
#13514=CARTESIAN_POINT('',(-0.05292962596277,2.5,-4.121182593546));
#13515=CARTESIAN_POINT('',(-0.05292962596277,2.5,-4.121182593546));
#13516=VECTOR('',#17500,0.02117113583548);
#13517=CARTESIAN_POINT('',(-0.05888707206109,2.5,-4.097849282465));
#13518=CARTESIAN_POINT('',(-0.05888707206109,2.5,-4.097849282465));
#13519=VECTOR('',#17501,0.02408183070313);
#13520=CARTESIAN_POINT('',(-0.05888707206109,2.5,-4.045349282465));
#13521=CARTESIAN_POINT('',(-0.05888707206109,2.5,-4.045349282465));
#13522=VECTOR('',#17502,0.0525);
#13523=CARTESIAN_POINT('',(-0.05292962596277,2.5,-4.022015971384));
#13524=CARTESIAN_POINT('',(-0.05292962596277,2.5,-4.022015971384));
#13525=VECTOR('',#17503,0.02408183070313);
#13526=CARTESIAN_POINT('',(-0.04101473376611,2.5,-4.004515971384));
#13527=CARTESIAN_POINT('',(-0.04101473376611,2.5,-4.004515971384));
#13528=VECTOR('',#17504,0.021171080654);
#13529=CARTESIAN_POINT('',(-0.02314237878183,2.5,-3.992849282465));
#13530=CARTESIAN_POINT('',(-0.02314237878183,2.5,-3.992849282465));
#13531=VECTOR('',#17505,0.02134321210639);
#13532=CARTESIAN_POINT('',(0.0006874056114825,2.5,-3.987015971384));
#13533=CARTESIAN_POINT('',(0.0006874056114825,2.5,-3.987015971384));
#13534=VECTOR('',#17506,0.02453336793835);
#13535=CARTESIAN_POINT('',(0.09004910543105,2.5,-3.987015971384));
#13536=CARTESIAN_POINT('',(0.09004910543105,2.5,-3.987015971384));
#13537=VECTOR('',#17507,0.08936169981956);
#13538=CARTESIAN_POINT('',(0.1138788898244,2.5,-3.992849282465));
#13539=VECTOR('',#17508,0.02453336793835);
#13540=CARTESIAN_POINT('',(0.1853682513489,2.5,-4.226182660303));
#13541=CARTESIAN_POINT('',(0.1853682513489,2.5,-4.261182660303));
#13542=CARTESIAN_POINT('',(0.1853682513489,2.5,-4.226182660303));
#13543=VECTOR('',#17509,0.035);
#13544=CARTESIAN_POINT('',(-0.09463174865106,2.5,-4.226182660303));
#13545=CARTESIAN_POINT('',(-0.09463174865106,2.5,-4.226182660303));
#13546=VECTOR('',#17510,0.28);
#13547=CARTESIAN_POINT('',(-0.09463174865106,2.5,-4.261182660303));
#13548=CARTESIAN_POINT('',(-0.09463174865106,2.5,-4.261182660303));
#13549=VECTOR('',#17511,0.035);
#13550=CARTESIAN_POINT('',(0.01855974390647,2.5,-4.261182660303));
#13551=CARTESIAN_POINT('',(0.01855974390647,2.5,-4.261182660303));
#13552=VECTOR('',#17512,0.1131914925575);
#13553=CARTESIAN_POINT('',(0.01855974390647,2.5,-4.424515904627));
#13554=CARTESIAN_POINT('',(0.01855974390647,2.5,-4.424515904627));
#13555=VECTOR('',#17513,0.1633332443237);
#13556=CARTESIAN_POINT('',(-0.09463174865106,2.5,-4.424515904627));
#13557=CARTESIAN_POINT('',(-0.09463174865106,2.5,-4.424515904627));
#13558=VECTOR('',#17514,0.1131914925575);
#13559=CARTESIAN_POINT('',(-0.09463174865106,2.5,-4.459515904627));
#13560=CARTESIAN_POINT('',(-0.09463174865106,2.5,-4.459515904627));
#13561=VECTOR('',#17515,0.035);
#13562=CARTESIAN_POINT('',(0.1853682513489,2.5,-4.459515904627));
#13563=CARTESIAN_POINT('',(0.1853682513489,2.5,-4.459515904627));
#13564=VECTOR('',#17516,0.28);
#13565=CARTESIAN_POINT('',(0.1853682513489,2.5,-4.424515904627));
#13566=CARTESIAN_POINT('',(0.1853682513489,2.5,-4.424515904627));
#13567=VECTOR('',#17517,0.035);
#13568=CARTESIAN_POINT('',(0.05430442049643,2.5,-4.424515904627));
#13569=CARTESIAN_POINT('',(0.05430442049643,2.5,-4.424515904627));
#13570=VECTOR('',#17518,0.1310638308525);
#13571=CARTESIAN_POINT('',(0.05430442049643,2.5,-4.261182660303));
#13572=CARTESIAN_POINT('',(0.05430442049643,2.5,-4.261182660303));
#13573=VECTOR('',#17519,0.1633332443237);
#13574=CARTESIAN_POINT('',(0.1853682513489,2.5,-4.261182660303));
#13575=VECTOR('',#17520,0.1310638308525);
#13576=CARTESIAN_POINT('',(0.1138788898244,2.5,-4.978682660303));
#13577=CARTESIAN_POINT('',(0.1317512281193,2.5,-4.972849282465));
#13578=CARTESIAN_POINT('',(0.1138788898244,2.5,-4.978682660303));
#13579=VECTOR('',#17521,0.01880023332655);
#13580=CARTESIAN_POINT('',(0.1138788898244,2.5,-5.013682660303));
#13581=CARTESIAN_POINT('',(0.1138788898244,2.5,-5.013682660303));
#13582=VECTOR('',#17522,0.035);
#13583=CARTESIAN_POINT('',(0.1436661244883,2.5,-5.007849282465));
#13584=CARTESIAN_POINT('',(0.1436661244883,2.5,-5.007849282465));
#13585=VECTOR('',#17523,0.03035305002678);
#13586=CARTESIAN_POINT('',(0.1674959109678,2.5,-4.984515904627));
#13587=CARTESIAN_POINT('',(0.1674959109678,2.5,-4.984515904627));
#13588=VECTOR('',#17524,0.03335124053157);
#13589=CARTESIAN_POINT('',(0.1794108047291,2.5,-4.961182660303));
#13590=CARTESIAN_POINT('',(0.1794108047291,2.5,-4.961182660303));
#13591=VECTOR('',#17525,0.02619933174746);
#13592=CARTESIAN_POINT('',(0.1853682513489,2.5,-4.932015904627));
#13593=CARTESIAN_POINT('',(0.1853682513489,2.5,-4.932015904627));
#13594=VECTOR('',#17526,0.02976895710145);
#13595=CARTESIAN_POINT('',(0.1853682513489,2.5,-4.879515904627));
#13596=CARTESIAN_POINT('',(0.1853682513489,2.5,-4.879515904627));
#13597=VECTOR('',#17527,0.0525);
#13598=CARTESIAN_POINT('',(0.1794108047291,2.5,-4.850349282465));
#13599=CARTESIAN_POINT('',(0.1794108047291,2.5,-4.850349282465));
#13600=VECTOR('',#17528,0.02976882628794);
#13601=CARTESIAN_POINT('',(0.1674959109678,2.5,-4.827015904627));
#13602=CARTESIAN_POINT('',(0.1674959109678,2.5,-4.827015904627));
#13603=VECTOR('',#17529,0.02619945065607);
#13604=CARTESIAN_POINT('',(0.1436661244883,2.5,-4.803682660303));
#13605=CARTESIAN_POINT('',(0.1436661244883,2.5,-4.803682660303));
#13606=VECTOR('',#17530,0.03335114712162);
#13607=CARTESIAN_POINT('',(0.1198363359227,2.5,-4.792015904627));
#13608=CARTESIAN_POINT('',(0.1198363359227,2.5,-4.792015904627));
#13609=VECTOR('',#17531,0.02653247088178);
#13610=CARTESIAN_POINT('',(0.09004910543105,2.5,-4.786182660303));
#13611=CARTESIAN_POINT('',(0.09004910543105,2.5,-4.786182660303));
#13612=VECTOR('',#17532,0.03035302027315);
#13613=CARTESIAN_POINT('',(0.0006874056114825,2.5,-4.786182660303));
#13614=CARTESIAN_POINT('',(0.0006874056114825,2.5,-4.786182660303));
#13615=VECTOR('',#17533,0.08936169981956);
#13616=CARTESIAN_POINT('',(-0.02909984156946,2.5,-4.792015904627));
#13617=CARTESIAN_POINT('',(-0.02909984156946,2.5,-4.792015904627));
#13618=VECTOR('',#17534,0.03035303665136);
#13619=CARTESIAN_POINT('',(-0.05292962596277,2.5,-4.803682660303));
#13620=CARTESIAN_POINT('',(-0.05292962596277,2.5,-4.803682660303));
#13621=VECTOR('',#17535,0.02653246713447);
#13622=CARTESIAN_POINT('',(-0.07675941035608,2.5,-4.827015904627));
#13623=CARTESIAN_POINT('',(-0.07675941035608,2.5,-4.827015904627));
#13624=VECTOR('',#17536,0.03335114563104);
#13625=CARTESIAN_POINT('',(-0.08867430255273,2.5,-4.850349282465));
#13626=CARTESIAN_POINT('',(-0.08867430255273,2.5,-4.850349282465));
#13627=VECTOR('',#17537,0.02619944994451);
#13628=CARTESIAN_POINT('',(-0.09463174865106,2.5,-4.879515904627));
#13629=CARTESIAN_POINT('',(-0.09463174865106,2.5,-4.879515904627));
#13630=VECTOR('',#17538,0.02976882618357);
#13631=CARTESIAN_POINT('',(-0.09463174865106,2.5,-4.932015904627));
#13632=CARTESIAN_POINT('',(-0.09463174865106,2.5,-4.932015904627));
#13633=VECTOR('',#17539,0.0525);
#13634=CARTESIAN_POINT('',(-0.08867430255273,2.5,-4.961182660303));
#13635=CARTESIAN_POINT('',(-0.08867430255273,2.5,-4.961182660303));
#13636=VECTOR('',#17540,0.02976895699707);
#13637=CARTESIAN_POINT('',(-0.07675941035608,2.5,-4.984515904627));
#13638=CARTESIAN_POINT('',(-0.07675941035608,2.5,-4.984515904627));
#13639=VECTOR('',#17541,0.0261993310359);
#13640=CARTESIAN_POINT('',(-0.05292962596277,2.5,-5.007849282465));
#13641=CARTESIAN_POINT('',(-0.05292962596277,2.5,-5.007849282465));
#13642=VECTOR('',#17542,0.03335123904098);
#13643=CARTESIAN_POINT('',(-0.02314237878183,2.5,-5.013682660303));
#13644=CARTESIAN_POINT('',(-0.02314237878183,2.5,-5.013682660303));
#13645=VECTOR('',#17543,0.03035306231043);
#13646=CARTESIAN_POINT('',(-0.02314237878183,2.5,-4.978682660303));
#13647=CARTESIAN_POINT('',(-0.02314237878183,2.5,-4.978682660303));
#13648=VECTOR('',#17544,0.035);
#13649=CARTESIAN_POINT('',(-0.04101473376611,2.5,-4.972849282465));
#13650=CARTESIAN_POINT('',(-0.04101473376611,2.5,-4.972849282465));
#13651=VECTOR('',#17545,0.01880024919214);
#13652=CARTESIAN_POINT('',(-0.05292962596277,2.5,-4.955349282465));
#13653=CARTESIAN_POINT('',(-0.05292962596277,2.5,-4.955349282465));
#13654=VECTOR('',#17546,0.02117108065399);
#13655=CARTESIAN_POINT('',(-0.05888707206109,2.5,-4.932015904627));
#13656=CARTESIAN_POINT('',(-0.05888707206109,2.5,-4.932015904627));
#13657=VECTOR('',#17547,0.02408189538536);
#13658=CARTESIAN_POINT('',(-0.05888707206109,2.5,-4.879515904627));
#13659=CARTESIAN_POINT('',(-0.05888707206109,2.5,-4.879515904627));
#13660=VECTOR('',#17548,0.0525);
#13661=CARTESIAN_POINT('',(-0.05292962596277,2.5,-4.856182660303));
#13662=CARTESIAN_POINT('',(-0.05292962596277,2.5,-4.856182660303));
#13663=VECTOR('',#17549,0.0240817660209);
#13664=CARTESIAN_POINT('',(-0.04101473376611,2.5,-4.838682660303));
#13665=CARTESIAN_POINT('',(-0.04101473376611,2.5,-4.838682660303));
#13666=VECTOR('',#17550,0.02117108065399);
#13667=CARTESIAN_POINT('',(-0.02314237878183,2.5,-4.827015904627));
#13668=CARTESIAN_POINT('',(-0.02314237878183,2.5,-4.827015904627));
#13669=VECTOR('',#17551,0.02134324859748);
#13670=CARTESIAN_POINT('',(0.0006874056114825,2.5,-4.821182660303));
#13671=CARTESIAN_POINT('',(0.0006874056114825,2.5,-4.821182660303));
#13672=VECTOR('',#17552,0.02453335206555);
#13673=CARTESIAN_POINT('',(0.09004910543105,2.5,-4.821182660303));
#13674=CARTESIAN_POINT('',(0.09004910543105,2.5,-4.821182660303));
#13675=VECTOR('',#17553,0.08936169981956);
#13676=CARTESIAN_POINT('',(0.1138788898244,2.5,-4.827015904627));
#13677=CARTESIAN_POINT('',(0.1138788898244,2.5,-4.827015904627));
#13678=VECTOR('',#17554,0.02453335206555);
#13679=CARTESIAN_POINT('',(0.1317512281193,2.5,-4.838682660303));
#13680=CARTESIAN_POINT('',(0.1317512281193,2.5,-4.838682660303));
#13681=VECTOR('',#17555,0.02134323462224);
#13682=CARTESIAN_POINT('',(0.1436661244883,2.5,-4.856182660303));
#13683=CARTESIAN_POINT('',(0.1436661244883,2.5,-4.856182660303));
#13684=VECTOR('',#17556,0.02117108300214);
#13685=CARTESIAN_POINT('',(0.1496235705866,2.5,-4.879515904627));
#13686=CARTESIAN_POINT('',(0.1496235705866,2.5,-4.879515904627));
#13687=VECTOR('',#17557,0.0240817660209);
#13688=CARTESIAN_POINT('',(0.1496235705866,2.5,-4.932015904627));
#13689=CARTESIAN_POINT('',(0.1496235705866,2.5,-4.932015904627));
#13690=VECTOR('',#17558,0.0525);
#13691=CARTESIAN_POINT('',(0.1436661244883,2.5,-4.955349282465));
#13692=CARTESIAN_POINT('',(0.1436661244883,2.5,-4.955349282465));
#13693=VECTOR('',#17559,0.02408189538537);
#13694=CARTESIAN_POINT('',(0.1317512281193,2.5,-4.972849282465));
#13695=VECTOR('',#17560,0.02117108300214);
#13696=CARTESIAN_POINT('',(0.1794108047291,2.5,-5.124515904627));
#13697=CARTESIAN_POINT('',(0.1853682513489,2.5,-5.153682660303));
#13698=CARTESIAN_POINT('',(0.1794108047291,2.5,-5.124515904627));
#13699=VECTOR('',#17561,0.02976895710145);
#13700=CARTESIAN_POINT('',(0.1674959109678,2.5,-5.101182660303));
#13701=CARTESIAN_POINT('',(0.1674959109678,2.5,-5.101182660303));
#13702=VECTOR('',#17562,0.02619933174746);
#13703=CARTESIAN_POINT('',(0.1436661244883,2.5,-5.077849282465));
#13704=CARTESIAN_POINT('',(0.1436661244883,2.5,-5.077849282465));
#13705=VECTOR('',#17563,0.03335124053157);
#13706=CARTESIAN_POINT('',(0.1198363359227,2.5,-5.066182660303));
#13707=CARTESIAN_POINT('',(0.1198363359227,2.5,-5.066182660303));
#13708=VECTOR('',#17564,0.02653241217362);
#13709=CARTESIAN_POINT('',(0.09004910543105,2.5,-5.060349282465));
#13710=CARTESIAN_POINT('',(0.09004910543105,2.5,-5.060349282465));
#13711=VECTOR('',#17565,0.03035304593224);
#13712=CARTESIAN_POINT('',(0.0006874056114825,2.5,-5.060349282465));
#13713=CARTESIAN_POINT('',(0.0006874056114825,2.5,-5.060349282465));
#13714=VECTOR('',#17566,0.08936169981956);
#13715=CARTESIAN_POINT('',(-0.02909984156946,2.5,-5.066182660303));
#13716=CARTESIAN_POINT('',(-0.02909984156946,2.5,-5.066182660303));
#13717=VECTOR('',#17567,0.03035306231043);
#13718=CARTESIAN_POINT('',(-0.05292962596277,2.5,-5.077849282465));
#13719=CARTESIAN_POINT('',(-0.05292962596277,2.5,-5.077849282465));
#13720=VECTOR('',#17568,0.02653240842629);
#13721=CARTESIAN_POINT('',(-0.07675941035608,2.5,-5.101182660303));
#13722=CARTESIAN_POINT('',(-0.07675941035608,2.5,-5.101182660303));
#13723=VECTOR('',#17569,0.03335123904098);
#13724=CARTESIAN_POINT('',(-0.08867430255273,2.5,-5.124515904627));
#13725=CARTESIAN_POINT('',(-0.08867430255273,2.5,-5.124515904627));
#13726=VECTOR('',#17570,0.0261993310359);
#13727=CARTESIAN_POINT('',(-0.09463174865106,2.5,-5.153682660303));
#13728=CARTESIAN_POINT('',(-0.09463174865106,2.5,-5.153682660303));
#13729=VECTOR('',#17571,0.02976895699707);
#13730=CARTESIAN_POINT('',(-0.09463174865106,2.5,-5.200349282465));
#13731=CARTESIAN_POINT('',(-0.09463174865106,2.5,-5.200349282465));
#13732=VECTOR('',#17572,0.04666662216187);
#13733=CARTESIAN_POINT('',(-0.08867430255273,2.5,-5.229515904627));
#13734=CARTESIAN_POINT('',(-0.08867430255273,2.5,-5.229515904627));
#13735=VECTOR('',#17573,0.02976882618357);
#13736=CARTESIAN_POINT('',(-0.07675941035608,2.5,-5.252849282465));
#13737=CARTESIAN_POINT('',(-0.07675941035608,2.5,-5.252849282465));
#13738=VECTOR('',#17574,0.02619944994451);
#13739=CARTESIAN_POINT('',(-0.05292962596277,2.5,-5.276182526789));
#13740=CARTESIAN_POINT('',(-0.05292962596277,2.5,-5.276182526789));
#13741=VECTOR('',#17575,0.03335114563104);
#13742=CARTESIAN_POINT('',(-0.02909984156946,2.5,-5.287849282465));
#13743=CARTESIAN_POINT('',(-0.02909984156946,2.5,-5.287849282465));
#13744=VECTOR('',#17576,0.02653246713447);
#13745=CARTESIAN_POINT('',(0.0006874056114825,2.5,-5.293682526789));
#13746=CARTESIAN_POINT('',(0.0006874056114825,2.5,-5.293682526789));
#13747=VECTOR('',#17577,0.03035303665136);
#13748=CARTESIAN_POINT('',(0.09004910543105,2.5,-5.293682526789));
#13749=CARTESIAN_POINT('',(0.09004910543105,2.5,-5.293682526789));
#13750=VECTOR('',#17578,0.08936169981956);
#13751=CARTESIAN_POINT('',(0.1198363359227,2.5,-5.287849282465));
#13752=CARTESIAN_POINT('',(0.1198363359227,2.5,-5.287849282465));
#13753=VECTOR('',#17579,0.03035302027315);
#13754=CARTESIAN_POINT('',(0.1436661244883,2.5,-5.276182526789));
#13755=CARTESIAN_POINT('',(0.1436661244883,2.5,-5.276182526789));
#13756=VECTOR('',#17580,0.02653247088178);
#13757=CARTESIAN_POINT('',(0.1674959109678,2.5,-5.252849282465));
#13758=CARTESIAN_POINT('',(0.1674959109678,2.5,-5.252849282465));
#13759=VECTOR('',#17581,0.03335114712162);
#13760=CARTESIAN_POINT('',(0.1794108047291,2.5,-5.229515904627));
#13761=CARTESIAN_POINT('',(0.1794108047291,2.5,-5.229515904627));
#13762=VECTOR('',#17582,0.02619945065607);
#13763=CARTESIAN_POINT('',(0.1853682513489,2.5,-5.200349282465));
#13764=CARTESIAN_POINT('',(0.1853682513489,2.5,-5.200349282465));
#13765=VECTOR('',#17583,0.02976882628794);
#13766=CARTESIAN_POINT('',(0.1853682513489,2.5,-5.153682660303));
#13767=VECTOR('',#17584,0.04666662216187);
#13768=CARTESIAN_POINT('',(0.1853682513489,2.5,-5.340349282465));
#13769=CARTESIAN_POINT('',(0.1853682513489,2.5,-5.375349282465));
#13770=CARTESIAN_POINT('',(0.1853682513489,2.5,-5.340349282465));
#13771=VECTOR('',#17585,0.035);
#13772=CARTESIAN_POINT('',(-0.09463174865106,2.5,-5.340349282465));
#13773=CARTESIAN_POINT('',(-0.09463174865106,2.5,-5.340349282465));
#13774=VECTOR('',#17586,0.28);
#13775=CARTESIAN_POINT('',(-0.09463174865106,2.5,-5.392849282465));
#13776=CARTESIAN_POINT('',(-0.09463174865106,2.5,-5.392849282465));
#13777=VECTOR('',#17587,0.0525);
#13778=CARTESIAN_POINT('',(0.1436661244883,2.5,-5.538682526789));
#13779=CARTESIAN_POINT('',(0.1436661244883,2.5,-5.538682526789));
#13780=VECTOR('',#17588,0.2793800484872);
#13781=CARTESIAN_POINT('',(-0.09463174865106,2.5,-5.538682526789));
#13782=CARTESIAN_POINT('',(-0.09463174865106,2.5,-5.538682526789));
#13783=VECTOR('',#17589,0.2382978731394);
#13784=CARTESIAN_POINT('',(-0.09463174865106,2.5,-5.573682526789));
#13785=CARTESIAN_POINT('',(-0.09463174865106,2.5,-5.573682526789));
#13786=VECTOR('',#17590,0.035);
#13787=CARTESIAN_POINT('',(0.1853682513489,2.5,-5.573682526789));
#13788=CARTESIAN_POINT('',(0.1853682513489,2.5,-5.573682526789));
#13789=VECTOR('',#17591,0.28);
#13790=CARTESIAN_POINT('',(0.1853682513489,2.5,-5.521182526789));
#13791=CARTESIAN_POINT('',(0.1853682513489,2.5,-5.521182526789));
#13792=VECTOR('',#17592,0.0525);
#13793=CARTESIAN_POINT('',(-0.05888707206109,2.5,-5.375349282465));
#13794=CARTESIAN_POINT('',(-0.05888707206109,2.5,-5.375349282465));
#13795=VECTOR('',#17593,0.2844784669604);
#13796=CARTESIAN_POINT('',(0.1853682513489,2.5,-5.375349282465));
#13797=VECTOR('',#17594,0.24425532341);
#13798=CARTESIAN_POINT('',(0.1853682513489,2.5,-5.620349282465));
#13799=CARTESIAN_POINT('',(0.1853682513489,2.5,-5.655349282465));
#13800=CARTESIAN_POINT('',(0.1853682513489,2.5,-5.620349282465));
#13801=VECTOR('',#17595,0.035);
#13802=CARTESIAN_POINT('',(-0.09463174865106,2.5,-5.620349282465));
#13803=CARTESIAN_POINT('',(-0.09463174865106,2.5,-5.620349282465));
#13804=VECTOR('',#17596,0.28);
#13805=CARTESIAN_POINT('',(-0.09463174865106,2.5,-5.672849282465));
#13806=CARTESIAN_POINT('',(-0.09463174865106,2.5,-5.672849282465));
#13807=VECTOR('',#17597,0.0525);
#13808=CARTESIAN_POINT('',(0.1436661244883,2.5,-5.818682526789));
#13809=CARTESIAN_POINT('',(0.1436661244883,2.5,-5.818682526789));
#13810=VECTOR('',#17598,0.2793800484872);
#13811=CARTESIAN_POINT('',(-0.09463174865106,2.5,-5.818682526789));
#13812=CARTESIAN_POINT('',(-0.09463174865106,2.5,-5.818682526789));
#13813=VECTOR('',#17599,0.2382978731394);
#13814=CARTESIAN_POINT('',(-0.09463174865106,2.5,-5.853682526789));
#13815=CARTESIAN_POINT('',(-0.09463174865106,2.5,-5.853682526789));
#13816=VECTOR('',#17600,0.035);
#13817=CARTESIAN_POINT('',(0.1853682513489,2.5,-5.853682526789));
#13818=CARTESIAN_POINT('',(0.1853682513489,2.5,-5.853682526789));
#13819=VECTOR('',#17601,0.28);
#13820=CARTESIAN_POINT('',(0.1853682513489,2.5,-5.801182526789));
#13821=CARTESIAN_POINT('',(0.1853682513489,2.5,-5.801182526789));
#13822=VECTOR('',#17602,0.0525);
#13823=CARTESIAN_POINT('',(-0.05888707206109,2.5,-5.655349282465));
#13824=CARTESIAN_POINT('',(-0.05888707206109,2.5,-5.655349282465));
#13825=VECTOR('',#17603,0.2844784669604);
#13826=CARTESIAN_POINT('',(0.1853682513489,2.5,-5.655349282465));
#13827=VECTOR('',#17604,0.24425532341);
#13828=CARTESIAN_POINT('',(-0.09463174865106,2.5,-5.900349282465));
#13829=CARTESIAN_POINT('',(0.1853682513489,2.5,-5.900349282465));
#13830=CARTESIAN_POINT('',(-0.09463174865106,2.5,-5.900349282465));
#13831=VECTOR('',#17605,0.28);
#13832=CARTESIAN_POINT('',(-0.09463174865106,2.5,-6.110349282465));
#13833=CARTESIAN_POINT('',(-0.09463174865106,2.5,-6.110349282465));
#13834=VECTOR('',#17606,0.21);
#13835=CARTESIAN_POINT('',(-0.05888707206109,2.5,-6.110349282465));
#13836=CARTESIAN_POINT('',(-0.05888707206109,2.5,-6.110349282465));
#13837=VECTOR('',#17607,0.03574467658997);
#13838=CARTESIAN_POINT('',(-0.05888707206109,2.5,-5.935349282465));
#13839=CARTESIAN_POINT('',(-0.05888707206109,2.5,-5.935349282465));
#13840=VECTOR('',#17608,0.175);
#13841=CARTESIAN_POINT('',(0.01855974390647,2.5,-5.935349282465));
#13842=CARTESIAN_POINT('',(0.01855974390647,2.5,-5.935349282465));
#13843=VECTOR('',#17609,0.07744681596756);
#13844=CARTESIAN_POINT('',(0.01855974390647,2.5,-6.087016038142));
#13845=CARTESIAN_POINT('',(0.01855974390647,2.5,-6.087016038142));
#13846=VECTOR('',#17610,0.1516667556763);
#13847=CARTESIAN_POINT('',(0.05430442049643,2.5,-6.087016038142));
#13848=CARTESIAN_POINT('',(0.05430442049643,2.5,-6.087016038142));
#13849=VECTOR('',#17611,0.03574467658997);
#13850=CARTESIAN_POINT('',(0.05430442049643,2.5,-5.935349282465));
#13851=CARTESIAN_POINT('',(0.05430442049643,2.5,-5.935349282465));
#13852=VECTOR('',#17612,0.1516667556763);
#13853=CARTESIAN_POINT('',(0.1496235705866,2.5,-5.935349282465));
#13854=CARTESIAN_POINT('',(0.1496235705866,2.5,-5.935349282465));
#13855=VECTOR('',#17613,0.09531915009022);
#13856=CARTESIAN_POINT('',(0.1496235705866,2.5,-6.110349282465));
#13857=CARTESIAN_POINT('',(0.1496235705866,2.5,-6.110349282465));
#13858=VECTOR('',#17614,0.175);
#13859=CARTESIAN_POINT('',(0.1853682513489,2.5,-6.110349282465));
#13860=CARTESIAN_POINT('',(0.1853682513489,2.5,-6.110349282465));
#13861=VECTOR('',#17615,0.03574468076229);
#13862=CARTESIAN_POINT('',(0.1853682513489,2.5,-5.900349282465));
#13863=VECTOR('',#17616,0.21);
#13864=CARTESIAN_POINT('',(0.1496235705866,2.5,-6.250349282465));
#13865=CARTESIAN_POINT('',(0.1436661244883,2.5,-6.227016038142));
#13866=CARTESIAN_POINT('',(0.1496235705866,2.5,-6.250349282465));
#13867=VECTOR('',#17617,0.0240817660209);
#13868=CARTESIAN_POINT('',(0.1496235705866,2.5,-6.302849282465));
#13869=CARTESIAN_POINT('',(0.1496235705866,2.5,-6.302849282465));
#13870=VECTOR('',#17618,0.0525);
#13871=CARTESIAN_POINT('',(0.1436661244883,2.5,-6.326182526789));
#13872=CARTESIAN_POINT('',(0.1436661244883,2.5,-6.326182526789));
#13873=VECTOR('',#17619,0.0240817660209);
#13874=CARTESIAN_POINT('',(0.1317512281193,2.5,-6.343682526789));
#13875=CARTESIAN_POINT('',(0.1317512281193,2.5,-6.343682526789));
#13876=VECTOR('',#17620,0.02117108300214);
#13877=CARTESIAN_POINT('',(0.1138788898244,2.5,-6.349516038142));
#13878=CARTESIAN_POINT('',(0.1138788898244,2.5,-6.349516038142));
#13879=VECTOR('',#17621,0.01880027475412);
#13880=CARTESIAN_POINT('',(0.1138788898244,2.5,-6.384516038142));
#13881=CARTESIAN_POINT('',(0.1138788898244,2.5,-6.384516038142));
#13882=VECTOR('',#17622,0.035);
#13883=CARTESIAN_POINT('',(0.1436661244883,2.5,-6.378682526789));
#13884=CARTESIAN_POINT('',(0.1436661244883,2.5,-6.378682526789));
#13885=VECTOR('',#17623,0.03035307568643);
#13886=CARTESIAN_POINT('',(0.1674959109678,2.5,-6.355349282465));
#13887=CARTESIAN_POINT('',(0.1674959109678,2.5,-6.355349282465));
#13888=VECTOR('',#17624,0.03335114712162);
#13889=CARTESIAN_POINT('',(0.1794108047291,2.5,-6.332016038142));
#13890=CARTESIAN_POINT('',(0.1794108047291,2.5,-6.332016038142));
#13891=VECTOR('',#17625,0.02619933174746);
#13892=CARTESIAN_POINT('',(0.1853682513489,2.5,-6.302849282465));
#13893=CARTESIAN_POINT('',(0.1853682513489,2.5,-6.302849282465));
#13894=VECTOR('',#17626,0.02976895710145);
#13895=CARTESIAN_POINT('',(0.1853682513489,2.5,-6.250349282465));
#13896=CARTESIAN_POINT('',(0.1853682513489,2.5,-6.250349282465));
#13897=VECTOR('',#17627,0.0525);
#13898=CARTESIAN_POINT('',(0.1794108047291,2.5,-6.221182526789));
#13899=CARTESIAN_POINT('',(0.1794108047291,2.5,-6.221182526789));
#13900=VECTOR('',#17628,0.02976895710145);
#13901=CARTESIAN_POINT('',(0.1674959109678,2.5,-6.197849282465));
#13902=CARTESIAN_POINT('',(0.1674959109678,2.5,-6.197849282465));
#13903=VECTOR('',#17629,0.02619933174746);
#13904=CARTESIAN_POINT('',(0.1436661244883,2.5,-6.174516038142));
#13905=CARTESIAN_POINT('',(0.1436661244883,2.5,-6.174516038142));
#13906=VECTOR('',#17630,0.03335114712162);
#13907=CARTESIAN_POINT('',(0.1198363359227,2.5,-6.162849282465));
#13908=CARTESIAN_POINT('',(0.1198363359227,2.5,-6.162849282465));
#13909=VECTOR('',#17631,0.02653247088178);
#13910=CARTESIAN_POINT('',(0.09004910543105,2.5,-6.157016038142));
#13911=CARTESIAN_POINT('',(0.09004910543105,2.5,-6.157016038142));
#13912=VECTOR('',#17632,0.03035302027315);
#13913=CARTESIAN_POINT('',(0.0006874056114825,2.5,-6.157016038142));
#13914=CARTESIAN_POINT('',(0.0006874056114825,2.5,-6.157016038142));
#13915=VECTOR('',#17633,0.08936169981956);
#13916=CARTESIAN_POINT('',(-0.02909984156946,2.5,-6.162849282465));
#13917=CARTESIAN_POINT('',(-0.02909984156946,2.5,-6.162849282465));
#13918=VECTOR('',#17634,0.03035303665136);
#13919=CARTESIAN_POINT('',(-0.05292962596277,2.5,-6.174516038142));
#13920=CARTESIAN_POINT('',(-0.05292962596277,2.5,-6.174516038142));
#13921=VECTOR('',#17635,0.02653246713446);
#13922=CARTESIAN_POINT('',(-0.07675941035608,2.5,-6.197849282465));
#13923=CARTESIAN_POINT('',(-0.07675941035608,2.5,-6.197849282465));
#13924=VECTOR('',#17636,0.03335114563104);
#13925=CARTESIAN_POINT('',(-0.08867430255273,2.5,-6.221182526789));
#13926=CARTESIAN_POINT('',(-0.08867430255273,2.5,-6.221182526789));
#13927=VECTOR('',#17637,0.0261993310359);
#13928=CARTESIAN_POINT('',(-0.09463174865106,2.5,-6.250349282465));
#13929=CARTESIAN_POINT('',(-0.09463174865106,2.5,-6.250349282465));
#13930=VECTOR('',#17638,0.02976895699707);
#13931=CARTESIAN_POINT('',(-0.09463174865106,2.5,-6.302849282465));
#13932=CARTESIAN_POINT('',(-0.09463174865106,2.5,-6.302849282465));
#13933=VECTOR('',#17639,0.0525);
#13934=CARTESIAN_POINT('',(-0.08867430255273,2.5,-6.332016038142));
#13935=CARTESIAN_POINT('',(-0.08867430255273,2.5,-6.332016038142));
#13936=VECTOR('',#17640,0.02976895699707);
#13937=CARTESIAN_POINT('',(-0.07675941035608,2.5,-6.355349282465));
#13938=CARTESIAN_POINT('',(-0.07675941035608,2.5,-6.355349282465));
#13939=VECTOR('',#17641,0.0261993310359);
#13940=CARTESIAN_POINT('',(-0.05292962596277,2.5,-6.378682526789));
#13941=CARTESIAN_POINT('',(-0.05292962596277,2.5,-6.378682526789));
#13942=VECTOR('',#17642,0.03335114563104);
#13943=CARTESIAN_POINT('',(-0.02314237878183,2.5,-6.384516038142));
#13944=CARTESIAN_POINT('',(-0.02314237878183,2.5,-6.384516038142));
#13945=VECTOR('',#17643,0.03035308797006);
#13946=CARTESIAN_POINT('',(-0.02314237878183,2.5,-6.349516038142));
#13947=CARTESIAN_POINT('',(-0.02314237878183,2.5,-6.349516038142));
#13948=VECTOR('',#17644,0.035);
#13949=CARTESIAN_POINT('',(-0.04101473376611,2.5,-6.343682526789));
#13950=CARTESIAN_POINT('',(-0.04101473376611,2.5,-6.343682526789));
#13951=VECTOR('',#17645,0.01880029061968);
#13952=CARTESIAN_POINT('',(-0.05292962596277,2.5,-6.326182526789));
#13953=CARTESIAN_POINT('',(-0.05292962596277,2.5,-6.326182526789));
#13954=VECTOR('',#17646,0.02117108065399);
#13955=CARTESIAN_POINT('',(-0.05888707206109,2.5,-6.302849282465));
#13956=CARTESIAN_POINT('',(-0.05888707206109,2.5,-6.302849282465));
#13957=VECTOR('',#17647,0.0240817660209);
#13958=CARTESIAN_POINT('',(-0.05888707206109,2.5,-6.250349282465));
#13959=CARTESIAN_POINT('',(-0.05888707206109,2.5,-6.250349282465));
#13960=VECTOR('',#17648,0.0525);
#13961=CARTESIAN_POINT('',(-0.05292962596277,2.5,-6.227016038142));
#13962=CARTESIAN_POINT('',(-0.05292962596277,2.5,-6.227016038142));
#13963=VECTOR('',#17649,0.0240817660209);
#13964=CARTESIAN_POINT('',(-0.04101473376611,2.5,-6.209516038142));
#13965=CARTESIAN_POINT('',(-0.04101473376611,2.5,-6.209516038142));
#13966=VECTOR('',#17650,0.02117108065399);
#13967=CARTESIAN_POINT('',(-0.02314237878183,2.5,-6.197849282465));
#13968=CARTESIAN_POINT('',(-0.02314237878183,2.5,-6.197849282465));
#13969=VECTOR('',#17651,0.02134324859748);
#13970=CARTESIAN_POINT('',(0.0006874056114824,2.5,-6.192016038142));
#13971=CARTESIAN_POINT('',(0.0006874056114824,2.5,-6.192016038142));
#13972=VECTOR('',#17652,0.02453335206555);
#13973=CARTESIAN_POINT('',(0.09004910543105,2.5,-6.192016038142));
#13974=CARTESIAN_POINT('',(0.09004910543105,2.5,-6.192016038142));
#13975=VECTOR('',#17653,0.08936169981957);
#13976=CARTESIAN_POINT('',(0.1138788898244,2.5,-6.197849282465));
#13977=CARTESIAN_POINT('',(0.1138788898244,2.5,-6.197849282465));
#13978=VECTOR('',#17654,0.02453335206555);
#13979=CARTESIAN_POINT('',(0.1317512281193,2.5,-6.209516038142));
#13980=CARTESIAN_POINT('',(0.1317512281193,2.5,-6.209516038142));
#13981=VECTOR('',#17655,0.02134323462224);
#13982=CARTESIAN_POINT('',(0.1436661244883,2.5,-6.227016038142));
#13983=VECTOR('',#17656,0.02117108300214);
#13984=CARTESIAN_POINT('',(0.1853682513489,2.5,-6.524516038142));
#13985=CARTESIAN_POINT('',(0.1853682513489,2.5,-6.559516038142));
#13986=CARTESIAN_POINT('',(0.1853682513489,2.5,-6.524516038142));
#13987=VECTOR('',#17657,0.035);
#13988=CARTESIAN_POINT('',(-0.06484451815942,2.5,-6.524516038142));
#13989=CARTESIAN_POINT('',(-0.06484451815942,2.5,-6.524516038142));
#13990=VECTOR('',#17658,0.2502127695084);
#13991=CARTESIAN_POINT('',(-0.06484451815942,2.5,-6.431182526789));
#13992=CARTESIAN_POINT('',(-0.06484451815942,2.5,-6.431182526789));
#13993=VECTOR('',#17659,0.09333351135254);
#13994=CARTESIAN_POINT('',(-0.09463174865106,2.5,-6.431182526789));
#13995=CARTESIAN_POINT('',(-0.09463174865106,2.5,-6.431182526789));
#13996=VECTOR('',#17660,0.02978723049164);
#13997=CARTESIAN_POINT('',(-0.09463174865106,2.5,-6.652849282465));
#13998=CARTESIAN_POINT('',(-0.09463174865106,2.5,-6.652849282465));
#13999=VECTOR('',#17661,0.2216667556763);
#14000=CARTESIAN_POINT('',(-0.06484451815942,2.5,-6.652849282465));
#14001=CARTESIAN_POINT('',(-0.06484451815942,2.5,-6.652849282465));
#14002=VECTOR('',#17662,0.02978723049164);
#14003=CARTESIAN_POINT('',(-0.06484451815942,2.5,-6.559516038142));
#14004=CARTESIAN_POINT('',(-0.06484451815942,2.5,-6.559516038142));
#14005=VECTOR('',#17663,0.09333324432373);
#14006=CARTESIAN_POINT('',(0.1853682513489,2.5,-6.559516038142));
#14007=VECTOR('',#17664,0.2502127695084);
#14008=CARTESIAN_POINT('',(0.1674959109678,2.5,-6.740349282465));
#14009=CARTESIAN_POINT('',(0.1794108047291,2.5,-6.763682526789));
#14010=CARTESIAN_POINT('',(0.1674959109678,2.5,-6.740349282465));
#14011=VECTOR('',#17665,0.02619933174746);
#14012=CARTESIAN_POINT('',(0.1436661244883,2.5,-6.717016038142));
#14013=CARTESIAN_POINT('',(0.1436661244883,2.5,-6.717016038142));
#14014=VECTOR('',#17666,0.03335114712162);
#14015=CARTESIAN_POINT('',(0.1198363359227,2.5,-6.705349282465));
#14016=CARTESIAN_POINT('',(0.1198363359227,2.5,-6.705349282465));
#14017=VECTOR('',#17667,0.02653247088178);
#14018=CARTESIAN_POINT('',(0.09004910543105,2.5,-6.699516038142));
#14019=CARTESIAN_POINT('',(0.09004910543105,2.5,-6.699516038142));
#14020=VECTOR('',#17668,0.03035302027315);
#14021=CARTESIAN_POINT('',(0.0006874056114825,2.5,-6.699516038142));
#14022=CARTESIAN_POINT('',(0.0006874056114825,2.5,-6.699516038142));
#14023=VECTOR('',#17669,0.08936169981956);
#14024=CARTESIAN_POINT('',(-0.02909984156946,2.5,-6.705349282465));
#14025=CARTESIAN_POINT('',(-0.02909984156946,2.5,-6.705349282465));
#14026=VECTOR('',#17670,0.03035303665136);
#14027=CARTESIAN_POINT('',(-0.05292962596277,2.5,-6.717016038142));
#14028=CARTESIAN_POINT('',(-0.05292962596277,2.5,-6.717016038142));
#14029=VECTOR('',#17671,0.02653246713446);
#14030=CARTESIAN_POINT('',(-0.07675941035608,2.5,-6.740349282465));
#14031=CARTESIAN_POINT('',(-0.07675941035608,2.5,-6.740349282465));
#14032=VECTOR('',#17672,0.03335114563104);
#14033=CARTESIAN_POINT('',(-0.08867430255273,2.5,-6.763682526789));
#14034=CARTESIAN_POINT('',(-0.08867430255273,2.5,-6.763682526789));
#14035=VECTOR('',#17673,0.0261993310359);
#14036=CARTESIAN_POINT('',(-0.09463174865106,2.5,-6.792849282465));
#14037=CARTESIAN_POINT('',(-0.09463174865106,2.5,-6.792849282465));
#14038=VECTOR('',#17674,0.02976895699708);
#14039=CARTESIAN_POINT('',(-0.09463174865106,2.5,-6.839516038142));
#14040=CARTESIAN_POINT('',(-0.09463174865106,2.5,-6.839516038142));
#14041=VECTOR('',#17675,0.04666675567627);
#14042=CARTESIAN_POINT('',(-0.08867430255273,2.5,-6.868682526789));
#14043=CARTESIAN_POINT('',(-0.08867430255273,2.5,-6.868682526789));
#14044=VECTOR('',#17676,0.02976869537008);
#14045=CARTESIAN_POINT('',(-0.07675941035608,2.5,-6.892016038142));
#14046=CARTESIAN_POINT('',(-0.07675941035608,2.5,-6.892016038142));
#14047=VECTOR('',#17677,0.02619956885327);
#14048=CARTESIAN_POINT('',(-0.05292962596277,2.5,-6.915349282465));
#14049=CARTESIAN_POINT('',(-0.05292962596277,2.5,-6.915349282465));
#14050=VECTOR('',#17678,0.03335114563104);
#14051=CARTESIAN_POINT('',(-0.02909984156946,2.5,-6.927016038142));
#14052=CARTESIAN_POINT('',(-0.02909984156946,2.5,-6.927016038142));
#14053=VECTOR('',#17679,0.02653246713446);
#14054=CARTESIAN_POINT('',(0.0006874056114825,2.5,-6.932849282465));
#14055=CARTESIAN_POINT('',(0.0006874056114825,2.5,-6.932849282465));
#14056=VECTOR('',#17680,0.03035303665136);
#14057=CARTESIAN_POINT('',(0.09004910543105,2.5,-6.932849282465));
#14058=CARTESIAN_POINT('',(0.09004910543105,2.5,-6.932849282465));
#14059=VECTOR('',#17681,0.08936169981956);
#14060=CARTESIAN_POINT('',(0.1198363359227,2.5,-6.927016038142));
#14061=CARTESIAN_POINT('',(0.1198363359227,2.5,-6.927016038142));
#14062=VECTOR('',#17682,0.03035302027315);
#14063=CARTESIAN_POINT('',(0.1436661244883,2.5,-6.915349282465));
#14064=CARTESIAN_POINT('',(0.1436661244883,2.5,-6.915349282465));
#14065=VECTOR('',#17683,0.02653247088178);
#14066=CARTESIAN_POINT('',(0.1674959109678,2.5,-6.892016038142));
#14067=CARTESIAN_POINT('',(0.1674959109678,2.5,-6.892016038142));
#14068=VECTOR('',#17684,0.03335114712162);
#14069=CARTESIAN_POINT('',(0.1794108047291,2.5,-6.868682526789));
#14070=CARTESIAN_POINT('',(0.1794108047291,2.5,-6.868682526789));
#14071=VECTOR('',#17685,0.02619956956482);
#14072=CARTESIAN_POINT('',(0.1853682513489,2.5,-6.839516038142));
#14073=CARTESIAN_POINT('',(0.1853682513489,2.5,-6.839516038142));
#14074=VECTOR('',#17686,0.02976869547446);
#14075=CARTESIAN_POINT('',(0.1853682513489,2.5,-6.792849282465));
#14076=CARTESIAN_POINT('',(0.1853682513489,2.5,-6.792849282465));
#14077=VECTOR('',#17687,0.04666675567627);
#14078=CARTESIAN_POINT('',(0.1794108047291,2.5,-6.763682526789));
#14079=VECTOR('',#17688,0.02976895710145);
#14080=CARTESIAN_POINT('',(0.1853682513489,2.5,-7.014516038142));
#14081=CARTESIAN_POINT('',(0.06026186659476,2.5,-7.014516038142));
#14082=CARTESIAN_POINT('',(0.1853682513489,2.5,-7.014516038142));
#14083=VECTOR('',#17689,0.1251063847542);
#14084=CARTESIAN_POINT('',(0.1853682513489,2.5,-6.979516038142));
#14085=CARTESIAN_POINT('',(0.1853682513489,2.5,-6.979516038142));
#14086=VECTOR('',#17690,0.035);
#14087=CARTESIAN_POINT('',(-0.09463174865106,2.5,-6.979516038142));
#14088=CARTESIAN_POINT('',(-0.09463174865106,2.5,-6.979516038142));
#14089=VECTOR('',#17691,0.28);
#14090=CARTESIAN_POINT('',(-0.09463174865106,2.5,-7.119516038142));
#14091=CARTESIAN_POINT('',(-0.09463174865106,2.5,-7.119516038142));
#14092=VECTOR('',#17692,0.14);
#14093=CARTESIAN_POINT('',(-0.08867430255273,2.5,-7.148682526789));
#14094=CARTESIAN_POINT('',(-0.08867430255273,2.5,-7.148682526789));
#14095=VECTOR('',#17693,0.02976869537009);
#14096=CARTESIAN_POINT('',(-0.07080196425775,2.5,-7.172016038142));
#14097=CARTESIAN_POINT('',(-0.07080196425775,2.5,-7.172016038142));
#14098=VECTOR('',#17694,0.02939172040166);
#14099=CARTESIAN_POINT('',(-0.04697217986444,2.5,-7.189516038142));
#14100=CARTESIAN_POINT('',(-0.04697217986444,2.5,-7.189516038142));
#14101=VECTOR('',#17695,0.02956532807583);
#14102=CARTESIAN_POINT('',(-0.02909984156946,2.5,-7.195349282465));
#14103=CARTESIAN_POINT('',(-0.02909984156946,2.5,-7.195349282465));
#14104=VECTOR('',#17696,0.01880019189984);
#14105=CARTESIAN_POINT('',(-0.005270040486845,2.5,-7.195349282465));
#14106=CARTESIAN_POINT('',(-0.005270040486845,2.5,-7.195349282465));
#14107=VECTOR('',#17697,0.02382980108261);
#14108=CARTESIAN_POINT('',(0.01260229780814,2.5,-7.189516038142));
#14109=CARTESIAN_POINT('',(0.01260229780814,2.5,-7.189516038142));
#14110=VECTOR('',#17698,0.01880019189984);
#14111=CARTESIAN_POINT('',(0.03643208220145,2.5,-7.172016038142));
#14112=CARTESIAN_POINT('',(0.03643208220145,2.5,-7.172016038142));
#14113=VECTOR('',#17699,0.02956532807583);
#14114=CARTESIAN_POINT('',(0.0483469743981,2.5,-7.148682526789));
#14115=CARTESIAN_POINT('',(0.0483469743981,2.5,-7.148682526789));
#14116=VECTOR('',#17700,0.02619956885327);
#14117=CARTESIAN_POINT('',(0.1853682513489,2.5,-7.201182526789));
#14118=CARTESIAN_POINT('',(0.1853682513489,2.5,-7.201182526789));
#14119=VECTOR('',#17701,0.1467347277819);
#14120=CARTESIAN_POINT('',(0.1853682513489,2.5,-7.160349282465));
#14121=CARTESIAN_POINT('',(0.1853682513489,2.5,-7.160349282465));
#14122=VECTOR('',#17702,0.04083324432373);
#14123=CARTESIAN_POINT('',(0.06026186659476,2.5,-7.113682526789));
#14124=CARTESIAN_POINT('',(0.06026186659476,2.5,-7.113682526789));
#14125=VECTOR('',#17703,0.1335267523443);
#14126=CARTESIAN_POINT('',(0.06026186659476,2.5,-7.014516038142));
#14127=VECTOR('',#17704,0.09916648864746);
#14128=CARTESIAN_POINT('',(0.1138788898244,2.5,-5.101182660303));
#14129=CARTESIAN_POINT('',(0.09004910543105,2.5,-5.095349282465));
#14130=CARTESIAN_POINT('',(0.1138788898244,2.5,-5.101182660303));
#14131=VECTOR('',#17705,0.02453338381133);
#14132=CARTESIAN_POINT('',(0.1317512281193,2.5,-5.112849282465));
#14133=CARTESIAN_POINT('',(0.1317512281193,2.5,-5.112849282465));
#14134=VECTOR('',#17706,0.02134316164016);
#14135=CARTESIAN_POINT('',(0.1436661244883,2.5,-5.130349282465));
#14136=CARTESIAN_POINT('',(0.1436661244883,2.5,-5.130349282465));
#14137=VECTOR('',#17707,0.02117108300214);
#14138=CARTESIAN_POINT('',(0.1496235705866,2.5,-5.153682660303));
#14139=CARTESIAN_POINT('',(0.1496235705866,2.5,-5.153682660303));
#14140=VECTOR('',#17708,0.02408189538536);
#14141=CARTESIAN_POINT('',(0.1496235705866,2.5,-5.200349282465));
#14142=CARTESIAN_POINT('',(0.1496235705866,2.5,-5.200349282465));
#14143=VECTOR('',#17709,0.04666662216186);
#14144=CARTESIAN_POINT('',(0.1436661244883,2.5,-5.223682660303));
#14145=CARTESIAN_POINT('',(0.1436661244883,2.5,-5.223682660303));
#14146=VECTOR('',#17710,0.02408189538536);
#14147=CARTESIAN_POINT('',(0.1317512281193,2.5,-5.241182660303));
#14148=CARTESIAN_POINT('',(0.1317512281193,2.5,-5.241182660303));
#14149=VECTOR('',#17711,0.02117108300214);
#14150=CARTESIAN_POINT('',(0.1138788898244,2.5,-5.252849282465));
#14151=CARTESIAN_POINT('',(0.1138788898244,2.5,-5.252849282465));
#14152=VECTOR('',#17712,0.02134316164016);
#14153=CARTESIAN_POINT('',(0.09004910543105,2.5,-5.258682526789));
#14154=CARTESIAN_POINT('',(0.09004910543105,2.5,-5.258682526789));
#14155=VECTOR('',#17713,0.02453335206554);
#14156=CARTESIAN_POINT('',(0.0006874056114825,2.5,-5.258682526789));
#14157=CARTESIAN_POINT('',(0.0006874056114825,2.5,-5.258682526789));
#14158=VECTOR('',#17714,0.08936169981956);
#14159=CARTESIAN_POINT('',(-0.02314237878183,2.5,-5.252849282465));
#14160=CARTESIAN_POINT('',(-0.02314237878183,2.5,-5.252849282465));
#14161=VECTOR('',#17715,0.02453335206554);
#14162=CARTESIAN_POINT('',(-0.04101473376611,2.5,-5.241182660303));
#14163=CARTESIAN_POINT('',(-0.04101473376611,2.5,-5.241182660303));
#14164=VECTOR('',#17716,0.02134317561545);
#14165=CARTESIAN_POINT('',(-0.05292962596277,2.5,-5.223682660303));
#14166=CARTESIAN_POINT('',(-0.05292962596277,2.5,-5.223682660303));
#14167=VECTOR('',#17717,0.02117108065399);
#14168=CARTESIAN_POINT('',(-0.05888707206109,2.5,-5.200349282465));
#14169=CARTESIAN_POINT('',(-0.05888707206109,2.5,-5.200349282465));
#14170=VECTOR('',#17718,0.02408189538536);
#14171=CARTESIAN_POINT('',(-0.05888707206109,2.5,-5.153682660303));
#14172=CARTESIAN_POINT('',(-0.05888707206109,2.5,-5.153682660303));
#14173=VECTOR('',#17719,0.04666662216187);
#14174=CARTESIAN_POINT('',(-0.05292962596277,2.5,-5.130349282465));
#14175=CARTESIAN_POINT('',(-0.05292962596277,2.5,-5.130349282465));
#14176=VECTOR('',#17720,0.02408189538536);
#14177=CARTESIAN_POINT('',(-0.04101473376611,2.5,-5.112849282465));
#14178=CARTESIAN_POINT('',(-0.04101473376611,2.5,-5.112849282465));
#14179=VECTOR('',#17721,0.02117108065399);
#14180=CARTESIAN_POINT('',(-0.02314237878183,2.5,-5.101182660303));
#14181=CARTESIAN_POINT('',(-0.02314237878183,2.5,-5.101182660303));
#14182=VECTOR('',#17722,0.02134317561545);
#14183=CARTESIAN_POINT('',(0.0006874056114824,2.5,-5.095349282465));
#14184=CARTESIAN_POINT('',(0.0006874056114824,2.5,-5.095349282465));
#14185=VECTOR('',#17723,0.02453338381133);
#14186=CARTESIAN_POINT('',(0.09004910543105,2.5,-5.095349282465));
#14187=VECTOR('',#17724,0.08936169981957);
#14188=CARTESIAN_POINT('',(0.1138788898244,2.5,-6.740349282465));
#14189=CARTESIAN_POINT('',(0.09004910543105,2.5,-6.734516038142));
#14190=CARTESIAN_POINT('',(0.1138788898244,2.5,-6.740349282465));
#14191=VECTOR('',#17725,0.02453335206555);
#14192=CARTESIAN_POINT('',(0.1317512281193,2.5,-6.752016038142));
#14193=CARTESIAN_POINT('',(0.1317512281193,2.5,-6.752016038142));
#14194=VECTOR('',#17726,0.02134323462224);
#14195=CARTESIAN_POINT('',(0.1436661244883,2.5,-6.769516038142));
#14196=CARTESIAN_POINT('',(0.1436661244883,2.5,-6.769516038142));
#14197=VECTOR('',#17727,0.02117108300214);
#14198=CARTESIAN_POINT('',(0.1496235705866,2.5,-6.792849282465));
#14199=CARTESIAN_POINT('',(0.1496235705866,2.5,-6.792849282465));
#14200=VECTOR('',#17728,0.0240817660209);
#14201=CARTESIAN_POINT('',(0.1496235705866,2.5,-6.839516038142));
#14202=CARTESIAN_POINT('',(0.1496235705866,2.5,-6.839516038142));
#14203=VECTOR('',#17729,0.04666675567627);
#14204=CARTESIAN_POINT('',(0.1436661244883,2.5,-6.862849282465));
#14205=CARTESIAN_POINT('',(0.1436661244883,2.5,-6.862849282465));
#14206=VECTOR('',#17730,0.0240817660209);
#14207=CARTESIAN_POINT('',(0.1317512281193,2.5,-6.880349282465));
#14208=CARTESIAN_POINT('',(0.1317512281193,2.5,-6.880349282465));
#14209=VECTOR('',#17731,0.02117108300214);
#14210=CARTESIAN_POINT('',(0.1138788898244,2.5,-6.892016038142));
#14211=CARTESIAN_POINT('',(0.1138788898244,2.5,-6.892016038142));
#14212=VECTOR('',#17732,0.02134323462224);
#14213=CARTESIAN_POINT('',(0.09004910543105,2.5,-6.897849282465));
#14214=CARTESIAN_POINT('',(0.09004910543105,2.5,-6.897849282465));
#14215=VECTOR('',#17733,0.02453335206555);
#14216=CARTESIAN_POINT('',(0.0006874056114825,2.5,-6.897849282465));
#14217=CARTESIAN_POINT('',(0.0006874056114825,2.5,-6.897849282465));
#14218=VECTOR('',#17734,0.08936169981956);
#14219=CARTESIAN_POINT('',(-0.02314237878183,2.5,-6.892016038142));
#14220=CARTESIAN_POINT('',(-0.02314237878183,2.5,-6.892016038142));
#14221=VECTOR('',#17735,0.02453335206555);
#14222=CARTESIAN_POINT('',(-0.04101473376611,2.5,-6.880349282465));
#14223=CARTESIAN_POINT('',(-0.04101473376611,2.5,-6.880349282465));
#14224=VECTOR('',#17736,0.02134324859748);
#14225=CARTESIAN_POINT('',(-0.05292962596277,2.5,-6.862849282465));
#14226=CARTESIAN_POINT('',(-0.05292962596277,2.5,-6.862849282465));
#14227=VECTOR('',#17737,0.021171080654);
#14228=CARTESIAN_POINT('',(-0.05888707206109,2.5,-6.839516038142));
#14229=CARTESIAN_POINT('',(-0.05888707206109,2.5,-6.839516038142));
#14230=VECTOR('',#17738,0.0240817660209);
#14231=CARTESIAN_POINT('',(-0.05888707206109,2.5,-6.792849282465));
#14232=CARTESIAN_POINT('',(-0.05888707206109,2.5,-6.792849282465));
#14233=VECTOR('',#17739,0.04666675567627);
#14234=CARTESIAN_POINT('',(-0.05292962596277,2.5,-6.769516038142));
#14235=CARTESIAN_POINT('',(-0.05292962596277,2.5,-6.769516038142));
#14236=VECTOR('',#17740,0.0240817660209);
#14237=CARTESIAN_POINT('',(-0.04101473376611,2.5,-6.752016038142));
#14238=CARTESIAN_POINT('',(-0.04101473376611,2.5,-6.752016038142));
#14239=VECTOR('',#17741,0.02117108065399);
#14240=CARTESIAN_POINT('',(-0.02314237878183,2.5,-6.740349282465));
#14241=CARTESIAN_POINT('',(-0.02314237878183,2.5,-6.740349282465));
#14242=VECTOR('',#17742,0.02134324859748);
#14243=CARTESIAN_POINT('',(0.0006874056114825,2.5,-6.734516038142));
#14244=CARTESIAN_POINT('',(0.0006874056114825,2.5,-6.734516038142));
#14245=VECTOR('',#17743,0.02453335206555);
#14246=CARTESIAN_POINT('',(0.09004910543105,2.5,-6.734516038142));
#14247=VECTOR('',#17744,0.08936169981956);
#14248=CARTESIAN_POINT('',(0.01855974390647,2.5,-7.142849282465));
#14249=CARTESIAN_POINT('',(0.02451719000479,2.5,-7.125349282465));
#14250=CARTESIAN_POINT('',(0.01855974390647,2.5,-7.142849282465));
#14251=VECTOR('',#17745,0.01848624256074);
#14252=CARTESIAN_POINT('',(0.00664485170981,2.5,-7.154516038142));
#14253=CARTESIAN_POINT('',(0.00664485170981,2.5,-7.154516038142));
#14254=VECTOR('',#17746,0.0166756662256);
#14255=CARTESIAN_POINT('',(-0.01122748658517,2.5,-7.160349282465));
#14256=CARTESIAN_POINT('',(-0.01122748658517,2.5,-7.160349282465));
#14257=VECTOR('',#17747,0.01880019189983);
#14258=CARTESIAN_POINT('',(-0.02909984156946,2.5,-7.160349282465));
#14259=CARTESIAN_POINT('',(-0.02909984156946,2.5,-7.160349282465));
#14260=VECTOR('',#17748,0.01787235498428);
#14261=CARTESIAN_POINT('',(-0.04697217986444,2.5,-7.154516038142));
#14262=CARTESIAN_POINT('',(-0.04697217986444,2.5,-7.154516038142));
#14263=VECTOR('',#17749,0.01880019189983);
#14264=CARTESIAN_POINT('',(-0.05888707206109,2.5,-7.142849282465));
#14265=CARTESIAN_POINT('',(-0.05888707206109,2.5,-7.142849282465));
#14266=VECTOR('',#17750,0.0166756662256);
#14267=CARTESIAN_POINT('',(-0.06484451815942,2.5,-7.125349282465));
#14268=CARTESIAN_POINT('',(-0.06484451815942,2.5,-7.125349282465));
#14269=VECTOR('',#17751,0.01848624256074);
#14270=CARTESIAN_POINT('',(-0.06484451815942,2.5,-7.014516038142));
#14271=CARTESIAN_POINT('',(-0.06484451815942,2.5,-7.014516038142));
#14272=VECTOR('',#17752,0.1108332443237);
#14273=CARTESIAN_POINT('',(0.02451719000479,2.5,-7.014516038142));
#14274=CARTESIAN_POINT('',(0.02451719000479,2.5,-7.014516038142));
#14275=VECTOR('',#17753,0.08936170816422);
#14276=CARTESIAN_POINT('',(0.02451719000479,2.5,-7.125349282465));
#14277=VECTOR('',#17754,0.1108332443237);
#14278=CARTESIAN_POINT('',(-2.3,0.0,-9.1));
#14279=CARTESIAN_POINT('',(-2.3,2.5,-9.1));
#14280=VECTOR('',#17755,2.5);
#14281=CARTESIAN_POINT('',(-2.3,0.0,-7.7));
#14282=CARTESIAN_POINT('',(-2.3,0.0,-9.1));
#14283=VECTOR('',#17756,1.4);
#14284=CARTESIAN_POINT('',(-2.3,0.0,-7.7));
#14285=VECTOR('',#17757,2.5);
#14286=CARTESIAN_POINT('',(-3.9,0.0,-7.7));
#14287=CARTESIAN_POINT('',(-3.9,0.0,-7.7));
#14288=VECTOR('',#17758,1.6);
#14289=CARTESIAN_POINT('',(-3.9,2.5,-7.7));
#14290=VECTOR('',#17759,2.5);
#14291=CARTESIAN_POINT('',(-3.9,-2.5,-0.6));
#14292=CARTESIAN_POINT('',(-3.9,-2.5,0.0));
#14293=VECTOR('',#17760,0.6);
#14294=CARTESIAN_POINT('',(-3.9,0.0,-9.1));
#14295=CARTESIAN_POINT('',(-3.9,0.0,-9.1));
#14296=VECTOR('',#17761,1.4);
#14297=CARTESIAN_POINT('',(-3.9,2.5,-9.1));
#14298=VECTOR('',#17762,2.5);
#14299=CARTESIAN_POINT('',(-3.9,-2.5,-11.2));
#14300=CARTESIAN_POINT('',(-3.9,2.5,-11.2));
#14301=VECTOR('',#17763,5.0);
#14302=CARTESIAN_POINT('',(-3.9,-2.5,-1.6));
#14303=CARTESIAN_POINT('',(-3.9,-2.5,-1.6));
#14304=VECTOR('',#17764,9.6);
#14305=CARTESIAN_POINT('',(-3.9,-0.7,-1.6));
#14306=CARTESIAN_POINT('',(-3.9,-2.5,-1.6));
#14307=VECTOR('',#17765,1.8);
#14308=CARTESIAN_POINT('',(-3.9,-0.7,-0.6));
#14309=CARTESIAN_POINT('',(-3.9,-0.7,-0.6));
#14310=VECTOR('',#17766,1.0);
#14311=CARTESIAN_POINT('',(-3.9,-2.5,-0.6));
#14312=VECTOR('',#17767,1.8);
#14313=CARTESIAN_POINT('',(-3.1,-0.7,-0.6));
#14314=CARTESIAN_POINT('',(-3.9,-0.7,-0.6));
#14315=VECTOR('',#17768,0.8);
#14316=CARTESIAN_POINT('',(-3.1,-2.5,-0.6));
#14317=CARTESIAN_POINT('',(-3.1,-2.5,-0.6));
#14318=VECTOR('',#17769,1.8);
#14319=CARTESIAN_POINT('',(-3.9,-2.5,-0.6));
#14320=VECTOR('',#17770,0.8);
#14321=CARTESIAN_POINT('',(-2.175,-2.5,-11.2));
#14322=CARTESIAN_POINT('',(-2.175,-2.5,-10.18));
#14323=CARTESIAN_POINT('',(-2.175,-2.5,-11.2));
#14324=VECTOR('',#17771,1.02);
#14325=CARTESIAN_POINT('',(3.1,-2.5,-11.2));
#14326=CARTESIAN_POINT('',(-2.175,-2.5,-11.2));
#14327=VECTOR('',#17772,5.275);
#14328=CARTESIAN_POINT('',(3.1,-2.5,-8.6));
#14329=CARTESIAN_POINT('',(3.1,-2.5,-8.6));
#14330=VECTOR('',#17773,2.6);
#14331=CARTESIAN_POINT('',(2.3,-2.5,-8.6));
#14332=CARTESIAN_POINT('',(3.1,-2.5,-8.6));
#14333=VECTOR('',#17774,0.8);
#14334=CARTESIAN_POINT('',(2.3,-2.5,-7.6));
#14335=CARTESIAN_POINT('',(2.3,-2.5,-7.6));
#14336=VECTOR('',#17775,1.0);
#14337=CARTESIAN_POINT('',(3.1,-2.5,-7.6));
#14338=CARTESIAN_POINT('',(3.1,-2.5,-7.6));
#14339=VECTOR('',#17776,0.8);
#14340=CARTESIAN_POINT('',(3.1,-2.5,-4.6));
#14341=CARTESIAN_POINT('',(3.1,-2.5,-4.6));
#14342=VECTOR('',#17777,3.0);
#14343=CARTESIAN_POINT('',(2.4,-2.5,-4.6));
#14344=CARTESIAN_POINT('',(3.1,-2.5,-4.6));
#14345=VECTOR('',#17778,0.7);
#14346=CARTESIAN_POINT('',(2.4,-2.5,-5.6));
#14347=CARTESIAN_POINT('',(2.4,-2.5,-5.6));
#14348=VECTOR('',#17779,1.0);
#14349=CARTESIAN_POINT('',(2.2,-2.5,-5.6));
#14350=CARTESIAN_POINT('',(2.2,-2.5,-5.6));
#14351=VECTOR('',#17780,0.2);
#14352=CARTESIAN_POINT('',(2.2,-2.5,-4.6));
#14353=CARTESIAN_POINT('',(2.2,-2.5,-4.6));
#14354=VECTOR('',#17781,1.0);
#14355=CARTESIAN_POINT('',(2.3,-2.5,-4.6));
#14356=CARTESIAN_POINT('',(2.3,-2.5,-4.6));
#14357=VECTOR('',#17782,0.1);
#14358=CARTESIAN_POINT('',(2.3,-2.5,-3.6));
#14359=CARTESIAN_POINT('',(2.3,-2.5,-3.6));
#14360=VECTOR('',#17783,1.0);
#14361=CARTESIAN_POINT('',(3.1,-2.5,-3.6));
#14362=CARTESIAN_POINT('',(3.1,-2.5,-3.6));
#14363=VECTOR('',#17784,0.8);
#14364=CARTESIAN_POINT('',(3.1,-2.5,-1.6));
#14365=CARTESIAN_POINT('',(3.1,-2.5,-1.6));
#14366=VECTOR('',#17785,2.0);
#14367=CARTESIAN_POINT('',(2.4,-2.5,-1.6));
#14368=CARTESIAN_POINT('',(3.1,-2.5,-1.6));
#14369=VECTOR('',#17786,0.7);
#14370=CARTESIAN_POINT('',(2.4,-2.5,-2.6));
#14371=CARTESIAN_POINT('',(2.4,-2.5,-2.6));
#14372=VECTOR('',#17787,1.0);
#14373=CARTESIAN_POINT('',(2.2,-2.5,-2.6));
#14374=CARTESIAN_POINT('',(2.2,-2.5,-2.6));
#14375=VECTOR('',#17788,0.2);
#14376=CARTESIAN_POINT('',(2.2,-2.5,-1.6));
#14377=CARTESIAN_POINT('',(2.2,-2.5,-1.6));
#14378=VECTOR('',#17789,1.0);
#14379=CARTESIAN_POINT('',(2.3,-2.5,-1.6));
#14380=CARTESIAN_POINT('',(2.3,-2.5,-1.6));
#14381=VECTOR('',#17790,0.1);
#14382=CARTESIAN_POINT('',(2.3,-2.5,-0.6));
#14383=CARTESIAN_POINT('',(2.3,-2.5,-0.6));
#14384=VECTOR('',#17791,1.0);
#14385=CARTESIAN_POINT('',(3.1,-2.5,-0.6));
#14386=CARTESIAN_POINT('',(3.1,-2.5,-0.6));
#14387=VECTOR('',#17792,0.8);
#14388=CARTESIAN_POINT('',(3.1,-2.5,0.0));
#14389=VECTOR('',#17793,0.6);
#14390=CARTESIAN_POINT('',(-3.1,-2.5,-1.6));
#14391=CARTESIAN_POINT('',(-3.1,-2.5,-1.6));
#14392=VECTOR('',#17794,1.0);
#14393=CARTESIAN_POINT('',(-3.2,-2.5,-1.6));
#14394=CARTESIAN_POINT('',(-3.2,-2.5,-1.6));
#14395=VECTOR('',#17795,0.1);
#14396=CARTESIAN_POINT('',(-3.2,-2.5,-2.6));
#14397=CARTESIAN_POINT('',(-3.2,-2.5,-2.6));
#14398=VECTOR('',#17796,1.0);
#14399=CARTESIAN_POINT('',(-3.4,-2.5,-2.6));
#14400=CARTESIAN_POINT('',(-3.4,-2.5,-2.6));
#14401=VECTOR('',#17797,0.2);
#14402=CARTESIAN_POINT('',(-3.4,-2.5,-1.6));
#14403=CARTESIAN_POINT('',(-3.4,-2.5,-1.6));
#14404=VECTOR('',#17798,1.0);
#14405=CARTESIAN_POINT('',(-3.9,-2.5,-1.6));
#14406=VECTOR('',#17799,0.5);
#14407=CARTESIAN_POINT('',(-2.425,-2.5,-11.2));
#14408=CARTESIAN_POINT('',(-3.9,-2.5,-11.2));
#14409=VECTOR('',#17800,1.475);
#14410=CARTESIAN_POINT('',(-2.425,-2.5,-10.18));
#14411=CARTESIAN_POINT('',(-2.425,-2.5,-11.2));
#14412=VECTOR('',#17801,1.02);
#14413=CARTESIAN_POINT('',(-2.4,-2.5,-10.18));
#14414=CARTESIAN_POINT('',(-2.4,-2.5,-10.18));
#14415=VECTOR('',#17802,0.025);
#14416=CARTESIAN_POINT('',(-2.4,-2.5,-10.2));
#14417=CARTESIAN_POINT('',(-2.4,-2.5,-10.2));
#14418=VECTOR('',#17803,0.02);
#14419=CARTESIAN_POINT('',(-2.2,-2.5,-10.2));
#14420=CARTESIAN_POINT('',(-2.2,-2.5,-10.2));
#14421=VECTOR('',#17804,0.2);
#14422=CARTESIAN_POINT('',(-2.2,-2.5,-10.18));
#14423=CARTESIAN_POINT('',(-2.2,-2.5,-10.2));
#14424=VECTOR('',#17805,0.02);
#14425=CARTESIAN_POINT('',(-2.175,-2.5,-10.18));
#14426=VECTOR('',#17806,0.025);
#14427=CARTESIAN_POINT('',(0.0,-2.5,-10.2));
#14428=CARTESIAN_POINT('',(0.0,-2.5,-11.0));
#14429=AXIS2_PLACEMENT_3D('',#17807,#17808,#17809);
#14430=AXIS2_PLACEMENT_3D('',#17810,#17811,#17812);
#14431=CARTESIAN_POINT('',(2.2,-2.5,-9.6));
#14432=CARTESIAN_POINT('',(2.2,-2.5,-8.6));
#14433=CARTESIAN_POINT('',(2.2,-2.5,-9.6));
#14434=VECTOR('',#17813,1.0);
#14435=CARTESIAN_POINT('',(2.0,-2.5,-9.6));
#14436=CARTESIAN_POINT('',(2.0,-2.5,-9.6));
#14437=VECTOR('',#17814,0.2);
#14438=CARTESIAN_POINT('',(2.0,-2.5,-8.6));
#14439=CARTESIAN_POINT('',(2.0,-2.5,-8.6));
#14440=VECTOR('',#17815,1.0);
#14441=CARTESIAN_POINT('',(2.2,-2.5,-8.6));
#14442=VECTOR('',#17816,0.2);
#14443=CARTESIAN_POINT('',(0.0,-2.5,-3.4));
#14444=CARTESIAN_POINT('',(0.0,-2.5,-4.2));
#14445=AXIS2_PLACEMENT_3D('',#17817,#17818,#17819);
#14446=AXIS2_PLACEMENT_3D('',#17820,#17821,#17822);
#14447=CARTESIAN_POINT('',(0.0,-2.9,-4.2));
#14448=CARTESIAN_POINT('',(0.0,-2.5,-4.2));
#14449=VECTOR('',#17823,0.4);
#14450=CARTESIAN_POINT('',(0.0,-2.9,-3.4));
#14451=CARTESIAN_POINT('',(0.0,-2.5,-3.4));
#14452=VECTOR('',#17824,0.4);
#14453=AXIS2_PLACEMENT_3D('',#17825,#17826,#17827);
#14454=CARTESIAN_POINT('',(0.0,-3.2,-3.9));
#14455=AXIS2_PLACEMENT_3D('',#17828,#17829,#17830);
#14456=CARTESIAN_POINT('',(0.0,-3.2,-3.7));
#14457=AXIS2_PLACEMENT_3D('',#17831,#17832,#17833);
#14458=AXIS2_PLACEMENT_3D('',#17834,#17835,#17836);
#14459=AXIS2_PLACEMENT_3D('',#17837,#17838,#17839);
#14460=AXIS2_PLACEMENT_3D('',#17840,#17841,#17842);
#14461=AXIS2_PLACEMENT_3D('',#17843,#17844,#17845);
#14462=AXIS2_PLACEMENT_3D('',#17846,#17847,#17848);
#14463=AXIS2_PLACEMENT_3D('',#17849,#17850,#17851);
#14464=AXIS2_PLACEMENT_3D('',#17852,#17853,#17854);
#14465=CARTESIAN_POINT('',(0.0,-2.5,-10.2));
#14466=VECTOR('',#17855,0.5);
#14467=CARTESIAN_POINT('',(0.0,-2.5,-11.0));
#14468=VECTOR('',#17856,0.5);
#14469=CARTESIAN_POINT('',(2.2,-4.8,-8.6));
#14470=CARTESIAN_POINT('',(2.2,-2.5,-8.6));
#14471=VECTOR('',#17857,2.3);
#14472=CARTESIAN_POINT('',(2.0,-4.8,-8.6));
#14473=CARTESIAN_POINT('',(2.0,-2.5,-8.6));
#14474=VECTOR('',#17858,2.3);
#14475=CARTESIAN_POINT('',(2.2,-4.8,-8.6));
#14476=VECTOR('',#17859,0.2);
#14477=AXIS2_PLACEMENT_3D('',#17860,#17861,#17862);
#14478=AXIS2_PLACEMENT_3D('',#17863,#17864,#17865);
#14479=CARTESIAN_POINT('',(2.0,-2.5,-9.6));
#14480=VECTOR('',#17866,2.3);
#14481=CARTESIAN_POINT('',(2.2,-2.5,-9.6));
#14482=VECTOR('',#17867,2.3);
#14483=CARTESIAN_POINT('',(-2.2,1.248511718558,-10.18));
#14484=CARTESIAN_POINT('',(-2.2,-2.5,-10.18));
#14485=VECTOR('',#17868,3.748511718558);
#14486=CARTESIAN_POINT('',(-2.4,1.248511718558,-10.18));
#14487=CARTESIAN_POINT('',(-2.2,1.248511718558,-10.18));
#14488=VECTOR('',#17869,0.2);
#14489=CARTESIAN_POINT('',(-2.4,1.248511718558,-10.18));
#14490=VECTOR('',#17870,3.748511718558);
#14491=CARTESIAN_POINT('',(-2.425,1.273511718558,-10.18));
#14492=CARTESIAN_POINT('',(-2.425,-2.5,-10.18));
#14493=VECTOR('',#17871,3.773511718558);
#14494=CARTESIAN_POINT('',(-2.175,1.273511718558,-10.18));
#14495=CARTESIAN_POINT('',(-2.425,1.273511718558,-10.18));
#14496=VECTOR('',#17872,0.25);
#14497=CARTESIAN_POINT('',(-2.175,1.273511718558,-10.18));
#14498=VECTOR('',#17873,3.773511718558);
#14499=CARTESIAN_POINT('',(-2.175,-1.0,-11.2));
#14500=CARTESIAN_POINT('',(-2.175,-1.0,-10.2));
#14501=CARTESIAN_POINT('',(-2.175,-1.0,-11.2));
#14502=VECTOR('',#17874,1.0);
#14503=CARTESIAN_POINT('',(-2.175,-1.0,-11.2));
#14504=VECTOR('',#17875,1.5);
#14505=CARTESIAN_POINT('',(-2.175,1.273511718558,-11.2));
#14506=CARTESIAN_POINT('',(-2.175,1.273511718558,-11.2));
#14507=VECTOR('',#17876,1.02);
#14508=CARTESIAN_POINT('',(-2.175,1.0,-11.2));
#14509=CARTESIAN_POINT('',(-2.175,1.273511718558,-11.2));
#14510=VECTOR('',#17877,0.2735117185582);
#14511=CARTESIAN_POINT('',(-2.175,1.0,-10.2));
#14512=CARTESIAN_POINT('',(-2.175,1.0,-11.2));
#14513=VECTOR('',#17878,1.0);
#14514=CARTESIAN_POINT('',(-2.175,-1.0,-10.2));
#14515=VECTOR('',#17879,2.0);
#14516=CARTESIAN_POINT('',(-1.497497913187,-0.4,-10.2));
#14517=CARTESIAN_POINT('',(-1.55,0.0,-10.2));
#14518=AXIS2_PLACEMENT_3D('',#17880,#17881,#17882);
#14519=CARTESIAN_POINT('',(-1.875,-0.4,-10.2));
#14520=CARTESIAN_POINT('',(-1.497497913187,-0.4,-10.2));
#14521=VECTOR('',#17883,0.3775020868128);
#14522=CARTESIAN_POINT('',(-1.875,-1.0,-10.2));
#14523=CARTESIAN_POINT('',(-1.875,-0.4,-10.2));
#14524=VECTOR('',#17884,0.6);
#14525=CARTESIAN_POINT('',(-1.875,-1.0,-10.2));
#14526=VECTOR('',#17885,0.3);
#14527=CARTESIAN_POINT('',(-1.875,1.0,-10.2));
#14528=CARTESIAN_POINT('',(-2.175,1.0,-10.2));
#14529=VECTOR('',#17886,0.3);
#14530=CARTESIAN_POINT('',(-1.875,0.4,-10.2));
#14531=CARTESIAN_POINT('',(-1.875,1.0,-10.2));
#14532=VECTOR('',#17887,0.6);
#14533=CARTESIAN_POINT('',(-1.497497913187,0.4,-10.2));
#14534=CARTESIAN_POINT('',(-1.875,0.4,-10.2));
#14535=VECTOR('',#17888,0.3775020868128);
#14536=AXIS2_PLACEMENT_3D('',#17889,#17890,#17891);
#14537=CARTESIAN_POINT('',(-1.497497913187,0.4,-11.2));
#14538=CARTESIAN_POINT('',(-1.497497913187,0.4,-10.2));
#14539=VECTOR('',#17892,1.0);
#14540=CARTESIAN_POINT('',(1.55,0.0,-11.2));
#14541=AXIS2_PLACEMENT_3D('',#17893,#17894,#17895);
#14542=CARTESIAN_POINT('',(1.55,0.0,-1.2));
#14543=CARTESIAN_POINT('',(1.55,0.0,-11.2));
#14544=VECTOR('',#17896,10.0);
#14545=CARTESIAN_POINT('',(-1.55,0.0,-1.2));
#14546=AXIS2_PLACEMENT_3D('',#17897,#17898,#17899);
#14547=CARTESIAN_POINT('',(-1.55,0.0,-10.2));
#14548=VECTOR('',#17900,9.0);
#14549=AXIS2_PLACEMENT_3D('',#17901,#17902,#17903);
#14550=CARTESIAN_POINT('',(-1.497497913187,-0.4,-11.2));
#14551=AXIS2_PLACEMENT_3D('',#17904,#17905,#17906);
#14552=CARTESIAN_POINT('',(-1.497497913187,-0.4,-10.2));
#14553=VECTOR('',#17907,1.0);
#14554=CARTESIAN_POINT('',(-1.875,-0.4,-11.2));
#14555=CARTESIAN_POINT('',(-1.875,-0.4,-11.2));
#14556=VECTOR('',#17908,1.0);
#14557=CARTESIAN_POINT('',(-1.497497913187,-0.4,-11.2));
#14558=VECTOR('',#17909,0.3775020868128);
#14559=CARTESIAN_POINT('',(-2.2,1.248511718558,-11.2));
#14560=CARTESIAN_POINT('',(-2.2,-4.8,-11.2));
#14561=CARTESIAN_POINT('',(-2.2,1.248511718558,-11.2));
#14562=VECTOR('',#17910,6.048511718558);
#14563=CARTESIAN_POINT('',(-2.4,-4.8,-11.2));
#14564=CARTESIAN_POINT('',(-2.4,-4.8,-11.2));
#14565=VECTOR('',#17911,0.2);
#14566=CARTESIAN_POINT('',(-2.4,1.248511718558,-11.2));
#14567=CARTESIAN_POINT('',(-2.4,-4.8,-11.2));
#14568=VECTOR('',#17912,6.048511718558);
#14569=CARTESIAN_POINT('',(-2.2,1.248511718558,-11.2));
#14570=VECTOR('',#17913,0.2);
#14571=CARTESIAN_POINT('',(-2.425,1.273511718558,-11.2));
#14572=CARTESIAN_POINT('',(-2.425,1.273511718558,-11.2));
#14573=VECTOR('',#17914,0.25);
#14574=CARTESIAN_POINT('',(-2.425,-2.5,-11.2));
#14575=VECTOR('',#17915,3.773511718558);
#14576=CARTESIAN_POINT('',(3.1,-2.5,-11.2));
#14577=VECTOR('',#17916,5.0);
#14578=CARTESIAN_POINT('',(-1.875,-1.0,-11.2));
#14579=CARTESIAN_POINT('',(-1.875,-1.0,-11.2));
#14580=VECTOR('',#17917,0.3);
#14581=CARTESIAN_POINT('',(-1.875,-0.4,-11.2));
#14582=VECTOR('',#17918,0.6);
#14583=CARTESIAN_POINT('',(-1.875,0.4,-11.2));
#14584=CARTESIAN_POINT('',(-1.875,0.4,-11.2));
#14585=VECTOR('',#17919,0.3775020868128);
#14586=CARTESIAN_POINT('',(-1.875,1.0,-11.2));
#14587=CARTESIAN_POINT('',(-1.875,1.0,-11.2));
#14588=VECTOR('',#17920,0.6);
#14589=CARTESIAN_POINT('',(-2.175,1.0,-11.2));
#14590=VECTOR('',#17921,0.3);
#14591=CARTESIAN_POINT('',(-2.4,1.248511718558,-11.2));
#14592=VECTOR('',#17922,1.02);
#14593=CARTESIAN_POINT('',(-2.2,1.248511718558,-11.2));
#14594=VECTOR('',#17923,1.02);
#14595=AXIS2_PLACEMENT_3D('',#17924,#17925,#17926);
#14596=CARTESIAN_POINT('',(-2.2,-2.5,-10.2));
#14597=VECTOR('',#17927,2.3);
#14598=CARTESIAN_POINT('',(-2.4,-2.5,-10.2));
#14599=VECTOR('',#17928,2.3);
#14600=AXIS2_PLACEMENT_3D('',#17929,#17930,#17931);
#14601=CARTESIAN_POINT('',(-1.875,1.0,-11.2));
#14602=VECTOR('',#17932,1.0);
#14603=CARTESIAN_POINT('',(-1.875,0.4,-11.2));
#14604=VECTOR('',#17933,1.0);
#14605=CARTESIAN_POINT('',(-1.875,-1.0,-11.2));
#14606=VECTOR('',#17934,1.0);
#14607=CARTESIAN_POINT('',(3.1,-0.7,-3.6));
#14608=CARTESIAN_POINT('',(3.1,-2.5,-3.6));
#14609=VECTOR('',#17935,1.8);
#14610=CARTESIAN_POINT('',(3.1,-0.7,-4.6));
#14611=CARTESIAN_POINT('',(3.1,-0.7,-4.6));
#14612=VECTOR('',#17936,1.0);
#14613=CARTESIAN_POINT('',(3.1,-2.5,-4.6));
#14614=VECTOR('',#17937,1.8);
#14615=CARTESIAN_POINT('',(3.1,-0.7,-7.6));
#14616=CARTESIAN_POINT('',(3.1,-2.5,-7.6));
#14617=VECTOR('',#17938,1.8);
#14618=CARTESIAN_POINT('',(3.1,-0.7,-8.6));
#14619=CARTESIAN_POINT('',(3.1,-0.7,-8.6));
#14620=VECTOR('',#17939,1.0);
#14621=CARTESIAN_POINT('',(3.1,-2.5,-8.6));
#14622=VECTOR('',#17940,1.8);
#14623=CARTESIAN_POINT('',(3.1,-0.7,-0.6));
#14624=CARTESIAN_POINT('',(3.1,-2.5,-0.6));
#14625=VECTOR('',#17941,1.8);
#14626=CARTESIAN_POINT('',(3.1,-0.7,-1.6));
#14627=CARTESIAN_POINT('',(3.1,-0.7,-1.6));
#14628=VECTOR('',#17942,1.0);
#14629=CARTESIAN_POINT('',(3.1,-2.5,-1.6));
#14630=VECTOR('',#17943,1.8);
#14631=CARTESIAN_POINT('',(2.3,-0.7,-1.6));
#14632=CARTESIAN_POINT('',(3.1,-0.7,-1.6));
#14633=VECTOR('',#17944,0.8);
#14634=CARTESIAN_POINT('',(2.3,-2.5,-1.6));
#14635=VECTOR('',#17945,1.8);
#14636=CARTESIAN_POINT('',(2.2,-4.8,-1.6));
#14637=CARTESIAN_POINT('',(2.2,-2.5,-1.6));
#14638=VECTOR('',#17946,2.3);
#14639=CARTESIAN_POINT('',(2.4,-4.8,-1.6));
#14640=CARTESIAN_POINT('',(2.4,-4.8,-1.6));
#14641=VECTOR('',#17947,0.2);
#14642=CARTESIAN_POINT('',(2.4,-2.5,-1.6));
#14643=VECTOR('',#17948,2.3);
#14644=CARTESIAN_POINT('',(2.4,-2.5,-2.6));
#14645=VECTOR('',#17949,2.3);
#14646=AXIS2_PLACEMENT_3D('',#17950,#17951,#17952);
#14647=CARTESIAN_POINT('',(2.2,-2.5,-2.6));
#14648=VECTOR('',#17953,2.3);
#14649=AXIS2_PLACEMENT_3D('',#17954,#17955,#17956);
#14650=CARTESIAN_POINT('',(2.3,-0.7,-8.6));
#14651=CARTESIAN_POINT('',(2.3,-2.5,-8.6));
#14652=VECTOR('',#17957,1.8);
#14653=CARTESIAN_POINT('',(2.3,-0.7,-7.6));
#14654=CARTESIAN_POINT('',(2.3,-0.7,-8.6));
#14655=VECTOR('',#17958,1.0);
#14656=CARTESIAN_POINT('',(2.3,-0.7,-7.6));
#14657=VECTOR('',#17959,1.8);
#14658=CARTESIAN_POINT('',(2.3,-0.7,-0.6));
#14659=CARTESIAN_POINT('',(2.3,-0.7,-1.6));
#14660=VECTOR('',#17960,1.0);
#14661=CARTESIAN_POINT('',(2.3,-0.7,-0.6));
#14662=VECTOR('',#17961,1.8);
#14663=CARTESIAN_POINT('',(2.3,-0.7,-4.6));
#14664=CARTESIAN_POINT('',(2.3,-2.5,-4.6));
#14665=VECTOR('',#17962,1.8);
#14666=CARTESIAN_POINT('',(2.3,-0.7,-3.6));
#14667=CARTESIAN_POINT('',(2.3,-0.7,-4.6));
#14668=VECTOR('',#17963,1.0);
#14669=CARTESIAN_POINT('',(2.3,-0.7,-3.6));
#14670=VECTOR('',#17964,1.8);
#14671=CARTESIAN_POINT('',(3.1,-0.7,-7.6));
#14672=VECTOR('',#17965,0.8);
#14673=CARTESIAN_POINT('',(3.1,-0.7,-8.6));
#14674=VECTOR('',#17966,0.8);
#14675=CARTESIAN_POINT('',(3.1,-0.7,-0.6));
#14676=VECTOR('',#17967,0.8);
#14677=CARTESIAN_POINT('',(3.1,-0.7,-3.6));
#14678=VECTOR('',#17968,0.8);
#14679=CARTESIAN_POINT('',(3.1,-0.7,-4.6));
#14680=VECTOR('',#17969,0.8);
#14681=CARTESIAN_POINT('',(2.2,-4.8,-4.6));
#14682=CARTESIAN_POINT('',(2.2,-2.5,-4.6));
#14683=VECTOR('',#17970,2.3);
#14684=CARTESIAN_POINT('',(2.4,-4.8,-4.6));
#14685=CARTESIAN_POINT('',(2.4,-4.8,-4.6));
#14686=VECTOR('',#17971,0.2);
#14687=CARTESIAN_POINT('',(2.4,-2.5,-4.6));
#14688=VECTOR('',#17972,2.3);
#14689=CARTESIAN_POINT('',(2.4,-2.5,-5.6));
#14690=VECTOR('',#17973,2.3);
#14691=AXIS2_PLACEMENT_3D('',#17974,#17975,#17976);
#14692=CARTESIAN_POINT('',(2.2,-2.5,-5.6));
#14693=VECTOR('',#17977,2.3);
#14694=AXIS2_PLACEMENT_3D('',#17978,#17979,#17980);
#14695=CARTESIAN_POINT('',(-2.425,1.273511718558,-11.2));
#14696=VECTOR('',#17981,1.02);
#14697=CARTESIAN_POINT('',(-1.8,0.0,-1.2));
#14698=CARTESIAN_POINT('',(1.8,0.0,-1.2));
#14699=AXIS2_PLACEMENT_3D('',#17982,#17983,#17984);
#14700=AXIS2_PLACEMENT_3D('',#17985,#17986,#17987);
#14701=CARTESIAN_POINT('',(-1.8,0.0,2.5));
#14702=CARTESIAN_POINT('',(-1.799999999783,-9.053376240092E-10,2.499999999783));
#14703=VECTOR('',#17988,3.699999999783);
#14704=CARTESIAN_POINT('',(1.799999999783,9.053375967332E-10,2.499999999783));
#14705=VECTOR('',#17989,3.699999999783);
#14706=AXIS2_PLACEMENT_3D('',#17990,#17991,#17992);
#14707=CARTESIAN_POINT('',(-2.099999999662,-1.408303126112E-09,2.799999999662));
#14708=VECTOR('',#17993,0.4242640685411);
#14709=AXIS2_PLACEMENT_3D('',#17994,#17995,#17996);
#14710=CARTESIAN_POINT('',(-3.1,-0.7,-1.6));
#14711=CARTESIAN_POINT('',(-3.1,-0.7,-1.6));
#14712=VECTOR('',#17997,1.8);
#14713=CARTESIAN_POINT('',(-3.9,-0.7,-1.6));
#14714=VECTOR('',#17998,0.8);
#14715=CARTESIAN_POINT('',(-3.4,-4.8,-1.6));
#14716=CARTESIAN_POINT('',(-3.4,-2.5,-1.6));
#14717=VECTOR('',#17999,2.3);
#14718=CARTESIAN_POINT('',(-3.2,-4.8,-1.6));
#14719=CARTESIAN_POINT('',(-3.2,-4.8,-1.6));
#14720=VECTOR('',#18000,0.2);
#14721=CARTESIAN_POINT('',(-3.2,-2.5,-1.6));
#14722=VECTOR('',#18001,2.3);
#14723=CARTESIAN_POINT('',(-3.2,-2.5,-2.6));
#14724=VECTOR('',#18002,2.3);
#14725=AXIS2_PLACEMENT_3D('',#18003,#18004,#18005);
#14726=CARTESIAN_POINT('',(-3.4,-2.5,-2.6));
#14727=VECTOR('',#18006,2.3);
#14728=AXIS2_PLACEMENT_3D('',#18007,#18008,#18009);
#14729=CARTESIAN_POINT('',(-3.1,-0.7,-0.6));
#14730=VECTOR('',#18010,1.0);
#14731=CARTESIAN_POINT('',(-3.9,0.0,-9.1));
#14732=VECTOR('',#18011,1.6);
#14733=CARTESIAN_POINT('',(2.5,2.0,-7.1));
#14734=CARTESIAN_POINT('',(2.5,2.5,-7.1));
#14735=VECTOR('',#18012,0.5);
#14736=CARTESIAN_POINT('',(2.25,2.0,-7.1));
#14737=CARTESIAN_POINT('',(2.25,2.0,-7.1));
#14738=VECTOR('',#18013,0.25);
#14739=CARTESIAN_POINT('',(2.25,2.5,-7.1));
#14740=VECTOR('',#18014,0.5);
#14741=CARTESIAN_POINT('',(2.25,2.0,-9.5));
#14742=CARTESIAN_POINT('',(2.25,2.0,-9.5));
#14743=VECTOR('',#18015,0.5);
#14744=CARTESIAN_POINT('',(2.25,2.0,-9.9));
#14745=CARTESIAN_POINT('',(2.25,2.0,-9.9));
#14746=VECTOR('',#18016,0.4);
#14747=CARTESIAN_POINT('',(2.25,2.5,-9.9));
#14748=VECTOR('',#18017,0.5);
#14749=CARTESIAN_POINT('',(2.25,2.0,-7.5));
#14750=CARTESIAN_POINT('',(2.25,2.0,-7.5));
#14751=VECTOR('',#18018,0.4);
#14752=CARTESIAN_POINT('',(2.25,2.0,-7.5));
#14753=VECTOR('',#18019,0.5);
#14754=CARTESIAN_POINT('',(2.5,2.0,-9.9));
#14755=CARTESIAN_POINT('',(2.5,2.0,-9.9));
#14756=VECTOR('',#18020,0.25);
#14757=CARTESIAN_POINT('',(2.5,2.5,-9.9));
#14758=VECTOR('',#18021,0.5);
#14759=CARTESIAN_POINT('',(2.5,2.0,-9.9));
#14760=VECTOR('',#18022,2.8);
#14761=CARTESIAN_POINT('',(2.5,2.0,-3.1));
#14762=CARTESIAN_POINT('',(2.25,2.0,-3.1));
#14763=CARTESIAN_POINT('',(2.5,2.0,-3.1));
#14764=VECTOR('',#18023,0.25);
#14765=CARTESIAN_POINT('',(2.25,2.0,-2.7));
#14766=CARTESIAN_POINT('',(2.25,2.0,-3.1));
#14767=VECTOR('',#18024,0.4);
#14768=CARTESIAN_POINT('',(0.9,2.0,-2.7));
#14769=CARTESIAN_POINT('',(2.25,2.0,-2.7));
#14770=VECTOR('',#18025,1.35);
#14771=CARTESIAN_POINT('',(0.9,2.0,-0.7));
#14772=CARTESIAN_POINT('',(0.9,2.0,-2.7));
#14773=VECTOR('',#18026,2.0);
#14774=CARTESIAN_POINT('',(2.25,2.0,-0.7));
#14775=CARTESIAN_POINT('',(0.9,2.0,-0.7));
#14776=VECTOR('',#18027,1.35);
#14777=CARTESIAN_POINT('',(2.25,2.0,-0.3));
#14778=CARTESIAN_POINT('',(2.25,2.0,-0.7));
#14779=VECTOR('',#18028,0.4);
#14780=CARTESIAN_POINT('',(2.5,2.0,-0.3));
#14781=CARTESIAN_POINT('',(2.25,2.0,-0.3));
#14782=VECTOR('',#18029,0.25);
#14783=CARTESIAN_POINT('',(2.5,2.0,-3.1));
#14784=VECTOR('',#18030,2.8);
#14785=CARTESIAN_POINT('',(2.45,2.0,-0.75));
#14786=CARTESIAN_POINT('',(2.45,2.0,-2.65));
#14787=CARTESIAN_POINT('',(2.45,2.0,-0.75));
#14788=VECTOR('',#18031,1.9);
#14789=CARTESIAN_POINT('',(0.95,2.0,-0.75));
#14790=CARTESIAN_POINT('',(0.95,2.0,-0.75));
#14791=VECTOR('',#18032,1.5);
#14792=CARTESIAN_POINT('',(0.95,2.0,-2.65));
#14793=CARTESIAN_POINT('',(0.95,2.0,-2.65));
#14794=VECTOR('',#18033,1.9);
#14795=CARTESIAN_POINT('',(2.45,2.0,-2.65));
#14796=VECTOR('',#18034,1.5);
#14797=CARTESIAN_POINT('',(2.5,2.0,-6.1));
#14798=CARTESIAN_POINT('',(2.25,2.0,-6.1));
#14799=CARTESIAN_POINT('',(2.5,2.0,-6.1));
#14800=VECTOR('',#18035,0.25);
#14801=CARTESIAN_POINT('',(2.25,2.0,-5.7));
#14802=CARTESIAN_POINT('',(2.25,2.0,-6.1));
#14803=VECTOR('',#18036,0.4);
#14804=CARTESIAN_POINT('',(0.9,2.0,-5.7));
#14805=CARTESIAN_POINT('',(2.25,2.0,-5.7));
#14806=VECTOR('',#18037,1.35);
#14807=CARTESIAN_POINT('',(0.9,2.0,-3.7));
#14808=CARTESIAN_POINT('',(0.9,2.0,-5.7));
#14809=VECTOR('',#18038,2.0);
#14810=CARTESIAN_POINT('',(2.25,2.0,-3.7));
#14811=CARTESIAN_POINT('',(0.9,2.0,-3.7));
#14812=VECTOR('',#18039,1.35);
#14813=CARTESIAN_POINT('',(2.25,2.0,-3.3));
#14814=CARTESIAN_POINT('',(2.25,2.0,-3.7));
#14815=VECTOR('',#18040,0.4);
#14816=CARTESIAN_POINT('',(2.5,2.0,-3.3));
#14817=CARTESIAN_POINT('',(2.25,2.0,-3.3));
#14818=VECTOR('',#18041,0.25);
#14819=CARTESIAN_POINT('',(2.5,2.0,-6.1));
#14820=VECTOR('',#18042,2.8);
#14821=CARTESIAN_POINT('',(2.45,2.0,-3.75));
#14822=CARTESIAN_POINT('',(2.45,2.0,-5.65));
#14823=CARTESIAN_POINT('',(2.45,2.0,-3.75));
#14824=VECTOR('',#18043,1.9);
#14825=CARTESIAN_POINT('',(0.95,2.0,-3.75));
#14826=CARTESIAN_POINT('',(0.95,2.0,-3.75));
#14827=VECTOR('',#18044,1.5);
#14828=CARTESIAN_POINT('',(0.95,2.0,-5.65));
#14829=CARTESIAN_POINT('',(0.95,2.0,-5.65));
#14830=VECTOR('',#18045,1.9);
#14831=CARTESIAN_POINT('',(2.45,2.0,-5.65));
#14832=VECTOR('',#18046,1.5);
#14833=CARTESIAN_POINT('',(0.9,2.0,-9.5));
#14834=CARTESIAN_POINT('',(2.25,2.0,-9.5));
#14835=VECTOR('',#18047,1.35);
#14836=CARTESIAN_POINT('',(0.9,2.0,-7.5));
#14837=CARTESIAN_POINT('',(0.9,2.0,-9.5));
#14838=VECTOR('',#18048,2.0);
#14839=CARTESIAN_POINT('',(0.9,2.0,-7.5));
#14840=VECTOR('',#18049,1.35);
#14841=CARTESIAN_POINT('',(2.45,2.0,-7.55));
#14842=CARTESIAN_POINT('',(2.45,2.0,-9.45));
#14843=CARTESIAN_POINT('',(2.45,2.0,-7.55));
#14844=VECTOR('',#18050,1.9);
#14845=CARTESIAN_POINT('',(0.95,2.0,-7.55));
#14846=CARTESIAN_POINT('',(0.95,2.0,-7.55));
#14847=VECTOR('',#18051,1.5);
#14848=CARTESIAN_POINT('',(0.95,2.0,-9.45));
#14849=CARTESIAN_POINT('',(0.95,2.0,-9.45));
#14850=VECTOR('',#18052,1.9);
#14851=CARTESIAN_POINT('',(2.45,2.0,-9.45));
#14852=VECTOR('',#18053,1.5);
#14853=CARTESIAN_POINT('',(2.5,2.5,-0.3));
#14854=VECTOR('',#18054,0.5);
#14855=CARTESIAN_POINT('',(2.5,2.5,-3.1));
#14856=VECTOR('',#18055,0.5);
#14857=CARTESIAN_POINT('',(2.25,2.5,-3.1));
#14858=VECTOR('',#18056,0.5);
#14859=CARTESIAN_POINT('',(2.25,2.0,-2.7));
#14860=VECTOR('',#18057,0.5);
#14861=CARTESIAN_POINT('',(2.25,2.5,-0.3));
#14862=VECTOR('',#18058,0.5);
#14863=CARTESIAN_POINT('',(2.25,2.0,-0.7));
#14864=VECTOR('',#18059,0.5);
#14865=CARTESIAN_POINT('',(0.9,2.5,-2.7));
#14866=VECTOR('',#18060,0.5);
#14867=CARTESIAN_POINT('',(0.9,2.5,-0.7));
#14868=VECTOR('',#18061,0.5);
#14869=CARTESIAN_POINT('',(2.5,2.5,-3.3));
#14870=VECTOR('',#18062,0.5);
#14871=CARTESIAN_POINT('',(2.5,2.5,-6.1));
#14872=VECTOR('',#18063,0.5);
#14873=CARTESIAN_POINT('',(2.25,2.5,-6.1));
#14874=VECTOR('',#18064,0.5);
#14875=CARTESIAN_POINT('',(2.25,2.0,-5.7));
#14876=VECTOR('',#18065,0.5);
#14877=CARTESIAN_POINT('',(2.25,2.5,-3.3));
#14878=VECTOR('',#18066,0.5);
#14879=CARTESIAN_POINT('',(2.25,2.0,-3.7));
#14880=VECTOR('',#18067,0.5);
#14881=CARTESIAN_POINT('',(0.9,2.5,-5.7));
#14882=VECTOR('',#18068,0.5);
#14883=CARTESIAN_POINT('',(0.9,2.5,-3.7));
#14884=VECTOR('',#18069,0.5);
#14885=CARTESIAN_POINT('',(0.9,2.5,-7.5));
#14886=VECTOR('',#18070,0.5);
#14887=CARTESIAN_POINT('',(0.9,2.5,-9.5));
#14888=VECTOR('',#18071,0.5);
#14889=CARTESIAN_POINT('',(2.45,2.2,-9.45));
#14890=CARTESIAN_POINT('',(2.45,2.2,-9.45));
#14891=VECTOR('',#18072,0.2);
#14892=CARTESIAN_POINT('',(0.95,2.2,-9.45));
#14893=CARTESIAN_POINT('',(0.95,2.2,-9.45));
#14894=VECTOR('',#18073,0.2);
#14895=CARTESIAN_POINT('',(1.25,2.5,-9.45));
#14896=AXIS2_PLACEMENT_3D('',#18074,#18075,#18076);
#14897=CARTESIAN_POINT('',(2.15,2.5,-9.45));
#14898=CARTESIAN_POINT('',(2.15,2.5,-9.45));
#14899=VECTOR('',#18077,0.9);
#14900=AXIS2_PLACEMENT_3D('',#18078,#18079,#18080);
#14901=CARTESIAN_POINT('',(2.15,2.5,-7.55));
#14902=CARTESIAN_POINT('',(2.15,2.5,-7.55));
#14903=VECTOR('',#18081,1.9);
#14904=CARTESIAN_POINT('',(2.45,2.2,-7.55));
#14905=AXIS2_PLACEMENT_3D('',#18082,#18083,#18084);
#14906=CARTESIAN_POINT('',(2.45,2.2,-7.55));
#14907=VECTOR('',#18085,1.9);
#14908=CARTESIAN_POINT('',(2.45,2.2,-7.55));
#14909=VECTOR('',#18086,0.2);
#14910=CARTESIAN_POINT('',(1.25,2.5,-7.55));
#14911=CARTESIAN_POINT('',(1.25,2.5,-7.55));
#14912=VECTOR('',#18087,0.9);
#14913=CARTESIAN_POINT('',(0.95,2.2,-7.55));
#14914=AXIS2_PLACEMENT_3D('',#18088,#18089,#18090);
#14915=CARTESIAN_POINT('',(0.95,2.2,-7.55));
#14916=VECTOR('',#18091,0.2);
#14917=CARTESIAN_POINT('',(0.95,2.2,-9.45));
#14918=VECTOR('',#18092,1.9);
#14919=CARTESIAN_POINT('',(1.25,2.5,-9.45));
#14920=VECTOR('',#18093,1.9);
#14921=CARTESIAN_POINT('',(2.15,2.5,-5.65));
#14922=CARTESIAN_POINT('',(1.25,2.5,-5.65));
#14923=CARTESIAN_POINT('',(2.15,2.5,-5.65));
#14924=VECTOR('',#18094,0.9);
#14925=CARTESIAN_POINT('',(1.25,2.5,-3.75));
#14926=CARTESIAN_POINT('',(1.25,2.5,-5.65));
#14927=VECTOR('',#18095,1.9);
#14928=CARTESIAN_POINT('',(2.15,2.5,-3.75));
#14929=CARTESIAN_POINT('',(1.25,2.5,-3.75));
#14930=VECTOR('',#18096,0.9);
#14931=CARTESIAN_POINT('',(2.15,2.5,-3.75));
#14932=VECTOR('',#18097,1.9);
#14933=CARTESIAN_POINT('',(2.15,2.5,-2.65));
#14934=CARTESIAN_POINT('',(1.25,2.5,-2.65));
#14935=CARTESIAN_POINT('',(2.15,2.5,-2.65));
#14936=VECTOR('',#18098,0.9);
#14937=CARTESIAN_POINT('',(1.25,2.5,-0.75));
#14938=CARTESIAN_POINT('',(1.25,2.5,-2.65));
#14939=VECTOR('',#18099,1.9);
#14940=CARTESIAN_POINT('',(2.15,2.5,-0.75));
#14941=CARTESIAN_POINT('',(1.25,2.5,-0.75));
#14942=VECTOR('',#18100,0.9);
#14943=CARTESIAN_POINT('',(2.15,2.5,-0.75));
#14944=VECTOR('',#18101,1.9);
#14945=CARTESIAN_POINT('',(2.45,2.2,-3.75));
#14946=AXIS2_PLACEMENT_3D('',#18102,#18103,#18104);
#14947=CARTESIAN_POINT('',(2.45,2.2,-5.65));
#14948=CARTESIAN_POINT('',(2.45,2.2,-3.75));
#14949=VECTOR('',#18105,1.9);
#14950=AXIS2_PLACEMENT_3D('',#18106,#18107,#18108);
#14951=CARTESIAN_POINT('',(2.45,2.2,-5.65));
#14952=VECTOR('',#18109,0.2);
#14953=CARTESIAN_POINT('',(0.95,2.2,-5.65));
#14954=CARTESIAN_POINT('',(0.95,2.2,-5.65));
#14955=VECTOR('',#18110,0.2);
#14956=AXIS2_PLACEMENT_3D('',#18111,#18112,#18113);
#14957=CARTESIAN_POINT('',(0.95,2.2,-3.75));
#14958=CARTESIAN_POINT('',(0.95,2.2,-5.65));
#14959=VECTOR('',#18114,1.9);
#14960=AXIS2_PLACEMENT_3D('',#18115,#18116,#18117);
#14961=CARTESIAN_POINT('',(0.95,2.2,-3.75));
#14962=VECTOR('',#18118,0.2);
#14963=CARTESIAN_POINT('',(2.45,2.2,-3.75));
#14964=VECTOR('',#18119,0.2);
#14965=CARTESIAN_POINT('',(2.45,2.2,-0.75));
#14966=AXIS2_PLACEMENT_3D('',#18120,#18121,#18122);
#14967=CARTESIAN_POINT('',(2.45,2.2,-2.65));
#14968=CARTESIAN_POINT('',(2.45,2.2,-0.75));
#14969=VECTOR('',#18123,1.9);
#14970=AXIS2_PLACEMENT_3D('',#18124,#18125,#18126);
#14971=CARTESIAN_POINT('',(2.45,2.2,-2.65));
#14972=VECTOR('',#18127,0.2);
#14973=CARTESIAN_POINT('',(0.95,2.2,-2.65));
#14974=CARTESIAN_POINT('',(0.95,2.2,-2.65));
#14975=VECTOR('',#18128,0.2);
#14976=AXIS2_PLACEMENT_3D('',#18129,#18130,#18131);
#14977=CARTESIAN_POINT('',(0.95,2.2,-0.75));
#14978=CARTESIAN_POINT('',(0.95,2.2,-2.65));
#14979=VECTOR('',#18132,1.9);
#14980=AXIS2_PLACEMENT_3D('',#18133,#18134,#18135);
#14981=CARTESIAN_POINT('',(0.95,2.2,-0.75));
#14982=VECTOR('',#18136,0.2);
#14983=CARTESIAN_POINT('',(2.45,2.2,-0.75));
#14984=VECTOR('',#18137,0.2);
#14985=CARTESIAN_POINT('',(-3.4,2.0,-0.5));
#14986=CARTESIAN_POINT('',(-3.4,2.5,-0.5));
#14987=VECTOR('',#18138,0.5);
#14988=CARTESIAN_POINT('',(-3.4,2.0,-3.1));
#14989=CARTESIAN_POINT('',(-3.4,2.0,-3.1));
#14990=VECTOR('',#18139,2.6);
#14991=CARTESIAN_POINT('',(-3.4,2.5,-3.1));
#14992=VECTOR('',#18140,0.5);
#14993=CARTESIAN_POINT('',(-3.1,2.0,-3.1));
#14994=CARTESIAN_POINT('',(-3.1,2.0,-3.1));
#14995=VECTOR('',#18141,0.3);
#14996=CARTESIAN_POINT('',(-3.1,2.5,-3.1));
#14997=VECTOR('',#18142,0.5);
#14998=CARTESIAN_POINT('',(-3.1,2.0,-2.8));
#14999=CARTESIAN_POINT('',(-3.1,2.0,-2.8));
#15000=VECTOR('',#18143,0.3);
#15001=CARTESIAN_POINT('',(-3.1,2.5,-2.8));
#15002=VECTOR('',#18144,0.5);
#15003=CARTESIAN_POINT('',(-2.3,2.0,-2.8));
#15004=CARTESIAN_POINT('',(-2.3,2.0,-2.8));
#15005=VECTOR('',#18145,0.8);
#15006=CARTESIAN_POINT('',(-2.3,2.5,-2.8));
#15007=VECTOR('',#18146,0.5);
#15008=CARTESIAN_POINT('',(-2.3,2.0,-0.8));
#15009=CARTESIAN_POINT('',(-2.3,2.0,-0.8));
#15010=VECTOR('',#18147,2.0);
#15011=CARTESIAN_POINT('',(-2.3,2.5,-0.8));
#15012=VECTOR('',#18148,0.5);
#15013=CARTESIAN_POINT('',(-3.1,2.0,-0.8));
#15014=CARTESIAN_POINT('',(-3.1,2.0,-0.8));
#15015=VECTOR('',#18149,0.8);
#15016=CARTESIAN_POINT('',(-3.1,2.5,-0.8));
#15017=VECTOR('',#18150,0.5);
#15018=CARTESIAN_POINT('',(-3.1,2.0,-0.5));
#15019=CARTESIAN_POINT('',(-3.1,2.0,-0.5));
#15020=VECTOR('',#18151,0.3);
#15021=CARTESIAN_POINT('',(-3.1,2.5,-0.5));
#15022=VECTOR('',#18152,0.5);
#15023=CARTESIAN_POINT('',(-3.4,2.0,-0.5));
#15024=VECTOR('',#18153,0.3);
#15025=CARTESIAN_POINT('',(-3.35,2.0,-0.55));
#15026=CARTESIAN_POINT('',(-3.15,2.0,-0.55));
#15027=CARTESIAN_POINT('',(-3.35,2.0,-0.55));
#15028=VECTOR('',#18154,0.2);
#15029=CARTESIAN_POINT('',(-3.35,2.0,-3.05));
#15030=CARTESIAN_POINT('',(-3.35,2.0,-3.05));
#15031=VECTOR('',#18155,2.5);
#15032=CARTESIAN_POINT('',(-3.15,2.0,-3.05));
#15033=CARTESIAN_POINT('',(-3.15,2.0,-3.05));
#15034=VECTOR('',#18156,0.2);
#15035=CARTESIAN_POINT('',(-3.15,2.0,-0.55));
#15036=VECTOR('',#18157,2.5);
#15037=CARTESIAN_POINT('',(-3.15,2.5,-0.75));
#15038=CARTESIAN_POINT('',(-3.15,2.5,-2.85));
#15039=CARTESIAN_POINT('',(-3.15,2.5,-0.75));
#15040=VECTOR('',#18158,2.1);
#15041=CARTESIAN_POINT('',(-3.15,2.3,-0.55));
#15042=AXIS2_PLACEMENT_3D('',#18159,#18160,#18161);
#15043=CARTESIAN_POINT('',(-3.15,2.3,-0.55));
#15044=VECTOR('',#18162,0.3);
#15045=CARTESIAN_POINT('',(-3.15,2.3,-3.05));
#15046=CARTESIAN_POINT('',(-3.15,2.3,-3.05));
#15047=VECTOR('',#18163,0.3);
#15048=AXIS2_PLACEMENT_3D('',#18164,#18165,#18166);
#15049=CARTESIAN_POINT('',(-3.35,2.5,-2.85));
#15050=CARTESIAN_POINT('',(-3.15,2.5,-2.85));
#15051=VECTOR('',#18167,0.2);
#15052=CARTESIAN_POINT('',(-3.35,2.3,-3.05));
#15053=CARTESIAN_POINT('',(-3.15,2.3,-3.05));
#15054=VECTOR('',#18168,0.2);
#15055=AXIS2_PLACEMENT_3D('',#18169,#18170,#18171);
#15056=CARTESIAN_POINT('',(-3.35,2.3,-3.05));
#15057=VECTOR('',#18172,0.3);
#15058=CARTESIAN_POINT('',(-3.35,2.3,-0.55));
#15059=CARTESIAN_POINT('',(-3.35,2.3,-0.55));
#15060=VECTOR('',#18173,0.3);
#15061=CARTESIAN_POINT('',(-3.35,2.5,-0.75));
#15062=AXIS2_PLACEMENT_3D('',#18174,#18175,#18176);
#15063=CARTESIAN_POINT('',(-3.35,2.5,-2.85));
#15064=VECTOR('',#18177,2.1);
#15065=CARTESIAN_POINT('',(-3.35,2.5,-0.75));
#15066=VECTOR('',#18178,0.2);
#15067=CARTESIAN_POINT('',(-3.35,2.3,-0.55));
#15068=VECTOR('',#18179,0.2);
#15069=CARTESIAN_POINT('',(-0.9460349811317,2.45,-7.015596011986));
#15070=CARTESIAN_POINT('',(-0.9460349811318,2.5,-7.015596011986));
#15071=VECTOR('',#18180,0.05);
#15072=AXIS2_PLACEMENT_3D('',#18181,#18182,#18183);
#15073=CARTESIAN_POINT('',(-1.031914154452,2.45,-6.611962222469));
#15074=CARTESIAN_POINT('',(-1.031914154452,2.45,-6.611962222469));
#15075=VECTOR('',#18184,0.3327988705718);
#15076=CARTESIAN_POINT('',(-1.031914154452,2.5,-6.611962222469));
#15077=VECTOR('',#18185,0.05);
#15078=CARTESIAN_POINT('',(-1.280439914452,2.45,-6.660122045004));
#15079=CARTESIAN_POINT('',(-1.280439914452,2.45,-6.660122045004));
#15080=VECTOR('',#18186,0.2531490112367);
#15081=CARTESIAN_POINT('',(-1.280439914452,2.5,-6.660122045004));
#15082=VECTOR('',#18187,0.05);
#15083=CARTESIAN_POINT('',(-1.280439914452,2.45,-6.994434465601));
#15084=CARTESIAN_POINT('',(-1.280439914452,2.45,-6.994434465601));
#15085=VECTOR('',#18188,0.3343124205977);
#15086=CARTESIAN_POINT('',(-1.280439914452,2.5,-6.994434465601));
#15087=VECTOR('',#18189,0.05);
#15088=CARTESIAN_POINT('',(-1.364833179656,2.45,-7.096751570744));
#15089=AXIS2_PLACEMENT_3D('',#18190,#18191,#18192);
#15090=CARTESIAN_POINT('',(-1.364833179656,2.5,-7.096751570744));
#15091=VECTOR('',#18193,0.05);
#15092=CARTESIAN_POINT('',(-1.601118314452,2.45,-7.142539380262));
#15093=CARTESIAN_POINT('',(-1.601118314452,2.45,-7.142539380262));
#15094=VECTOR('',#18194,0.2406806773011);
#15095=CARTESIAN_POINT('',(-1.601118314452,2.5,-7.142539380262));
#15096=VECTOR('',#18195,0.05);
#15097=CARTESIAN_POINT('',(-1.601118314452,2.45,-6.722263751499));
#15098=CARTESIAN_POINT('',(-1.601118314452,2.45,-6.722263751499));
#15099=VECTOR('',#18196,0.4202756287633);
#15100=CARTESIAN_POINT('',(-1.601118314452,2.5,-6.722263751499));
#15101=VECTOR('',#18197,0.05);
#15102=CARTESIAN_POINT('',(-1.849644074452,2.45,-6.770423574033));
#15103=CARTESIAN_POINT('',(-1.849644074452,2.45,-6.770423574033));
#15104=VECTOR('',#18198,0.2531490112367);
#15105=CARTESIAN_POINT('',(-1.849644074452,2.5,-6.770423574033));
#15106=VECTOR('',#18199,0.05);
#15107=CARTESIAN_POINT('',(-1.849644074452,2.45,-7.259175057851));
#15108=VECTOR('',#18200,0.4887514838179);
#15109=CARTESIAN_POINT('',(-1.668343597442,2.45,-7.408715442291));
#15110=AXIS2_PLACEMENT_3D('',#18201,#18202,#18203);
#15111=CARTESIAN_POINT('',(-1.668343597442,2.5,-7.408715442291));
#15112=VECTOR('',#18204,0.05);
#15113=CARTESIAN_POINT('',(-1.349588680597,2.45,-7.346946472237));
#15114=CARTESIAN_POINT('',(-1.349588680597,2.45,-7.346946472237));
#15115=VECTOR('',#18205,0.324684620324);
#15116=CARTESIAN_POINT('',(-1.349588680597,2.5,-7.346946472237));
#15117=VECTOR('',#18206,0.05);
#15118=CARTESIAN_POINT('',(-1.160185514452,2.45,-7.112744257822));
#15119=CARTESIAN_POINT('',(-1.160185514452,2.45,-7.112744257822));
#15120=VECTOR('',#18207,0.3012046423649);
#15121=CARTESIAN_POINT('',(-1.160185514452,2.5,-7.112744257822));
#15122=VECTOR('',#18208,0.05);
#15123=CARTESIAN_POINT('',(-0.9538211709126,2.45,-7.270253846767));
#15124=CARTESIAN_POINT('',(-0.9538211709126,2.45,-7.270253846767));
#15125=VECTOR('',#18209,0.2596064577284);
#15126=CARTESIAN_POINT('',(-0.9538211709126,2.5,-7.270253846767));
#15127=VECTOR('',#18210,0.05);
#15128=CARTESIAN_POINT('',(-0.4810513011318,2.45,-7.178639548804));
#15129=CARTESIAN_POINT('',(-0.4810513011318,2.45,-7.178639548804));
#15130=VECTOR('',#18211,0.481564667894);
#15131=CARTESIAN_POINT('',(-0.4810513011318,2.5,-7.178639548804));
#15132=VECTOR('',#18212,0.05);
#15133=CARTESIAN_POINT('',(-0.4226251944522,2.45,-7.107804629859));
#15134=AXIS2_PLACEMENT_3D('',#18213,#18214,#18215);
#15135=CARTESIAN_POINT('',(-0.4226251944522,2.5,-7.107804629859));
#15136=VECTOR('',#18216,0.05);
#15137=CARTESIAN_POINT('',(-0.4226251944522,2.45,-5.577162943168));
#15138=CARTESIAN_POINT('',(-0.4226251944522,2.45,-5.577162943168));
#15139=VECTOR('',#18217,1.530641686691);
#15140=CARTESIAN_POINT('',(-0.4226251944522,2.5,-5.577162943168));
#15141=VECTOR('',#18218,0.05);
#15142=CARTESIAN_POINT('',(-1.112858160752,2.45,-5.23512873059));
#15143=CARTESIAN_POINT('',(-1.112858160752,2.45,-5.23512873059));
#15144=VECTOR('',#18219,0.7703304163419);
#15145=CARTESIAN_POINT('',(-1.112858160752,2.5,-5.23512873059));
#15146=VECTOR('',#18220,0.05);
#15147=CARTESIAN_POINT('',(-0.9974892193886,2.45,-5.099186570142));
#15148=CARTESIAN_POINT('',(-0.9974892193886,2.45,-5.099186570142));
#15149=VECTOR('',#18221,0.1782982434534);
#15150=CARTESIAN_POINT('',(-0.9974892193886,2.5,-5.099186570142));
#15151=VECTOR('',#18222,0.05);
#15152=CARTESIAN_POINT('',(-0.4226251944522,2.45,-4.987788261081));
#15153=CARTESIAN_POINT('',(-0.4226251944522,2.45,-4.987788261081));
#15154=VECTOR('',#18223,0.5855580504338);
#15155=CARTESIAN_POINT('',(-0.4226251944522,2.5,-4.987788261081));
#15156=VECTOR('',#18224,0.05);
#15157=CARTESIAN_POINT('',(-0.4226251944522,2.45,-4.739262501081));
#15158=CARTESIAN_POINT('',(-0.4226251944522,2.45,-4.739262501081));
#15159=VECTOR('',#18225,0.24852576);
#15160=CARTESIAN_POINT('',(-0.4226251944522,2.5,-4.739262501081));
#15161=VECTOR('',#18226,0.05);
#15162=CARTESIAN_POINT('',(-1.785508394452,2.45,-5.003364753688));
#15163=CARTESIAN_POINT('',(-1.785508394452,2.45,-5.003364753688));
#15164=VECTOR('',#18227,1.388236513233);
#15165=CARTESIAN_POINT('',(-1.785508394452,2.5,-5.003364753688));
#15166=VECTOR('',#18228,0.05);
#15167=CARTESIAN_POINT('',(-1.785508394452,2.45,-4.626567633688));
#15168=CARTESIAN_POINT('',(-1.785508394452,2.45,-4.626567633688));
#15169=VECTOR('',#18229,0.37679712);
#15170=CARTESIAN_POINT('',(-1.785508394452,2.5,-4.626567633688));
#15171=VECTOR('',#18230,0.05);
#15172=CARTESIAN_POINT('',(-1.18569243786,2.45,-4.135449116163));
#15173=CARTESIAN_POINT('',(-1.18569243786,2.45,-4.135449116163));
#15174=VECTOR('',#18231,0.775226792647);
#15175=CARTESIAN_POINT('',(-1.18569243786,2.5,-4.135449116163));
#15176=VECTOR('',#18232,0.05);
#15177=CARTESIAN_POINT('',(-0.4226251944522,2.45,-4.648789180663));
#15178=CARTESIAN_POINT('',(-0.4226251944522,2.45,-4.648789180663));
#15179=VECTOR('',#18233,0.9196682226666);
#15180=CARTESIAN_POINT('',(-0.4226251944522,2.5,-4.648789180663));
#15181=VECTOR('',#18234,0.05);
#15182=CARTESIAN_POINT('',(-0.4226251944522,2.45,-4.344144700663));
#15183=CARTESIAN_POINT('',(-0.4226251944522,2.45,-4.344144700663));
#15184=VECTOR('',#18235,0.30464448);
#15185=CARTESIAN_POINT('',(-0.4226251944522,2.5,-4.344144700663));
#15186=VECTOR('',#18236,0.05);
#15187=CARTESIAN_POINT('',(-0.9814406550972,2.45,-3.96821142992));
#15188=CARTESIAN_POINT('',(-0.9814406550972,2.45,-3.96821142992));
#15189=VECTOR('',#18237,0.673498732818);
#15190=CARTESIAN_POINT('',(-0.9814406550972,2.5,-3.96821142992));
#15191=VECTOR('',#18238,0.05);
#15192=CARTESIAN_POINT('',(-0.4226251944522,2.45,-3.510663381081));
#15193=CARTESIAN_POINT('',(-0.4226251944522,2.45,-3.510663381081));
#15194=VECTOR('',#18239,0.7222360667072);
#15195=CARTESIAN_POINT('',(-0.4226251944522,2.5,-3.510663381081));
#15196=VECTOR('',#18240,0.05);
#15197=CARTESIAN_POINT('',(-0.4226251944522,2.45,-3.189984981081));
#15198=CARTESIAN_POINT('',(-0.4226251944522,2.45,-3.189984981081));
#15199=VECTOR('',#18241,0.3206784);
#15200=CARTESIAN_POINT('',(-0.4226251944522,2.5,-3.189984981081));
#15201=VECTOR('',#18242,0.05);
#15202=CARTESIAN_POINT('',(-1.19644253169,2.45,-3.82357269965));
#15203=CARTESIAN_POINT('',(-1.19644253169,2.45,-3.82357269965));
#15204=VECTOR('',#18243,1.000113327844);
#15205=CARTESIAN_POINT('',(-1.19644253169,2.5,-3.82357269965));
#15206=VECTOR('',#18244,0.05);
#15207=CARTESIAN_POINT('',(-1.849644074452,2.45,-3.384142852556));
#15208=CARTESIAN_POINT('',(-1.849644074452,2.45,-3.384142852556));
#15209=VECTOR('',#18245,0.7872552610079);
#15210=CARTESIAN_POINT('',(-1.849644074452,2.5,-3.384142852556));
#15211=VECTOR('',#18246,0.05);
#15212=CARTESIAN_POINT('',(-1.849644074452,2.45,-3.688787332556));
#15213=CARTESIAN_POINT('',(-1.849644074452,2.45,-3.688787332556));
#15214=VECTOR('',#18247,0.30464448);
#15215=CARTESIAN_POINT('',(-1.849644074452,2.5,-3.688787332556));
#15216=VECTOR('',#18248,0.05);
#15217=CARTESIAN_POINT('',(-1.400694314452,2.45,-3.990810385893));
#15218=CARTESIAN_POINT('',(-1.400694314452,2.45,-3.990810385893));
#15219=VECTOR('',#18249,0.5410857711593);
#15220=CARTESIAN_POINT('',(-1.400694314452,2.5,-3.990810385893));
#15221=VECTOR('',#18250,0.05);
#15222=CARTESIAN_POINT('',(-1.849644074452,2.45,-4.358402374987));
#15223=CARTESIAN_POINT('',(-1.849644074452,2.45,-4.358402374987));
#15224=VECTOR('',#18251,0.5802411200957);
#15225=CARTESIAN_POINT('',(-1.849644074452,2.5,-4.358402374987));
#15226=VECTOR('',#18252,0.05);
#15227=CARTESIAN_POINT('',(-1.849644074452,2.45,-5.264318854987));
#15228=CARTESIAN_POINT('',(-1.849644074452,2.45,-5.264318854987));
#15229=VECTOR('',#18253,0.90591648);
#15230=CARTESIAN_POINT('',(-1.849644074452,2.5,-5.264318854987));
#15231=VECTOR('',#18254,0.05);
#15232=CARTESIAN_POINT('',(-1.388344578252,2.45,-5.174927309128));
#15233=CARTESIAN_POINT('',(-1.388344578252,2.45,-5.174927309128));
#15234=VECTOR('',#18255,0.4698809143446);
#15235=CARTESIAN_POINT('',(-1.388344578252,2.5,-5.174927309128));
#15236=VECTOR('',#18256,0.05);
#15237=CARTESIAN_POINT('',(-1.849644074452,2.45,-5.718488248367));
#15238=CARTESIAN_POINT('',(-1.849644074452,2.45,-5.718488248367));
#15239=VECTOR('',#18257,0.7129205564865);
#15240=CARTESIAN_POINT('',(-1.849644074452,2.5,-5.718488248367));
#15241=VECTOR('',#18258,0.05);
#15242=CARTESIAN_POINT('',(-1.849644074452,2.45,-6.103302328367));
#15243=CARTESIAN_POINT('',(-1.849644074452,2.45,-6.103302328367));
#15244=VECTOR('',#18259,0.38481408);
#15245=CARTESIAN_POINT('',(-1.849644074452,2.5,-6.103302328367));
#15246=VECTOR('',#18260,0.05);
#15247=CARTESIAN_POINT('',(-1.278562412658,2.45,-5.430382268788));
#15248=CARTESIAN_POINT('',(-1.278562412658,2.45,-5.430382268788));
#15249=VECTOR('',#18261,0.8825846537423);
#15250=CARTESIAN_POINT('',(-1.278562412658,2.5,-5.430382268788));
#15251=VECTOR('',#18262,0.05);
#15252=CARTESIAN_POINT('',(-0.4787439144522,2.45,-5.826719887528));
#15253=CARTESIAN_POINT('',(-0.4787439144522,2.45,-5.826719887528));
#15254=VECTOR('',#18263,0.8926327005557);
#15255=CARTESIAN_POINT('',(-0.4787439144522,2.5,-5.826719887528));
#15256=VECTOR('',#18264,0.05);
#15257=CARTESIAN_POINT('',(-0.4787439144522,2.45,-6.003093007528));
#15258=CARTESIAN_POINT('',(-0.4787439144522,2.45,-6.003093007528));
#15259=VECTOR('',#18265,0.17637312);
#15260=CARTESIAN_POINT('',(-0.4787439144522,2.5,-6.003093007528));
#15261=VECTOR('',#18266,0.05);
#15262=CARTESIAN_POINT('',(-1.849644074452,2.45,-6.268748802797));
#15263=CARTESIAN_POINT('',(-1.849644074452,2.45,-6.268748802797));
#15264=VECTOR('',#18267,1.39640261037);
#15265=CARTESIAN_POINT('',(-1.849644074452,2.5,-6.268748802797));
#15266=VECTOR('',#18268,0.05);
#15267=CARTESIAN_POINT('',(-1.849644074452,2.45,-6.517274562797));
#15268=CARTESIAN_POINT('',(-1.849644074452,2.45,-6.517274562797));
#15269=VECTOR('',#18269,0.24852576);
#15270=CARTESIAN_POINT('',(-1.849644074452,2.5,-6.517274562797));
#15271=VECTOR('',#18270,0.05);
#15272=CARTESIAN_POINT('',(-0.6711509544522,2.45,-6.288903791425));
#15273=CARTESIAN_POINT('',(-0.6711509544522,2.45,-6.288903791425));
#15274=VECTOR('',#18271,1.20041627909);
#15275=CARTESIAN_POINT('',(-0.6711509544522,2.5,-6.288903791425));
#15276=VECTOR('',#18272,0.05);
#15277=CARTESIAN_POINT('',(-0.6711509544522,2.45,-6.962328431425));
#15278=CARTESIAN_POINT('',(-0.6711509544522,2.45,-6.962328431425));
#15279=VECTOR('',#18273,0.67342464);
#15280=CARTESIAN_POINT('',(-0.6711509544522,2.5,-6.962328431425));
#15281=VECTOR('',#18274,0.05);
#15282=CARTESIAN_POINT('',(-0.9460349811318,2.45,-7.015596011986));
#15283=VECTOR('',#18275,0.2799976129585);
#15284=CARTESIAN_POINT('',(-0.3264216744522,2.45,-7.163923349859));
#15285=CARTESIAN_POINT('',(-0.3584895144522,2.45,-7.163923349859));
#15286=CARTESIAN_POINT('',(-0.3264216744522,2.45,-7.163923349859));
#15287=VECTOR('',#18276,0.03206784);
#15288=CARTESIAN_POINT('',(-0.3584895144522,2.45,-3.115358549859));
#15289=CARTESIAN_POINT('',(-0.3584895144522,2.45,-7.163923349859));
#15290=VECTOR('',#18277,4.0485648);
#15291=CARTESIAN_POINT('',(-0.3264216744522,2.45,-3.115358549859));
#15292=CARTESIAN_POINT('',(-0.3584895144522,2.45,-3.115358549859));
#15293=VECTOR('',#18278,0.03206784);
#15294=CARTESIAN_POINT('',(-0.3264216744522,2.45,-3.115358549859));
#15295=VECTOR('',#18279,4.0485648);
#15296=CARTESIAN_POINT('',(0.1198363359227,2.45,-3.228682610236));
#15297=CARTESIAN_POINT('',(0.09004910543105,2.45,-3.228682610236));
#15298=CARTESIAN_POINT('',(0.1198363359227,2.45,-3.228682610236));
#15299=VECTOR('',#18280,0.02978723049164);
#15300=CARTESIAN_POINT('',(0.06621931269309,2.45,-3.217015954695));
#15301=CARTESIAN_POINT('',(0.09004910543105,2.45,-3.228682610236));
#15302=VECTOR('',#18281,0.02653243059793);
#15303=CARTESIAN_POINT('',(0.04238952829978,2.45,-3.193682610236));
#15304=CARTESIAN_POINT('',(0.06621931269309,2.45,-3.217015954695));
#15305=VECTOR('',#18282,0.03335121568847);
#15306=CARTESIAN_POINT('',(0.03047463610312,2.45,-3.170349282465));
#15307=CARTESIAN_POINT('',(0.04238952829978,2.45,-3.193682610236));
#15308=VECTOR('',#18283,0.02619940535377);
#15309=CARTESIAN_POINT('',(0.02451719000479,2.45,-3.14118261858));
#15310=CARTESIAN_POINT('',(0.03047463610312,2.45,-3.170349282465));
#15311=VECTOR('',#18284,0.02976886706279);
#15312=CARTESIAN_POINT('',(0.02451719000479,2.45,-3.10618261858));
#15313=CARTESIAN_POINT('',(0.02451719000479,2.45,-3.14118261858));
#15314=VECTOR('',#18285,0.035);
#15315=CARTESIAN_POINT('',(0.01855974390647,2.45,-3.08868261858));
#15316=CARTESIAN_POINT('',(0.02451719000479,2.45,-3.10618261858));
#15317=VECTOR('',#18286,0.01848624256074);
#15318=CARTESIAN_POINT('',(0.00664485170981,2.45,-3.071182614408));
#15319=CARTESIAN_POINT('',(0.01855974390647,2.45,-3.08868261858));
#15320=VECTOR('',#18287,0.02117108410283);
#15321=CARTESIAN_POINT('',(-0.01122748658517,2.45,-3.065349282465));
#15322=CARTESIAN_POINT('',(0.00664485170981,2.45,-3.071182614408));
#15323=VECTOR('',#18288,0.01880021908602);
#15324=CARTESIAN_POINT('',(-0.02314237878183,2.45,-3.065349282465));
#15325=CARTESIAN_POINT('',(-0.01122748658517,2.45,-3.065349282465));
#15326=VECTOR('',#18289,0.01191489219666);
#15327=CARTESIAN_POINT('',(-0.04101473376611,2.45,-3.071182614408));
#15328=CARTESIAN_POINT('',(-0.02314237878183,2.45,-3.065349282465));
#15329=VECTOR('',#18290,0.01880023495163);
#15330=CARTESIAN_POINT('',(-0.05292962596277,2.45,-3.08868261858));
#15331=CARTESIAN_POINT('',(-0.04101473376611,2.45,-3.071182614408));
#15332=VECTOR('',#18291,0.02117108410283);
#15333=CARTESIAN_POINT('',(-0.05888707206109,2.45,-3.10618261858));
#15334=CARTESIAN_POINT('',(-0.05292962596277,2.45,-3.08868261858));
#15335=VECTOR('',#18292,0.01848624256074);
#15336=CARTESIAN_POINT('',(-0.05888707206109,2.45,-3.14118261858));
#15337=CARTESIAN_POINT('',(-0.05888707206109,2.45,-3.10618261858));
#15338=VECTOR('',#18293,0.035);
#15339=CARTESIAN_POINT('',(-0.05292962596277,2.45,-3.158682610236));
#15340=CARTESIAN_POINT('',(-0.05888707206109,2.45,-3.14118261858));
#15341=VECTOR('',#18294,0.01848623466128);
#15342=CARTESIAN_POINT('',(-0.04101473376611,2.45,-3.170349282465));
#15343=CARTESIAN_POINT('',(-0.05292962596277,2.45,-3.158682610236));
#15344=VECTOR('',#18295,0.01667560784424);
#15345=CARTESIAN_POINT('',(-0.02909984156946,2.45,-3.176182610236));
#15346=CARTESIAN_POINT('',(-0.04101473376611,2.45,-3.170349282465));
#15347=VECTOR('',#18296,0.01326621155164);
#15348=CARTESIAN_POINT('',(-0.02909984156946,2.45,-3.211182610236));
#15349=CARTESIAN_POINT('',(-0.02909984156946,2.45,-3.176182610236));
#15350=VECTOR('',#18297,0.035);
#15351=CARTESIAN_POINT('',(-0.04697217986444,2.45,-3.205349282465));
#15352=CARTESIAN_POINT('',(-0.02909984156946,2.45,-3.211182610236));
#15353=VECTOR('',#18298,0.01880021779143);
#15354=CARTESIAN_POINT('',(-0.07080196425775,2.45,-3.187849282465));
#15355=CARTESIAN_POINT('',(-0.04697217986444,2.45,-3.205349282465));
#15356=VECTOR('',#18299,0.02956532807583);
#15357=CARTESIAN_POINT('',(-0.08867430255273,2.45,-3.164515954695));
#15358=CARTESIAN_POINT('',(-0.07080196425775,2.45,-3.187849282465));
#15359=VECTOR('',#18300,0.02939157465947);
#15360=CARTESIAN_POINT('',(-0.09463174865106,2.45,-3.135349282465));
#15361=CARTESIAN_POINT('',(-0.08867430255273,2.45,-3.164515954695));
#15362=VECTOR('',#18301,0.02976887523863);
#15363=CARTESIAN_POINT('',(-0.09463174865106,2.45,-3.10618261858));
#15364=CARTESIAN_POINT('',(-0.09463174865106,2.45,-3.135349282465));
#15365=VECTOR('',#18302,0.02916666388512);
#15366=CARTESIAN_POINT('',(-0.08867430255273,2.45,-3.082849282465));
#15367=CARTESIAN_POINT('',(-0.09463174865106,2.45,-3.10618261858));
#15368=VECTOR('',#18303,0.02408185495897);
#15369=CARTESIAN_POINT('',(-0.07675941035608,2.45,-3.059515950523));
#15370=CARTESIAN_POINT('',(-0.08867430255273,2.45,-3.082849282465));
#15371=VECTOR('',#18304,0.02619940906966);
#15372=CARTESIAN_POINT('',(-0.05292962596277,2.45,-3.036182616494));
#15373=CARTESIAN_POINT('',(-0.07675941035608,2.45,-3.059515950523));
#15374=VECTOR('',#18305,0.03335120839081);
#15375=CARTESIAN_POINT('',(-0.02909984156946,2.45,-3.030349282465));
#15376=CARTESIAN_POINT('',(-0.05292962596277,2.45,-3.036182616494));
#15377=VECTOR('',#18306,0.02453337339467);
#15378=CARTESIAN_POINT('',(-0.005270040486845,2.45,-3.030349282465));
#15379=CARTESIAN_POINT('',(-0.02909984156946,2.45,-3.030349282465));
#15380=VECTOR('',#18307,0.02382980108261);
#15381=CARTESIAN_POINT('',(0.01855974390647,2.45,-3.036182616494));
#15382=CARTESIAN_POINT('',(-0.005270040486845,2.45,-3.030349282465));
#15383=VECTOR('',#18308,0.02453337339467);
#15384=CARTESIAN_POINT('',(0.04238952829978,2.45,-3.059515950523));
#15385=CARTESIAN_POINT('',(0.01855974390647,2.45,-3.036182616494));
#15386=VECTOR('',#18309,0.03335120839081);
#15387=CARTESIAN_POINT('',(0.05430442049643,2.45,-3.082849282465));
#15388=CARTESIAN_POINT('',(0.04238952829978,2.45,-3.059515950523));
#15389=VECTOR('',#18310,0.02619940906966);
#15390=CARTESIAN_POINT('',(0.06026186659476,2.45,-3.10618261858));
#15391=CARTESIAN_POINT('',(0.05430442049643,2.45,-3.082849282465));
#15392=VECTOR('',#18311,0.02408185495897);
#15393=CARTESIAN_POINT('',(0.06026186659476,2.45,-3.14118261858));
#15394=CARTESIAN_POINT('',(0.06026186659476,2.45,-3.10618261858));
#15395=VECTOR('',#18312,0.035);
#15396=CARTESIAN_POINT('',(0.06621931269309,2.45,-3.164515954695));
#15397=CARTESIAN_POINT('',(0.06026186659476,2.45,-3.14118261858));
#15398=VECTOR('',#18313,0.02408185495896);
#15399=CARTESIAN_POINT('',(0.07813420488974,2.45,-3.182015954695));
#15400=CARTESIAN_POINT('',(0.06621931269309,2.45,-3.164515954695));
#15401=VECTOR('',#18314,0.02117108065399);
#15402=CARTESIAN_POINT('',(0.09600655152938,2.45,-3.193682610236));
#15403=CARTESIAN_POINT('',(0.07813420488974,2.45,-3.182015954695));
#15404=VECTOR('',#18315,0.02134318687326);
#15405=CARTESIAN_POINT('',(0.1138788898244,2.45,-3.193682610236));
#15406=CARTESIAN_POINT('',(0.09600655152938,2.45,-3.193682610236));
#15407=VECTOR('',#18316,0.01787233829498);
#15408=CARTESIAN_POINT('',(0.1317512281193,2.45,-3.182015954695));
#15409=CARTESIAN_POINT('',(0.1138788898244,2.45,-3.193682610236));
#15410=VECTOR('',#18317,0.02134317988563);
#15411=CARTESIAN_POINT('',(0.1436661244883,2.45,-3.164515954695));
#15412=CARTESIAN_POINT('',(0.1317512281193,2.45,-3.182015954695));
#15413=VECTOR('',#18318,0.02117108300214);
#15414=CARTESIAN_POINT('',(0.1496235705866,2.45,-3.14118261858));
#15415=CARTESIAN_POINT('',(0.1436661244883,2.45,-3.164515954695));
#15416=VECTOR('',#18319,0.02408185495896);
#15417=CARTESIAN_POINT('',(0.1496235705866,2.45,-3.09451594635));
#15418=CARTESIAN_POINT('',(0.1496235705866,2.45,-3.14118261858));
#15419=VECTOR('',#18320,0.04666667222977);
#15420=CARTESIAN_POINT('',(0.1436661244883,2.45,-3.071182614408));
#15421=CARTESIAN_POINT('',(0.1496235705866,2.45,-3.09451594635));
#15422=VECTOR('',#18321,0.02408185091632);
#15423=CARTESIAN_POINT('',(0.125793782021,2.45,-3.053682614408));
#15424=CARTESIAN_POINT('',(0.1436661244883,2.45,-3.071182614408));
#15425=VECTOR('',#18322,0.0250134089094);
#15426=CARTESIAN_POINT('',(0.107921443726,2.45,-3.047849282465));
#15427=CARTESIAN_POINT('',(0.125793782021,2.45,-3.053682614408));
#15428=VECTOR('',#18323,0.01880021908602);
#15429=CARTESIAN_POINT('',(0.107921443726,2.45,-3.012849282465));
#15430=CARTESIAN_POINT('',(0.107921443726,2.45,-3.047849282465));
#15431=VECTOR('',#18324,0.035);
#15432=CARTESIAN_POINT('',(0.1317512281193,2.45,-3.018682615972));
#15433=CARTESIAN_POINT('',(0.107921443726,2.45,-3.012849282465));
#15434=VECTOR('',#18325,0.02453337327066);
#15435=CARTESIAN_POINT('',(0.1615384648695,2.45,-3.036182616494));
#15436=CARTESIAN_POINT('',(0.1317512281193,2.45,-3.018682615972));
#15437=VECTOR('',#18326,0.03454749616777);
#15438=CARTESIAN_POINT('',(0.1794108047291,2.45,-3.065349282465));
#15439=CARTESIAN_POINT('',(0.1615384648695,2.45,-3.036182616494));
#15440=VECTOR('',#18327,0.03420694280314);
#15441=CARTESIAN_POINT('',(0.1853682513489,2.45,-3.09451594635));
#15442=CARTESIAN_POINT('',(0.1794108047291,2.45,-3.065349282465));
#15443=VECTOR('',#18328,0.02976886716716);
#15444=CARTESIAN_POINT('',(0.1853682513489,2.45,-3.14118261858));
#15445=CARTESIAN_POINT('',(0.1853682513489,2.45,-3.09451594635));
#15446=VECTOR('',#18329,0.04666667222977);
#15447=CARTESIAN_POINT('',(0.1794108047291,2.45,-3.170349282465));
#15448=CARTESIAN_POINT('',(0.1853682513489,2.45,-3.14118261858));
#15449=VECTOR('',#18330,0.02976886716716);
#15450=CARTESIAN_POINT('',(0.1674959109678,2.45,-3.193682610236));
#15451=CARTESIAN_POINT('',(0.1794108047291,2.45,-3.170349282465));
#15452=VECTOR('',#18331,0.02619940606532);
#15453=CARTESIAN_POINT('',(0.1436661244883,2.45,-3.217015954695));
#15454=CARTESIAN_POINT('',(0.1674959109678,2.45,-3.193682610236));
#15455=VECTOR('',#18332,0.03335121717906);
#15456=CARTESIAN_POINT('',(0.1436661244883,2.45,-3.217015954695));
#15457=VECTOR('',#18333,0.02653242685061);
#15458=CARTESIAN_POINT('',(0.1853682513489,2.45,-3.322015938006));
#15459=CARTESIAN_POINT('',(0.1853682513489,2.45,-3.368682626925));
#15460=CARTESIAN_POINT('',(0.1853682513489,2.45,-3.322015938006));
#15461=VECTOR('',#18334,0.04666668891907);
#15462=CARTESIAN_POINT('',(-0.04101473376611,2.45,-3.415349282465));
#15463=CARTESIAN_POINT('',(0.1853682513489,2.45,-3.368682626925));
#15464=VECTOR('',#18335,0.2311428837082);
#15465=CARTESIAN_POINT('',(0.1853682513489,2.45,-3.462015938006));
#15466=CARTESIAN_POINT('',(-0.04101473376611,2.45,-3.415349282465));
#15467=VECTOR('',#18336,0.2311428837082);
#15468=CARTESIAN_POINT('',(0.1853682513489,2.45,-3.508682626925));
#15469=CARTESIAN_POINT('',(0.1853682513489,2.45,-3.462015938006));
#15470=VECTOR('',#18337,0.04666668891907);
#15471=CARTESIAN_POINT('',(-0.09463174865106,2.45,-3.555349282465));
#15472=CARTESIAN_POINT('',(0.1853682513489,2.45,-3.508682626925));
#15473=VECTOR('',#18338,0.2838622495848);
#15474=CARTESIAN_POINT('',(-0.09463174865106,2.45,-3.520349282465));
#15475=CARTESIAN_POINT('',(-0.09463174865106,2.45,-3.555349282465));
#15476=VECTOR('',#18339,0.035);
#15477=CARTESIAN_POINT('',(0.1198363359227,2.45,-3.485349282465));
#15478=CARTESIAN_POINT('',(-0.09463174865106,2.45,-3.520349282465));
#15479=VECTOR('',#18340,0.217305221522);
#15480=CARTESIAN_POINT('',(-0.09463174865106,2.45,-3.438682626925));
#15481=CARTESIAN_POINT('',(0.1198363359227,2.45,-3.485349282465));
#15482=VECTOR('',#18341,0.2194865281516);
#15483=CARTESIAN_POINT('',(-0.09463174865106,2.45,-3.392015938006));
#15484=CARTESIAN_POINT('',(-0.09463174865106,2.45,-3.438682626925));
#15485=VECTOR('',#18342,0.04666668891907);
#15486=CARTESIAN_POINT('',(0.1198363359227,2.45,-3.345349282465));
#15487=CARTESIAN_POINT('',(-0.09463174865106,2.45,-3.392015938006));
#15488=VECTOR('',#18343,0.2194865281516);
#15489=CARTESIAN_POINT('',(-0.09463174865106,2.45,-3.310349282465));
#15490=CARTESIAN_POINT('',(0.1198363359227,2.45,-3.345349282465));
#15491=VECTOR('',#18344,0.217305221522);
#15492=CARTESIAN_POINT('',(-0.09463174865106,2.45,-3.275349282465));
#15493=CARTESIAN_POINT('',(-0.09463174865106,2.45,-3.310349282465));
#15494=VECTOR('',#18345,0.035);
#15495=CARTESIAN_POINT('',(-0.09463174865106,2.45,-3.275349282465));
#15496=VECTOR('',#18346,0.2838622495848);
#15497=CARTESIAN_POINT('',(-0.09463174865106,2.45,-3.637015971384));
#15498=CARTESIAN_POINT('',(-0.09463174865106,2.45,-3.602015971384));
#15499=CARTESIAN_POINT('',(-0.09463174865106,2.45,-3.637015971384));
#15500=VECTOR('',#18347,0.035);
#15501=CARTESIAN_POINT('',(0.1853682513489,2.45,-3.602015971384));
#15502=CARTESIAN_POINT('',(-0.09463174865106,2.45,-3.602015971384));
#15503=VECTOR('',#18348,0.28);
#15504=CARTESIAN_POINT('',(0.1853682513489,2.45,-3.637015971384));
#15505=CARTESIAN_POINT('',(0.1853682513489,2.45,-3.602015971384));
#15506=VECTOR('',#18349,0.035);
#15507=CARTESIAN_POINT('',(0.1853682513489,2.45,-3.637015971384));
#15508=VECTOR('',#18350,0.28);
#15509=CARTESIAN_POINT('',(0.1853682513489,2.45,-3.777015971384));
#15510=CARTESIAN_POINT('',(0.1853682513489,2.45,-3.812015971384));
#15511=CARTESIAN_POINT('',(0.1853682513489,2.45,-3.777015971384));
#15512=VECTOR('',#18351,0.035);
#15513=CARTESIAN_POINT('',(-0.06484451815942,2.45,-3.812015971384));
#15514=CARTESIAN_POINT('',(0.1853682513489,2.45,-3.812015971384));
#15515=VECTOR('',#18352,0.2502127695084);
#15516=CARTESIAN_POINT('',(-0.06484451815942,2.45,-3.905349282465));
#15517=CARTESIAN_POINT('',(-0.06484451815942,2.45,-3.812015971384));
#15518=VECTOR('',#18353,0.09333331108093);
#15519=CARTESIAN_POINT('',(-0.09463174865106,2.45,-3.905349282465));
#15520=CARTESIAN_POINT('',(-0.06484451815942,2.45,-3.905349282465));
#15521=VECTOR('',#18354,0.02978723049164);
#15522=CARTESIAN_POINT('',(-0.09463174865106,2.45,-3.683682593546));
#15523=CARTESIAN_POINT('',(-0.09463174865106,2.45,-3.905349282465));
#15524=VECTOR('',#18355,0.2216666889191);
#15525=CARTESIAN_POINT('',(-0.06484451815942,2.45,-3.683682593546));
#15526=CARTESIAN_POINT('',(-0.09463174865106,2.45,-3.683682593546));
#15527=VECTOR('',#18356,0.02978723049164);
#15528=CARTESIAN_POINT('',(-0.06484451815942,2.45,-3.777015971384));
#15529=CARTESIAN_POINT('',(-0.06484451815942,2.45,-3.683682593546));
#15530=VECTOR('',#18357,0.09333337783813);
#15531=CARTESIAN_POINT('',(-0.06484451815942,2.45,-3.777015971384));
#15532=VECTOR('',#18358,0.2502127695084);
#15533=CARTESIAN_POINT('',(0.09004910543105,2.45,-3.987015971384));
#15534=CARTESIAN_POINT('',(0.0006874056114826,2.45,-3.987015971384));
#15535=CARTESIAN_POINT('',(0.09004910543105,2.45,-3.987015971384));
#15536=VECTOR('',#18359,0.08936169981956);
#15537=CARTESIAN_POINT('',(-0.02314237878183,2.45,-3.992849282465));
#15538=CARTESIAN_POINT('',(0.0006874056114826,2.45,-3.987015971384));
#15539=VECTOR('',#18360,0.02453336793835);
#15540=CARTESIAN_POINT('',(-0.04101473376611,2.45,-4.004515971384));
#15541=CARTESIAN_POINT('',(-0.02314237878183,2.45,-3.992849282465));
#15542=VECTOR('',#18361,0.02134321210639);
#15543=CARTESIAN_POINT('',(-0.05292962596277,2.45,-4.022015971384));
#15544=CARTESIAN_POINT('',(-0.04101473376611,2.45,-4.004515971384));
#15545=VECTOR('',#18362,0.02117108065399);
#15546=CARTESIAN_POINT('',(-0.05888707206109,2.45,-4.045349282465));
#15547=CARTESIAN_POINT('',(-0.05292962596277,2.45,-4.022015971384));
#15548=VECTOR('',#18363,0.02408183070313);
#15549=CARTESIAN_POINT('',(-0.05888707206109,2.45,-4.097849282465));
#15550=CARTESIAN_POINT('',(-0.05888707206109,2.45,-4.045349282465));
#15551=VECTOR('',#18364,0.0525);
#15552=CARTESIAN_POINT('',(-0.05292962596277,2.45,-4.121182593546));
#15553=CARTESIAN_POINT('',(-0.05888707206109,2.45,-4.097849282465));
#15554=VECTOR('',#18365,0.02408183070313);
#15555=CARTESIAN_POINT('',(-0.04101473376611,2.45,-4.138682660303));
#15556=CARTESIAN_POINT('',(-0.05292962596277,2.45,-4.121182593546));
#15557=VECTOR('',#18366,0.02117113583548);
#15558=CARTESIAN_POINT('',(-0.02314237878183,2.45,-4.144515904627));
#15559=CARTESIAN_POINT('',(-0.04101473376611,2.45,-4.138682660303));
#15560=VECTOR('',#18367,0.01880020776546);
#15561=CARTESIAN_POINT('',(-0.02314237878183,2.45,-4.179515904627));
#15562=CARTESIAN_POINT('',(-0.02314237878183,2.45,-4.144515904627));
#15563=VECTOR('',#18368,0.035);
#15564=CARTESIAN_POINT('',(-0.05292962596277,2.45,-4.173682660303));
#15565=CARTESIAN_POINT('',(-0.02314237878183,2.45,-4.179515904627));
#15566=VECTOR('',#18369,0.03035303665136);
#15567=CARTESIAN_POINT('',(-0.07675941035608,2.45,-4.150349282465));
#15568=CARTESIAN_POINT('',(-0.05292962596277,2.45,-4.173682660303));
#15569=VECTOR('',#18370,0.03335123904098);
#15570=CARTESIAN_POINT('',(-0.08867430255273,2.45,-4.127015971384));
#15571=CARTESIAN_POINT('',(-0.07675941035608,2.45,-4.150349282465));
#15572=VECTOR('',#18371,0.02619939049019);
#15573=CARTESIAN_POINT('',(-0.09463174865106,2.45,-4.097849282465));
#15574=CARTESIAN_POINT('',(-0.08867430255273,2.45,-4.127015971384));
#15575=VECTOR('',#18372,0.02976889159032);
#15576=CARTESIAN_POINT('',(-0.09463174865106,2.45,-4.045349282465));
#15577=CARTESIAN_POINT('',(-0.09463174865106,2.45,-4.097849282465));
#15578=VECTOR('',#18373,0.0525);
#15579=CARTESIAN_POINT('',(-0.08867430255273,2.45,-4.016182593546));
#15580=CARTESIAN_POINT('',(-0.09463174865106,2.45,-4.045349282465));
#15581=VECTOR('',#18374,0.02976889159032);
#15582=CARTESIAN_POINT('',(-0.07675941035608,2.45,-3.992849282465));
#15583=CARTESIAN_POINT('',(-0.08867430255273,2.45,-4.016182593546));
#15584=VECTOR('',#18375,0.02619939049019);
#15585=CARTESIAN_POINT('',(-0.05292962596277,2.45,-3.969515971384));
#15586=CARTESIAN_POINT('',(-0.07675941035608,2.45,-3.992849282465));
#15587=VECTOR('',#18376,0.03335119233598);
#15588=CARTESIAN_POINT('',(-0.02909984156946,2.45,-3.957849282465));
#15589=CARTESIAN_POINT('',(-0.05292962596277,2.45,-3.969515971384));
#15590=VECTOR('',#18377,0.02653243778031);
#15591=CARTESIAN_POINT('',(0.0006874056114826,2.45,-3.952015971384));
#15592=CARTESIAN_POINT('',(-0.02909984156946,2.45,-3.957849282465));
#15593=VECTOR('',#18378,0.03035304948082);
#15594=CARTESIAN_POINT('',(0.09004910543105,2.45,-3.952015971384));
#15595=CARTESIAN_POINT('',(0.0006874056114826,2.45,-3.952015971384));
#15596=VECTOR('',#18379,0.08936169981956);
#15597=CARTESIAN_POINT('',(0.1198363359227,2.45,-3.957849282465));
#15598=CARTESIAN_POINT('',(0.09004910543105,2.45,-3.952015971384));
#15599=VECTOR('',#18380,0.03035303310262);
#15600=CARTESIAN_POINT('',(0.1436661244883,2.45,-3.969515971384));
#15601=CARTESIAN_POINT('',(0.1198363359227,2.45,-3.957849282465));
#15602=VECTOR('',#18381,0.02653244152763);
#15603=CARTESIAN_POINT('',(0.1674959109678,2.45,-3.992849282465));
#15604=CARTESIAN_POINT('',(0.1436661244883,2.45,-3.969515971384));
#15605=VECTOR('',#18382,0.03335119382656);
#15606=CARTESIAN_POINT('',(0.1794108047291,2.45,-4.016182593546));
#15607=CARTESIAN_POINT('',(0.1674959109678,2.45,-3.992849282465));
#15608=VECTOR('',#18383,0.02619939120175);
#15609=CARTESIAN_POINT('',(0.1853682513489,2.45,-4.045349282465));
#15610=CARTESIAN_POINT('',(0.1794108047291,2.45,-4.016182593546));
#15611=VECTOR('',#18384,0.02976889169469);
#15612=CARTESIAN_POINT('',(0.1853682513489,2.45,-4.097849282465));
#15613=CARTESIAN_POINT('',(0.1853682513489,2.45,-4.045349282465));
#15614=VECTOR('',#18385,0.0525);
#15615=CARTESIAN_POINT('',(0.1794108047291,2.45,-4.127015971384));
#15616=CARTESIAN_POINT('',(0.1853682513489,2.45,-4.097849282465));
#15617=VECTOR('',#18386,0.02976889169469);
#15618=CARTESIAN_POINT('',(0.1674959109678,2.45,-4.150349282465));
#15619=CARTESIAN_POINT('',(0.1794108047291,2.45,-4.127015971384));
#15620=VECTOR('',#18387,0.02619939120175);
#15621=CARTESIAN_POINT('',(0.1436661244883,2.45,-4.173682660303));
#15622=CARTESIAN_POINT('',(0.1674959109678,2.45,-4.150349282465));
#15623=VECTOR('',#18388,0.03335124053157);
#15624=CARTESIAN_POINT('',(0.1138788898244,2.45,-4.179515904627));
#15625=CARTESIAN_POINT('',(0.1436661244883,2.45,-4.173682660303));
#15626=VECTOR('',#18389,0.0303530243677);
#15627=CARTESIAN_POINT('',(0.1138788898244,2.45,-4.144515904627));
#15628=CARTESIAN_POINT('',(0.1138788898244,2.45,-4.179515904627));
#15629=VECTOR('',#18390,0.035);
#15630=CARTESIAN_POINT('',(0.1317512281193,2.45,-4.138682660303));
#15631=CARTESIAN_POINT('',(0.1138788898244,2.45,-4.144515904627));
#15632=VECTOR('',#18391,0.01880019189984);
#15633=CARTESIAN_POINT('',(0.1436661244883,2.45,-4.121182593546));
#15634=CARTESIAN_POINT('',(0.1317512281193,2.45,-4.138682660303));
#15635=VECTOR('',#18392,0.02117113818362);
#15636=CARTESIAN_POINT('',(0.1496235705866,2.45,-4.097849282465));
#15637=CARTESIAN_POINT('',(0.1436661244883,2.45,-4.121182593546));
#15638=VECTOR('',#18393,0.02408183070313);
#15639=CARTESIAN_POINT('',(0.1496235705866,2.45,-4.045349282465));
#15640=CARTESIAN_POINT('',(0.1496235705866,2.45,-4.097849282465));
#15641=VECTOR('',#18394,0.0525);
#15642=CARTESIAN_POINT('',(0.1436661244883,2.45,-4.022015971384));
#15643=CARTESIAN_POINT('',(0.1496235705866,2.45,-4.045349282465));
#15644=VECTOR('',#18395,0.02408183070313);
#15645=CARTESIAN_POINT('',(0.1317512281193,2.45,-4.004515971384));
#15646=CARTESIAN_POINT('',(0.1436661244883,2.45,-4.022015971384));
#15647=VECTOR('',#18396,0.02117108300214);
#15648=CARTESIAN_POINT('',(0.1138788898244,2.45,-3.992849282465));
#15649=CARTESIAN_POINT('',(0.1317512281193,2.45,-4.004515971384));
#15650=VECTOR('',#18397,0.02134319813113);
#15651=CARTESIAN_POINT('',(0.1138788898244,2.45,-3.992849282465));
#15652=VECTOR('',#18398,0.02453336793835);
#15653=CARTESIAN_POINT('',(0.05430442049643,2.45,-4.261182660303));
#15654=CARTESIAN_POINT('',(0.05430442049643,2.45,-4.424515904627));
#15655=CARTESIAN_POINT('',(0.05430442049643,2.45,-4.261182660303));
#15656=VECTOR('',#18399,0.1633332443237);
#15657=CARTESIAN_POINT('',(0.1853682513489,2.45,-4.424515904627));
#15658=CARTESIAN_POINT('',(0.05430442049643,2.45,-4.424515904627));
#15659=VECTOR('',#18400,0.1310638308525);
#15660=CARTESIAN_POINT('',(0.1853682513489,2.45,-4.459515904627));
#15661=CARTESIAN_POINT('',(0.1853682513489,2.45,-4.424515904627));
#15662=VECTOR('',#18401,0.035);
#15663=CARTESIAN_POINT('',(-0.09463174865106,2.45,-4.459515904627));
#15664=CARTESIAN_POINT('',(0.1853682513489,2.45,-4.459515904627));
#15665=VECTOR('',#18402,0.28);
#15666=CARTESIAN_POINT('',(-0.09463174865106,2.45,-4.424515904627));
#15667=CARTESIAN_POINT('',(-0.09463174865106,2.45,-4.459515904627));
#15668=VECTOR('',#18403,0.035);
#15669=CARTESIAN_POINT('',(0.01855974390647,2.45,-4.424515904627));
#15670=CARTESIAN_POINT('',(-0.09463174865106,2.45,-4.424515904627));
#15671=VECTOR('',#18404,0.1131914925575);
#15672=CARTESIAN_POINT('',(0.01855974390647,2.45,-4.261182660303));
#15673=CARTESIAN_POINT('',(0.01855974390647,2.45,-4.424515904627));
#15674=VECTOR('',#18405,0.1633332443237);
#15675=CARTESIAN_POINT('',(-0.09463174865106,2.45,-4.261182660303));
#15676=CARTESIAN_POINT('',(0.01855974390647,2.45,-4.261182660303));
#15677=VECTOR('',#18406,0.1131914925575);
#15678=CARTESIAN_POINT('',(-0.09463174865106,2.45,-4.226182660303));
#15679=CARTESIAN_POINT('',(-0.09463174865106,2.45,-4.261182660303));
#15680=VECTOR('',#18407,0.035);
#15681=CARTESIAN_POINT('',(0.1853682513489,2.45,-4.226182660303));
#15682=CARTESIAN_POINT('',(-0.09463174865106,2.45,-4.226182660303));
#15683=VECTOR('',#18408,0.28);
#15684=CARTESIAN_POINT('',(0.1853682513489,2.45,-4.261182660303));
#15685=CARTESIAN_POINT('',(0.1853682513489,2.45,-4.226182660303));
#15686=VECTOR('',#18409,0.035);
#15687=CARTESIAN_POINT('',(0.1853682513489,2.45,-4.261182660303));
#15688=VECTOR('',#18410,0.1310638308525);
#15689=CARTESIAN_POINT('',(0.1436661244883,2.45,-4.955349282465));
#15690=CARTESIAN_POINT('',(0.1496235705866,2.45,-4.932015904627));
#15691=CARTESIAN_POINT('',(0.1436661244883,2.45,-4.955349282465));
#15692=VECTOR('',#18411,0.02408189538536);
#15693=CARTESIAN_POINT('',(0.1496235705866,2.45,-4.879515904627));
#15694=CARTESIAN_POINT('',(0.1496235705866,2.45,-4.932015904627));
#15695=VECTOR('',#18412,0.0525);
#15696=CARTESIAN_POINT('',(0.1436661244883,2.45,-4.856182660303));
#15697=CARTESIAN_POINT('',(0.1496235705866,2.45,-4.879515904627));
#15698=VECTOR('',#18413,0.0240817660209);
#15699=CARTESIAN_POINT('',(0.1317512281193,2.45,-4.838682660303));
#15700=CARTESIAN_POINT('',(0.1436661244883,2.45,-4.856182660303));
#15701=VECTOR('',#18414,0.02117108300214);
#15702=CARTESIAN_POINT('',(0.1138788898244,2.45,-4.827015904627));
#15703=CARTESIAN_POINT('',(0.1317512281193,2.45,-4.838682660303));
#15704=VECTOR('',#18415,0.02134323462224);
#15705=CARTESIAN_POINT('',(0.09004910543105,2.45,-4.821182660303));
#15706=CARTESIAN_POINT('',(0.1138788898244,2.45,-4.827015904627));
#15707=VECTOR('',#18416,0.02453335206555);
#15708=CARTESIAN_POINT('',(0.0006874056114826,2.45,-4.821182660303));
#15709=CARTESIAN_POINT('',(0.09004910543105,2.45,-4.821182660303));
#15710=VECTOR('',#18417,0.08936169981956);
#15711=CARTESIAN_POINT('',(-0.02314237878183,2.45,-4.827015904627));
#15712=CARTESIAN_POINT('',(0.0006874056114826,2.45,-4.821182660303));
#15713=VECTOR('',#18418,0.02453335206555);
#15714=CARTESIAN_POINT('',(-0.04101473376611,2.45,-4.838682660303));
#15715=CARTESIAN_POINT('',(-0.02314237878183,2.45,-4.827015904627));
#15716=VECTOR('',#18419,0.02134324859748);
#15717=CARTESIAN_POINT('',(-0.05292962596277,2.45,-4.856182660303));
#15718=CARTESIAN_POINT('',(-0.04101473376611,2.45,-4.838682660303));
#15719=VECTOR('',#18420,0.02117108065399);
#15720=CARTESIAN_POINT('',(-0.05888707206109,2.45,-4.879515904627));
#15721=CARTESIAN_POINT('',(-0.05292962596277,2.45,-4.856182660303));
#15722=VECTOR('',#18421,0.0240817660209);
#15723=CARTESIAN_POINT('',(-0.05888707206109,2.45,-4.932015904627));
#15724=CARTESIAN_POINT('',(-0.05888707206109,2.45,-4.879515904627));
#15725=VECTOR('',#18422,0.0525);
#15726=CARTESIAN_POINT('',(-0.05292962596277,2.45,-4.955349282465));
#15727=CARTESIAN_POINT('',(-0.05888707206109,2.45,-4.932015904627));
#15728=VECTOR('',#18423,0.02408189538536);
#15729=CARTESIAN_POINT('',(-0.04101473376611,2.45,-4.972849282465));
#15730=CARTESIAN_POINT('',(-0.05292962596277,2.45,-4.955349282465));
#15731=VECTOR('',#18424,0.02117108065399);
#15732=CARTESIAN_POINT('',(-0.02314237878183,2.45,-4.978682660303));
#15733=CARTESIAN_POINT('',(-0.04101473376611,2.45,-4.972849282465));
#15734=VECTOR('',#18425,0.01880024919214);
#15735=CARTESIAN_POINT('',(-0.02314237878183,2.45,-5.013682660303));
#15736=CARTESIAN_POINT('',(-0.02314237878183,2.45,-4.978682660303));
#15737=VECTOR('',#18426,0.035);
#15738=CARTESIAN_POINT('',(-0.05292962596277,2.45,-5.007849282465));
#15739=CARTESIAN_POINT('',(-0.02314237878183,2.45,-5.013682660303));
#15740=VECTOR('',#18427,0.03035306231043);
#15741=CARTESIAN_POINT('',(-0.07675941035608,2.45,-4.984515904627));
#15742=CARTESIAN_POINT('',(-0.05292962596277,2.45,-5.007849282465));
#15743=VECTOR('',#18428,0.03335123904098);
#15744=CARTESIAN_POINT('',(-0.08867430255273,2.45,-4.961182660303));
#15745=CARTESIAN_POINT('',(-0.07675941035608,2.45,-4.984515904627));
#15746=VECTOR('',#18429,0.0261993310359);
#15747=CARTESIAN_POINT('',(-0.09463174865106,2.45,-4.932015904627));
#15748=CARTESIAN_POINT('',(-0.08867430255273,2.45,-4.961182660303));
#15749=VECTOR('',#18430,0.02976895699707);
#15750=CARTESIAN_POINT('',(-0.09463174865106,2.45,-4.879515904627));
#15751=CARTESIAN_POINT('',(-0.09463174865106,2.45,-4.932015904627));
#15752=VECTOR('',#18431,0.0525);
#15753=CARTESIAN_POINT('',(-0.08867430255273,2.45,-4.850349282465));
#15754=CARTESIAN_POINT('',(-0.09463174865106,2.45,-4.879515904627));
#15755=VECTOR('',#18432,0.02976882618357);
#15756=CARTESIAN_POINT('',(-0.07675941035608,2.45,-4.827015904627));
#15757=CARTESIAN_POINT('',(-0.08867430255273,2.45,-4.850349282465));
#15758=VECTOR('',#18433,0.02619944994451);
#15759=CARTESIAN_POINT('',(-0.05292962596277,2.45,-4.803682660303));
#15760=CARTESIAN_POINT('',(-0.07675941035608,2.45,-4.827015904627));
#15761=VECTOR('',#18434,0.03335114563104);
#15762=CARTESIAN_POINT('',(-0.02909984156946,2.45,-4.792015904627));
#15763=CARTESIAN_POINT('',(-0.05292962596277,2.45,-4.803682660303));
#15764=VECTOR('',#18435,0.02653246713446);
#15765=CARTESIAN_POINT('',(0.0006874056114826,2.45,-4.786182660303));
#15766=CARTESIAN_POINT('',(-0.02909984156946,2.45,-4.792015904627));
#15767=VECTOR('',#18436,0.03035303665136);
#15768=CARTESIAN_POINT('',(0.09004910543105,2.45,-4.786182660303));
#15769=CARTESIAN_POINT('',(0.0006874056114826,2.45,-4.786182660303));
#15770=VECTOR('',#18437,0.08936169981956);
#15771=CARTESIAN_POINT('',(0.1198363359227,2.45,-4.792015904627));
#15772=CARTESIAN_POINT('',(0.09004910543105,2.45,-4.786182660303));
#15773=VECTOR('',#18438,0.03035302027315);
#15774=CARTESIAN_POINT('',(0.1436661244883,2.45,-4.803682660303));
#15775=CARTESIAN_POINT('',(0.1198363359227,2.45,-4.792015904627));
#15776=VECTOR('',#18439,0.02653247088178);
#15777=CARTESIAN_POINT('',(0.1674959109678,2.45,-4.827015904627));
#15778=CARTESIAN_POINT('',(0.1436661244883,2.45,-4.803682660303));
#15779=VECTOR('',#18440,0.03335114712162);
#15780=CARTESIAN_POINT('',(0.1794108047291,2.45,-4.850349282465));
#15781=CARTESIAN_POINT('',(0.1674959109678,2.45,-4.827015904627));
#15782=VECTOR('',#18441,0.02619945065607);
#15783=CARTESIAN_POINT('',(0.1853682513489,2.45,-4.879515904627));
#15784=CARTESIAN_POINT('',(0.1794108047291,2.45,-4.850349282465));
#15785=VECTOR('',#18442,0.02976882628794);
#15786=CARTESIAN_POINT('',(0.1853682513489,2.45,-4.932015904627));
#15787=CARTESIAN_POINT('',(0.1853682513489,2.45,-4.879515904627));
#15788=VECTOR('',#18443,0.0525);
#15789=CARTESIAN_POINT('',(0.1794108047291,2.45,-4.961182660303));
#15790=CARTESIAN_POINT('',(0.1853682513489,2.45,-4.932015904627));
#15791=VECTOR('',#18444,0.02976895710145);
#15792=CARTESIAN_POINT('',(0.1674959109678,2.45,-4.984515904627));
#15793=CARTESIAN_POINT('',(0.1794108047291,2.45,-4.961182660303));
#15794=VECTOR('',#18445,0.02619933174746);
#15795=CARTESIAN_POINT('',(0.1436661244883,2.45,-5.007849282465));
#15796=CARTESIAN_POINT('',(0.1674959109678,2.45,-4.984515904627));
#15797=VECTOR('',#18446,0.03335124053157);
#15798=CARTESIAN_POINT('',(0.1138788898244,2.45,-5.013682660303));
#15799=CARTESIAN_POINT('',(0.1436661244883,2.45,-5.007849282465));
#15800=VECTOR('',#18447,0.03035305002678);
#15801=CARTESIAN_POINT('',(0.1138788898244,2.45,-4.978682660303));
#15802=CARTESIAN_POINT('',(0.1138788898244,2.45,-5.013682660303));
#15803=VECTOR('',#18448,0.035);
#15804=CARTESIAN_POINT('',(0.1317512281193,2.45,-4.972849282465));
#15805=CARTESIAN_POINT('',(0.1138788898244,2.45,-4.978682660303));
#15806=VECTOR('',#18449,0.01880023332655);
#15807=CARTESIAN_POINT('',(0.1317512281193,2.45,-4.972849282465));
#15808=VECTOR('',#18450,0.02117108300214);
#15809=CARTESIAN_POINT('',(0.1853682513489,2.45,-5.200349282465));
#15810=CARTESIAN_POINT('',(0.1794108047291,2.45,-5.229515904627));
#15811=CARTESIAN_POINT('',(0.1853682513489,2.45,-5.200349282465));
#15812=VECTOR('',#18451,0.02976882628794);
#15813=CARTESIAN_POINT('',(0.1674959109678,2.45,-5.252849282465));
#15814=CARTESIAN_POINT('',(0.1794108047291,2.45,-5.229515904627));
#15815=VECTOR('',#18452,0.02619945065607);
#15816=CARTESIAN_POINT('',(0.1436661244883,2.45,-5.276182526789));
#15817=CARTESIAN_POINT('',(0.1674959109678,2.45,-5.252849282465));
#15818=VECTOR('',#18453,0.03335114712162);
#15819=CARTESIAN_POINT('',(0.1198363359227,2.45,-5.287849282465));
#15820=CARTESIAN_POINT('',(0.1436661244883,2.45,-5.276182526789));
#15821=VECTOR('',#18454,0.02653247088178);
#15822=CARTESIAN_POINT('',(0.09004910543105,2.45,-5.293682526789));
#15823=CARTESIAN_POINT('',(0.1198363359227,2.45,-5.287849282465));
#15824=VECTOR('',#18455,0.03035302027315);
#15825=CARTESIAN_POINT('',(0.0006874056114826,2.45,-5.293682526789));
#15826=CARTESIAN_POINT('',(0.09004910543105,2.45,-5.293682526789));
#15827=VECTOR('',#18456,0.08936169981956);
#15828=CARTESIAN_POINT('',(-0.02909984156946,2.45,-5.287849282465));
#15829=CARTESIAN_POINT('',(0.0006874056114826,2.45,-5.293682526789));
#15830=VECTOR('',#18457,0.03035303665136);
#15831=CARTESIAN_POINT('',(-0.05292962596277,2.45,-5.276182526789));
#15832=CARTESIAN_POINT('',(-0.02909984156946,2.45,-5.287849282465));
#15833=VECTOR('',#18458,0.02653246713446);
#15834=CARTESIAN_POINT('',(-0.07675941035608,2.45,-5.252849282465));
#15835=CARTESIAN_POINT('',(-0.05292962596277,2.45,-5.276182526789));
#15836=VECTOR('',#18459,0.03335114563104);
#15837=CARTESIAN_POINT('',(-0.08867430255273,2.45,-5.229515904627));
#15838=CARTESIAN_POINT('',(-0.07675941035608,2.45,-5.252849282465));
#15839=VECTOR('',#18460,0.02619944994451);
#15840=CARTESIAN_POINT('',(-0.09463174865106,2.45,-5.200349282465));
#15841=CARTESIAN_POINT('',(-0.08867430255273,2.45,-5.229515904627));
#15842=VECTOR('',#18461,0.02976882618357);
#15843=CARTESIAN_POINT('',(-0.09463174865106,2.45,-5.153682660303));
#15844=CARTESIAN_POINT('',(-0.09463174865106,2.45,-5.200349282465));
#15845=VECTOR('',#18462,0.04666662216187);
#15846=CARTESIAN_POINT('',(-0.08867430255273,2.45,-5.124515904627));
#15847=CARTESIAN_POINT('',(-0.09463174865106,2.45,-5.153682660303));
#15848=VECTOR('',#18463,0.02976895699708);
#15849=CARTESIAN_POINT('',(-0.07675941035608,2.45,-5.101182660303));
#15850=CARTESIAN_POINT('',(-0.08867430255273,2.45,-5.124515904627));
#15851=VECTOR('',#18464,0.0261993310359);
#15852=CARTESIAN_POINT('',(-0.05292962596277,2.45,-5.077849282465));
#15853=CARTESIAN_POINT('',(-0.07675941035608,2.45,-5.101182660303));
#15854=VECTOR('',#18465,0.03335123904098);
#15855=CARTESIAN_POINT('',(-0.02909984156946,2.45,-5.066182660303));
#15856=CARTESIAN_POINT('',(-0.05292962596277,2.45,-5.077849282465));
#15857=VECTOR('',#18466,0.02653240842629);
#15858=CARTESIAN_POINT('',(0.0006874056114826,2.45,-5.060349282465));
#15859=CARTESIAN_POINT('',(-0.02909984156946,2.45,-5.066182660303));
#15860=VECTOR('',#18467,0.03035306231043);
#15861=CARTESIAN_POINT('',(0.09004910543105,2.45,-5.060349282465));
#15862=CARTESIAN_POINT('',(0.0006874056114826,2.45,-5.060349282465));
#15863=VECTOR('',#18468,0.08936169981956);
#15864=CARTESIAN_POINT('',(0.1198363359227,2.45,-5.066182660303));
#15865=CARTESIAN_POINT('',(0.09004910543105,2.45,-5.060349282465));
#15866=VECTOR('',#18469,0.03035304593224);
#15867=CARTESIAN_POINT('',(0.1436661244883,2.45,-5.077849282465));
#15868=CARTESIAN_POINT('',(0.1198363359227,2.45,-5.066182660303));
#15869=VECTOR('',#18470,0.02653241217362);
#15870=CARTESIAN_POINT('',(0.1674959109678,2.45,-5.101182660303));
#15871=CARTESIAN_POINT('',(0.1436661244883,2.45,-5.077849282465));
#15872=VECTOR('',#18471,0.03335124053157);
#15873=CARTESIAN_POINT('',(0.1794108047291,2.45,-5.124515904627));
#15874=CARTESIAN_POINT('',(0.1674959109678,2.45,-5.101182660303));
#15875=VECTOR('',#18472,0.02619933174746);
#15876=CARTESIAN_POINT('',(0.1853682513489,2.45,-5.153682660303));
#15877=CARTESIAN_POINT('',(0.1794108047291,2.45,-5.124515904627));
#15878=VECTOR('',#18473,0.02976895710145);
#15879=CARTESIAN_POINT('',(0.1853682513489,2.45,-5.153682660303));
#15880=VECTOR('',#18474,0.04666662216187);
#15881=CARTESIAN_POINT('',(0.0006874056114826,2.45,-5.095349282465));
#15882=CARTESIAN_POINT('',(-0.02314237878183,2.45,-5.101182660303));
#15883=CARTESIAN_POINT('',(0.0006874056114826,2.45,-5.095349282465));
#15884=VECTOR('',#18475,0.02453338381133);
#15885=CARTESIAN_POINT('',(-0.04101473376611,2.45,-5.112849282465));
#15886=CARTESIAN_POINT('',(-0.02314237878183,2.45,-5.101182660303));
#15887=VECTOR('',#18476,0.02134317561545);
#15888=CARTESIAN_POINT('',(-0.05292962596277,2.45,-5.130349282465));
#15889=CARTESIAN_POINT('',(-0.04101473376611,2.45,-5.112849282465));
#15890=VECTOR('',#18477,0.02117108065399);
#15891=CARTESIAN_POINT('',(-0.05888707206109,2.45,-5.153682660303));
#15892=CARTESIAN_POINT('',(-0.05292962596277,2.45,-5.130349282465));
#15893=VECTOR('',#18478,0.02408189538536);
#15894=CARTESIAN_POINT('',(-0.05888707206109,2.45,-5.200349282465));
#15895=CARTESIAN_POINT('',(-0.05888707206109,2.45,-5.153682660303));
#15896=VECTOR('',#18479,0.04666662216187);
#15897=CARTESIAN_POINT('',(-0.05292962596277,2.45,-5.223682660303));
#15898=CARTESIAN_POINT('',(-0.05888707206109,2.45,-5.200349282465));
#15899=VECTOR('',#18480,0.02408189538536);
#15900=CARTESIAN_POINT('',(-0.04101473376611,2.45,-5.241182660303));
#15901=CARTESIAN_POINT('',(-0.05292962596277,2.45,-5.223682660303));
#15902=VECTOR('',#18481,0.02117108065399);
#15903=CARTESIAN_POINT('',(-0.02314237878183,2.45,-5.252849282465));
#15904=CARTESIAN_POINT('',(-0.04101473376611,2.45,-5.241182660303));
#15905=VECTOR('',#18482,0.02134317561545);
#15906=CARTESIAN_POINT('',(0.0006874056114826,2.45,-5.258682526789));
#15907=CARTESIAN_POINT('',(-0.02314237878183,2.45,-5.252849282465));
#15908=VECTOR('',#18483,0.02453335206555);
#15909=CARTESIAN_POINT('',(0.09004910543105,2.45,-5.258682526789));
#15910=CARTESIAN_POINT('',(0.0006874056114826,2.45,-5.258682526789));
#15911=VECTOR('',#18484,0.08936169981956);
#15912=CARTESIAN_POINT('',(0.1138788898244,2.45,-5.252849282465));
#15913=CARTESIAN_POINT('',(0.09004910543105,2.45,-5.258682526789));
#15914=VECTOR('',#18485,0.02453335206555);
#15915=CARTESIAN_POINT('',(0.1317512281193,2.45,-5.241182660303));
#15916=CARTESIAN_POINT('',(0.1138788898244,2.45,-5.252849282465));
#15917=VECTOR('',#18486,0.02134316164016);
#15918=CARTESIAN_POINT('',(0.1436661244883,2.45,-5.223682660303));
#15919=CARTESIAN_POINT('',(0.1317512281193,2.45,-5.241182660303));
#15920=VECTOR('',#18487,0.02117108300214);
#15921=CARTESIAN_POINT('',(0.1496235705866,2.45,-5.200349282465));
#15922=CARTESIAN_POINT('',(0.1436661244883,2.45,-5.223682660303));
#15923=VECTOR('',#18488,0.02408189538536);
#15924=CARTESIAN_POINT('',(0.1496235705866,2.45,-5.153682660303));
#15925=CARTESIAN_POINT('',(0.1496235705866,2.45,-5.200349282465));
#15926=VECTOR('',#18489,0.04666662216187);
#15927=CARTESIAN_POINT('',(0.1436661244883,2.45,-5.130349282465));
#15928=CARTESIAN_POINT('',(0.1496235705866,2.45,-5.153682660303));
#15929=VECTOR('',#18490,0.02408189538536);
#15930=CARTESIAN_POINT('',(0.1317512281193,2.45,-5.112849282465));
#15931=CARTESIAN_POINT('',(0.1436661244883,2.45,-5.130349282465));
#15932=VECTOR('',#18491,0.02117108300214);
#15933=CARTESIAN_POINT('',(0.1138788898244,2.45,-5.101182660303));
#15934=CARTESIAN_POINT('',(0.1317512281193,2.45,-5.112849282465));
#15935=VECTOR('',#18492,0.02134316164016);
#15936=CARTESIAN_POINT('',(0.09004910543105,2.45,-5.095349282465));
#15937=CARTESIAN_POINT('',(0.1138788898244,2.45,-5.101182660303));
#15938=VECTOR('',#18493,0.02453338381133);
#15939=CARTESIAN_POINT('',(0.09004910543105,2.45,-5.095349282465));
#15940=VECTOR('',#18494,0.08936169981956);
#15941=CARTESIAN_POINT('',(-0.05888707206109,2.45,-5.375349282465));
#15942=CARTESIAN_POINT('',(0.1853682513489,2.45,-5.521182526789));
#15943=CARTESIAN_POINT('',(-0.05888707206109,2.45,-5.375349282465));
#15944=VECTOR('',#18495,0.2844784669604);
#15945=CARTESIAN_POINT('',(0.1853682513489,2.45,-5.573682526789));
#15946=CARTESIAN_POINT('',(0.1853682513489,2.45,-5.521182526789));
#15947=VECTOR('',#18496,0.0525);
#15948=CARTESIAN_POINT('',(-0.09463174865106,2.45,-5.573682526789));
#15949=CARTESIAN_POINT('',(0.1853682513489,2.45,-5.573682526789));
#15950=VECTOR('',#18497,0.28);
#15951=CARTESIAN_POINT('',(-0.09463174865106,2.45,-5.538682526789));
#15952=CARTESIAN_POINT('',(-0.09463174865106,2.45,-5.573682526789));
#15953=VECTOR('',#18498,0.035);
#15954=CARTESIAN_POINT('',(0.1436661244883,2.45,-5.538682526789));
#15955=CARTESIAN_POINT('',(-0.09463174865106,2.45,-5.538682526789));
#15956=VECTOR('',#18499,0.2382978731394);
#15957=CARTESIAN_POINT('',(-0.09463174865106,2.45,-5.392849282465));
#15958=CARTESIAN_POINT('',(0.1436661244883,2.45,-5.538682526789));
#15959=VECTOR('',#18500,0.2793800484872);
#15960=CARTESIAN_POINT('',(-0.09463174865106,2.45,-5.340349282465));
#15961=CARTESIAN_POINT('',(-0.09463174865106,2.45,-5.392849282465));
#15962=VECTOR('',#18501,0.0525);
#15963=CARTESIAN_POINT('',(0.1853682513489,2.45,-5.340349282465));
#15964=CARTESIAN_POINT('',(-0.09463174865106,2.45,-5.340349282465));
#15965=VECTOR('',#18502,0.28);
#15966=CARTESIAN_POINT('',(0.1853682513489,2.45,-5.375349282465));
#15967=CARTESIAN_POINT('',(0.1853682513489,2.45,-5.340349282465));
#15968=VECTOR('',#18503,0.035);
#15969=CARTESIAN_POINT('',(0.1853682513489,2.45,-5.375349282465));
#15970=VECTOR('',#18504,0.24425532341);
#15971=CARTESIAN_POINT('',(-0.05888707206109,2.45,-5.655349282465));
#15972=CARTESIAN_POINT('',(0.1853682513489,2.45,-5.801182526789));
#15973=CARTESIAN_POINT('',(-0.05888707206109,2.45,-5.655349282465));
#15974=VECTOR('',#18505,0.2844784669604);
#15975=CARTESIAN_POINT('',(0.1853682513489,2.45,-5.853682526789));
#15976=CARTESIAN_POINT('',(0.1853682513489,2.45,-5.801182526789));
#15977=VECTOR('',#18506,0.0525);
#15978=CARTESIAN_POINT('',(-0.09463174865106,2.45,-5.853682526789));
#15979=CARTESIAN_POINT('',(0.1853682513489,2.45,-5.853682526789));
#15980=VECTOR('',#18507,0.28);
#15981=CARTESIAN_POINT('',(-0.09463174865106,2.45,-5.818682526789));
#15982=CARTESIAN_POINT('',(-0.09463174865106,2.45,-5.853682526789));
#15983=VECTOR('',#18508,0.035);
#15984=CARTESIAN_POINT('',(0.1436661244883,2.45,-5.818682526789));
#15985=CARTESIAN_POINT('',(-0.09463174865106,2.45,-5.818682526789));
#15986=VECTOR('',#18509,0.2382978731394);
#15987=CARTESIAN_POINT('',(-0.09463174865106,2.45,-5.672849282465));
#15988=CARTESIAN_POINT('',(0.1436661244883,2.45,-5.818682526789));
#15989=VECTOR('',#18510,0.2793800484872);
#15990=CARTESIAN_POINT('',(-0.09463174865106,2.45,-5.620349282465));
#15991=CARTESIAN_POINT('',(-0.09463174865106,2.45,-5.672849282465));
#15992=VECTOR('',#18511,0.0525);
#15993=CARTESIAN_POINT('',(0.1853682513489,2.45,-5.620349282465));
#15994=CARTESIAN_POINT('',(-0.09463174865106,2.45,-5.620349282465));
#15995=VECTOR('',#18512,0.28);
#15996=CARTESIAN_POINT('',(0.1853682513489,2.45,-5.655349282465));
#15997=CARTESIAN_POINT('',(0.1853682513489,2.45,-5.620349282465));
#15998=VECTOR('',#18513,0.035);
#15999=CARTESIAN_POINT('',(0.1853682513489,2.45,-5.655349282465));
#16000=VECTOR('',#18514,0.24425532341);
#16001=CARTESIAN_POINT('',(0.1853682513489,2.45,-6.110349282465));
#16002=CARTESIAN_POINT('',(0.1496235705866,2.45,-6.110349282465));
#16003=CARTESIAN_POINT('',(0.1853682513489,2.45,-6.110349282465));
#16004=VECTOR('',#18515,0.03574468076229);
#16005=CARTESIAN_POINT('',(0.1496235705866,2.45,-5.935349282465));
#16006=CARTESIAN_POINT('',(0.1496235705866,2.45,-6.110349282465));
#16007=VECTOR('',#18516,0.175);
#16008=CARTESIAN_POINT('',(0.05430442049643,2.45,-5.935349282465));
#16009=CARTESIAN_POINT('',(0.1496235705866,2.45,-5.935349282465));
#16010=VECTOR('',#18517,0.09531915009022);
#16011=CARTESIAN_POINT('',(0.05430442049643,2.45,-6.087016038142));
#16012=CARTESIAN_POINT('',(0.05430442049643,2.45,-5.935349282465));
#16013=VECTOR('',#18518,0.1516667556763);
#16014=CARTESIAN_POINT('',(0.01855974390647,2.45,-6.087016038142));
#16015=CARTESIAN_POINT('',(0.05430442049643,2.45,-6.087016038142));
#16016=VECTOR('',#18519,0.03574467658997);
#16017=CARTESIAN_POINT('',(0.01855974390647,2.45,-5.935349282465));
#16018=CARTESIAN_POINT('',(0.01855974390647,2.45,-6.087016038142));
#16019=VECTOR('',#18520,0.1516667556763);
#16020=CARTESIAN_POINT('',(-0.05888707206109,2.45,-5.935349282465));
#16021=CARTESIAN_POINT('',(0.01855974390647,2.45,-5.935349282465));
#16022=VECTOR('',#18521,0.07744681596756);
#16023=CARTESIAN_POINT('',(-0.05888707206109,2.45,-6.110349282465));
#16024=CARTESIAN_POINT('',(-0.05888707206109,2.45,-5.935349282465));
#16025=VECTOR('',#18522,0.175);
#16026=CARTESIAN_POINT('',(-0.09463174865106,2.45,-6.110349282465));
#16027=CARTESIAN_POINT('',(-0.05888707206109,2.45,-6.110349282465));
#16028=VECTOR('',#18523,0.03574467658997);
#16029=CARTESIAN_POINT('',(-0.09463174865106,2.45,-5.900349282465));
#16030=CARTESIAN_POINT('',(-0.09463174865106,2.45,-6.110349282465));
#16031=VECTOR('',#18524,0.21);
#16032=CARTESIAN_POINT('',(0.1853682513489,2.45,-5.900349282465));
#16033=CARTESIAN_POINT('',(-0.09463174865106,2.45,-5.900349282465));
#16034=VECTOR('',#18525,0.28);
#16035=CARTESIAN_POINT('',(0.1853682513489,2.45,-5.900349282465));
#16036=VECTOR('',#18526,0.21);
#16037=CARTESIAN_POINT('',(0.1317512281193,2.45,-6.209516038142));
#16038=CARTESIAN_POINT('',(0.1138788898244,2.45,-6.197849282465));
#16039=CARTESIAN_POINT('',(0.1317512281193,2.45,-6.209516038142));
#16040=VECTOR('',#18527,0.02134323462224);
#16041=CARTESIAN_POINT('',(0.09004910543105,2.45,-6.192016038142));
#16042=CARTESIAN_POINT('',(0.1138788898244,2.45,-6.197849282465));
#16043=VECTOR('',#18528,0.02453335206555);
#16044=CARTESIAN_POINT('',(0.0006874056114826,2.45,-6.192016038142));
#16045=CARTESIAN_POINT('',(0.09004910543105,2.45,-6.192016038142));
#16046=VECTOR('',#18529,0.08936169981956);
#16047=CARTESIAN_POINT('',(-0.02314237878183,2.45,-6.197849282465));
#16048=CARTESIAN_POINT('',(0.0006874056114826,2.45,-6.192016038142));
#16049=VECTOR('',#18530,0.02453335206555);
#16050=CARTESIAN_POINT('',(-0.04101473376611,2.45,-6.209516038142));
#16051=CARTESIAN_POINT('',(-0.02314237878183,2.45,-6.197849282465));
#16052=VECTOR('',#18531,0.02134324859748);
#16053=CARTESIAN_POINT('',(-0.05292962596277,2.45,-6.227016038142));
#16054=CARTESIAN_POINT('',(-0.04101473376611,2.45,-6.209516038142));
#16055=VECTOR('',#18532,0.02117108065399);
#16056=CARTESIAN_POINT('',(-0.05888707206109,2.45,-6.250349282465));
#16057=CARTESIAN_POINT('',(-0.05292962596277,2.45,-6.227016038142));
#16058=VECTOR('',#18533,0.0240817660209);
#16059=CARTESIAN_POINT('',(-0.05888707206109,2.45,-6.302849282465));
#16060=CARTESIAN_POINT('',(-0.05888707206109,2.45,-6.250349282465));
#16061=VECTOR('',#18534,0.0525);
#16062=CARTESIAN_POINT('',(-0.05292962596277,2.45,-6.326182526789));
#16063=CARTESIAN_POINT('',(-0.05888707206109,2.45,-6.302849282465));
#16064=VECTOR('',#18535,0.0240817660209);
#16065=CARTESIAN_POINT('',(-0.04101473376611,2.45,-6.343682526789));
#16066=CARTESIAN_POINT('',(-0.05292962596277,2.45,-6.326182526789));
#16067=VECTOR('',#18536,0.02117108065399);
#16068=CARTESIAN_POINT('',(-0.02314237878183,2.45,-6.349516038142));
#16069=CARTESIAN_POINT('',(-0.04101473376611,2.45,-6.343682526789));
#16070=VECTOR('',#18537,0.01880029061968);
#16071=CARTESIAN_POINT('',(-0.02314237878183,2.45,-6.384516038142));
#16072=CARTESIAN_POINT('',(-0.02314237878183,2.45,-6.349516038142));
#16073=VECTOR('',#18538,0.035);
#16074=CARTESIAN_POINT('',(-0.05292962596277,2.45,-6.378682526789));
#16075=CARTESIAN_POINT('',(-0.02314237878183,2.45,-6.384516038142));
#16076=VECTOR('',#18539,0.03035308797007);
#16077=CARTESIAN_POINT('',(-0.07675941035608,2.45,-6.355349282465));
#16078=CARTESIAN_POINT('',(-0.05292962596277,2.45,-6.378682526789));
#16079=VECTOR('',#18540,0.03335114563104);
#16080=CARTESIAN_POINT('',(-0.08867430255273,2.45,-6.332016038142));
#16081=CARTESIAN_POINT('',(-0.07675941035608,2.45,-6.355349282465));
#16082=VECTOR('',#18541,0.0261993310359);
#16083=CARTESIAN_POINT('',(-0.09463174865106,2.45,-6.302849282465));
#16084=CARTESIAN_POINT('',(-0.08867430255273,2.45,-6.332016038142));
#16085=VECTOR('',#18542,0.02976895699708);
#16086=CARTESIAN_POINT('',(-0.09463174865106,2.45,-6.250349282465));
#16087=CARTESIAN_POINT('',(-0.09463174865106,2.45,-6.302849282465));
#16088=VECTOR('',#18543,0.0525);
#16089=CARTESIAN_POINT('',(-0.08867430255273,2.45,-6.221182526789));
#16090=CARTESIAN_POINT('',(-0.09463174865106,2.45,-6.250349282465));
#16091=VECTOR('',#18544,0.02976895699707);
#16092=CARTESIAN_POINT('',(-0.07675941035608,2.45,-6.197849282465));
#16093=CARTESIAN_POINT('',(-0.08867430255273,2.45,-6.221182526789));
#16094=VECTOR('',#18545,0.0261993310359);
#16095=CARTESIAN_POINT('',(-0.05292962596277,2.45,-6.174516038142));
#16096=CARTESIAN_POINT('',(-0.07675941035608,2.45,-6.197849282465));
#16097=VECTOR('',#18546,0.03335114563104);
#16098=CARTESIAN_POINT('',(-0.02909984156946,2.45,-6.162849282465));
#16099=CARTESIAN_POINT('',(-0.05292962596277,2.45,-6.174516038142));
#16100=VECTOR('',#18547,0.02653246713446);
#16101=CARTESIAN_POINT('',(0.0006874056114826,2.45,-6.157016038142));
#16102=CARTESIAN_POINT('',(-0.02909984156946,2.45,-6.162849282465));
#16103=VECTOR('',#18548,0.03035303665136);
#16104=CARTESIAN_POINT('',(0.09004910543105,2.45,-6.157016038142));
#16105=CARTESIAN_POINT('',(0.0006874056114826,2.45,-6.157016038142));
#16106=VECTOR('',#18549,0.08936169981956);
#16107=CARTESIAN_POINT('',(0.1198363359227,2.45,-6.162849282465));
#16108=CARTESIAN_POINT('',(0.09004910543105,2.45,-6.157016038142));
#16109=VECTOR('',#18550,0.03035302027315);
#16110=CARTESIAN_POINT('',(0.1436661244883,2.45,-6.174516038142));
#16111=CARTESIAN_POINT('',(0.1198363359227,2.45,-6.162849282465));
#16112=VECTOR('',#18551,0.02653247088178);
#16113=CARTESIAN_POINT('',(0.1674959109678,2.45,-6.197849282465));
#16114=CARTESIAN_POINT('',(0.1436661244883,2.45,-6.174516038142));
#16115=VECTOR('',#18552,0.03335114712162);
#16116=CARTESIAN_POINT('',(0.1794108047291,2.45,-6.221182526789));
#16117=CARTESIAN_POINT('',(0.1674959109678,2.45,-6.197849282465));
#16118=VECTOR('',#18553,0.02619933174746);
#16119=CARTESIAN_POINT('',(0.1853682513489,2.45,-6.250349282465));
#16120=CARTESIAN_POINT('',(0.1794108047291,2.45,-6.221182526789));
#16121=VECTOR('',#18554,0.02976895710145);
#16122=CARTESIAN_POINT('',(0.1853682513489,2.45,-6.302849282465));
#16123=CARTESIAN_POINT('',(0.1853682513489,2.45,-6.250349282465));
#16124=VECTOR('',#18555,0.0525);
#16125=CARTESIAN_POINT('',(0.1794108047291,2.45,-6.332016038142));
#16126=CARTESIAN_POINT('',(0.1853682513489,2.45,-6.302849282465));
#16127=VECTOR('',#18556,0.02976895710145);
#16128=CARTESIAN_POINT('',(0.1674959109678,2.45,-6.355349282465));
#16129=CARTESIAN_POINT('',(0.1794108047291,2.45,-6.332016038142));
#16130=VECTOR('',#18557,0.02619933174746);
#16131=CARTESIAN_POINT('',(0.1436661244883,2.45,-6.378682526789));
#16132=CARTESIAN_POINT('',(0.1674959109678,2.45,-6.355349282465));
#16133=VECTOR('',#18558,0.03335114712162);
#16134=CARTESIAN_POINT('',(0.1138788898244,2.45,-6.384516038142));
#16135=CARTESIAN_POINT('',(0.1436661244883,2.45,-6.378682526789));
#16136=VECTOR('',#18559,0.03035307568643);
#16137=CARTESIAN_POINT('',(0.1138788898244,2.45,-6.349516038142));
#16138=CARTESIAN_POINT('',(0.1138788898244,2.45,-6.384516038142));
#16139=VECTOR('',#18560,0.035);
#16140=CARTESIAN_POINT('',(0.1317512281193,2.45,-6.343682526789));
#16141=CARTESIAN_POINT('',(0.1138788898244,2.45,-6.349516038142));
#16142=VECTOR('',#18561,0.01880027475412);
#16143=CARTESIAN_POINT('',(0.1436661244883,2.45,-6.326182526789));
#16144=CARTESIAN_POINT('',(0.1317512281193,2.45,-6.343682526789));
#16145=VECTOR('',#18562,0.02117108300214);
#16146=CARTESIAN_POINT('',(0.1496235705866,2.45,-6.302849282465));
#16147=CARTESIAN_POINT('',(0.1436661244883,2.45,-6.326182526789));
#16148=VECTOR('',#18563,0.0240817660209);
#16149=CARTESIAN_POINT('',(0.1496235705866,2.45,-6.250349282465));
#16150=CARTESIAN_POINT('',(0.1496235705866,2.45,-6.302849282465));
#16151=VECTOR('',#18564,0.0525);
#16152=CARTESIAN_POINT('',(0.1436661244883,2.45,-6.227016038142));
#16153=CARTESIAN_POINT('',(0.1496235705866,2.45,-6.250349282465));
#16154=VECTOR('',#18565,0.0240817660209);
#16155=CARTESIAN_POINT('',(0.1436661244883,2.45,-6.227016038142));
#16156=VECTOR('',#18566,0.02117108300214);
#16157=CARTESIAN_POINT('',(-0.06484451815942,2.45,-6.559516038142));
#16158=CARTESIAN_POINT('',(-0.06484451815942,2.45,-6.652849282465));
#16159=CARTESIAN_POINT('',(-0.06484451815942,2.45,-6.559516038142));
#16160=VECTOR('',#18567,0.09333324432373);
#16161=CARTESIAN_POINT('',(-0.09463174865106,2.45,-6.652849282465));
#16162=CARTESIAN_POINT('',(-0.06484451815942,2.45,-6.652849282465));
#16163=VECTOR('',#18568,0.02978723049164);
#16164=CARTESIAN_POINT('',(-0.09463174865106,2.45,-6.431182526789));
#16165=CARTESIAN_POINT('',(-0.09463174865106,2.45,-6.652849282465));
#16166=VECTOR('',#18569,0.2216667556763);
#16167=CARTESIAN_POINT('',(-0.06484451815942,2.45,-6.431182526789));
#16168=CARTESIAN_POINT('',(-0.09463174865106,2.45,-6.431182526789));
#16169=VECTOR('',#18570,0.02978723049164);
#16170=CARTESIAN_POINT('',(-0.06484451815942,2.45,-6.524516038142));
#16171=CARTESIAN_POINT('',(-0.06484451815942,2.45,-6.431182526789));
#16172=VECTOR('',#18571,0.09333351135254);
#16173=CARTESIAN_POINT('',(0.1853682513489,2.45,-6.524516038142));
#16174=CARTESIAN_POINT('',(-0.06484451815942,2.45,-6.524516038142));
#16175=VECTOR('',#18572,0.2502127695084);
#16176=CARTESIAN_POINT('',(0.1853682513489,2.45,-6.559516038142));
#16177=CARTESIAN_POINT('',(0.1853682513489,2.45,-6.524516038142));
#16178=VECTOR('',#18573,0.035);
#16179=CARTESIAN_POINT('',(0.1853682513489,2.45,-6.559516038142));
#16180=VECTOR('',#18574,0.2502127695084);
#16181=CARTESIAN_POINT('',(0.1853682513489,2.45,-6.792849282465));
#16182=CARTESIAN_POINT('',(0.1853682513489,2.45,-6.839516038142));
#16183=CARTESIAN_POINT('',(0.1853682513489,2.45,-6.792849282465));
#16184=VECTOR('',#18575,0.04666675567627);
#16185=CARTESIAN_POINT('',(0.1794108047291,2.45,-6.868682526789));
#16186=CARTESIAN_POINT('',(0.1853682513489,2.45,-6.839516038142));
#16187=VECTOR('',#18576,0.02976869547446);
#16188=CARTESIAN_POINT('',(0.1674959109678,2.45,-6.892016038142));
#16189=CARTESIAN_POINT('',(0.1794108047291,2.45,-6.868682526789));
#16190=VECTOR('',#18577,0.02619956956482);
#16191=CARTESIAN_POINT('',(0.1436661244883,2.45,-6.915349282465));
#16192=CARTESIAN_POINT('',(0.1674959109678,2.45,-6.892016038142));
#16193=VECTOR('',#18578,0.03335114712162);
#16194=CARTESIAN_POINT('',(0.1198363359227,2.45,-6.927016038142));
#16195=CARTESIAN_POINT('',(0.1436661244883,2.45,-6.915349282465));
#16196=VECTOR('',#18579,0.02653247088178);
#16197=CARTESIAN_POINT('',(0.09004910543105,2.45,-6.932849282465));
#16198=CARTESIAN_POINT('',(0.1198363359227,2.45,-6.927016038142));
#16199=VECTOR('',#18580,0.03035302027315);
#16200=CARTESIAN_POINT('',(0.0006874056114826,2.45,-6.932849282465));
#16201=CARTESIAN_POINT('',(0.09004910543105,2.45,-6.932849282465));
#16202=VECTOR('',#18581,0.08936169981956);
#16203=CARTESIAN_POINT('',(-0.02909984156946,2.45,-6.927016038142));
#16204=CARTESIAN_POINT('',(0.0006874056114826,2.45,-6.932849282465));
#16205=VECTOR('',#18582,0.03035303665136);
#16206=CARTESIAN_POINT('',(-0.05292962596277,2.45,-6.915349282465));
#16207=CARTESIAN_POINT('',(-0.02909984156946,2.45,-6.927016038142));
#16208=VECTOR('',#18583,0.02653246713446);
#16209=CARTESIAN_POINT('',(-0.07675941035608,2.45,-6.892016038142));
#16210=CARTESIAN_POINT('',(-0.05292962596277,2.45,-6.915349282465));
#16211=VECTOR('',#18584,0.03335114563104);
#16212=CARTESIAN_POINT('',(-0.08867430255273,2.45,-6.868682526789));
#16213=CARTESIAN_POINT('',(-0.07675941035608,2.45,-6.892016038142));
#16214=VECTOR('',#18585,0.02619956885327);
#16215=CARTESIAN_POINT('',(-0.09463174865106,2.45,-6.839516038142));
#16216=CARTESIAN_POINT('',(-0.08867430255273,2.45,-6.868682526789));
#16217=VECTOR('',#18586,0.02976869537008);
#16218=CARTESIAN_POINT('',(-0.09463174865106,2.45,-6.792849282465));
#16219=CARTESIAN_POINT('',(-0.09463174865106,2.45,-6.839516038142));
#16220=VECTOR('',#18587,0.04666675567627);
#16221=CARTESIAN_POINT('',(-0.08867430255273,2.45,-6.763682526789));
#16222=CARTESIAN_POINT('',(-0.09463174865106,2.45,-6.792849282465));
#16223=VECTOR('',#18588,0.02976895699708);
#16224=CARTESIAN_POINT('',(-0.07675941035608,2.45,-6.740349282465));
#16225=CARTESIAN_POINT('',(-0.08867430255273,2.45,-6.763682526789));
#16226=VECTOR('',#18589,0.0261993310359);
#16227=CARTESIAN_POINT('',(-0.05292962596277,2.45,-6.717016038142));
#16228=CARTESIAN_POINT('',(-0.07675941035608,2.45,-6.740349282465));
#16229=VECTOR('',#18590,0.03335114563104);
#16230=CARTESIAN_POINT('',(-0.02909984156946,2.45,-6.705349282465));
#16231=CARTESIAN_POINT('',(-0.05292962596277,2.45,-6.717016038142));
#16232=VECTOR('',#18591,0.02653246713446);
#16233=CARTESIAN_POINT('',(0.0006874056114826,2.45,-6.699516038142));
#16234=CARTESIAN_POINT('',(-0.02909984156946,2.45,-6.705349282465));
#16235=VECTOR('',#18592,0.03035303665136);
#16236=CARTESIAN_POINT('',(0.09004910543105,2.45,-6.699516038142));
#16237=CARTESIAN_POINT('',(0.0006874056114826,2.45,-6.699516038142));
#16238=VECTOR('',#18593,0.08936169981956);
#16239=CARTESIAN_POINT('',(0.1198363359227,2.45,-6.705349282465));
#16240=CARTESIAN_POINT('',(0.09004910543105,2.45,-6.699516038142));
#16241=VECTOR('',#18594,0.03035302027315);
#16242=CARTESIAN_POINT('',(0.1436661244883,2.45,-6.717016038142));
#16243=CARTESIAN_POINT('',(0.1198363359227,2.45,-6.705349282465));
#16244=VECTOR('',#18595,0.02653247088178);
#16245=CARTESIAN_POINT('',(0.1674959109678,2.45,-6.740349282465));
#16246=CARTESIAN_POINT('',(0.1436661244883,2.45,-6.717016038142));
#16247=VECTOR('',#18596,0.03335114712162);
#16248=CARTESIAN_POINT('',(0.1794108047291,2.45,-6.763682526789));
#16249=CARTESIAN_POINT('',(0.1674959109678,2.45,-6.740349282465));
#16250=VECTOR('',#18597,0.02619933174746);
#16251=CARTESIAN_POINT('',(0.1794108047291,2.45,-6.763682526789));
#16252=VECTOR('',#18598,0.02976895710145);
#16253=CARTESIAN_POINT('',(0.0006874056114826,2.45,-6.734516038142));
#16254=CARTESIAN_POINT('',(-0.02314237878183,2.45,-6.740349282465));
#16255=CARTESIAN_POINT('',(0.0006874056114826,2.45,-6.734516038142));
#16256=VECTOR('',#18599,0.02453335206555);
#16257=CARTESIAN_POINT('',(-0.04101473376611,2.45,-6.752016038142));
#16258=CARTESIAN_POINT('',(-0.02314237878183,2.45,-6.740349282465));
#16259=VECTOR('',#18600,0.02134324859748);
#16260=CARTESIAN_POINT('',(-0.05292962596277,2.45,-6.769516038142));
#16261=CARTESIAN_POINT('',(-0.04101473376611,2.45,-6.752016038142));
#16262=VECTOR('',#18601,0.02117108065399);
#16263=CARTESIAN_POINT('',(-0.05888707206109,2.45,-6.792849282465));
#16264=CARTESIAN_POINT('',(-0.05292962596277,2.45,-6.769516038142));
#16265=VECTOR('',#18602,0.0240817660209);
#16266=CARTESIAN_POINT('',(-0.05888707206109,2.45,-6.839516038142));
#16267=CARTESIAN_POINT('',(-0.05888707206109,2.45,-6.792849282465));
#16268=VECTOR('',#18603,0.04666675567627);
#16269=CARTESIAN_POINT('',(-0.05292962596277,2.45,-6.862849282465));
#16270=CARTESIAN_POINT('',(-0.05888707206109,2.45,-6.839516038142));
#16271=VECTOR('',#18604,0.0240817660209);
#16272=CARTESIAN_POINT('',(-0.04101473376611,2.45,-6.880349282465));
#16273=CARTESIAN_POINT('',(-0.05292962596277,2.45,-6.862849282465));
#16274=VECTOR('',#18605,0.021171080654);
#16275=CARTESIAN_POINT('',(-0.02314237878183,2.45,-6.892016038142));
#16276=CARTESIAN_POINT('',(-0.04101473376611,2.45,-6.880349282465));
#16277=VECTOR('',#18606,0.02134324859748);
#16278=CARTESIAN_POINT('',(0.0006874056114826,2.45,-6.897849282465));
#16279=CARTESIAN_POINT('',(-0.02314237878183,2.45,-6.892016038142));
#16280=VECTOR('',#18607,0.02453335206555);
#16281=CARTESIAN_POINT('',(0.09004910543105,2.45,-6.897849282465));
#16282=CARTESIAN_POINT('',(0.0006874056114826,2.45,-6.897849282465));
#16283=VECTOR('',#18608,0.08936169981956);
#16284=CARTESIAN_POINT('',(0.1138788898244,2.45,-6.892016038142));
#16285=CARTESIAN_POINT('',(0.09004910543105,2.45,-6.897849282465));
#16286=VECTOR('',#18609,0.02453335206555);
#16287=CARTESIAN_POINT('',(0.1317512281193,2.45,-6.880349282465));
#16288=CARTESIAN_POINT('',(0.1138788898244,2.45,-6.892016038142));
#16289=VECTOR('',#18610,0.02134323462224);
#16290=CARTESIAN_POINT('',(0.1436661244883,2.45,-6.862849282465));
#16291=CARTESIAN_POINT('',(0.1317512281193,2.45,-6.880349282465));
#16292=VECTOR('',#18611,0.02117108300214);
#16293=CARTESIAN_POINT('',(0.1496235705866,2.45,-6.839516038142));
#16294=CARTESIAN_POINT('',(0.1436661244883,2.45,-6.862849282465));
#16295=VECTOR('',#18612,0.0240817660209);
#16296=CARTESIAN_POINT('',(0.1496235705866,2.45,-6.792849282465));
#16297=CARTESIAN_POINT('',(0.1496235705866,2.45,-6.839516038142));
#16298=VECTOR('',#18613,0.04666675567627);
#16299=CARTESIAN_POINT('',(0.1436661244883,2.45,-6.769516038142));
#16300=CARTESIAN_POINT('',(0.1496235705866,2.45,-6.792849282465));
#16301=VECTOR('',#18614,0.0240817660209);
#16302=CARTESIAN_POINT('',(0.1317512281193,2.45,-6.752016038142));
#16303=CARTESIAN_POINT('',(0.1436661244883,2.45,-6.769516038142));
#16304=VECTOR('',#18615,0.02117108300214);
#16305=CARTESIAN_POINT('',(0.1138788898244,2.45,-6.740349282465));
#16306=CARTESIAN_POINT('',(0.1317512281193,2.45,-6.752016038142));
#16307=VECTOR('',#18616,0.02134323462224);
#16308=CARTESIAN_POINT('',(0.09004910543105,2.45,-6.734516038142));
#16309=CARTESIAN_POINT('',(0.1138788898244,2.45,-6.740349282465));
#16310=VECTOR('',#18617,0.02453335206555);
#16311=CARTESIAN_POINT('',(0.09004910543105,2.45,-6.734516038142));
#16312=VECTOR('',#18618,0.08936169981956);
#16313=CARTESIAN_POINT('',(0.06026186659476,2.45,-7.113682526789));
#16314=CARTESIAN_POINT('',(0.1853682513489,2.45,-7.160349282465));
#16315=CARTESIAN_POINT('',(0.06026186659476,2.45,-7.113682526789));
#16316=VECTOR('',#18619,0.1335267523443);
#16317=CARTESIAN_POINT('',(0.1853682513489,2.45,-7.201182526789));
#16318=CARTESIAN_POINT('',(0.1853682513489,2.45,-7.160349282465));
#16319=VECTOR('',#18620,0.04083324432373);
#16320=CARTESIAN_POINT('',(0.0483469743981,2.45,-7.148682526789));
#16321=CARTESIAN_POINT('',(0.1853682513489,2.45,-7.201182526789));
#16322=VECTOR('',#18621,0.1467347277819);
#16323=CARTESIAN_POINT('',(0.03643208220145,2.45,-7.172016038142));
#16324=CARTESIAN_POINT('',(0.0483469743981,2.45,-7.148682526789));
#16325=VECTOR('',#18622,0.02619956885327);
#16326=CARTESIAN_POINT('',(0.01260229780814,2.45,-7.189516038142));
#16327=CARTESIAN_POINT('',(0.03643208220145,2.45,-7.172016038142));
#16328=VECTOR('',#18623,0.02956532807583);
#16329=CARTESIAN_POINT('',(-0.005270040486845,2.45,-7.195349282465));
#16330=CARTESIAN_POINT('',(0.01260229780814,2.45,-7.189516038142));
#16331=VECTOR('',#18624,0.01880019189984);
#16332=CARTESIAN_POINT('',(-0.02909984156946,2.45,-7.195349282465));
#16333=CARTESIAN_POINT('',(-0.005270040486845,2.45,-7.195349282465));
#16334=VECTOR('',#18625,0.02382980108261);
#16335=CARTESIAN_POINT('',(-0.04697217986444,2.45,-7.189516038142));
#16336=CARTESIAN_POINT('',(-0.02909984156946,2.45,-7.195349282465));
#16337=VECTOR('',#18626,0.01880019189984);
#16338=CARTESIAN_POINT('',(-0.07080196425775,2.45,-7.172016038142));
#16339=CARTESIAN_POINT('',(-0.04697217986444,2.45,-7.189516038142));
#16340=VECTOR('',#18627,0.02956532807583);
#16341=CARTESIAN_POINT('',(-0.08867430255273,2.45,-7.148682526789));
#16342=CARTESIAN_POINT('',(-0.07080196425775,2.45,-7.172016038142));
#16343=VECTOR('',#18628,0.02939172040166);
#16344=CARTESIAN_POINT('',(-0.09463174865106,2.45,-7.119516038142));
#16345=CARTESIAN_POINT('',(-0.08867430255273,2.45,-7.148682526789));
#16346=VECTOR('',#18629,0.02976869537009);
#16347=CARTESIAN_POINT('',(-0.09463174865106,2.45,-6.979516038142));
#16348=CARTESIAN_POINT('',(-0.09463174865106,2.45,-7.119516038142));
#16349=VECTOR('',#18630,0.14);
#16350=CARTESIAN_POINT('',(0.1853682513489,2.45,-6.979516038142));
#16351=CARTESIAN_POINT('',(-0.09463174865106,2.45,-6.979516038142));
#16352=VECTOR('',#18631,0.28);
#16353=CARTESIAN_POINT('',(0.1853682513489,2.45,-7.014516038142));
#16354=CARTESIAN_POINT('',(0.1853682513489,2.45,-6.979516038142));
#16355=VECTOR('',#18632,0.035);
#16356=CARTESIAN_POINT('',(0.06026186659476,2.45,-7.014516038142));
#16357=CARTESIAN_POINT('',(0.1853682513489,2.45,-7.014516038142));
#16358=VECTOR('',#18633,0.1251063847542);
#16359=CARTESIAN_POINT('',(0.06026186659476,2.45,-7.014516038142));
#16360=VECTOR('',#18634,0.09916648864746);
#16361=CARTESIAN_POINT('',(0.02451719000479,2.45,-7.014516038142));
#16362=CARTESIAN_POINT('',(-0.06484451815942,2.45,-7.014516038142));
#16363=CARTESIAN_POINT('',(0.02451719000479,2.45,-7.014516038142));
#16364=VECTOR('',#18635,0.08936170816422);
#16365=CARTESIAN_POINT('',(-0.06484451815942,2.45,-7.125349282465));
#16366=CARTESIAN_POINT('',(-0.06484451815942,2.45,-7.014516038142));
#16367=VECTOR('',#18636,0.1108332443237);
#16368=CARTESIAN_POINT('',(-0.05888707206109,2.45,-7.142849282465));
#16369=CARTESIAN_POINT('',(-0.06484451815942,2.45,-7.125349282465));
#16370=VECTOR('',#18637,0.01848624256074);
#16371=CARTESIAN_POINT('',(-0.04697217986444,2.45,-7.154516038142));
#16372=CARTESIAN_POINT('',(-0.05888707206109,2.45,-7.142849282465));
#16373=VECTOR('',#18638,0.0166756662256);
#16374=CARTESIAN_POINT('',(-0.02909984156946,2.45,-7.160349282465));
#16375=CARTESIAN_POINT('',(-0.04697217986444,2.45,-7.154516038142));
#16376=VECTOR('',#18639,0.01880019189984);
#16377=CARTESIAN_POINT('',(-0.01122748658517,2.45,-7.160349282465));
#16378=CARTESIAN_POINT('',(-0.02909984156946,2.45,-7.160349282465));
#16379=VECTOR('',#18640,0.01787235498428);
#16380=CARTESIAN_POINT('',(0.00664485170981,2.45,-7.154516038142));
#16381=CARTESIAN_POINT('',(-0.01122748658517,2.45,-7.160349282465));
#16382=VECTOR('',#18641,0.01880019189984);
#16383=CARTESIAN_POINT('',(0.01855974390647,2.45,-7.142849282465));
#16384=CARTESIAN_POINT('',(0.00664485170981,2.45,-7.154516038142));
#16385=VECTOR('',#18642,0.0166756662256);
#16386=CARTESIAN_POINT('',(0.02451719000479,2.45,-7.125349282465));
#16387=CARTESIAN_POINT('',(0.01855974390647,2.45,-7.142849282465));
#16388=VECTOR('',#18643,0.01848624256074);
#16389=CARTESIAN_POINT('',(0.02451719000479,2.45,-7.125349282465));
#16390=VECTOR('',#18644,0.1108332443237);
#16391=CARTESIAN_POINT('',(-0.3264216744522,2.5,-7.163923349859));
#16392=VECTOR('',#18645,0.05);
#16393=CARTESIAN_POINT('',(-0.3264216744522,2.5,-3.115358549859));
#16394=VECTOR('',#18646,0.05);
#16395=CARTESIAN_POINT('',(-0.3584895144522,2.5,-3.115358549859));
#16396=VECTOR('',#18647,0.05);
#16397=CARTESIAN_POINT('',(-0.3584895144522,2.5,-7.163923349859));
#16398=VECTOR('',#18648,0.05);
#16399=CARTESIAN_POINT('',(0.1198363359227,2.5,-3.228682610236));
#16400=VECTOR('',#18649,0.05);
#16401=CARTESIAN_POINT('',(0.1436661244883,2.5,-3.217015954695));
#16402=VECTOR('',#18650,0.05);
#16403=CARTESIAN_POINT('',(0.1674959109678,2.5,-3.193682610236));
#16404=VECTOR('',#18651,0.05);
#16405=CARTESIAN_POINT('',(0.1794108047291,2.5,-3.170349282465));
#16406=VECTOR('',#18652,0.05);
#16407=CARTESIAN_POINT('',(0.1853682513489,2.5,-3.14118261858));
#16408=VECTOR('',#18653,0.05);
#16409=CARTESIAN_POINT('',(0.1853682513489,2.5,-3.09451594635));
#16410=VECTOR('',#18654,0.05);
#16411=CARTESIAN_POINT('',(0.1794108047291,2.5,-3.065349282465));
#16412=VECTOR('',#18655,0.05);
#16413=CARTESIAN_POINT('',(0.1615384648695,2.5,-3.036182616494));
#16414=VECTOR('',#18656,0.05);
#16415=CARTESIAN_POINT('',(0.1317512281193,2.5,-3.018682615972));
#16416=VECTOR('',#18657,0.05);
#16417=CARTESIAN_POINT('',(0.107921443726,2.5,-3.012849282465));
#16418=VECTOR('',#18658,0.05);
#16419=CARTESIAN_POINT('',(0.107921443726,2.5,-3.047849282465));
#16420=VECTOR('',#18659,0.05);
#16421=CARTESIAN_POINT('',(0.125793782021,2.5,-3.053682614408));
#16422=VECTOR('',#18660,0.05);
#16423=CARTESIAN_POINT('',(0.1436661244883,2.5,-3.071182614408));
#16424=VECTOR('',#18661,0.05);
#16425=CARTESIAN_POINT('',(0.1496235705866,2.5,-3.09451594635));
#16426=VECTOR('',#18662,0.05);
#16427=CARTESIAN_POINT('',(0.1496235705866,2.5,-3.14118261858));
#16428=VECTOR('',#18663,0.05);
#16429=CARTESIAN_POINT('',(0.1436661244883,2.5,-3.164515954695));
#16430=VECTOR('',#18664,0.05);
#16431=CARTESIAN_POINT('',(0.1317512281193,2.5,-3.182015954695));
#16432=VECTOR('',#18665,0.05);
#16433=CARTESIAN_POINT('',(0.1138788898244,2.5,-3.193682610236));
#16434=VECTOR('',#18666,0.05);
#16435=CARTESIAN_POINT('',(0.09600655152937,2.5,-3.193682610236));
#16436=VECTOR('',#18667,0.05);
#16437=CARTESIAN_POINT('',(0.07813420488974,2.5,-3.182015954695));
#16438=VECTOR('',#18668,0.05);
#16439=CARTESIAN_POINT('',(0.06621931269309,2.5,-3.164515954695));
#16440=VECTOR('',#18669,0.05);
#16441=CARTESIAN_POINT('',(0.06026186659476,2.5,-3.14118261858));
#16442=VECTOR('',#18670,0.05);
#16443=CARTESIAN_POINT('',(0.06026186659476,2.5,-3.10618261858));
#16444=VECTOR('',#18671,0.05);
#16445=CARTESIAN_POINT('',(0.05430442049643,2.5,-3.082849282465));
#16446=VECTOR('',#18672,0.05);
#16447=CARTESIAN_POINT('',(0.04238952829978,2.5,-3.059515950523));
#16448=VECTOR('',#18673,0.05);
#16449=CARTESIAN_POINT('',(0.01855974390647,2.5,-3.036182616494));
#16450=VECTOR('',#18674,0.05);
#16451=CARTESIAN_POINT('',(-0.005270040486845,2.5,-3.030349282465));
#16452=VECTOR('',#18675,0.05);
#16453=CARTESIAN_POINT('',(-0.02909984156946,2.5,-3.030349282465));
#16454=VECTOR('',#18676,0.05);
#16455=CARTESIAN_POINT('',(-0.05292962596277,2.5,-3.036182616494));
#16456=VECTOR('',#18677,0.05);
#16457=CARTESIAN_POINT('',(-0.07675941035608,2.5,-3.059515950523));
#16458=VECTOR('',#18678,0.05);
#16459=CARTESIAN_POINT('',(-0.08867430255273,2.5,-3.082849282465));
#16460=VECTOR('',#18679,0.05);
#16461=CARTESIAN_POINT('',(-0.09463174865106,2.5,-3.10618261858));
#16462=VECTOR('',#18680,0.05);
#16463=CARTESIAN_POINT('',(-0.09463174865106,2.5,-3.135349282465));
#16464=VECTOR('',#18681,0.05);
#16465=CARTESIAN_POINT('',(-0.08867430255273,2.5,-3.164515954695));
#16466=VECTOR('',#18682,0.05);
#16467=CARTESIAN_POINT('',(-0.07080196425775,2.5,-3.187849282465));
#16468=VECTOR('',#18683,0.05);
#16469=CARTESIAN_POINT('',(-0.04697217986444,2.5,-3.205349282465));
#16470=VECTOR('',#18684,0.05);
#16471=CARTESIAN_POINT('',(-0.02909984156946,2.5,-3.211182610236));
#16472=VECTOR('',#18685,0.05);
#16473=CARTESIAN_POINT('',(-0.02909984156946,2.5,-3.176182610236));
#16474=VECTOR('',#18686,0.05);
#16475=CARTESIAN_POINT('',(-0.04101473376611,2.5,-3.170349282465));
#16476=VECTOR('',#18687,0.05);
#16477=CARTESIAN_POINT('',(-0.05292962596277,2.5,-3.158682610236));
#16478=VECTOR('',#18688,0.05);
#16479=CARTESIAN_POINT('',(-0.05888707206109,2.5,-3.14118261858));
#16480=VECTOR('',#18689,0.05);
#16481=CARTESIAN_POINT('',(-0.05888707206109,2.5,-3.10618261858));
#16482=VECTOR('',#18690,0.05);
#16483=CARTESIAN_POINT('',(-0.05292962596277,2.5,-3.08868261858));
#16484=VECTOR('',#18691,0.05);
#16485=CARTESIAN_POINT('',(-0.04101473376611,2.5,-3.071182614408));
#16486=VECTOR('',#18692,0.05);
#16487=CARTESIAN_POINT('',(-0.02314237878183,2.5,-3.065349282465));
#16488=VECTOR('',#18693,0.05);
#16489=CARTESIAN_POINT('',(-0.01122748658517,2.5,-3.065349282465));
#16490=VECTOR('',#18694,0.05);
#16491=CARTESIAN_POINT('',(0.00664485170981,2.5,-3.071182614408));
#16492=VECTOR('',#18695,0.05);
#16493=CARTESIAN_POINT('',(0.01855974390647,2.5,-3.08868261858));
#16494=VECTOR('',#18696,0.05);
#16495=CARTESIAN_POINT('',(0.02451719000479,2.5,-3.10618261858));
#16496=VECTOR('',#18697,0.05);
#16497=CARTESIAN_POINT('',(0.02451719000479,2.5,-3.14118261858));
#16498=VECTOR('',#18698,0.05);
#16499=CARTESIAN_POINT('',(0.03047463610312,2.5,-3.170349282465));
#16500=VECTOR('',#18699,0.05);
#16501=CARTESIAN_POINT('',(0.04238952829978,2.5,-3.193682610236));
#16502=VECTOR('',#18700,0.05);
#16503=CARTESIAN_POINT('',(0.06621931269309,2.5,-3.217015954695));
#16504=VECTOR('',#18701,0.05);
#16505=CARTESIAN_POINT('',(0.09004910543105,2.5,-3.228682610236));
#16506=VECTOR('',#18702,0.05);
#16507=CARTESIAN_POINT('',(0.1853682513489,2.5,-3.322015938006));
#16508=VECTOR('',#18703,0.05);
#16509=CARTESIAN_POINT('',(-0.09463174865106,2.5,-3.275349282465));
#16510=VECTOR('',#18704,0.05);
#16511=CARTESIAN_POINT('',(-0.09463174865106,2.5,-3.310349282465));
#16512=VECTOR('',#18705,0.05);
#16513=CARTESIAN_POINT('',(0.1198363359227,2.5,-3.345349282465));
#16514=VECTOR('',#18706,0.05);
#16515=CARTESIAN_POINT('',(-0.09463174865106,2.5,-3.392015938006));
#16516=VECTOR('',#18707,0.05);
#16517=CARTESIAN_POINT('',(-0.09463174865106,2.5,-3.438682626925));
#16518=VECTOR('',#18708,0.05);
#16519=CARTESIAN_POINT('',(0.1198363359227,2.5,-3.485349282465));
#16520=VECTOR('',#18709,0.05);
#16521=CARTESIAN_POINT('',(-0.09463174865106,2.5,-3.520349282465));
#16522=VECTOR('',#18710,0.05);
#16523=CARTESIAN_POINT('',(-0.09463174865106,2.5,-3.555349282465));
#16524=VECTOR('',#18711,0.05);
#16525=CARTESIAN_POINT('',(0.1853682513489,2.5,-3.508682626925));
#16526=VECTOR('',#18712,0.05);
#16527=CARTESIAN_POINT('',(0.1853682513489,2.5,-3.462015938006));
#16528=VECTOR('',#18713,0.05);
#16529=CARTESIAN_POINT('',(-0.04101473376611,2.5,-3.415349282465));
#16530=VECTOR('',#18714,0.05);
#16531=CARTESIAN_POINT('',(0.1853682513489,2.5,-3.368682626925));
#16532=VECTOR('',#18715,0.05);
#16533=CARTESIAN_POINT('',(-0.09463174865106,2.5,-3.637015971384));
#16534=VECTOR('',#18716,0.05);
#16535=CARTESIAN_POINT('',(0.1853682513489,2.5,-3.637015971384));
#16536=VECTOR('',#18717,0.05);
#16537=CARTESIAN_POINT('',(0.1853682513489,2.5,-3.602015971384));
#16538=VECTOR('',#18718,0.05);
#16539=CARTESIAN_POINT('',(-0.09463174865106,2.5,-3.602015971384));
#16540=VECTOR('',#18719,0.05);
#16541=CARTESIAN_POINT('',(0.1853682513489,2.5,-3.777015971384));
#16542=VECTOR('',#18720,0.05);
#16543=CARTESIAN_POINT('',(-0.06484451815942,2.5,-3.777015971384));
#16544=VECTOR('',#18721,0.05);
#16545=CARTESIAN_POINT('',(-0.06484451815942,2.5,-3.683682593546));
#16546=VECTOR('',#18722,0.05);
#16547=CARTESIAN_POINT('',(-0.09463174865106,2.5,-3.683682593546));
#16548=VECTOR('',#18723,0.05);
#16549=CARTESIAN_POINT('',(-0.09463174865106,2.5,-3.905349282465));
#16550=VECTOR('',#18724,0.05);
#16551=CARTESIAN_POINT('',(-0.06484451815942,2.5,-3.905349282465));
#16552=VECTOR('',#18725,0.05);
#16553=CARTESIAN_POINT('',(-0.06484451815942,2.5,-3.812015971384));
#16554=VECTOR('',#18726,0.05);
#16555=CARTESIAN_POINT('',(0.1853682513489,2.5,-3.812015971384));
#16556=VECTOR('',#18727,0.05);
#16557=CARTESIAN_POINT('',(0.09004910543105,2.5,-3.987015971384));
#16558=VECTOR('',#18728,0.05);
#16559=CARTESIAN_POINT('',(0.1138788898244,2.5,-3.992849282465));
#16560=VECTOR('',#18729,0.05);
#16561=CARTESIAN_POINT('',(0.1317512281193,2.5,-4.004515971384));
#16562=VECTOR('',#18730,0.05);
#16563=CARTESIAN_POINT('',(0.1436661244883,2.5,-4.022015971384));
#16564=VECTOR('',#18731,0.05);
#16565=CARTESIAN_POINT('',(0.1496235705866,2.5,-4.045349282465));
#16566=VECTOR('',#18732,0.05);
#16567=CARTESIAN_POINT('',(0.1496235705866,2.5,-4.097849282465));
#16568=VECTOR('',#18733,0.05);
#16569=CARTESIAN_POINT('',(0.1436661244883,2.5,-4.121182593546));
#16570=VECTOR('',#18734,0.05);
#16571=CARTESIAN_POINT('',(0.1317512281193,2.5,-4.138682660303));
#16572=VECTOR('',#18735,0.05);
#16573=CARTESIAN_POINT('',(0.1138788898244,2.5,-4.144515904627));
#16574=VECTOR('',#18736,0.05);
#16575=CARTESIAN_POINT('',(0.1138788898244,2.5,-4.179515904627));
#16576=VECTOR('',#18737,0.05);
#16577=CARTESIAN_POINT('',(0.1436661244883,2.5,-4.173682660303));
#16578=VECTOR('',#18738,0.05);
#16579=CARTESIAN_POINT('',(0.1674959109678,2.5,-4.150349282465));
#16580=VECTOR('',#18739,0.05);
#16581=CARTESIAN_POINT('',(0.1794108047291,2.5,-4.127015971384));
#16582=VECTOR('',#18740,0.05);
#16583=CARTESIAN_POINT('',(0.1853682513489,2.5,-4.097849282465));
#16584=VECTOR('',#18741,0.05);
#16585=CARTESIAN_POINT('',(0.1853682513489,2.5,-4.045349282465));
#16586=VECTOR('',#18742,0.05);
#16587=CARTESIAN_POINT('',(0.1794108047291,2.5,-4.016182593546));
#16588=VECTOR('',#18743,0.05);
#16589=CARTESIAN_POINT('',(0.1674959109678,2.5,-3.992849282465));
#16590=VECTOR('',#18744,0.05);
#16591=CARTESIAN_POINT('',(0.1436661244883,2.5,-3.969515971384));
#16592=VECTOR('',#18745,0.05);
#16593=CARTESIAN_POINT('',(0.1198363359227,2.5,-3.957849282465));
#16594=VECTOR('',#18746,0.05);
#16595=CARTESIAN_POINT('',(0.09004910543105,2.5,-3.952015971384));
#16596=VECTOR('',#18747,0.05);
#16597=CARTESIAN_POINT('',(0.0006874056114825,2.5,-3.952015971384));
#16598=VECTOR('',#18748,0.05);
#16599=CARTESIAN_POINT('',(-0.02909984156946,2.5,-3.957849282465));
#16600=VECTOR('',#18749,0.05);
#16601=CARTESIAN_POINT('',(-0.05292962596277,2.5,-3.969515971384));
#16602=VECTOR('',#18750,0.05);
#16603=CARTESIAN_POINT('',(-0.07675941035608,2.5,-3.992849282465));
#16604=VECTOR('',#18751,0.05);
#16605=CARTESIAN_POINT('',(-0.08867430255273,2.5,-4.016182593546));
#16606=VECTOR('',#18752,0.05);
#16607=CARTESIAN_POINT('',(-0.09463174865106,2.5,-4.045349282465));
#16608=VECTOR('',#18753,0.05);
#16609=CARTESIAN_POINT('',(-0.09463174865106,2.5,-4.097849282465));
#16610=VECTOR('',#18754,0.05);
#16611=CARTESIAN_POINT('',(-0.08867430255273,2.5,-4.127015971384));
#16612=VECTOR('',#18755,0.05);
#16613=CARTESIAN_POINT('',(-0.07675941035608,2.5,-4.150349282465));
#16614=VECTOR('',#18756,0.05);
#16615=CARTESIAN_POINT('',(-0.05292962596277,2.5,-4.173682660303));
#16616=VECTOR('',#18757,0.05);
#16617=CARTESIAN_POINT('',(-0.02314237878183,2.5,-4.179515904627));
#16618=VECTOR('',#18758,0.05);
#16619=CARTESIAN_POINT('',(-0.02314237878183,2.5,-4.144515904627));
#16620=VECTOR('',#18759,0.05);
#16621=CARTESIAN_POINT('',(-0.04101473376611,2.5,-4.138682660303));
#16622=VECTOR('',#18760,0.05);
#16623=CARTESIAN_POINT('',(-0.05292962596277,2.5,-4.121182593546));
#16624=VECTOR('',#18761,0.05);
#16625=CARTESIAN_POINT('',(-0.05888707206109,2.5,-4.097849282465));
#16626=VECTOR('',#18762,0.05);
#16627=CARTESIAN_POINT('',(-0.05888707206109,2.5,-4.045349282465));
#16628=VECTOR('',#18763,0.05);
#16629=CARTESIAN_POINT('',(-0.05292962596277,2.5,-4.022015971384));
#16630=VECTOR('',#18764,0.05);
#16631=CARTESIAN_POINT('',(-0.04101473376611,2.5,-4.004515971384));
#16632=VECTOR('',#18765,0.05);
#16633=CARTESIAN_POINT('',(-0.02314237878183,2.5,-3.992849282465));
#16634=VECTOR('',#18766,0.05);
#16635=CARTESIAN_POINT('',(0.0006874056114825,2.5,-3.987015971384));
#16636=VECTOR('',#18767,0.05);
#16637=CARTESIAN_POINT('',(0.05430442049643,2.5,-4.261182660303));
#16638=VECTOR('',#18768,0.05);
#16639=CARTESIAN_POINT('',(0.1853682513489,2.5,-4.261182660303));
#16640=VECTOR('',#18769,0.05);
#16641=CARTESIAN_POINT('',(0.1853682513489,2.5,-4.226182660303));
#16642=VECTOR('',#18770,0.05);
#16643=CARTESIAN_POINT('',(-0.09463174865106,2.5,-4.226182660303));
#16644=VECTOR('',#18771,0.05);
#16645=CARTESIAN_POINT('',(-0.09463174865106,2.5,-4.261182660303));
#16646=VECTOR('',#18772,0.05);
#16647=CARTESIAN_POINT('',(0.01855974390647,2.5,-4.261182660303));
#16648=VECTOR('',#18773,0.05);
#16649=CARTESIAN_POINT('',(0.01855974390647,2.5,-4.424515904627));
#16650=VECTOR('',#18774,0.05);
#16651=CARTESIAN_POINT('',(-0.09463174865106,2.5,-4.424515904627));
#16652=VECTOR('',#18775,0.05);
#16653=CARTESIAN_POINT('',(-0.09463174865106,2.5,-4.459515904627));
#16654=VECTOR('',#18776,0.05);
#16655=CARTESIAN_POINT('',(0.1853682513489,2.5,-4.459515904627));
#16656=VECTOR('',#18777,0.05);
#16657=CARTESIAN_POINT('',(0.1853682513489,2.5,-4.424515904627));
#16658=VECTOR('',#18778,0.05);
#16659=CARTESIAN_POINT('',(0.05430442049643,2.5,-4.424515904627));
#16660=VECTOR('',#18779,0.05);
#16661=CARTESIAN_POINT('',(0.1436661244883,2.5,-4.955349282465));
#16662=VECTOR('',#18780,0.05);
#16663=CARTESIAN_POINT('',(0.1317512281193,2.5,-4.972849282465));
#16664=VECTOR('',#18781,0.05);
#16665=CARTESIAN_POINT('',(0.1138788898244,2.5,-4.978682660303));
#16666=VECTOR('',#18782,0.05);
#16667=CARTESIAN_POINT('',(0.1138788898244,2.5,-5.013682660303));
#16668=VECTOR('',#18783,0.05);
#16669=CARTESIAN_POINT('',(0.1436661244883,2.5,-5.007849282465));
#16670=VECTOR('',#18784,0.05);
#16671=CARTESIAN_POINT('',(0.1674959109678,2.5,-4.984515904627));
#16672=VECTOR('',#18785,0.05);
#16673=CARTESIAN_POINT('',(0.1794108047291,2.5,-4.961182660303));
#16674=VECTOR('',#18786,0.05);
#16675=CARTESIAN_POINT('',(0.1853682513489,2.5,-4.932015904627));
#16676=VECTOR('',#18787,0.05);
#16677=CARTESIAN_POINT('',(0.1853682513489,2.5,-4.879515904627));
#16678=VECTOR('',#18788,0.05);
#16679=CARTESIAN_POINT('',(0.1794108047291,2.5,-4.850349282465));
#16680=VECTOR('',#18789,0.05);
#16681=CARTESIAN_POINT('',(0.1674959109678,2.5,-4.827015904627));
#16682=VECTOR('',#18790,0.05);
#16683=CARTESIAN_POINT('',(0.1436661244883,2.5,-4.803682660303));
#16684=VECTOR('',#18791,0.05);
#16685=CARTESIAN_POINT('',(0.1198363359227,2.5,-4.792015904627));
#16686=VECTOR('',#18792,0.05);
#16687=CARTESIAN_POINT('',(0.09004910543105,2.5,-4.786182660303));
#16688=VECTOR('',#18793,0.05);
#16689=CARTESIAN_POINT('',(0.0006874056114825,2.5,-4.786182660303));
#16690=VECTOR('',#18794,0.05);
#16691=CARTESIAN_POINT('',(-0.02909984156946,2.5,-4.792015904627));
#16692=VECTOR('',#18795,0.05);
#16693=CARTESIAN_POINT('',(-0.05292962596277,2.5,-4.803682660303));
#16694=VECTOR('',#18796,0.05);
#16695=CARTESIAN_POINT('',(-0.07675941035608,2.5,-4.827015904627));
#16696=VECTOR('',#18797,0.05);
#16697=CARTESIAN_POINT('',(-0.08867430255273,2.5,-4.850349282465));
#16698=VECTOR('',#18798,0.05);
#16699=CARTESIAN_POINT('',(-0.09463174865106,2.5,-4.879515904627));
#16700=VECTOR('',#18799,0.05);
#16701=CARTESIAN_POINT('',(-0.09463174865106,2.5,-4.932015904627));
#16702=VECTOR('',#18800,0.05);
#16703=CARTESIAN_POINT('',(-0.08867430255273,2.5,-4.961182660303));
#16704=VECTOR('',#18801,0.05);
#16705=CARTESIAN_POINT('',(-0.07675941035608,2.5,-4.984515904627));
#16706=VECTOR('',#18802,0.05);
#16707=CARTESIAN_POINT('',(-0.05292962596277,2.5,-5.007849282465));
#16708=VECTOR('',#18803,0.05);
#16709=CARTESIAN_POINT('',(-0.02314237878183,2.5,-5.013682660303));
#16710=VECTOR('',#18804,0.05);
#16711=CARTESIAN_POINT('',(-0.02314237878183,2.5,-4.978682660303));
#16712=VECTOR('',#18805,0.05);
#16713=CARTESIAN_POINT('',(-0.04101473376611,2.5,-4.972849282465));
#16714=VECTOR('',#18806,0.05);
#16715=CARTESIAN_POINT('',(-0.05292962596277,2.5,-4.955349282465));
#16716=VECTOR('',#18807,0.05);
#16717=CARTESIAN_POINT('',(-0.05888707206109,2.5,-4.932015904627));
#16718=VECTOR('',#18808,0.05);
#16719=CARTESIAN_POINT('',(-0.05888707206109,2.5,-4.879515904627));
#16720=VECTOR('',#18809,0.05);
#16721=CARTESIAN_POINT('',(-0.05292962596277,2.5,-4.856182660303));
#16722=VECTOR('',#18810,0.05);
#16723=CARTESIAN_POINT('',(-0.04101473376611,2.5,-4.838682660303));
#16724=VECTOR('',#18811,0.05);
#16725=CARTESIAN_POINT('',(-0.02314237878183,2.5,-4.827015904627));
#16726=VECTOR('',#18812,0.05);
#16727=CARTESIAN_POINT('',(0.0006874056114825,2.5,-4.821182660303));
#16728=VECTOR('',#18813,0.05);
#16729=CARTESIAN_POINT('',(0.09004910543105,2.5,-4.821182660303));
#16730=VECTOR('',#18814,0.05);
#16731=CARTESIAN_POINT('',(0.1138788898244,2.5,-4.827015904627));
#16732=VECTOR('',#18815,0.05);
#16733=CARTESIAN_POINT('',(0.1317512281193,2.5,-4.838682660303));
#16734=VECTOR('',#18816,0.05);
#16735=CARTESIAN_POINT('',(0.1436661244883,2.5,-4.856182660303));
#16736=VECTOR('',#18817,0.05);
#16737=CARTESIAN_POINT('',(0.1496235705866,2.5,-4.879515904627));
#16738=VECTOR('',#18818,0.05);
#16739=CARTESIAN_POINT('',(0.1496235705866,2.5,-4.932015904627));
#16740=VECTOR('',#18819,0.05);
#16741=CARTESIAN_POINT('',(0.0006874056114824,2.5,-5.095349282465));
#16742=VECTOR('',#18820,0.05);
#16743=CARTESIAN_POINT('',(0.09004910543105,2.5,-5.095349282465));
#16744=VECTOR('',#18821,0.05);
#16745=CARTESIAN_POINT('',(0.1138788898244,2.5,-5.101182660303));
#16746=VECTOR('',#18822,0.05);
#16747=CARTESIAN_POINT('',(0.1317512281193,2.5,-5.112849282465));
#16748=VECTOR('',#18823,0.05);
#16749=CARTESIAN_POINT('',(0.1436661244883,2.5,-5.130349282465));
#16750=VECTOR('',#18824,0.05);
#16751=CARTESIAN_POINT('',(0.1496235705866,2.5,-5.153682660303));
#16752=VECTOR('',#18825,0.05);
#16753=CARTESIAN_POINT('',(0.1496235705866,2.5,-5.200349282465));
#16754=VECTOR('',#18826,0.05);
#16755=CARTESIAN_POINT('',(0.1436661244883,2.5,-5.223682660303));
#16756=VECTOR('',#18827,0.05);
#16757=CARTESIAN_POINT('',(0.1317512281193,2.5,-5.241182660303));
#16758=VECTOR('',#18828,0.05);
#16759=CARTESIAN_POINT('',(0.1138788898244,2.5,-5.252849282465));
#16760=VECTOR('',#18829,0.05);
#16761=CARTESIAN_POINT('',(0.09004910543105,2.5,-5.258682526789));
#16762=VECTOR('',#18830,0.05);
#16763=CARTESIAN_POINT('',(0.0006874056114825,2.5,-5.258682526789));
#16764=VECTOR('',#18831,0.05);
#16765=CARTESIAN_POINT('',(-0.02314237878183,2.5,-5.252849282465));
#16766=VECTOR('',#18832,0.05);
#16767=CARTESIAN_POINT('',(-0.04101473376611,2.5,-5.241182660303));
#16768=VECTOR('',#18833,0.05);
#16769=CARTESIAN_POINT('',(-0.05292962596277,2.5,-5.223682660303));
#16770=VECTOR('',#18834,0.05);
#16771=CARTESIAN_POINT('',(-0.05888707206109,2.5,-5.200349282465));
#16772=VECTOR('',#18835,0.05);
#16773=CARTESIAN_POINT('',(-0.05888707206109,2.5,-5.153682660303));
#16774=VECTOR('',#18836,0.05);
#16775=CARTESIAN_POINT('',(-0.05292962596277,2.5,-5.130349282465));
#16776=VECTOR('',#18837,0.05);
#16777=CARTESIAN_POINT('',(-0.04101473376611,2.5,-5.112849282465));
#16778=VECTOR('',#18838,0.05);
#16779=CARTESIAN_POINT('',(-0.02314237878183,2.5,-5.101182660303));
#16780=VECTOR('',#18839,0.05);
#16781=CARTESIAN_POINT('',(0.1853682513489,2.5,-5.200349282465));
#16782=VECTOR('',#18840,0.05);
#16783=CARTESIAN_POINT('',(0.1853682513489,2.5,-5.153682660303));
#16784=VECTOR('',#18841,0.05);
#16785=CARTESIAN_POINT('',(0.1794108047291,2.5,-5.124515904627));
#16786=VECTOR('',#18842,0.05);
#16787=CARTESIAN_POINT('',(0.1674959109678,2.5,-5.101182660303));
#16788=VECTOR('',#18843,0.05);
#16789=CARTESIAN_POINT('',(0.1436661244883,2.5,-5.077849282465));
#16790=VECTOR('',#18844,0.05);
#16791=CARTESIAN_POINT('',(0.1198363359227,2.5,-5.066182660303));
#16792=VECTOR('',#18845,0.05);
#16793=CARTESIAN_POINT('',(0.09004910543105,2.5,-5.060349282465));
#16794=VECTOR('',#18846,0.05);
#16795=CARTESIAN_POINT('',(0.0006874056114825,2.5,-5.060349282465));
#16796=VECTOR('',#18847,0.05);
#16797=CARTESIAN_POINT('',(-0.02909984156946,2.5,-5.066182660303));
#16798=VECTOR('',#18848,0.05);
#16799=CARTESIAN_POINT('',(-0.05292962596277,2.5,-5.077849282465));
#16800=VECTOR('',#18849,0.05);
#16801=CARTESIAN_POINT('',(-0.07675941035608,2.5,-5.101182660303));
#16802=VECTOR('',#18850,0.05);
#16803=CARTESIAN_POINT('',(-0.08867430255273,2.5,-5.124515904627));
#16804=VECTOR('',#18851,0.05);
#16805=CARTESIAN_POINT('',(-0.09463174865106,2.5,-5.153682660303));
#16806=VECTOR('',#18852,0.05);
#16807=CARTESIAN_POINT('',(-0.09463174865106,2.5,-5.200349282465));
#16808=VECTOR('',#18853,0.05);
#16809=CARTESIAN_POINT('',(-0.08867430255273,2.5,-5.229515904627));
#16810=VECTOR('',#18854,0.05);
#16811=CARTESIAN_POINT('',(-0.07675941035608,2.5,-5.252849282465));
#16812=VECTOR('',#18855,0.05);
#16813=CARTESIAN_POINT('',(-0.05292962596277,2.5,-5.276182526789));
#16814=VECTOR('',#18856,0.05);
#16815=CARTESIAN_POINT('',(-0.02909984156946,2.5,-5.287849282465));
#16816=VECTOR('',#18857,0.05);
#16817=CARTESIAN_POINT('',(0.0006874056114825,2.5,-5.293682526789));
#16818=VECTOR('',#18858,0.05);
#16819=CARTESIAN_POINT('',(0.09004910543105,2.5,-5.293682526789));
#16820=VECTOR('',#18859,0.05);
#16821=CARTESIAN_POINT('',(0.1198363359227,2.5,-5.287849282465));
#16822=VECTOR('',#18860,0.05);
#16823=CARTESIAN_POINT('',(0.1436661244883,2.5,-5.276182526789));
#16824=VECTOR('',#18861,0.05);
#16825=CARTESIAN_POINT('',(0.1674959109678,2.5,-5.252849282465));
#16826=VECTOR('',#18862,0.05);
#16827=CARTESIAN_POINT('',(0.1794108047291,2.5,-5.229515904627));
#16828=VECTOR('',#18863,0.05);
#16829=CARTESIAN_POINT('',(-0.05888707206109,2.5,-5.375349282465));
#16830=VECTOR('',#18864,0.05);
#16831=CARTESIAN_POINT('',(0.1853682513489,2.5,-5.375349282465));
#16832=VECTOR('',#18865,0.05);
#16833=CARTESIAN_POINT('',(0.1853682513489,2.5,-5.340349282465));
#16834=VECTOR('',#18866,0.05);
#16835=CARTESIAN_POINT('',(-0.09463174865106,2.5,-5.340349282465));
#16836=VECTOR('',#18867,0.05);
#16837=CARTESIAN_POINT('',(-0.09463174865106,2.5,-5.392849282465));
#16838=VECTOR('',#18868,0.05);
#16839=CARTESIAN_POINT('',(0.1436661244883,2.5,-5.538682526789));
#16840=VECTOR('',#18869,0.05);
#16841=CARTESIAN_POINT('',(-0.09463174865106,2.5,-5.538682526789));
#16842=VECTOR('',#18870,0.05);
#16843=CARTESIAN_POINT('',(-0.09463174865106,2.5,-5.573682526789));
#16844=VECTOR('',#18871,0.05);
#16845=CARTESIAN_POINT('',(0.1853682513489,2.5,-5.573682526789));
#16846=VECTOR('',#18872,0.05);
#16847=CARTESIAN_POINT('',(0.1853682513489,2.5,-5.521182526789));
#16848=VECTOR('',#18873,0.05);
#16849=CARTESIAN_POINT('',(-0.05888707206109,2.5,-5.655349282465));
#16850=VECTOR('',#18874,0.05);
#16851=CARTESIAN_POINT('',(0.1853682513489,2.5,-5.655349282465));
#16852=VECTOR('',#18875,0.05);
#16853=CARTESIAN_POINT('',(0.1853682513489,2.5,-5.620349282465));
#16854=VECTOR('',#18876,0.05);
#16855=CARTESIAN_POINT('',(-0.09463174865106,2.5,-5.620349282465));
#16856=VECTOR('',#18877,0.05);
#16857=CARTESIAN_POINT('',(-0.09463174865106,2.5,-5.672849282465));
#16858=VECTOR('',#18878,0.05);
#16859=CARTESIAN_POINT('',(0.1436661244883,2.5,-5.818682526789));
#16860=VECTOR('',#18879,0.05);
#16861=CARTESIAN_POINT('',(-0.09463174865106,2.5,-5.818682526789));
#16862=VECTOR('',#18880,0.05);
#16863=CARTESIAN_POINT('',(-0.09463174865106,2.5,-5.853682526789));
#16864=VECTOR('',#18881,0.05);
#16865=CARTESIAN_POINT('',(0.1853682513489,2.5,-5.853682526789));
#16866=VECTOR('',#18882,0.05);
#16867=CARTESIAN_POINT('',(0.1853682513489,2.5,-5.801182526789));
#16868=VECTOR('',#18883,0.05);
#16869=CARTESIAN_POINT('',(0.1853682513489,2.5,-6.110349282465));
#16870=VECTOR('',#18884,0.05);
#16871=CARTESIAN_POINT('',(0.1853682513489,2.5,-5.900349282465));
#16872=VECTOR('',#18885,0.05);
#16873=CARTESIAN_POINT('',(-0.09463174865106,2.5,-5.900349282465));
#16874=VECTOR('',#18886,0.05);
#16875=CARTESIAN_POINT('',(-0.09463174865106,2.5,-6.110349282465));
#16876=VECTOR('',#18887,0.05);
#16877=CARTESIAN_POINT('',(-0.05888707206109,2.5,-6.110349282465));
#16878=VECTOR('',#18888,0.05);
#16879=CARTESIAN_POINT('',(-0.05888707206109,2.5,-5.935349282465));
#16880=VECTOR('',#18889,0.05);
#16881=CARTESIAN_POINT('',(0.01855974390647,2.5,-5.935349282465));
#16882=VECTOR('',#18890,0.05);
#16883=CARTESIAN_POINT('',(0.01855974390647,2.5,-6.087016038142));
#16884=VECTOR('',#18891,0.05);
#16885=CARTESIAN_POINT('',(0.05430442049643,2.5,-6.087016038142));
#16886=VECTOR('',#18892,0.05);
#16887=CARTESIAN_POINT('',(0.05430442049643,2.5,-5.935349282465));
#16888=VECTOR('',#18893,0.05);
#16889=CARTESIAN_POINT('',(0.1496235705866,2.5,-5.935349282465));
#16890=VECTOR('',#18894,0.05);
#16891=CARTESIAN_POINT('',(0.1496235705866,2.5,-6.110349282465));
#16892=VECTOR('',#18895,0.05);
#16893=CARTESIAN_POINT('',(0.1317512281193,2.5,-6.209516038142));
#16894=VECTOR('',#18896,0.05);
#16895=CARTESIAN_POINT('',(0.1436661244883,2.5,-6.227016038142));
#16896=VECTOR('',#18897,0.05);
#16897=CARTESIAN_POINT('',(0.1496235705866,2.5,-6.250349282465));
#16898=VECTOR('',#18898,0.05);
#16899=CARTESIAN_POINT('',(0.1496235705866,2.5,-6.302849282465));
#16900=VECTOR('',#18899,0.05);
#16901=CARTESIAN_POINT('',(0.1436661244883,2.5,-6.326182526789));
#16902=VECTOR('',#18900,0.05);
#16903=CARTESIAN_POINT('',(0.1317512281193,2.5,-6.343682526789));
#16904=VECTOR('',#18901,0.05);
#16905=CARTESIAN_POINT('',(0.1138788898244,2.5,-6.349516038142));
#16906=VECTOR('',#18902,0.05);
#16907=CARTESIAN_POINT('',(0.1138788898244,2.5,-6.384516038142));
#16908=VECTOR('',#18903,0.05);
#16909=CARTESIAN_POINT('',(0.1436661244883,2.5,-6.378682526789));
#16910=VECTOR('',#18904,0.05);
#16911=CARTESIAN_POINT('',(0.1674959109678,2.5,-6.355349282465));
#16912=VECTOR('',#18905,0.05);
#16913=CARTESIAN_POINT('',(0.1794108047291,2.5,-6.332016038142));
#16914=VECTOR('',#18906,0.05);
#16915=CARTESIAN_POINT('',(0.1853682513489,2.5,-6.302849282465));
#16916=VECTOR('',#18907,0.05);
#16917=CARTESIAN_POINT('',(0.1853682513489,2.5,-6.250349282465));
#16918=VECTOR('',#18908,0.05);
#16919=CARTESIAN_POINT('',(0.1794108047291,2.5,-6.221182526789));
#16920=VECTOR('',#18909,0.05);
#16921=CARTESIAN_POINT('',(0.1674959109678,2.5,-6.197849282465));
#16922=VECTOR('',#18910,0.05);
#16923=CARTESIAN_POINT('',(0.1436661244883,2.5,-6.174516038142));
#16924=VECTOR('',#18911,0.05);
#16925=CARTESIAN_POINT('',(0.1198363359227,2.5,-6.162849282465));
#16926=VECTOR('',#18912,0.05);
#16927=CARTESIAN_POINT('',(0.09004910543105,2.5,-6.157016038142));
#16928=VECTOR('',#18913,0.05);
#16929=CARTESIAN_POINT('',(0.0006874056114825,2.5,-6.157016038142));
#16930=VECTOR('',#18914,0.05);
#16931=CARTESIAN_POINT('',(-0.02909984156946,2.5,-6.162849282465));
#16932=VECTOR('',#18915,0.05);
#16933=CARTESIAN_POINT('',(-0.05292962596277,2.5,-6.174516038142));
#16934=VECTOR('',#18916,0.05);
#16935=CARTESIAN_POINT('',(-0.07675941035608,2.5,-6.197849282465));
#16936=VECTOR('',#18917,0.05);
#16937=CARTESIAN_POINT('',(-0.08867430255273,2.5,-6.221182526789));
#16938=VECTOR('',#18918,0.05);
#16939=CARTESIAN_POINT('',(-0.09463174865106,2.5,-6.250349282465));
#16940=VECTOR('',#18919,0.05);
#16941=CARTESIAN_POINT('',(-0.09463174865106,2.5,-6.302849282465));
#16942=VECTOR('',#18920,0.05);
#16943=CARTESIAN_POINT('',(-0.08867430255273,2.5,-6.332016038142));
#16944=VECTOR('',#18921,0.05);
#16945=CARTESIAN_POINT('',(-0.07675941035608,2.5,-6.355349282465));
#16946=VECTOR('',#18922,0.05);
#16947=CARTESIAN_POINT('',(-0.05292962596277,2.5,-6.378682526789));
#16948=VECTOR('',#18923,0.05);
#16949=CARTESIAN_POINT('',(-0.02314237878183,2.5,-6.384516038142));
#16950=VECTOR('',#18924,0.05);
#16951=CARTESIAN_POINT('',(-0.02314237878183,2.5,-6.349516038142));
#16952=VECTOR('',#18925,0.05);
#16953=CARTESIAN_POINT('',(-0.04101473376611,2.5,-6.343682526789));
#16954=VECTOR('',#18926,0.05);
#16955=CARTESIAN_POINT('',(-0.05292962596277,2.5,-6.326182526789));
#16956=VECTOR('',#18927,0.05);
#16957=CARTESIAN_POINT('',(-0.05888707206109,2.5,-6.302849282465));
#16958=VECTOR('',#18928,0.05);
#16959=CARTESIAN_POINT('',(-0.05888707206109,2.5,-6.250349282465));
#16960=VECTOR('',#18929,0.05);
#16961=CARTESIAN_POINT('',(-0.05292962596277,2.5,-6.227016038142));
#16962=VECTOR('',#18930,0.05);
#16963=CARTESIAN_POINT('',(-0.04101473376611,2.5,-6.209516038142));
#16964=VECTOR('',#18931,0.05);
#16965=CARTESIAN_POINT('',(-0.02314237878183,2.5,-6.197849282465));
#16966=VECTOR('',#18932,0.05);
#16967=CARTESIAN_POINT('',(0.0006874056114824,2.5,-6.192016038142));
#16968=VECTOR('',#18933,0.05);
#16969=CARTESIAN_POINT('',(0.09004910543105,2.5,-6.192016038142));
#16970=VECTOR('',#18934,0.05);
#16971=CARTESIAN_POINT('',(0.1138788898244,2.5,-6.197849282465));
#16972=VECTOR('',#18935,0.05);
#16973=CARTESIAN_POINT('',(-0.06484451815942,2.5,-6.559516038142));
#16974=VECTOR('',#18936,0.05);
#16975=CARTESIAN_POINT('',(0.1853682513489,2.5,-6.559516038142));
#16976=VECTOR('',#18937,0.05);
#16977=CARTESIAN_POINT('',(0.1853682513489,2.5,-6.524516038142));
#16978=VECTOR('',#18938,0.05);
#16979=CARTESIAN_POINT('',(-0.06484451815942,2.5,-6.524516038142));
#16980=VECTOR('',#18939,0.05);
#16981=CARTESIAN_POINT('',(-0.06484451815942,2.5,-6.431182526789));
#16982=VECTOR('',#18940,0.05);
#16983=CARTESIAN_POINT('',(-0.09463174865106,2.5,-6.431182526789));
#16984=VECTOR('',#18941,0.05);
#16985=CARTESIAN_POINT('',(-0.09463174865106,2.5,-6.652849282465));
#16986=VECTOR('',#18942,0.05);
#16987=CARTESIAN_POINT('',(-0.06484451815942,2.5,-6.652849282465));
#16988=VECTOR('',#18943,0.05);
#16989=CARTESIAN_POINT('',(0.0006874056114825,2.5,-6.734516038142));
#16990=VECTOR('',#18944,0.05);
#16991=CARTESIAN_POINT('',(0.09004910543105,2.5,-6.734516038142));
#16992=VECTOR('',#18945,0.05);
#16993=CARTESIAN_POINT('',(0.1138788898244,2.5,-6.740349282465));
#16994=VECTOR('',#18946,0.05);
#16995=CARTESIAN_POINT('',(0.1317512281193,2.5,-6.752016038142));
#16996=VECTOR('',#18947,0.05);
#16997=CARTESIAN_POINT('',(0.1436661244883,2.5,-6.769516038142));
#16998=VECTOR('',#18948,0.05);
#16999=CARTESIAN_POINT('',(0.1496235705866,2.5,-6.792849282465));
#17000=VECTOR('',#18949,0.05);
#17001=CARTESIAN_POINT('',(0.1496235705866,2.5,-6.839516038142));
#17002=VECTOR('',#18950,0.05);
#17003=CARTESIAN_POINT('',(0.1436661244883,2.5,-6.862849282465));
#17004=VECTOR('',#18951,0.05);
#17005=CARTESIAN_POINT('',(0.1317512281193,2.5,-6.880349282465));
#17006=VECTOR('',#18952,0.05);
#17007=CARTESIAN_POINT('',(0.1138788898244,2.5,-6.892016038142));
#17008=VECTOR('',#18953,0.05);
#17009=CARTESIAN_POINT('',(0.09004910543105,2.5,-6.897849282465));
#17010=VECTOR('',#18954,0.05);
#17011=CARTESIAN_POINT('',(0.0006874056114825,2.5,-6.897849282465));
#17012=VECTOR('',#18955,0.05);
#17013=CARTESIAN_POINT('',(-0.02314237878183,2.5,-6.892016038142));
#17014=VECTOR('',#18956,0.05);
#17015=CARTESIAN_POINT('',(-0.04101473376611,2.5,-6.880349282465));
#17016=VECTOR('',#18957,0.05);
#17017=CARTESIAN_POINT('',(-0.05292962596277,2.5,-6.862849282465));
#17018=VECTOR('',#18958,0.05);
#17019=CARTESIAN_POINT('',(-0.05888707206109,2.5,-6.839516038142));
#17020=VECTOR('',#18959,0.05);
#17021=CARTESIAN_POINT('',(-0.05888707206109,2.5,-6.792849282465));
#17022=VECTOR('',#18960,0.05);
#17023=CARTESIAN_POINT('',(-0.05292962596277,2.5,-6.769516038142));
#17024=VECTOR('',#18961,0.05);
#17025=CARTESIAN_POINT('',(-0.04101473376611,2.5,-6.752016038142));
#17026=VECTOR('',#18962,0.05);
#17027=CARTESIAN_POINT('',(-0.02314237878183,2.5,-6.740349282465));
#17028=VECTOR('',#18963,0.05);
#17029=CARTESIAN_POINT('',(0.1853682513489,2.5,-6.792849282465));
#17030=VECTOR('',#18964,0.05);
#17031=CARTESIAN_POINT('',(0.1794108047291,2.5,-6.763682526789));
#17032=VECTOR('',#18965,0.05);
#17033=CARTESIAN_POINT('',(0.1674959109678,2.5,-6.740349282465));
#17034=VECTOR('',#18966,0.05);
#17035=CARTESIAN_POINT('',(0.1436661244883,2.5,-6.717016038142));
#17036=VECTOR('',#18967,0.05);
#17037=CARTESIAN_POINT('',(0.1198363359227,2.5,-6.705349282465));
#17038=VECTOR('',#18968,0.05);
#17039=CARTESIAN_POINT('',(0.09004910543105,2.5,-6.699516038142));
#17040=VECTOR('',#18969,0.05);
#17041=CARTESIAN_POINT('',(0.0006874056114825,2.5,-6.699516038142));
#17042=VECTOR('',#18970,0.05);
#17043=CARTESIAN_POINT('',(-0.02909984156946,2.5,-6.705349282465));
#17044=VECTOR('',#18971,0.05);
#17045=CARTESIAN_POINT('',(-0.05292962596277,2.5,-6.717016038142));
#17046=VECTOR('',#18972,0.05);
#17047=CARTESIAN_POINT('',(-0.07675941035608,2.5,-6.740349282465));
#17048=VECTOR('',#18973,0.05);
#17049=CARTESIAN_POINT('',(-0.08867430255273,2.5,-6.763682526789));
#17050=VECTOR('',#18974,0.05);
#17051=CARTESIAN_POINT('',(-0.09463174865106,2.5,-6.792849282465));
#17052=VECTOR('',#18975,0.05);
#17053=CARTESIAN_POINT('',(-0.09463174865106,2.5,-6.839516038142));
#17054=VECTOR('',#18976,0.05);
#17055=CARTESIAN_POINT('',(-0.08867430255273,2.5,-6.868682526789));
#17056=VECTOR('',#18977,0.05);
#17057=CARTESIAN_POINT('',(-0.07675941035608,2.5,-6.892016038142));
#17058=VECTOR('',#18978,0.05);
#17059=CARTESIAN_POINT('',(-0.05292962596277,2.5,-6.915349282465));
#17060=VECTOR('',#18979,0.05);
#17061=CARTESIAN_POINT('',(-0.02909984156946,2.5,-6.927016038142));
#17062=VECTOR('',#18980,0.05);
#17063=CARTESIAN_POINT('',(0.0006874056114825,2.5,-6.932849282465));
#17064=VECTOR('',#18981,0.05);
#17065=CARTESIAN_POINT('',(0.09004910543105,2.5,-6.932849282465));
#17066=VECTOR('',#18982,0.05);
#17067=CARTESIAN_POINT('',(0.1198363359227,2.5,-6.927016038142));
#17068=VECTOR('',#18983,0.05);
#17069=CARTESIAN_POINT('',(0.1436661244883,2.5,-6.915349282465));
#17070=VECTOR('',#18984,0.05);
#17071=CARTESIAN_POINT('',(0.1674959109678,2.5,-6.892016038142));
#17072=VECTOR('',#18985,0.05);
#17073=CARTESIAN_POINT('',(0.1794108047291,2.5,-6.868682526789));
#17074=VECTOR('',#18986,0.05);
#17075=CARTESIAN_POINT('',(0.1853682513489,2.5,-6.839516038142));
#17076=VECTOR('',#18987,0.05);
#17077=CARTESIAN_POINT('',(0.06026186659476,2.5,-7.113682526789));
#17078=VECTOR('',#18988,0.05);
#17079=CARTESIAN_POINT('',(0.06026186659476,2.5,-7.014516038142));
#17080=VECTOR('',#18989,0.05);
#17081=CARTESIAN_POINT('',(0.1853682513489,2.5,-7.014516038142));
#17082=VECTOR('',#18990,0.05);
#17083=CARTESIAN_POINT('',(0.1853682513489,2.5,-6.979516038142));
#17084=VECTOR('',#18991,0.05);
#17085=CARTESIAN_POINT('',(-0.09463174865106,2.5,-6.979516038142));
#17086=VECTOR('',#18992,0.05);
#17087=CARTESIAN_POINT('',(-0.09463174865106,2.5,-7.119516038142));
#17088=VECTOR('',#18993,0.05);
#17089=CARTESIAN_POINT('',(-0.08867430255273,2.5,-7.148682526789));
#17090=VECTOR('',#18994,0.05);
#17091=CARTESIAN_POINT('',(-0.07080196425775,2.5,-7.172016038142));
#17092=VECTOR('',#18995,0.05);
#17093=CARTESIAN_POINT('',(-0.04697217986444,2.5,-7.189516038142));
#17094=VECTOR('',#18996,0.05);
#17095=CARTESIAN_POINT('',(-0.02909984156946,2.5,-7.195349282465));
#17096=VECTOR('',#18997,0.05);
#17097=CARTESIAN_POINT('',(-0.005270040486845,2.5,-7.195349282465));
#17098=VECTOR('',#18998,0.05);
#17099=CARTESIAN_POINT('',(0.01260229780814,2.5,-7.189516038142));
#17100=VECTOR('',#18999,0.05);
#17101=CARTESIAN_POINT('',(0.03643208220145,2.5,-7.172016038142));
#17102=VECTOR('',#19000,0.05);
#17103=CARTESIAN_POINT('',(0.0483469743981,2.5,-7.148682526789));
#17104=VECTOR('',#19001,0.05);
#17105=CARTESIAN_POINT('',(0.1853682513489,2.5,-7.201182526789));
#17106=VECTOR('',#19002,0.05);
#17107=CARTESIAN_POINT('',(0.1853682513489,2.5,-7.160349282465));
#17108=VECTOR('',#19003,0.05);
#17109=CARTESIAN_POINT('',(0.02451719000479,2.5,-7.014516038142));
#17110=VECTOR('',#19004,0.05);
#17111=CARTESIAN_POINT('',(0.02451719000479,2.5,-7.125349282465));
#17112=VECTOR('',#19005,0.05);
#17113=CARTESIAN_POINT('',(0.01855974390647,2.5,-7.142849282465));
#17114=VECTOR('',#19006,0.05);
#17115=CARTESIAN_POINT('',(0.00664485170981,2.5,-7.154516038142));
#17116=VECTOR('',#19007,0.05);
#17117=CARTESIAN_POINT('',(-0.01122748658517,2.5,-7.160349282465));
#17118=VECTOR('',#19008,0.05);
#17119=CARTESIAN_POINT('',(-0.02909984156946,2.5,-7.160349282465));
#17120=VECTOR('',#19009,0.05);
#17121=CARTESIAN_POINT('',(-0.04697217986444,2.5,-7.154516038142));
#17122=VECTOR('',#19010,0.05);
#17123=CARTESIAN_POINT('',(-0.05888707206109,2.5,-7.142849282465));
#17124=VECTOR('',#19011,0.05);
#17125=CARTESIAN_POINT('',(-0.06484451815942,2.5,-7.125349282465));
#17126=VECTOR('',#19012,0.05);
#17127=CARTESIAN_POINT('',(-0.06484451815942,2.5,-7.014516038142));
#17128=VECTOR('',#19013,0.05);
#17129=DIRECTION('',(-0.0,-1.0,-0.0));
#17130=CARTESIAN_POINT('',(-1.697321834452,2.5,-7.259175057851));
#17131=DIRECTION('',(0.0,1.0,0.0));
#17132=DIRECTION('',(0.190242980997096,0.0,-0.981737036166681));
#17133=DIRECTION('',(0.0,-1.0,0.0));
#17134=CARTESIAN_POINT('',(-1.697321834452,2.45,-7.259175057851));
#17135=DIRECTION('',(0.0,1.0,0.0));
#17136=DIRECTION('',(0.190242980997096,0.0,-0.981737036166681));
#17137=DIRECTION('',(0.0,1.0,-0.0));
#17138=CARTESIAN_POINT('',(-0.9597615144522,2.45,-6.944761093041));
#17139=DIRECTION('',(0.0,-1.0,0.0));
#17140=DIRECTION('',(-1.0,0.0,0.0));
#17141=DIRECTION('',(0.0,-1.0,0.0));
#17142=CARTESIAN_POINT('',(-0.9597615144522,2.5,-6.944761093041));
#17143=DIRECTION('',(0.0,1.0,0.0));
#17144=DIRECTION('',(0.190242980997193,0.0,-0.981737036166662));
#17145=DIRECTION('',(1.0,-0.0,0.0));
#17146=CARTESIAN_POINT('',(-3.4,-4.8,-2.1));
#17147=DIRECTION('',(1.0,0.0,-0.0));
#17148=DIRECTION('',(0.0,0.0,1.0));
#17149=DIRECTION('',(1.0,0.0,0.0));
#17150=CARTESIAN_POINT('',(-3.2,-4.8,-2.1));
#17151=DIRECTION('',(-1.0,0.0,0.0));
#17152=DIRECTION('',(0.0,0.0,-1.0));
#17153=DIRECTION('',(-8.65927457071807E-17,0.707106781186443,-0.707106781186652));
#17154=CARTESIAN_POINT('',(0.0,0.0,2.8));
#17155=DIRECTION('',(0.0,0.0,-1.0));
#17156=DIRECTION('',(1.0,0.0,0.0));
#17157=DIRECTION('',(-0.707106781186548,-1.18550183045308E-09,-0.707106781186548));
#17158=CARTESIAN_POINT('',(0.0,0.0,2.5));
#17159=DIRECTION('',(0.0,0.0,-1.0));
#17160=DIRECTION('',(1.0,0.0,0.0));
#17161=DIRECTION('',(-8.65927457071807E-17,0.707106781186443,0.707106781186652));
#17162=CARTESIAN_POINT('',(0.0,0.0,2.5));
#17163=DIRECTION('',(0.0,0.0,-1.0));
#17164=DIRECTION('',(-1.0,0.0,0.0));
#17165=CARTESIAN_POINT('',(0.0,0.0,2.8));
#17166=DIRECTION('',(0.0,0.0,-1.0));
#17167=DIRECTION('',(-1.0,0.0,0.0));
#17168=DIRECTION('',(1.0,-0.0,0.0));
#17169=CARTESIAN_POINT('',(2.2,-4.8,-5.1));
#17170=DIRECTION('',(1.0,0.0,-0.0));
#17171=DIRECTION('',(0.0,0.0,1.0));
#17172=DIRECTION('',(1.0,0.0,0.0));
#17173=CARTESIAN_POINT('',(2.4,-4.8,-5.1));
#17174=DIRECTION('',(-1.0,0.0,0.0));
#17175=DIRECTION('',(0.0,0.0,-1.0));
#17176=DIRECTION('',(1.0,-0.0,0.0));
#17177=CARTESIAN_POINT('',(2.2,-4.8,-2.1));
#17178=DIRECTION('',(1.0,0.0,-0.0));
#17179=DIRECTION('',(0.0,0.0,1.0));
#17180=DIRECTION('',(1.0,0.0,0.0));
#17181=CARTESIAN_POINT('',(2.4,-4.8,-2.1));
#17182=DIRECTION('',(-1.0,0.0,0.0));
#17183=DIRECTION('',(0.0,0.0,-1.0));
#17184=DIRECTION('',(-1.0,-0.0,0.0));
#17185=CARTESIAN_POINT('',(-2.2,-4.8,-10.7));
#17186=DIRECTION('',(-1.0,0.0,0.0));
#17187=DIRECTION('',(0.0,0.0,-1.0));
#17188=DIRECTION('',(-1.0,0.0,0.0));
#17189=CARTESIAN_POINT('',(-2.4,-4.8,-10.7));
#17190=DIRECTION('',(1.0,0.0,-0.0));
#17191=DIRECTION('',(0.0,0.0,1.0));
#17192=DIRECTION('',(1.0,-0.0,0.0));
#17193=CARTESIAN_POINT('',(2.0,-4.8,-9.1));
#17194=DIRECTION('',(1.0,0.0,-0.0));
#17195=DIRECTION('',(0.0,0.0,1.0));
#17196=DIRECTION('',(1.0,0.0,0.0));
#17197=CARTESIAN_POINT('',(2.2,-4.8,-9.1));
#17198=DIRECTION('',(-1.0,0.0,0.0));
#17199=DIRECTION('',(0.0,0.0,-1.0));
#17200=CARTESIAN_POINT('',(-0.0128786744859465,-3.0,-10.7995849186273));
#17201=DIRECTION('',(0.997924593136739,0.0,-0.0643933724297325));
#17202=DIRECTION('',(-0.0643933724297325,0.0,-0.997924593136739));
#17203=CARTESIAN_POINT('',(0.0,-3.2,-10.6));
#17204=DIRECTION('',(0.0,-1.0,0.0));
#17205=DIRECTION('',(0.0,0.0,1.0));
#17206=CARTESIAN_POINT('',(0.0,-3.0,-10.4));
#17207=DIRECTION('',(-1.0,0.0,0.0));
#17208=DIRECTION('',(0.0,-1.0,0.0));
#17209=CARTESIAN_POINT('',(0.0,-3.0,-10.6));
#17210=DIRECTION('',(0.0,-1.0,0.0));
#17211=DIRECTION('',(0.0,0.0,1.0));
#17212=CARTESIAN_POINT('',(0.0128786744859465,-3.0,-10.4004150813727));
#17213=DIRECTION('',(-0.997924593136739,-0.0,0.0643933724297325));
#17214=DIRECTION('',(0.0643933724297325,0.0,0.997924593136739));
#17215=CARTESIAN_POINT('',(0.0,-3.2,-10.6));
#17216=DIRECTION('',(0.0,-1.0,0.0));
#17217=DIRECTION('',(0.0,0.0,-1.0));
#17218=CARTESIAN_POINT('',(0.0,-3.0,-10.8));
#17219=DIRECTION('',(1.0,0.0,0.0));
#17220=DIRECTION('',(0.0,-1.0,0.0));
#17221=CARTESIAN_POINT('',(0.0,-3.0,-10.6));
#17222=DIRECTION('',(0.0,-1.0,0.0));
#17223=DIRECTION('',(0.0,0.0,-1.0));
#17224=CARTESIAN_POINT('',(2.59989163340298,-0.0237380403817783,2.6));
#17225=DIRECTION('',(0.0091300155314532,0.999958320539609,0.0));
#17226=DIRECTION('',(0.999958320539609,-0.00913001553145321,0.0));
#17227=CARTESIAN_POINT('',(0.0,0.0,2.8));
#17228=DIRECTION('',(0.0,0.0,1.0));
#17229=DIRECTION('',(-1.0,0.0,0.0));
#17230=CARTESIAN_POINT('',(-2.6,0.0,2.6));
#17231=DIRECTION('',(0.0,-1.0,0.0));
#17232=DIRECTION('',(0.0,0.0,1.0));
#17233=CARTESIAN_POINT('',(0.0,0.0,2.6));
#17234=DIRECTION('',(0.0,0.0,1.0));
#17235=DIRECTION('',(-1.0,0.0,0.0));
#17236=CARTESIAN_POINT('',(-2.59989163340298,0.0237380403817783,2.6));
#17237=DIRECTION('',(-0.0091300155314532,-0.999958320539609,0.0));
#17238=DIRECTION('',(-0.999958320539609,0.00913001553145321,0.0));
#17239=CARTESIAN_POINT('',(0.0,0.0,2.8));
#17240=DIRECTION('',(0.0,0.0,1.0));
#17241=DIRECTION('',(1.0,0.0,0.0));
#17242=CARTESIAN_POINT('',(2.6,0.0,2.6));
#17243=DIRECTION('',(0.0,1.0,0.0));
#17244=DIRECTION('',(0.0,0.0,1.0));
#17245=CARTESIAN_POINT('',(0.0,0.0,2.6));
#17246=DIRECTION('',(0.0,0.0,1.0));
#17247=DIRECTION('',(1.0,0.0,0.0));
#17248=CARTESIAN_POINT('',(0.0,0.0,0.0));
#17249=DIRECTION('',(0.0,0.0,1.0));
#17250=DIRECTION('',(0.450340007604224,-0.892857142857147,0.0));
#17251=DIRECTION('',(1.0,0.0,0.0));
#17252=DIRECTION('',(0.0,1.0,0.0));
#17253=DIRECTION('',(-1.0,0.0,0.0));
#17254=CARTESIAN_POINT('',(0.0,0.0,0.0));
#17255=DIRECTION('',(0.0,0.0,1.0));
#17256=DIRECTION('',(1.0,0.0,0.0));
#17257=DIRECTION('',(-1.0,0.0,0.0));
#17258=DIRECTION('',(0.0,-1.0,0.0));
#17259=DIRECTION('',(1.0,0.0,0.0));
#17260=CARTESIAN_POINT('',(0.0,0.0,0.0));
#17261=DIRECTION('',(0.0,0.0,1.0));
#17262=DIRECTION('',(-1.0,0.0,0.0));
#17263=CARTESIAN_POINT('',(0.0,0.0,0.0));
#17264=DIRECTION('',(0.0,0.0,1.0));
#17265=DIRECTION('',(-0.450340007604224,0.892857142857147,0.0));
#17266=DIRECTION('',(0.0,-4.894876456239E-13,1.0));
#17267=CARTESIAN_POINT('',(0.0,0.0,0.0));
#17268=DIRECTION('',(0.0,-0.0,1.0));
#17269=DIRECTION('',(0.450340007604224,0.892857142857147,0.0));
#17270=DIRECTION('',(0.0,4.895587577725E-13,1.0));
#17271=CARTESIAN_POINT('',(0.0,0.0,2.6));
#17272=DIRECTION('',(0.0,0.0,1.0));
#17273=DIRECTION('',(1.0,0.0,0.0));
#17274=CARTESIAN_POINT('',(0.0,0.0,2.8));
#17275=DIRECTION('',(0.0,0.0,1.0));
#17276=DIRECTION('',(1.0,0.0,0.0));
#17277=CARTESIAN_POINT('',(0.0,0.0,2.8));
#17278=DIRECTION('',(0.0,0.0,1.0));
#17279=DIRECTION('',(-1.0,0.0,0.0));
#17280=CARTESIAN_POINT('',(0.0,0.0,2.8));
#17281=DIRECTION('',(0.0,0.0,-1.0));
#17282=DIRECTION('',(-1.0,0.0,0.0));
#17283=CARTESIAN_POINT('',(0.0,0.0,2.8));
#17284=DIRECTION('',(0.0,0.0,-1.0));
#17285=DIRECTION('',(1.0,0.0,0.0));
#17286=CARTESIAN_POINT('',(0.0,0.0,2.6));
#17287=DIRECTION('',(0.0,0.0,1.0));
#17288=DIRECTION('',(-1.0,0.0,0.0));
#17289=CARTESIAN_POINT('',(0.0,0.0,0.0));
#17290=DIRECTION('',(0.0,0.0,1.0));
#17291=DIRECTION('',(-0.450340007604224,-0.892857142857147,0.0));
#17292=DIRECTION('',(1.0,0.0,0.0));
#17293=DIRECTION('',(1.0,0.0,0.0));
#17294=DIRECTION('',(1.0,0.0,0.0));
#17295=DIRECTION('',(0.0,0.0,-1.0));
#17296=DIRECTION('',(0.0,0.0,-1.0));
#17297=DIRECTION('',(-1.0,0.0,0.0));
#17298=DIRECTION('',(0.0,0.0,-1.0));
#17299=DIRECTION('',(1.0,0.0,0.0));
#17300=DIRECTION('',(0.0,0.0,1.0));
#17301=DIRECTION('',(0.0,0.0,1.0));
#17302=DIRECTION('',(1.0,0.0,0.0));
#17303=DIRECTION('',(0.0,0.0,1.0));
#17304=DIRECTION('',(-1.0,0.0,0.0));
#17305=DIRECTION('',(0.0,0.0,1.0));
#17306=DIRECTION('',(-1.0,0.0,0.0));
#17307=DIRECTION('',(0.0,0.0,1.0));
#17308=DIRECTION('',(1.0,0.0,0.0));
#17309=DIRECTION('',(0.0,0.0,1.0));
#17310=DIRECTION('',(1.0,0.0,0.0));
#17311=DIRECTION('',(0.0,0.0,1.0));
#17312=DIRECTION('',(1.0,0.0,0.0));
#17313=DIRECTION('',(0.0,0.0,1.0));
#17314=DIRECTION('',(-1.0,0.0,0.0));
#17315=DIRECTION('',(0.0,0.0,1.0));
#17316=DIRECTION('',(-1.0,0.0,0.0));
#17317=DIRECTION('',(0.0,0.0,1.0));
#17318=DIRECTION('',(1.0,0.0,0.0));
#17319=DIRECTION('',(0.0,0.0,1.0));
#17320=DIRECTION('',(1.0,0.0,0.0));
#17321=DIRECTION('',(0.0,0.0,1.0));
#17322=DIRECTION('',(-1.0,0.0,0.0));
#17323=DIRECTION('',(0.0,0.0,1.0));
#17324=DIRECTION('',(-1.0,0.0,0.0));
#17325=DIRECTION('',(-1.0,0.0,0.0));
#17326=DIRECTION('',(0.0,0.0,-1.0));
#17327=DIRECTION('',(-1.0,0.0,0.0));
#17328=DIRECTION('',(0.0,0.0,-1.0));
#17329=DIRECTION('',(1.0,0.0,0.0));
#17330=DIRECTION('',(0.0,0.0,-1.0));
#17331=DIRECTION('',(1.0,0.0,0.0));
#17332=DIRECTION('',(0.0,0.0,1.0));
#17333=DIRECTION('',(0.0,0.0,-1.0));
#17334=DIRECTION('',(0.981737036166681,0.0,0.190242980997096));
#17335=DIRECTION('',(0.0,0.0,1.0));
#17336=CARTESIAN_POINT('',(-1.384660394452,2.5,-6.994434465601));
#17337=DIRECTION('',(-0.0,1.0,0.0));
#17338=DIRECTION('',(1.0,0.0,0.0));
#17339=DIRECTION('',(0.981737036166681,0.0,0.190242980997096));
#17340=DIRECTION('',(0.0,0.0,-1.0));
#17341=DIRECTION('',(0.981737036166681,0.0,0.190242980997096));
#17342=DIRECTION('',(0.0,0.0,1.0));
#17343=CARTESIAN_POINT('',(-1.697321834452,2.5,-7.259175057851));
#17344=DIRECTION('',(0.0,1.0,0.0));
#17345=DIRECTION('',(0.190242980997096,0.0,-0.981737036166681));
#17346=DIRECTION('',(-0.981737036166681,0.0,-0.190242980997096));
#17347=DIRECTION('',(-0.628818880935099,0.0,-0.777551808550099));
#17348=DIRECTION('',(-0.794912211912811,0.0,0.606724464111908));
#17349=DIRECTION('',(-0.981737036166681,0.0,-0.190242980997096));
#17350=CARTESIAN_POINT('',(-0.4947778344522,2.5,-7.107804629859));
#17351=DIRECTION('',(-0.0,1.0,0.0));
#17352=DIRECTION('',(1.0,0.0,0.0));
#17353=DIRECTION('',(0.0,0.0,-1.0));
#17354=DIRECTION('',(0.896021955848581,0.0,-0.44400974610619));
#17355=DIRECTION('',(-0.647055961569442,0.0,-0.76244251101145));
#17356=DIRECTION('',(-0.981737036166681,0.0,-0.190242980997096));
#17357=DIRECTION('',(0.0,0.0,-1.0));
#17358=DIRECTION('',(0.981737036166681,0.0,0.190242980997096));
#17359=DIRECTION('',(0.0,0.0,-1.0));
#17360=DIRECTION('',(-0.773729652124307,0.0,-0.633515923575406));
#17361=DIRECTION('',(-0.829720136676299,0.0,0.558179625921499));
#17362=DIRECTION('',(0.0,0.0,-1.0));
#17363=DIRECTION('',(0.829720136676299,0.0,-0.558179625921499));
#17364=DIRECTION('',(-0.773729652124307,0.0,-0.633515923575406));
#17365=DIRECTION('',(0.0,0.0,-1.0));
#17366=DIRECTION('',(0.773729652124307,0.0,0.633515923575406));
#17367=DIRECTION('',(0.829720136676299,0.0,-0.558179625921499));
#17368=DIRECTION('',(0.0,0.0,1.0));
#17369=DIRECTION('',(-0.829720136676299,0.0,0.558179625921499));
#17370=DIRECTION('',(0.773729652124307,0.0,0.633515923575406));
#17371=DIRECTION('',(0.0,0.0,1.0));
#17372=DIRECTION('',(-0.981737036166681,0.0,-0.190242980997096));
#17373=DIRECTION('',(0.647055961569442,0.0,0.76244251101145));
#17374=DIRECTION('',(0.0,0.0,1.0));
#17375=DIRECTION('',(-0.647055961569442,0.0,-0.76244251101145));
#17376=DIRECTION('',(-0.896021955848581,0.0,0.444009746106191));
#17377=DIRECTION('',(0.0,0.0,1.0));
#17378=DIRECTION('',(0.981737036166681,0.0,0.190242980997096));
#17379=DIRECTION('',(0.0,0.0,1.0));
#17380=DIRECTION('',(-0.981737036166681,0.0,-0.190242980997096));
#17381=DIRECTION('',(0.0,0.0,1.0));
#17382=DIRECTION('',(0.981737036166681,0.0,0.190242980997096));
#17383=CARTESIAN_POINT('',(-0.9597615144522,2.5,-6.944761093041));
#17384=DIRECTION('',(0.0,1.0,0.0));
#17385=DIRECTION('',(0.190242980997193,0.0,-0.981737036166662));
#17386=DIRECTION('',(1.0,0.0,0.0));
#17387=DIRECTION('',(0.0,0.0,1.0));
#17388=DIRECTION('',(-1.0,0.0,0.0));
#17389=DIRECTION('',(0.0,0.0,-1.0));
#17390=DIRECTION('',(-0.714510248652605,0.0,-0.699624974232905));
#17391=DIRECTION('',(-0.454777246918104,0.0,-0.890605218761708));
#17392=DIRECTION('',(-0.200123390198805,0.0,-0.979770702100924));
#17393=DIRECTION('',(0.0,0.0,-1.0));
#17394=DIRECTION('',(0.200123390198805,0.0,-0.979770702100924));
#17395=DIRECTION('',(0.522476970901991,0.0,-0.852653396684186));
#17396=DIRECTION('',(0.862211160122089,0.0,-0.506549025624294));
#17397=DIRECTION('',(0.971321152228442,0.0,-0.23777135915331));
#17398=DIRECTION('',(0.0,0.0,1.0));
#17399=DIRECTION('',(-0.95064521393114,0.0,0.310279998114313));
#17400=DIRECTION('',(-0.714510466448005,0.0,0.699624751803604));
#17401=DIRECTION('',(-0.247383231423,0.0,0.9689177141588));
#17402=DIRECTION('',(0.0,0.0,1.0));
#17403=DIRECTION('',(0.247383189894599,0.0,0.968917724761795));
#17404=DIRECTION('',(0.562791065897568,0.0,0.826599187119053));
#17405=DIRECTION('',(0.837379359156276,0.0,0.546622181089484));
#17406=DIRECTION('',(1.0,0.0,0.0));
#17407=DIRECTION('',(0.837379475977903,0.0,-0.546622002128502));
#17408=DIRECTION('',(0.562790931241791,0.0,-0.826599278799587));
#17409=DIRECTION('',(0.247383189894599,0.0,-0.968917724761795));
#17410=DIRECTION('',(0.0,0.0,-1.0));
#17411=DIRECTION('',(0.247383189894599,0.0,-0.968917724761795));
#17412=DIRECTION('',(0.454777135048109,0.0,-0.890605275886817));
#17413=DIRECTION('',(0.714510374378912,0.0,-0.699624845831612));
#17414=DIRECTION('',(0.971321147318757,0.0,-0.237771379209889));
#17415=DIRECTION('',(1.0,0.0,0.0));
#17416=DIRECTION('',(0.971321147318757,0.0,0.237771379209889));
#17417=DIRECTION('',(0.714510374378912,0.0,0.699624845831612));
#17418=DIRECTION('',(0.454777135048109,0.0,0.890605275886817));
#17419=DIRECTION('',(0.247383189894599,0.0,0.968917724761795));
#17420=DIRECTION('',(0.0,0.0,1.0));
#17421=DIRECTION('',(-0.200123318418102,0.0,0.979770716762512));
#17422=DIRECTION('',(-0.608076923473817,0.0,0.793878111008622));
#17423=DIRECTION('',(-0.806004395831095,0.0,0.591909548749597));
#17424=DIRECTION('',(-0.950645279392878,0.0,0.310279797550593));
#17425=DIRECTION('',(0.0,0.0,-1.0));
#17426=DIRECTION('',(0.898138262779418,0.0,-0.439713157560209));
#17427=DIRECTION('',(0.714510218035213,0.0,-0.699625005501713));
#17428=DIRECTION('',(0.322263901085615,0.0,-0.946649870890543));
#17429=DIRECTION('',(0.0,0.0,-1.0));
#17430=DIRECTION('',(-0.322263763377203,0.0,-0.946649917770008));
#17431=DIRECTION('',(-0.5627908395612,0.0,-0.8265993412204));
#17432=DIRECTION('',(-0.950645299394952,0.0,-0.310279736267584));
#17433=DIRECTION('',(-1.0,0.0,0.0));
#17434=DIRECTION('',(-0.95064521393114,0.0,0.310279998114313));
#17435=DIRECTION('',(-0.5627908395612,0.0,0.8265993412204));
#17436=DIRECTION('',(-0.322263763377203,0.0,0.946649917770008));
#17437=DIRECTION('',(0.0,0.0,1.0));
#17438=DIRECTION('',(-0.200123373380702,0.0,0.979770705536111));
#17439=DIRECTION('',(-0.454777199549793,0.0,0.890605242949786));
#17440=DIRECTION('',(-0.714510218035262,0.0,0.699625005501663));
#17441=DIRECTION('',(-0.898138323588736,0.0,0.439713033353818));
#17442=DIRECTION('',(-1.0,0.0,0.0));
#17443=DIRECTION('',(-0.898138293184089,0.0,-0.439713095456994));
#17444=DIRECTION('',(0.0,0.0,1.0));
#17445=DIRECTION('',(-0.986944000110101,0.0,0.1610637781957));
#17446=DIRECTION('',(0.977135527997252,0.0,0.21261740268739));
#17447=DIRECTION('',(0.0,0.0,1.0));
#17448=DIRECTION('',(-0.977135527997273,0.0,0.212617402687294));
#17449=DIRECTION('',(0.986944000110101,0.0,0.1610637781957));
#17450=DIRECTION('',(0.0,0.0,1.0));
#17451=DIRECTION('',(-0.986393930188219,0.0,-0.164398949168903));
#17452=DIRECTION('',(0.0,0.0,-1.0));
#17453=DIRECTION('',(0.979407115993491,0.0,-0.201895272706698));
#17454=DIRECTION('',(-0.979407115993491,0.0,-0.201895272706698));
#17455=DIRECTION('',(0.0,0.0,-1.0));
#17456=DIRECTION('',(0.986393930188219,0.0,-0.164398949168903));
#17457=DIRECTION('',(0.0,0.0,-1.0));
#17458=DIRECTION('',(1.0,0.0,0.0));
#17459=DIRECTION('',(0.0,0.0,1.0));
#17460=DIRECTION('',(-1.0,0.0,0.0));
#17461=DIRECTION('',(0.0,0.0,-1.0));
#17462=DIRECTION('',(1.0,0.0,0.0));
#17463=DIRECTION('',(0.0,0.0,1.0));
#17464=DIRECTION('',(-1.0,0.0,0.0));
#17465=DIRECTION('',(0.0,0.0,-1.0));
#17466=DIRECTION('',(-1.0,0.0,0.0));
#17467=DIRECTION('',(0.0,0.0,-1.0));
#17468=DIRECTION('',(1.0,0.0,0.0));
#17469=DIRECTION('',(-0.837378643311972,0.0,0.546623277701382));
#17470=DIRECTION('',(-0.5627910658975,0.0,0.8265991871191));
#17471=DIRECTION('',(-0.247383439065306,0.0,0.968917661143723));
#17472=DIRECTION('',(0.0,0.0,1.0));
#17473=DIRECTION('',(0.247383439065306,0.0,0.968917661143723));
#17474=DIRECTION('',(0.562789599011623,0.0,0.826600185848235));
#17475=DIRECTION('',(0.950646588620167,0.0,0.310275786268989));
#17476=DIRECTION('',(0.0,0.0,1.0));
#17477=DIRECTION('',(-0.981359692632764,0.0,-0.192180003319093));
#17478=DIRECTION('',(-0.714509748353077,0.0,-0.699625485176478));
#17479=DIRECTION('',(-0.454777504924771,0.0,-0.890605087013543));
#17480=DIRECTION('',(-0.200123225310793,0.0,-0.979770735780165));
#17481=DIRECTION('',(0.0,0.0,-1.0));
#17482=DIRECTION('',(0.200123225310793,0.0,-0.979770735780165));
#17483=DIRECTION('',(0.454777504924691,0.0,-0.890605087013583));
#17484=DIRECTION('',(0.714510748952414,0.0,-0.699624463288314));
#17485=DIRECTION('',(0.898137796358425,0.0,-0.439714110249412));
#17486=DIRECTION('',(0.981359272759621,0.0,-0.192182147372504));
#17487=DIRECTION('',(1.0,0.0,0.0));
#17488=DIRECTION('',(0.981359293067362,0.0,0.192182043672992));
#17489=DIRECTION('',(0.898137765953625,0.0,0.439714172352712));
#17490=DIRECTION('',(0.714510718335093,0.0,0.699624494557094));
#17491=DIRECTION('',(0.454777457556387,0.0,0.890605111201675));
#17492=DIRECTION('',(0.200123208492805,0.0,0.979770739215326));
#17493=DIRECTION('',(0.0,0.0,1.0));
#17494=DIRECTION('',(-0.200123208492805,0.0,0.979770739215326));
#17495=DIRECTION('',(-0.454777457556387,0.0,0.890605111201675));
#17496=DIRECTION('',(-0.714509717735713,0.0,0.699625516445213));
#17497=DIRECTION('',(-0.981359707863228,0.0,0.192179925545306));
#17498=DIRECTION('',(0.0,0.0,-1.0));
#17499=DIRECTION('',(0.950646674081733,0.0,-0.310275524425211));
#17500=DIRECTION('',(0.562789464355823,0.0,-0.826600277528435));
#17501=DIRECTION('',(0.247383439065306,0.0,-0.968917661143723));
#17502=DIRECTION('',(0.0,0.0,-1.0));
#17503=DIRECTION('',(-0.247383439065306,0.0,-0.968917661143723));
#17504=DIRECTION('',(-0.562790931241676,0.0,-0.826599278799665));
#17505=DIRECTION('',(-0.837378876955866,0.0,-0.546622919779378));
#17506=DIRECTION('',(-0.971321363344407,0.0,-0.237770496720602));
#17507=DIRECTION('',(-1.0,0.0,0.0));
#17508=DIRECTION('',(-0.971321363344407,0.0,0.237770496720602));
#17509=DIRECTION('',(0.0,0.0,-1.0));
#17510=DIRECTION('',(1.0,0.0,0.0));
#17511=DIRECTION('',(0.0,0.0,1.0));
#17512=DIRECTION('',(-1.0,0.0,0.0));
#17513=DIRECTION('',(0.0,0.0,1.0));
#17514=DIRECTION('',(1.0,0.0,0.0));
#17515=DIRECTION('',(0.0,0.0,1.0));
#17516=DIRECTION('',(-1.0,0.0,0.0));
#17517=DIRECTION('',(0.0,0.0,-1.0));
#17518=DIRECTION('',(1.0,0.0,0.0));
#17519=DIRECTION('',(0.0,0.0,-1.0));
#17520=DIRECTION('',(-1.0,0.0,0.0));
#17521=DIRECTION('',(0.95064449385011,0.0,0.310282204311603));
#17522=DIRECTION('',(0.0,0.0,1.0));
#17523=DIRECTION('',(-0.981358863036124,0.0,-0.192184239573505));
#17524=DIRECTION('',(-0.714509748353077,0.0,-0.699625485176478));
#17525=DIRECTION('',(-0.454778536953813,0.0,-0.890604560018726));
#17526=DIRECTION('',(-0.200122785610791,0.0,-0.979770825591055));
#17527=DIRECTION('',(0.0,0.0,-1.0));
#17528=DIRECTION('',(0.200123665012696,0.0,-0.979770645968681));
#17529=DIRECTION('',(0.454776472899789,0.0,-0.890605614004778));
#17530=DIRECTION('',(0.714511749553074,0.0,-0.699623441395874));
#17531=DIRECTION('',(0.898136802705304,0.0,-0.439716139829202));
#17532=DIRECTION('',(0.981359687555919,0.0,-0.192180029243804));
#17533=DIRECTION('',(1.0,0.0,0.0));
#17534=DIRECTION('',(0.981359707863228,0.0,0.192179925545306));
#17535=DIRECTION('',(0.898136772300286,0.0,0.439716201932593));
#17536=DIRECTION('',(0.714511718935798,0.0,0.699623472664698));
#17537=DIRECTION('',(0.454776425531418,0.0,0.890605638192835));
#17538=DIRECTION('',(0.200123648194594,0.0,0.979770649403872));
#17539=DIRECTION('',(0.0,0.0,1.0));
#17540=DIRECTION('',(-0.200122768792802,0.0,0.979770829026208));
#17541=DIRECTION('',(-0.454778489585377,0.0,0.890604584206955));
#17542=DIRECTION('',(-0.714509717735713,0.0,0.699625516445213));
#17543=DIRECTION('',(-0.981358878267255,0.0,0.192184161798091));
#17544=DIRECTION('',(0.0,0.0,-1.0));
#17545=DIRECTION('',(0.950644579315079,0.0,-0.310281942463393));
#17546=DIRECTION('',(0.562790931241723,0.0,-0.826599278799634));
#17547=DIRECTION('',(0.247382774611195,0.0,-0.96891783079148));
#17548=DIRECTION('',(0.0,0.0,-1.0));
#17549=DIRECTION('',(-0.247384103522804,0.0,-0.968917491494616));
#17550=DIRECTION('',(-0.562790931241791,0.0,-0.826599278799587));
#17551=DIRECTION('',(-0.837377445268109,0.0,-0.546625112994506));
#17552=DIRECTION('',(-0.971321991778552,0.0,-0.237767929476088));
#17553=DIRECTION('',(-1.0,0.0,0.0));
#17554=DIRECTION('',(-0.971321991778552,0.0,0.237767929476088));
#17555=DIRECTION('',(-0.837377211622737,0.0,0.546625470916724));
#17556=DIRECTION('',(-0.562791065897568,0.0,0.826599187119053));
#17557=DIRECTION('',(-0.247384103522898,0.0,0.968917491494592));
#17558=DIRECTION('',(0.0,0.0,1.0));
#17559=DIRECTION('',(0.247382774611195,0.0,0.96891783079148));
#17560=DIRECTION('',(0.562791065897568,0.0,0.826599187119053));
#17561=DIRECTION('',(0.200122785610695,0.0,-0.979770825591075));
#17562=DIRECTION('',(0.454778536953813,0.0,-0.890604560018726));
#17563=DIRECTION('',(0.714509748353077,0.0,-0.699625485176478));
#17564=DIRECTION('',(0.898138790009161,0.0,-0.439712080662881));
#17565=DIRECTION('',(0.981358857959069,0.0,-0.192184265498694));
#17566=DIRECTION('',(1.0,0.0,0.0));
#17567=DIRECTION('',(0.981358878267255,0.0,0.192184161798091));
#17568=DIRECTION('',(0.89813875960462,0.0,0.43971214276601));
#17569=DIRECTION('',(0.714509717735713,0.0,0.699625516445213));
#17570=DIRECTION('',(0.454778489585377,0.0,0.890604584206955));
#17571=DIRECTION('',(0.200122768792802,0.0,0.979770829026208));
#17572=DIRECTION('',(0.0,0.0,1.0));
#17573=DIRECTION('',(-0.200123648194594,0.0,0.979770649403872));
#17574=DIRECTION('',(-0.454776425531418,0.0,0.890605638192835));
#17575=DIRECTION('',(-0.714511718935798,0.0,0.699623472664698));
#17576=DIRECTION('',(-0.898136772300246,0.0,0.439716201932674));
#17577=DIRECTION('',(-0.981359707863228,0.0,0.192179925545306));
#17578=DIRECTION('',(-1.0,0.0,0.0));
#17579=DIRECTION('',(-0.981359687555938,0.0,-0.192180029243707));
#17580=DIRECTION('',(-0.898136802705264,0.0,-0.439716139829283));
#17581=DIRECTION('',(-0.714511749553074,0.0,-0.699623441395874));
#17582=DIRECTION('',(-0.454776472899789,0.0,-0.890605614004778));
#17583=DIRECTION('',(-0.200123665012696,0.0,-0.979770645968681));
#17584=DIRECTION('',(0.0,0.0,-1.0));
#17585=DIRECTION('',(0.0,0.0,-1.0));
#17586=DIRECTION('',(1.0,0.0,0.0));
#17587=DIRECTION('',(0.0,0.0,1.0));
#17588=DIRECTION('',(-0.8529523651731,0.0,0.5219887572981));
#17589=DIRECTION('',(1.0,0.0,0.0));
#17590=DIRECTION('',(0.0,0.0,1.0));
#17591=DIRECTION('',(-1.0,0.0,0.0));
#17592=DIRECTION('',(0.0,0.0,-1.0));
#17593=DIRECTION('',(0.85860742297961,0.0,-0.512633683251806));
#17594=DIRECTION('',(-1.0,0.0,0.0));
#17595=DIRECTION('',(0.0,0.0,-1.0));
#17596=DIRECTION('',(1.0,0.0,0.0));
#17597=DIRECTION('',(0.0,0.0,1.0));
#17598=DIRECTION('',(-0.8529523651731,0.0,0.5219887572981));
#17599=DIRECTION('',(1.0,0.0,0.0));
#17600=DIRECTION('',(0.0,0.0,1.0));
#17601=DIRECTION('',(-1.0,0.0,0.0));
#17602=DIRECTION('',(0.0,0.0,-1.0));
#17603=DIRECTION('',(0.85860742297961,0.0,-0.512633683251806));
#17604=DIRECTION('',(-1.0,0.0,0.0));
#17605=DIRECTION('',(1.0,0.0,0.0));
#17606=DIRECTION('',(0.0,0.0,1.0));
#17607=DIRECTION('',(-1.0,0.0,0.0));
#17608=DIRECTION('',(0.0,0.0,-1.0));
#17609=DIRECTION('',(-1.0,0.0,0.0));
#17610=DIRECTION('',(0.0,0.0,1.0));
#17611=DIRECTION('',(-1.0,0.0,0.0));
#17612=DIRECTION('',(0.0,0.0,-1.0));
#17613=DIRECTION('',(-1.0,0.0,0.0));
#17614=DIRECTION('',(0.0,0.0,1.0));
#17615=DIRECTION('',(-1.0,0.0,0.0));
#17616=DIRECTION('',(0.0,0.0,-1.0));
#17617=DIRECTION('',(-0.247384103522898,0.0,0.968917491494592));
#17618=DIRECTION('',(0.0,0.0,1.0));
#17619=DIRECTION('',(0.247384103522898,0.0,0.968917491494592));
#17620=DIRECTION('',(0.5627910658975,0.0,0.8265991871191));
#17621=DIRECTION('',(0.950642399045987,0.0,0.310288622311696));
#17622=DIRECTION('',(0.0,0.0,1.0));
#17623=DIRECTION('',(-0.981358033422594,0.0,-0.192188475817199));
#17624=DIRECTION('',(-0.714511749553074,0.0,-0.699623441395874));
#17625=DIRECTION('',(-0.454778536953813,0.0,-0.890604560018726));
#17626=DIRECTION('',(-0.200122785610695,0.0,-0.979770825591075));
#17627=DIRECTION('',(0.0,0.0,-1.0));
#17628=DIRECTION('',(0.200122785610791,0.0,-0.979770825591055));
#17629=DIRECTION('',(0.454778536953813,0.0,-0.890604560018726));
#17630=DIRECTION('',(0.714511749553074,0.0,-0.699623441395874));
#17631=DIRECTION('',(0.898136802705304,0.0,-0.439716139829202));
#17632=DIRECTION('',(0.981359687555919,0.0,-0.192180029243804));
#17633=DIRECTION('',(1.0,0.0,0.0));
#17634=DIRECTION('',(0.981359707863228,0.0,0.192179925545306));
#17635=DIRECTION('',(0.898136772300286,0.0,0.439716201932593));
#17636=DIRECTION('',(0.714511718935798,0.0,0.699623472664698));
#17637=DIRECTION('',(0.454778489585377,0.0,0.890604584206955));
#17638=DIRECTION('',(0.200122768792802,0.0,0.979770829026208));
#17639=DIRECTION('',(0.0,0.0,1.0));
#17640=DIRECTION('',(-0.200122768792802,0.0,0.979770829026208));
#17641=DIRECTION('',(-0.454778489585418,0.0,0.890604584206934));
#17642=DIRECTION('',(-0.714511718935798,0.0,0.699623472664698));
#17643=DIRECTION('',(-0.981358048654404,0.0,0.192188398040101));
#17644=DIRECTION('',(0.0,0.0,-1.0));
#17645=DIRECTION('',(0.95064248451428,0.0,-0.310288360459294));
#17646=DIRECTION('',(0.562790931241723,0.0,-0.826599278799634));
#17647=DIRECTION('',(0.247384103522898,0.0,-0.968917491494592));
#17648=DIRECTION('',(0.0,0.0,-1.0));
#17649=DIRECTION('',(-0.247384103522898,0.0,-0.968917491494592));
#17650=DIRECTION('',(-0.562790931241723,0.0,-0.826599278799634));
#17651=DIRECTION('',(-0.837377445268109,0.0,-0.546625112994506));
#17652=DIRECTION('',(-0.971321991778575,0.0,-0.237767929475994));
#17653=DIRECTION('',(-1.0,0.0,0.0));
#17654=DIRECTION('',(-0.971321991778575,0.0,0.237767929475994));
#17655=DIRECTION('',(-0.837377211622767,0.0,0.546625470916678));
#17656=DIRECTION('',(-0.562791065897568,0.0,0.826599187119053));
#17657=DIRECTION('',(0.0,0.0,-1.0));
#17658=DIRECTION('',(1.0,0.0,0.0));
#17659=DIRECTION('',(0.0,0.0,-1.0));
#17660=DIRECTION('',(1.0,0.0,0.0));
#17661=DIRECTION('',(0.0,0.0,1.0));
#17662=DIRECTION('',(-1.0,0.0,0.0));
#17663=DIRECTION('',(0.0,0.0,-1.0));
#17664=DIRECTION('',(-1.0,0.0,0.0));
#17665=DIRECTION('',(0.454778536953813,0.0,-0.890604560018726));
#17666=DIRECTION('',(0.714511749553074,0.0,-0.699623441395874));
#17667=DIRECTION('',(0.898136802705264,0.0,-0.439716139829283));
#17668=DIRECTION('',(0.981359687555938,0.0,-0.192180029243707));
#17669=DIRECTION('',(1.0,0.0,0.0));
#17670=DIRECTION('',(0.981359707863247,0.0,0.192179925545209));
#17671=DIRECTION('',(0.898136772300246,0.0,0.439716201932674));
#17672=DIRECTION('',(0.714511718935798,0.0,0.699623472664698));
#17673=DIRECTION('',(0.454778489585377,0.0,0.890604584206955));
#17674=DIRECTION('',(0.200122768792802,0.0,0.979770829026208));
#17675=DIRECTION('',(0.0,0.0,1.0));
#17676=DIRECTION('',(-0.200124527604108,0.0,0.979770469779138));
#17677=DIRECTION('',(-0.454774361493696,0.0,0.890606692164392));
#17678=DIRECTION('',(-0.714511718935798,0.0,0.699623472664698));
#17679=DIRECTION('',(-0.898136772300227,0.0,0.439716201932713));
#17680=DIRECTION('',(-0.981359707863228,0.0,0.192179925545306));
#17681=DIRECTION('',(-1.0,0.0,0.0));
#17682=DIRECTION('',(-0.981359687555919,0.0,-0.192180029243804));
#17683=DIRECTION('',(-0.898136802705264,0.0,-0.439716139829283));
#17684=DIRECTION('',(-0.714511749553074,0.0,-0.699623441395874));
#17685=DIRECTION('',(-0.454774408862003,0.0,-0.890606667976507));
#17686=DIRECTION('',(-0.200124544422206,0.0,-0.979770466343931));
#17687=DIRECTION('',(0.0,0.0,-1.0));
#17688=DIRECTION('',(0.200122785610695,0.0,-0.979770825591075));
#17689=DIRECTION('',(-1.0,0.0,0.0));
#17690=DIRECTION('',(0.0,0.0,-1.0));
#17691=DIRECTION('',(1.0,0.0,0.0));
#17692=DIRECTION('',(0.0,0.0,1.0));
#17693=DIRECTION('',(-0.200124527604108,0.0,0.979770469779138));
#17694=DIRECTION('',(-0.608073908255232,0.0,0.793880420528941));
#17695=DIRECTION('',(-0.806004395831095,0.0,0.591909548749597));
#17696=DIRECTION('',(-0.950646588620128,0.0,0.310275786269109));
#17697=DIRECTION('',(-1.0,0.0,0.0));
#17698=DIRECTION('',(-0.950646588620128,0.0,-0.310275786269109));
#17699=DIRECTION('',(-0.806004395831095,0.0,-0.591909548749597));
#17700=DIRECTION('',(-0.454774361493775,0.0,-0.890606692164352));
#17701=DIRECTION('',(-0.933802645236583,0.0,0.357788512600894));
#17702=DIRECTION('',(0.0,0.0,-1.0));
#17703=DIRECTION('',(0.936938722448802,0.0,-0.349493677161701));
#17704=DIRECTION('',(0.0,0.0,-1.0));
#17705=DIRECTION('',(-0.971320734904224,0.0,0.237773063960406));
#17706=DIRECTION('',(-0.837380075000366,0.0,0.546621084474778));
#17707=DIRECTION('',(-0.562791065897568,0.0,0.826599187119053));
#17708=DIRECTION('',(-0.247382774611195,0.0,0.96891783079148));
#17709=DIRECTION('',(0.0,0.0,1.0));
#17710=DIRECTION('',(0.247382774611195,0.0,0.96891783079148));
#17711=DIRECTION('',(0.562791065897568,0.0,0.826599187119053));
#17712=DIRECTION('',(0.837380075000366,0.0,0.546621084474778));
#17713=DIRECTION('',(0.971321991778575,0.0,0.237767929475994));
#17714=DIRECTION('',(1.0,0.0,0.0));
#17715=DIRECTION('',(0.971321991778575,0.0,-0.237767929475994));
#17716=DIRECTION('',(0.837380308642783,0.0,-0.546620726552989));
#17717=DIRECTION('',(0.562790931241723,0.0,-0.826599278799634));
#17718=DIRECTION('',(0.247382774611195,0.0,-0.96891783079148));
#17719=DIRECTION('',(0.0,0.0,-1.0));
#17720=DIRECTION('',(-0.247382774611195,0.0,-0.96891783079148));
#17721=DIRECTION('',(-0.562790931241723,0.0,-0.826599278799634));
#17722=DIRECTION('',(-0.837380308642783,0.0,-0.546620726552989));
#17723=DIRECTION('',(-0.971320734904224,0.0,-0.237773063960406));
#17724=DIRECTION('',(-1.0,0.0,0.0));
#17725=DIRECTION('',(-0.971321991778575,0.0,0.237767929475994));
#17726=DIRECTION('',(-0.837377211622737,0.0,0.546625470916724));
#17727=DIRECTION('',(-0.562791065897615,0.0,0.826599187119021));
#17728=DIRECTION('',(-0.247384103522804,0.0,0.968917491494616));
#17729=DIRECTION('',(0.0,0.0,1.0));
#17730=DIRECTION('',(0.247384103522898,0.0,0.968917491494592));
#17731=DIRECTION('',(0.5627910658975,0.0,0.8265991871191));
#17732=DIRECTION('',(0.837377211622737,0.0,0.546625470916724));
#17733=DIRECTION('',(0.971321991778575,0.0,0.237767929475994));
#17734=DIRECTION('',(1.0,0.0,0.0));
#17735=DIRECTION('',(0.971321991778575,0.0,-0.237767929475994));
#17736=DIRECTION('',(0.837377445268109,0.0,-0.546625112994506));
#17737=DIRECTION('',(0.562790931241723,0.0,-0.826599278799634));
#17738=DIRECTION('',(0.247384103522898,0.0,-0.968917491494592));
#17739=DIRECTION('',(0.0,0.0,-1.0));
#17740=DIRECTION('',(-0.247384103522898,0.0,-0.968917491494592));
#17741=DIRECTION('',(-0.562790931241791,0.0,-0.826599278799587));
#17742=DIRECTION('',(-0.837377445268109,0.0,-0.546625112994506));
#17743=DIRECTION('',(-0.971321991778575,0.0,-0.237767929475994));
#17744=DIRECTION('',(-1.0,0.0,0.0));
#17745=DIRECTION('',(0.322263763377203,0.0,0.946649917770008));
#17746=DIRECTION('',(0.714507716541024,0.0,0.699627560208524));
#17747=DIRECTION('',(0.950646588620196,0.0,0.310275786268899));
#17748=DIRECTION('',(1.0,0.0,0.0));
#17749=DIRECTION('',(0.950646588620196,0.0,-0.310275786268899));
#17750=DIRECTION('',(0.714507716541024,0.0,-0.699627560208524));
#17751=DIRECTION('',(0.322263763377203,0.0,-0.946649917770008));
#17752=DIRECTION('',(0.0,0.0,-1.0));
#17753=DIRECTION('',(-1.0,0.0,0.0));
#17754=DIRECTION('',(0.0,0.0,1.0));
#17755=DIRECTION('',(0.0,-1.0,0.0));
#17756=DIRECTION('',(0.0,0.0,1.0));
#17757=DIRECTION('',(0.0,1.0,0.0));
#17758=DIRECTION('',(1.0,0.0,0.0));
#17759=DIRECTION('',(0.0,-1.0,0.0));
#17760=DIRECTION('',(0.0,0.0,-1.0));
#17761=DIRECTION('',(0.0,0.0,1.0));
#17762=DIRECTION('',(0.0,-1.0,0.0));
#17763=DIRECTION('',(0.0,-1.0,0.0));
#17764=DIRECTION('',(0.0,0.0,-1.0));
#17765=DIRECTION('',(0.0,1.0,0.0));
#17766=DIRECTION('',(0.0,0.0,-1.0));
#17767=DIRECTION('',(0.0,1.0,0.0));
#17768=DIRECTION('',(1.0,0.0,0.0));
#17769=DIRECTION('',(0.0,1.0,0.0));
#17770=DIRECTION('',(1.0,0.0,0.0));
#17771=DIRECTION('',(0.0,0.0,1.0));
#17772=DIRECTION('',(1.0,0.0,0.0));
#17773=DIRECTION('',(0.0,0.0,-1.0));
#17774=DIRECTION('',(-1.0,0.0,0.0));
#17775=DIRECTION('',(0.0,0.0,-1.0));
#17776=DIRECTION('',(-1.0,0.0,0.0));
#17777=DIRECTION('',(0.0,0.0,-1.0));
#17778=DIRECTION('',(-1.0,0.0,0.0));
#17779=DIRECTION('',(0.0,0.0,1.0));
#17780=DIRECTION('',(1.0,0.0,0.0));
#17781=DIRECTION('',(0.0,0.0,-1.0));
#17782=DIRECTION('',(-1.0,0.0,0.0));
#17783=DIRECTION('',(0.0,0.0,-1.0));
#17784=DIRECTION('',(-1.0,0.0,0.0));
#17785=DIRECTION('',(0.0,0.0,-1.0));
#17786=DIRECTION('',(-1.0,0.0,0.0));
#17787=DIRECTION('',(0.0,0.0,1.0));
#17788=DIRECTION('',(1.0,0.0,0.0));
#17789=DIRECTION('',(0.0,0.0,-1.0));
#17790=DIRECTION('',(-1.0,0.0,0.0));
#17791=DIRECTION('',(0.0,0.0,-1.0));
#17792=DIRECTION('',(-1.0,0.0,0.0));
#17793=DIRECTION('',(0.0,0.0,-1.0));
#17794=DIRECTION('',(0.0,0.0,1.0));
#17795=DIRECTION('',(1.0,0.0,0.0));
#17796=DIRECTION('',(0.0,0.0,1.0));
#17797=DIRECTION('',(1.0,0.0,0.0));
#17798=DIRECTION('',(0.0,0.0,-1.0));
#17799=DIRECTION('',(1.0,0.0,0.0));
#17800=DIRECTION('',(1.0,0.0,0.0));
#17801=DIRECTION('',(0.0,0.0,1.0));
#17802=DIRECTION('',(-1.0,0.0,0.0));
#17803=DIRECTION('',(-2.22044604925E-14,-2.22044604925E-14,1.0));
#17804=DIRECTION('',(-1.0,0.0,0.0));
#17805=DIRECTION('',(0.0,0.0,1.0));
#17806=DIRECTION('',(-1.0,0.0,0.0));
#17807=CARTESIAN_POINT('',(0.0,-2.5,-10.6));
#17808=DIRECTION('',(0.0,-1.0,0.0));
#17809=DIRECTION('',(0.0,0.0,1.0));
#17810=CARTESIAN_POINT('',(0.0,-2.5,-10.6));
#17811=DIRECTION('',(0.0,-1.0,0.0));
#17812=DIRECTION('',(0.0,0.0,-1.0));
#17813=DIRECTION('',(0.0,0.0,1.0));
#17814=DIRECTION('',(1.0,0.0,0.0));
#17815=DIRECTION('',(0.0,0.0,-1.0));
#17816=DIRECTION('',(-1.0,0.0,0.0));
#17817=CARTESIAN_POINT('',(0.0,-2.5,-3.8));
#17818=DIRECTION('',(0.0,-1.0,0.0));
#17819=DIRECTION('',(0.0,0.0,1.0));
#17820=CARTESIAN_POINT('',(0.0,-2.5,-3.8));
#17821=DIRECTION('',(0.0,-1.0,0.0));
#17822=DIRECTION('',(0.0,0.0,-1.0));
#17823=DIRECTION('',(-1.069383487375E-09,-1.0,0.0));
#17824=DIRECTION('',(1.069383528316E-09,-1.0,0.0));
#17825=CARTESIAN_POINT('',(0.0,-2.9,-3.8));
#17826=DIRECTION('',(0.0,-1.0,0.0));
#17827=DIRECTION('',(0.0,0.0,-1.0));
#17828=CARTESIAN_POINT('',(0.0,-2.9,-3.9));
#17829=DIRECTION('',(1.0,0.0,0.0));
#17830=DIRECTION('',(0.0,-1.0,0.0));
#17831=CARTESIAN_POINT('',(0.0,-2.9,-3.7));
#17832=DIRECTION('',(-1.0,0.0,0.0));
#17833=DIRECTION('',(0.0,-1.0,0.0));
#17834=CARTESIAN_POINT('',(0.0,-3.2,-3.8));
#17835=DIRECTION('',(0.0,-1.0,0.0));
#17836=DIRECTION('',(0.0,0.0,-1.0));
#17837=CARTESIAN_POINT('',(0.0,-3.2,-3.8));
#17838=DIRECTION('',(0.0,-1.0,0.0));
#17839=DIRECTION('',(0.0,0.0,1.0));
#17840=CARTESIAN_POINT('',(0.0,-3.2,-10.6));
#17841=DIRECTION('',(0.0,-1.0,0.0));
#17842=DIRECTION('',(0.0,0.0,1.0));
#17843=CARTESIAN_POINT('',(0.0,-3.2,-10.6));
#17844=DIRECTION('',(0.0,-1.0,0.0));
#17845=DIRECTION('',(0.0,0.0,-1.0));
#17846=CARTESIAN_POINT('',(0.0,-2.9,-3.8));
#17847=DIRECTION('',(0.0,-1.0,0.0));
#17848=DIRECTION('',(0.0,0.0,1.0));
#17849=CARTESIAN_POINT('',(0.0,-3.0,-10.6));
#17850=DIRECTION('',(0.0,-1.0,0.0));
#17851=DIRECTION('',(0.0,0.0,-1.0));
#17852=CARTESIAN_POINT('',(0.0,-3.0,-10.6));
#17853=DIRECTION('',(0.0,-1.0,0.0));
#17854=DIRECTION('',(0.0,0.0,1.0));
#17855=DIRECTION('',(1.025433190768E-09,-1.0,0.0));
#17856=DIRECTION('',(-1.025433123321E-09,-1.0,0.0));
#17857=DIRECTION('',(0.0,-1.0,0.0));
#17858=DIRECTION('',(0.0,-1.0,0.0));
#17859=DIRECTION('',(-1.0,0.0,0.0));
#17860=CARTESIAN_POINT('',(2.2,-4.8,-9.1));
#17861=DIRECTION('',(-1.0,0.0,0.0));
#17862=DIRECTION('',(0.0,0.0,-1.0));
#17863=CARTESIAN_POINT('',(2.0,-4.8,-9.1));
#17864=DIRECTION('',(1.0,0.0,-0.0));
#17865=DIRECTION('',(0.0,0.0,1.0));
#17866=DIRECTION('',(0.0,-1.0,0.0));
#17867=DIRECTION('',(0.0,-1.0,0.0));
#17868=DIRECTION('',(0.0,1.0,0.0));
#17869=DIRECTION('',(-1.0,0.0,0.0));
#17870=DIRECTION('',(0.0,-1.0,0.0));
#17871=DIRECTION('',(0.0,1.0,0.0));
#17872=DIRECTION('',(1.0,0.0,0.0));
#17873=DIRECTION('',(0.0,-1.0,0.0));
#17874=DIRECTION('',(0.0,0.0,1.0));
#17875=DIRECTION('',(0.0,-1.0,0.0));
#17876=DIRECTION('',(0.0,0.0,1.0));
#17877=DIRECTION('',(0.0,-1.0,0.0));
#17878=DIRECTION('',(0.0,0.0,1.0));
#17879=DIRECTION('',(0.0,1.0,0.0));
#17880=CARTESIAN_POINT('',(0.0,0.0,-10.2));
#17881=DIRECTION('',(-0.0,0.0,-1.0));
#17882=DIRECTION('',(-0.966127685927228,-0.258064516129008,0.0));
#17883=DIRECTION('',(-1.0,0.0,0.0));
#17884=DIRECTION('',(0.0,-1.0,0.0));
#17885=DIRECTION('',(-1.0,0.0,0.0));
#17886=DIRECTION('',(1.0,0.0,0.0));
#17887=DIRECTION('',(0.0,-1.0,0.0));
#17888=DIRECTION('',(1.0,0.0,0.0));
#17889=CARTESIAN_POINT('',(0.0,0.0,-10.2));
#17890=DIRECTION('',(0.0,0.0,-1.0));
#17891=DIRECTION('',(-1.0,0.0,0.0));
#17892=DIRECTION('',(0.0,0.0,-1.0));
#17893=CARTESIAN_POINT('',(0.0,0.0,-11.2));
#17894=DIRECTION('',(0.0,0.0,-1.0));
#17895=DIRECTION('',(-0.966127685927228,0.258064516129008,0.0));
#17896=DIRECTION('',(0.0,0.0,1.0));
#17897=CARTESIAN_POINT('',(0.0,0.0,-1.2));
#17898=DIRECTION('',(0.0,0.0,-1.0));
#17899=DIRECTION('',(-1.0,0.0,0.0));
#17900=DIRECTION('',(0.0,0.0,1.0));
#17901=CARTESIAN_POINT('',(0.0,0.0,-1.2));
#17902=DIRECTION('',(0.0,0.0,-1.0));
#17903=DIRECTION('',(1.0,0.0,0.0));
#17904=CARTESIAN_POINT('',(0.0,0.0,-11.2));
#17905=DIRECTION('',(0.0,0.0,-1.0));
#17906=DIRECTION('',(1.0,0.0,0.0));
#17907=DIRECTION('',(0.0,0.0,-1.0));
#17908=DIRECTION('',(0.0,0.0,1.0));
#17909=DIRECTION('',(-1.0,0.0,0.0));
#17910=DIRECTION('',(0.0,-1.0,0.0));
#17911=DIRECTION('',(1.0,0.0,0.0));
#17912=DIRECTION('',(0.0,1.0,0.0));
#17913=DIRECTION('',(-1.0,0.0,0.0));
#17914=DIRECTION('',(1.0,0.0,0.0));
#17915=DIRECTION('',(0.0,1.0,0.0));
#17916=DIRECTION('',(0.0,1.0,0.0));
#17917=DIRECTION('',(-1.0,0.0,0.0));
#17918=DIRECTION('',(0.0,-1.0,0.0));
#17919=DIRECTION('',(1.0,0.0,0.0));
#17920=DIRECTION('',(0.0,-1.0,0.0));
#17921=DIRECTION('',(1.0,0.0,0.0));
#17922=DIRECTION('',(0.0,0.0,1.0));
#17923=DIRECTION('',(0.0,0.0,1.0));
#17924=CARTESIAN_POINT('',(-2.2,-4.8,-10.7));
#17925=DIRECTION('',(-1.0,0.0,0.0));
#17926=DIRECTION('',(0.0,0.0,-1.0));
#17927=DIRECTION('',(0.0,-1.0,0.0));
#17928=DIRECTION('',(0.0,-1.0,0.0));
#17929=CARTESIAN_POINT('',(-2.4,-4.8,-10.7));
#17930=DIRECTION('',(1.0,0.0,-0.0));
#17931=DIRECTION('',(0.0,0.0,1.0));
#17932=DIRECTION('',(0.0,0.0,1.0));
#17933=DIRECTION('',(0.0,0.0,1.0));
#17934=DIRECTION('',(0.0,0.0,1.0));
#17935=DIRECTION('',(0.0,1.0,0.0));
#17936=DIRECTION('',(0.0,0.0,1.0));
#17937=DIRECTION('',(0.0,1.0,0.0));
#17938=DIRECTION('',(0.0,1.0,0.0));
#17939=DIRECTION('',(0.0,0.0,1.0));
#17940=DIRECTION('',(0.0,1.0,0.0));
#17941=DIRECTION('',(0.0,1.0,0.0));
#17942=DIRECTION('',(0.0,0.0,1.0));
#17943=DIRECTION('',(0.0,1.0,0.0));
#17944=DIRECTION('',(-1.0,0.0,0.0));
#17945=DIRECTION('',(0.0,1.0,0.0));
#17946=DIRECTION('',(0.0,-1.0,0.0));
#17947=DIRECTION('',(-1.0,0.0,0.0));
#17948=DIRECTION('',(0.0,-1.0,0.0));
#17949=DIRECTION('',(0.0,-1.0,0.0));
#17950=CARTESIAN_POINT('',(2.4,-4.8,-2.1));
#17951=DIRECTION('',(-1.0,0.0,0.0));
#17952=DIRECTION('',(0.0,0.0,-1.0));
#17953=DIRECTION('',(0.0,-1.0,0.0));
#17954=CARTESIAN_POINT('',(2.2,-4.8,-2.1));
#17955=DIRECTION('',(1.0,0.0,-0.0));
#17956=DIRECTION('',(0.0,0.0,1.0));
#17957=DIRECTION('',(0.0,1.0,0.0));
#17958=DIRECTION('',(0.0,0.0,1.0));
#17959=DIRECTION('',(0.0,-1.0,0.0));
#17960=DIRECTION('',(0.0,0.0,1.0));
#17961=DIRECTION('',(0.0,-1.0,0.0));
#17962=DIRECTION('',(0.0,1.0,0.0));
#17963=DIRECTION('',(0.0,0.0,1.0));
#17964=DIRECTION('',(0.0,-1.0,0.0));
#17965=DIRECTION('',(-1.0,0.0,0.0));
#17966=DIRECTION('',(-1.0,0.0,0.0));
#17967=DIRECTION('',(-1.0,0.0,0.0));
#17968=DIRECTION('',(-1.0,0.0,0.0));
#17969=DIRECTION('',(-1.0,0.0,0.0));
#17970=DIRECTION('',(0.0,-1.0,0.0));
#17971=DIRECTION('',(-1.0,0.0,0.0));
#17972=DIRECTION('',(0.0,-1.0,0.0));
#17973=DIRECTION('',(0.0,-1.0,0.0));
#17974=CARTESIAN_POINT('',(2.4,-4.8,-5.1));
#17975=DIRECTION('',(-1.0,0.0,0.0));
#17976=DIRECTION('',(0.0,0.0,-1.0));
#17977=DIRECTION('',(0.0,-1.0,0.0));
#17978=CARTESIAN_POINT('',(2.2,-4.8,-5.1));
#17979=DIRECTION('',(1.0,0.0,-0.0));
#17980=DIRECTION('',(0.0,0.0,1.0));
#17981=DIRECTION('',(0.0,0.0,1.0));
#17982=CARTESIAN_POINT('',(0.0,0.0,-1.2));
#17983=DIRECTION('',(0.0,0.0,1.0));
#17984=DIRECTION('',(-1.0,0.0,0.0));
#17985=CARTESIAN_POINT('',(0.0,0.0,-1.2));
#17986=DIRECTION('',(0.0,0.0,1.0));
#17987=DIRECTION('',(1.0,0.0,0.0));
#17988=DIRECTION('',(-5.877136615557E-11,2.446859039186E-10,-1.0));
#17989=DIRECTION('',(5.877136615557E-11,-2.446858965467E-10,-1.0));
#17990=CARTESIAN_POINT('',(0.0,0.0,2.5));
#17991=DIRECTION('',(0.0,0.0,-1.0));
#17992=DIRECTION('',(-1.0,0.0,0.0));
#17993=DIRECTION('',(0.707106781186548,1.18550105794408E-09,-0.707106781186548));
#17994=CARTESIAN_POINT('',(0.0,0.0,2.5));
#17995=DIRECTION('',(0.0,0.0,-1.0));
#17996=DIRECTION('',(1.0,0.0,0.0));
#17997=DIRECTION('',(0.0,-1.0,0.0));
#17998=DIRECTION('',(1.0,0.0,0.0));
#17999=DIRECTION('',(0.0,-1.0,0.0));
#18000=DIRECTION('',(-1.0,0.0,0.0));
#18001=DIRECTION('',(0.0,-1.0,0.0));
#18002=DIRECTION('',(0.0,-1.0,0.0));
#18003=CARTESIAN_POINT('',(-3.2,-4.8,-2.1));
#18004=DIRECTION('',(-1.0,0.0,0.0));
#18005=DIRECTION('',(0.0,0.0,-1.0));
#18006=DIRECTION('',(0.0,-1.0,0.0));
#18007=CARTESIAN_POINT('',(-3.4,-4.8,-2.1));
#18008=DIRECTION('',(1.0,0.0,-0.0));
#18009=DIRECTION('',(0.0,0.0,1.0));
#18010=DIRECTION('',(0.0,0.0,-1.0));
#18011=DIRECTION('',(1.0,0.0,0.0));
#18012=DIRECTION('',(0.0,-1.0,0.0));
#18013=DIRECTION('',(1.0,0.0,0.0));
#18014=DIRECTION('',(0.0,-1.0,0.0));
#18015=DIRECTION('',(0.0,1.0,0.0));
#18016=DIRECTION('',(0.0,0.0,1.0));
#18017=DIRECTION('',(0.0,-1.0,0.0));
#18018=DIRECTION('',(0.0,0.0,1.0));
#18019=DIRECTION('',(0.0,1.0,0.0));
#18020=DIRECTION('',(-1.0,0.0,0.0));
#18021=DIRECTION('',(0.0,-1.0,0.0));
#18022=DIRECTION('',(0.0,0.0,1.0));
#18023=DIRECTION('',(-1.0,0.0,0.0));
#18024=DIRECTION('',(0.0,0.0,1.0));
#18025=DIRECTION('',(-1.0,0.0,0.0));
#18026=DIRECTION('',(0.0,0.0,1.0));
#18027=DIRECTION('',(1.0,0.0,0.0));
#18028=DIRECTION('',(0.0,0.0,1.0));
#18029=DIRECTION('',(1.0,0.0,0.0));
#18030=DIRECTION('',(0.0,0.0,1.0));
#18031=DIRECTION('',(0.0,0.0,-1.0));
#18032=DIRECTION('',(1.0,0.0,0.0));
#18033=DIRECTION('',(0.0,0.0,1.0));
#18034=DIRECTION('',(-1.0,0.0,0.0));
#18035=DIRECTION('',(-1.0,0.0,0.0));
#18036=DIRECTION('',(0.0,0.0,1.0));
#18037=DIRECTION('',(-1.0,0.0,0.0));
#18038=DIRECTION('',(0.0,0.0,1.0));
#18039=DIRECTION('',(1.0,0.0,0.0));
#18040=DIRECTION('',(0.0,0.0,1.0));
#18041=DIRECTION('',(1.0,0.0,0.0));
#18042=DIRECTION('',(0.0,0.0,1.0));
#18043=DIRECTION('',(0.0,0.0,-1.0));
#18044=DIRECTION('',(1.0,0.0,0.0));
#18045=DIRECTION('',(0.0,0.0,1.0));
#18046=DIRECTION('',(-1.0,0.0,0.0));
#18047=DIRECTION('',(-1.0,0.0,0.0));
#18048=DIRECTION('',(0.0,0.0,1.0));
#18049=DIRECTION('',(1.0,0.0,0.0));
#18050=DIRECTION('',(0.0,0.0,-1.0));
#18051=DIRECTION('',(1.0,0.0,0.0));
#18052=DIRECTION('',(0.0,0.0,1.0));
#18053=DIRECTION('',(-1.0,0.0,0.0));
#18054=DIRECTION('',(0.0,-1.0,0.0));
#18055=DIRECTION('',(0.0,-1.0,0.0));
#18056=DIRECTION('',(0.0,-1.0,0.0));
#18057=DIRECTION('',(0.0,1.0,0.0));
#18058=DIRECTION('',(0.0,-1.0,0.0));
#18059=DIRECTION('',(0.0,1.0,0.0));
#18060=DIRECTION('',(0.0,-1.0,0.0));
#18061=DIRECTION('',(0.0,-1.0,0.0));
#18062=DIRECTION('',(0.0,-1.0,0.0));
#18063=DIRECTION('',(0.0,-1.0,0.0));
#18064=DIRECTION('',(0.0,-1.0,0.0));
#18065=DIRECTION('',(0.0,1.0,0.0));
#18066=DIRECTION('',(0.0,-1.0,0.0));
#18067=DIRECTION('',(0.0,1.0,0.0));
#18068=DIRECTION('',(0.0,-1.0,0.0));
#18069=DIRECTION('',(0.0,-1.0,0.0));
#18070=DIRECTION('',(0.0,-1.0,0.0));
#18071=DIRECTION('',(0.0,-1.0,0.0));
#18072=DIRECTION('',(0.0,-1.0,0.0));
#18073=DIRECTION('',(0.0,-1.0,0.0));
#18074=CARTESIAN_POINT('',(1.25,2.2,-9.45));
#18075=DIRECTION('',(0.0,0.0,-1.0));
#18076=DIRECTION('',(-1.0,0.0,0.0));
#18077=DIRECTION('',(-1.0,0.0,0.0));
#18078=CARTESIAN_POINT('',(2.15,2.2,-9.45));
#18079=DIRECTION('',(0.0,0.0,-1.0));
#18080=DIRECTION('',(0.0,1.0,0.0));
#18081=DIRECTION('',(0.0,0.0,-1.0));
#18082=CARTESIAN_POINT('',(2.15,2.2,-7.55));
#18083=DIRECTION('',(0.0,0.0,1.0));
#18084=DIRECTION('',(1.0,0.0,0.0));
#18085=DIRECTION('',(0.0,0.0,-1.0));
#18086=DIRECTION('',(0.0,-1.0,0.0));
#18087=DIRECTION('',(1.0,0.0,0.0));
#18088=CARTESIAN_POINT('',(1.25,2.2,-7.55));
#18089=DIRECTION('',(0.0,-0.0,1.0));
#18090=DIRECTION('',(0.0,1.0,0.0));
#18091=DIRECTION('',(0.0,-1.0,0.0));
#18092=DIRECTION('',(0.0,0.0,1.0));
#18093=DIRECTION('',(0.0,0.0,1.0));
#18094=DIRECTION('',(-1.0,0.0,0.0));
#18095=DIRECTION('',(0.0,0.0,1.0));
#18096=DIRECTION('',(1.0,0.0,0.0));
#18097=DIRECTION('',(0.0,0.0,-1.0));
#18098=DIRECTION('',(-1.0,0.0,0.0));
#18099=DIRECTION('',(0.0,0.0,1.0));
#18100=DIRECTION('',(1.0,0.0,0.0));
#18101=DIRECTION('',(0.0,0.0,-1.0));
#18102=CARTESIAN_POINT('',(2.15,2.2,-3.75));
#18103=DIRECTION('',(0.0,0.0,1.0));
#18104=DIRECTION('',(1.0,0.0,0.0));
#18105=DIRECTION('',(0.0,0.0,-1.0));
#18106=CARTESIAN_POINT('',(2.15,2.2,-5.65));
#18107=DIRECTION('',(0.0,0.0,-1.0));
#18108=DIRECTION('',(0.0,1.0,0.0));
#18109=DIRECTION('',(0.0,-1.0,0.0));
#18110=DIRECTION('',(0.0,-1.0,0.0));
#18111=CARTESIAN_POINT('',(1.25,2.2,-5.65));
#18112=DIRECTION('',(0.0,0.0,-1.0));
#18113=DIRECTION('',(-1.0,0.0,0.0));
#18114=DIRECTION('',(0.0,0.0,1.0));
#18115=CARTESIAN_POINT('',(1.25,2.2,-3.75));
#18116=DIRECTION('',(0.0,-0.0,1.0));
#18117=DIRECTION('',(0.0,1.0,0.0));
#18118=DIRECTION('',(0.0,-1.0,0.0));
#18119=DIRECTION('',(0.0,-1.0,0.0));
#18120=CARTESIAN_POINT('',(2.15,2.2,-0.75));
#18121=DIRECTION('',(0.0,0.0,1.0));
#18122=DIRECTION('',(1.0,0.0,0.0));
#18123=DIRECTION('',(0.0,0.0,-1.0));
#18124=CARTESIAN_POINT('',(2.15,2.2,-2.65));
#18125=DIRECTION('',(0.0,0.0,-1.0));
#18126=DIRECTION('',(0.0,1.0,0.0));
#18127=DIRECTION('',(0.0,-1.0,0.0));
#18128=DIRECTION('',(0.0,-1.0,0.0));
#18129=CARTESIAN_POINT('',(1.25,2.2,-2.65));
#18130=DIRECTION('',(0.0,0.0,-1.0));
#18131=DIRECTION('',(-1.0,0.0,0.0));
#18132=DIRECTION('',(0.0,0.0,1.0));
#18133=CARTESIAN_POINT('',(1.25,2.2,-0.75));
#18134=DIRECTION('',(0.0,-0.0,1.0));
#18135=DIRECTION('',(0.0,1.0,0.0));
#18136=DIRECTION('',(0.0,-1.0,0.0));
#18137=DIRECTION('',(0.0,-1.0,0.0));
#18138=DIRECTION('',(0.0,-1.0,0.0));
#18139=DIRECTION('',(0.0,0.0,1.0));
#18140=DIRECTION('',(0.0,-1.0,0.0));
#18141=DIRECTION('',(-1.0,0.0,0.0));
#18142=DIRECTION('',(0.0,-1.0,0.0));
#18143=DIRECTION('',(0.0,0.0,-1.0));
#18144=DIRECTION('',(0.0,-1.0,0.0));
#18145=DIRECTION('',(-1.0,0.0,0.0));
#18146=DIRECTION('',(0.0,-1.0,0.0));
#18147=DIRECTION('',(0.0,0.0,-1.0));
#18148=DIRECTION('',(0.0,-1.0,0.0));
#18149=DIRECTION('',(1.0,0.0,0.0));
#18150=DIRECTION('',(0.0,-1.0,0.0));
#18151=DIRECTION('',(0.0,0.0,-1.0));
#18152=DIRECTION('',(0.0,-1.0,0.0));
#18153=DIRECTION('',(1.0,0.0,0.0));
#18154=DIRECTION('',(1.0,0.0,0.0));
#18155=DIRECTION('',(0.0,0.0,1.0));
#18156=DIRECTION('',(-1.0,0.0,0.0));
#18157=DIRECTION('',(0.0,0.0,-1.0));
#18158=DIRECTION('',(0.0,0.0,-1.0));
#18159=CARTESIAN_POINT('',(-3.15,2.3,-0.75));
#18160=DIRECTION('',(1.0,0.0,0.0));
#18161=DIRECTION('',(0.0,1.0,0.0));
#18162=DIRECTION('',(0.0,-1.0,0.0));
#18163=DIRECTION('',(0.0,-1.0,0.0));
#18164=CARTESIAN_POINT('',(-3.15,2.3,-2.85));
#18165=DIRECTION('',(1.0,0.0,0.0));
#18166=DIRECTION('',(0.0,0.0,-1.0));
#18167=DIRECTION('',(-1.0,0.0,0.0));
#18168=DIRECTION('',(-1.0,0.0,0.0));
#18169=CARTESIAN_POINT('',(-3.35,2.3,-2.85));
#18170=DIRECTION('',(-1.0,0.0,0.0));
#18171=DIRECTION('',(0.0,1.0,0.0));
#18172=DIRECTION('',(0.0,-1.0,0.0));
#18173=DIRECTION('',(0.0,-1.0,0.0));
#18174=CARTESIAN_POINT('',(-3.35,2.3,-0.75));
#18175=DIRECTION('',(-1.0,0.0,0.0));
#18176=DIRECTION('',(0.0,0.0,1.0));
#18177=DIRECTION('',(0.0,0.0,1.0));
#18178=DIRECTION('',(1.0,0.0,0.0));
#18179=DIRECTION('',(1.0,0.0,0.0));
#18180=DIRECTION('',(-1.110223024625E-14,-1.0,0.0));
#18181=CARTESIAN_POINT('',(-0.9597615144522,2.45,-6.944761093041));
#18182=DIRECTION('',(0.0,-1.0,0.0));
#18183=DIRECTION('',(-1.0,0.0,0.0));
#18184=DIRECTION('',(0.0,0.0,-1.0));
#18185=DIRECTION('',(0.0,-1.0,0.0));
#18186=DIRECTION('',(0.981737036166681,0.0,0.190242980997096));
#18187=DIRECTION('',(0.0,-1.0,0.0));
#18188=DIRECTION('',(0.0,0.0,1.0));
#18189=DIRECTION('',(0.0,-1.0,0.0));
#18190=CARTESIAN_POINT('',(-1.384660394452,2.45,-6.994434465601));
#18191=DIRECTION('',(0.0,-1.0,0.0));
#18192=DIRECTION('',(0.190242980997096,0.0,-0.981737036166681));
#18193=DIRECTION('',(1.7763568394E-14,-1.0,0.0));
#18194=DIRECTION('',(0.981737036166681,0.0,0.190242980997096));
#18195=DIRECTION('',(0.0,-1.0,0.0));
#18196=DIRECTION('',(0.0,0.0,-1.0));
#18197=DIRECTION('',(0.0,-1.0,0.0));
#18198=DIRECTION('',(0.981737036166681,0.0,0.190242980997096));
#18199=DIRECTION('',(0.0,-1.0,0.0));
#18200=DIRECTION('',(0.0,0.0,1.0));
#18201=CARTESIAN_POINT('',(-1.697321834452,2.45,-7.259175057851));
#18202=DIRECTION('',(0.0,1.0,0.0));
#18203=DIRECTION('',(0.190242980997096,0.0,-0.981737036166681));
#18204=DIRECTION('',(0.0,-1.0,0.0));
#18205=DIRECTION('',(-0.981737036166681,0.0,-0.190242980997096));
#18206=DIRECTION('',(0.0,-1.0,0.0));
#18207=DIRECTION('',(-0.628818880935099,0.0,-0.777551808550099));
#18208=DIRECTION('',(0.0,-1.0,0.0));
#18209=DIRECTION('',(-0.794912211912811,0.0,0.606724464111908));
#18210=DIRECTION('',(0.0,-1.0,0.0));
#18211=DIRECTION('',(-0.981737036166681,0.0,-0.190242980997096));
#18212=DIRECTION('',(0.0,-1.0,0.0));
#18213=CARTESIAN_POINT('',(-0.4947778344522,2.45,-7.107804629859));
#18214=DIRECTION('',(-0.0,1.0,0.0));
#18215=DIRECTION('',(1.0,0.0,0.0));
#18216=DIRECTION('',(0.0,-1.0,0.0));
#18217=DIRECTION('',(0.0,0.0,-1.0));
#18218=DIRECTION('',(0.0,-1.0,0.0));
#18219=DIRECTION('',(0.896021955848581,0.0,-0.44400974610619));
#18220=DIRECTION('',(0.0,-1.0,0.0));
#18221=DIRECTION('',(-0.647055961569442,0.0,-0.76244251101145));
#18222=DIRECTION('',(0.0,-1.0,-1.7763568394E-14));
#18223=DIRECTION('',(-0.981737036166681,0.0,-0.190242980997096));
#18224=DIRECTION('',(0.0,-1.0,0.0));
#18225=DIRECTION('',(0.0,0.0,-1.0));
#18226=DIRECTION('',(0.0,-1.0,0.0));
#18227=DIRECTION('',(0.981737036166681,0.0,0.190242980997096));
#18228=DIRECTION('',(0.0,-1.0,0.0));
#18229=DIRECTION('',(0.0,0.0,-1.0));
#18230=DIRECTION('',(0.0,-1.0,0.0));
#18231=DIRECTION('',(-0.773729652124307,0.0,-0.633515923575406));
#18232=DIRECTION('',(0.0,-1.0,0.0));
#18233=DIRECTION('',(-0.829720136676299,0.0,0.558179625921499));
#18234=DIRECTION('',(0.0,-1.0,0.0));
#18235=DIRECTION('',(0.0,0.0,-1.0));
#18236=DIRECTION('',(0.0,-1.0,0.0));
#18237=DIRECTION('',(0.829720136676299,0.0,-0.558179625921499));
#18238=DIRECTION('',(0.0,-1.0,0.0));
#18239=DIRECTION('',(-0.773729652124307,0.0,-0.633515923575406));
#18240=DIRECTION('',(0.0,-1.0,0.0));
#18241=DIRECTION('',(0.0,0.0,-1.0));
#18242=DIRECTION('',(0.0,-1.0,0.0));
#18243=DIRECTION('',(0.773729652124307,0.0,0.633515923575406));
#18244=DIRECTION('',(0.0,-1.0,0.0));
#18245=DIRECTION('',(0.829720136676299,0.0,-0.558179625921499));
#18246=DIRECTION('',(0.0,-1.0,0.0));
#18247=DIRECTION('',(0.0,0.0,1.0));
#18248=DIRECTION('',(0.0,-1.0,0.0));
#18249=DIRECTION('',(-0.829720136676299,0.0,0.558179625921499));
#18250=DIRECTION('',(0.0,-1.0,0.0));
#18251=DIRECTION('',(0.773729652124307,0.0,0.633515923575406));
#18252=DIRECTION('',(0.0,-1.0,0.0));
#18253=DIRECTION('',(0.0,0.0,1.0));
#18254=DIRECTION('',(0.0,-1.0,0.0));
#18255=DIRECTION('',(-0.981737036166681,0.0,-0.190242980997096));
#18256=DIRECTION('',(0.0,-1.0,0.0));
#18257=DIRECTION('',(0.647055961569442,0.0,0.76244251101145));
#18258=DIRECTION('',(0.0,-1.0,3.5527136788E-14));
#18259=DIRECTION('',(0.0,0.0,1.0));
#18260=DIRECTION('',(0.0,-1.0,0.0));
#18261=DIRECTION('',(-0.647055961569442,0.0,-0.76244251101145));
#18262=DIRECTION('',(0.0,-1.0,0.0));
#18263=DIRECTION('',(-0.896021955848581,0.0,0.444009746106191));
#18264=DIRECTION('',(0.0,-1.0,0.0));
#18265=DIRECTION('',(0.0,0.0,1.0));
#18266=DIRECTION('',(0.0,-1.0,0.0));
#18267=DIRECTION('',(0.981737036166681,0.0,0.190242980997096));
#18268=DIRECTION('',(0.0,-1.0,0.0));
#18269=DIRECTION('',(0.0,0.0,1.0));
#18270=DIRECTION('',(0.0,-1.0,0.0));
#18271=DIRECTION('',(-0.981737036166681,0.0,-0.190242980997096));
#18272=DIRECTION('',(0.0,-1.0,0.0));
#18273=DIRECTION('',(0.0,0.0,1.0));
#18274=DIRECTION('',(0.0,-1.0,0.0));
#18275=DIRECTION('',(0.981737036166681,0.0,0.190242980997096));
#18276=DIRECTION('',(-1.0,0.0,0.0));
#18277=DIRECTION('',(0.0,0.0,1.0));
#18278=DIRECTION('',(1.0,0.0,0.0));
#18279=DIRECTION('',(0.0,0.0,-1.0));
#18280=DIRECTION('',(-1.0,0.0,0.0));
#18281=DIRECTION('',(-0.898138323588736,0.0,0.439713033353818));
#18282=DIRECTION('',(-0.714510218035262,0.0,0.699625005501663));
#18283=DIRECTION('',(-0.454777199549793,0.0,0.890605242949786));
#18284=DIRECTION('',(-0.200123373380702,0.0,0.979770705536111));
#18285=DIRECTION('',(0.0,0.0,1.0));
#18286=DIRECTION('',(-0.322263763377203,0.0,0.946649917770008));
#18287=DIRECTION('',(-0.5627908395612,0.0,0.8265993412204));
#18288=DIRECTION('',(-0.95064521393114,0.0,0.310279998114313));
#18289=DIRECTION('',(-1.0,0.0,0.0));
#18290=DIRECTION('',(-0.950645299394952,0.0,-0.310279736267584));
#18291=DIRECTION('',(-0.5627908395612,0.0,-0.8265993412204));
#18292=DIRECTION('',(-0.322263763377203,0.0,-0.946649917770008));
#18293=DIRECTION('',(0.0,0.0,-1.0));
#18294=DIRECTION('',(0.322263901085615,0.0,-0.946649870890543));
#18295=DIRECTION('',(0.714510218035213,0.0,-0.699625005501713));
#18296=DIRECTION('',(0.898138262779418,0.0,-0.439713157560209));
#18297=DIRECTION('',(0.0,0.0,-1.0));
#18298=DIRECTION('',(-0.950645279392878,0.0,0.310279797550593));
#18299=DIRECTION('',(-0.806004395831095,0.0,0.591909548749597));
#18300=DIRECTION('',(-0.608076923473817,0.0,0.793878111008622));
#18301=DIRECTION('',(-0.200123318418102,0.0,0.979770716762512));
#18302=DIRECTION('',(0.0,0.0,1.0));
#18303=DIRECTION('',(0.247383189894599,0.0,0.968917724761795));
#18304=DIRECTION('',(0.454777135048109,0.0,0.890605275886817));
#18305=DIRECTION('',(0.714510374378912,0.0,0.699624845831612));
#18306=DIRECTION('',(0.971321147318757,0.0,0.237771379209889));
#18307=DIRECTION('',(1.0,0.0,0.0));
#18308=DIRECTION('',(0.971321147318757,0.0,-0.237771379209889));
#18309=DIRECTION('',(0.714510374378912,0.0,-0.699624845831612));
#18310=DIRECTION('',(0.454777135048109,0.0,-0.890605275886817));
#18311=DIRECTION('',(0.247383189894599,0.0,-0.968917724761795));
#18312=DIRECTION('',(0.0,0.0,-1.0));
#18313=DIRECTION('',(0.247383189894599,0.0,-0.968917724761795));
#18314=DIRECTION('',(0.562790931241723,0.0,-0.826599278799634));
#18315=DIRECTION('',(0.837379475977903,0.0,-0.546622002128502));
#18316=DIRECTION('',(1.0,0.0,0.0));
#18317=DIRECTION('',(0.837379359156276,0.0,0.546622181089484));
#18318=DIRECTION('',(0.562791065897568,0.0,0.826599187119053));
#18319=DIRECTION('',(0.247383189894599,0.0,0.968917724761795));
#18320=DIRECTION('',(0.0,0.0,1.0));
#18321=DIRECTION('',(-0.247383231423,0.0,0.9689177141588));
#18322=DIRECTION('',(-0.714510466448005,0.0,0.699624751803604));
#18323=DIRECTION('',(-0.95064521393114,0.0,0.310279998114313));
#18324=DIRECTION('',(0.0,0.0,1.0));
#18325=DIRECTION('',(0.971321152228447,0.0,-0.237771359153287));
#18326=DIRECTION('',(0.862211160122089,0.0,-0.506549025624294));
#18327=DIRECTION('',(0.522476970901991,0.0,-0.852653396684186));
#18328=DIRECTION('',(0.200123390198805,0.0,-0.979770702100924));
#18329=DIRECTION('',(0.0,0.0,-1.0));
#18330=DIRECTION('',(-0.200123390198805,0.0,-0.979770702100924));
#18331=DIRECTION('',(-0.454777246918104,0.0,-0.890605218761708));
#18332=DIRECTION('',(-0.714510248652605,0.0,-0.699624974232905));
#18333=DIRECTION('',(-0.898138293184089,0.0,-0.439713095456994));
#18334=DIRECTION('',(0.0,0.0,-1.0));
#18335=DIRECTION('',(-0.979407115993491,0.0,-0.201895272706698));
#18336=DIRECTION('',(0.979407115993491,0.0,-0.201895272706698));
#18337=DIRECTION('',(0.0,0.0,-1.0));
#18338=DIRECTION('',(-0.986393930188219,0.0,-0.164398949168903));
#18339=DIRECTION('',(0.0,0.0,1.0));
#18340=DIRECTION('',(0.986944000110101,0.0,0.1610637781957));
#18341=DIRECTION('',(-0.977135527997273,0.0,0.212617402687294));
#18342=DIRECTION('',(0.0,0.0,1.0));
#18343=DIRECTION('',(0.977135527997252,0.0,0.21261740268739));
#18344=DIRECTION('',(-0.986944000110101,0.0,0.1610637781957));
#18345=DIRECTION('',(0.0,0.0,1.0));
#18346=DIRECTION('',(0.986393930188219,0.0,-0.164398949168903));
#18347=DIRECTION('',(0.0,0.0,1.0));
#18348=DIRECTION('',(1.0,0.0,0.0));
#18349=DIRECTION('',(0.0,0.0,-1.0));
#18350=DIRECTION('',(-1.0,0.0,0.0));
#18351=DIRECTION('',(0.0,0.0,-1.0));
#18352=DIRECTION('',(-1.0,0.0,0.0));
#18353=DIRECTION('',(0.0,0.0,-1.0));
#18354=DIRECTION('',(-1.0,0.0,0.0));
#18355=DIRECTION('',(0.0,0.0,1.0));
#18356=DIRECTION('',(1.0,0.0,0.0));
#18357=DIRECTION('',(0.0,0.0,-1.0));
#18358=DIRECTION('',(1.0,0.0,0.0));
#18359=DIRECTION('',(-1.0,0.0,0.0));
#18360=DIRECTION('',(-0.971321363344407,0.0,-0.237770496720602));
#18361=DIRECTION('',(-0.837378876955866,0.0,-0.546622919779378));
#18362=DIRECTION('',(-0.562790931241723,0.0,-0.826599278799634));
#18363=DIRECTION('',(-0.247383439065306,0.0,-0.968917661143723));
#18364=DIRECTION('',(0.0,0.0,-1.0));
#18365=DIRECTION('',(0.247383439065306,0.0,-0.968917661143723));
#18366=DIRECTION('',(0.562789464355823,0.0,-0.826600277528435));
#18367=DIRECTION('',(0.950646674081772,0.0,-0.310275524425091));
#18368=DIRECTION('',(0.0,0.0,-1.0));
#18369=DIRECTION('',(-0.981359707863228,0.0,0.192179925545306));
#18370=DIRECTION('',(-0.714509717735713,0.0,0.699625516445213));
#18371=DIRECTION('',(-0.454777457556387,0.0,0.890605111201675));
#18372=DIRECTION('',(-0.200123208492805,0.0,0.979770739215326));
#18373=DIRECTION('',(0.0,0.0,1.0));
#18374=DIRECTION('',(0.200123208492805,0.0,0.979770739215326));
#18375=DIRECTION('',(0.454777457556387,0.0,0.890605111201675));
#18376=DIRECTION('',(0.714510718335093,0.0,0.699624494557094));
#18377=DIRECTION('',(0.898137765953625,0.0,0.439714172352712));
#18378=DIRECTION('',(0.981359293067362,0.0,0.192182043672992));
#18379=DIRECTION('',(1.0,0.0,0.0));
#18380=DIRECTION('',(0.981359272759621,0.0,-0.192182147372504));
#18381=DIRECTION('',(0.898137796358425,0.0,-0.439714110249412));
#18382=DIRECTION('',(0.714510748952414,0.0,-0.699624463288314));
#18383=DIRECTION('',(0.454777504924811,0.0,-0.890605087013522));
#18384=DIRECTION('',(0.200123225310793,0.0,-0.979770735780165));
#18385=DIRECTION('',(0.0,0.0,-1.0));
#18386=DIRECTION('',(-0.200123225310793,0.0,-0.979770735780165));
#18387=DIRECTION('',(-0.454777504924771,0.0,-0.890605087013543));
#18388=DIRECTION('',(-0.714509748353077,0.0,-0.699625485176478));
#18389=DIRECTION('',(-0.981359692632764,0.0,-0.192180003319093));
#18390=DIRECTION('',(0.0,0.0,1.0));
#18391=DIRECTION('',(0.950646588620167,0.0,0.310275786268989));
#18392=DIRECTION('',(0.562789599011577,0.0,0.826600185848266));
#18393=DIRECTION('',(0.247383439065306,0.0,0.968917661143723));
#18394=DIRECTION('',(0.0,0.0,1.0));
#18395=DIRECTION('',(-0.247383439065306,0.0,0.968917661143723));
#18396=DIRECTION('',(-0.5627910658975,0.0,0.8265991871191));
#18397=DIRECTION('',(-0.837378643311972,0.0,0.546623277701382));
#18398=DIRECTION('',(-0.971321363344407,0.0,0.237770496720602));
#18399=DIRECTION('',(0.0,0.0,-1.0));
#18400=DIRECTION('',(1.0,0.0,0.0));
#18401=DIRECTION('',(0.0,0.0,-1.0));
#18402=DIRECTION('',(-1.0,0.0,0.0));
#18403=DIRECTION('',(0.0,0.0,1.0));
#18404=DIRECTION('',(1.0,0.0,0.0));
#18405=DIRECTION('',(0.0,0.0,1.0));
#18406=DIRECTION('',(-1.0,0.0,0.0));
#18407=DIRECTION('',(0.0,0.0,1.0));
#18408=DIRECTION('',(1.0,0.0,0.0));
#18409=DIRECTION('',(0.0,0.0,-1.0));
#18410=DIRECTION('',(-1.0,0.0,0.0));
#18411=DIRECTION('',(0.247382774611195,0.0,0.96891783079148));
#18412=DIRECTION('',(0.0,0.0,1.0));
#18413=DIRECTION('',(-0.247384103522804,0.0,0.968917491494616));
#18414=DIRECTION('',(-0.562791065897568,0.0,0.826599187119053));
#18415=DIRECTION('',(-0.837377211622737,0.0,0.546625470916724));
#18416=DIRECTION('',(-0.971321991778552,0.0,0.237767929476088));
#18417=DIRECTION('',(-1.0,0.0,0.0));
#18418=DIRECTION('',(-0.971321991778552,0.0,-0.237767929476088));
#18419=DIRECTION('',(-0.837377445268109,0.0,-0.546625112994506));
#18420=DIRECTION('',(-0.562790931241791,0.0,-0.826599278799587));
#18421=DIRECTION('',(-0.247384103522804,0.0,-0.968917491494616));
#18422=DIRECTION('',(0.0,0.0,-1.0));
#18423=DIRECTION('',(0.247382774611195,0.0,-0.96891783079148));
#18424=DIRECTION('',(0.562790931241791,0.0,-0.826599278799587));
#18425=DIRECTION('',(0.950644579315079,0.0,-0.310281942463393));
#18426=DIRECTION('',(0.0,0.0,-1.0));
#18427=DIRECTION('',(-0.981358878267255,0.0,0.192184161798091));
#18428=DIRECTION('',(-0.714509717735713,0.0,0.699625516445213));
#18429=DIRECTION('',(-0.454778489585377,0.0,0.890604584206955));
#18430=DIRECTION('',(-0.200122768792802,0.0,0.979770829026208));
#18431=DIRECTION('',(0.0,0.0,1.0));
#18432=DIRECTION('',(0.200123648194594,0.0,0.979770649403872));
#18433=DIRECTION('',(0.454776425531418,0.0,0.890605638192835));
#18434=DIRECTION('',(0.714511718935798,0.0,0.699623472664698));
#18435=DIRECTION('',(0.898136772300286,0.0,0.439716201932593));
#18436=DIRECTION('',(0.981359707863228,0.0,0.192179925545306));
#18437=DIRECTION('',(1.0,0.0,0.0));
#18438=DIRECTION('',(0.981359687555919,0.0,-0.192180029243804));
#18439=DIRECTION('',(0.898136802705304,0.0,-0.439716139829202));
#18440=DIRECTION('',(0.714511749553074,0.0,-0.699623441395874));
#18441=DIRECTION('',(0.454776472899789,0.0,-0.890605614004778));
#18442=DIRECTION('',(0.200123665012696,0.0,-0.979770645968681));
#18443=DIRECTION('',(0.0,0.0,-1.0));
#18444=DIRECTION('',(-0.200122785610695,0.0,-0.979770825591075));
#18445=DIRECTION('',(-0.454778536953813,0.0,-0.890604560018726));
#18446=DIRECTION('',(-0.714509748353077,0.0,-0.699625485176478));
#18447=DIRECTION('',(-0.981358863036124,0.0,-0.192184239573505));
#18448=DIRECTION('',(0.0,0.0,1.0));
#18449=DIRECTION('',(0.95064449385011,0.0,0.310282204311603));
#18450=DIRECTION('',(0.562791065897568,0.0,0.826599187119053));
#18451=DIRECTION('',(-0.200123665012696,0.0,-0.979770645968681));
#18452=DIRECTION('',(-0.454776472899789,0.0,-0.890605614004778));
#18453=DIRECTION('',(-0.714511749553074,0.0,-0.699623441395874));
#18454=DIRECTION('',(-0.898136802705264,0.0,-0.439716139829283));
#18455=DIRECTION('',(-0.981359687555938,0.0,-0.192180029243707));
#18456=DIRECTION('',(-1.0,0.0,0.0));
#18457=DIRECTION('',(-0.981359707863247,0.0,0.192179925545209));
#18458=DIRECTION('',(-0.898136772300246,0.0,0.439716201932674));
#18459=DIRECTION('',(-0.714511718935798,0.0,0.699623472664698));
#18460=DIRECTION('',(-0.454776425531418,0.0,0.890605638192835));
#18461=DIRECTION('',(-0.200123648194594,0.0,0.979770649403872));
#18462=DIRECTION('',(0.0,0.0,1.0));
#18463=DIRECTION('',(0.200122768792802,0.0,0.979770829026208));
#18464=DIRECTION('',(0.454778489585377,0.0,0.890604584206955));
#18465=DIRECTION('',(0.714509717735713,0.0,0.699625516445213));
#18466=DIRECTION('',(0.89813875960462,0.0,0.43971214276601));
#18467=DIRECTION('',(0.981358878267255,0.0,0.192184161798091));
#18468=DIRECTION('',(1.0,0.0,0.0));
#18469=DIRECTION('',(0.981358857959069,0.0,-0.192184265498694));
#18470=DIRECTION('',(0.898138790009161,0.0,-0.439712080662881));
#18471=DIRECTION('',(0.714509748353077,0.0,-0.699625485176478));
#18472=DIRECTION('',(0.454778536953813,0.0,-0.890604560018726));
#18473=DIRECTION('',(0.200122785610695,0.0,-0.979770825591075));
#18474=DIRECTION('',(0.0,0.0,-1.0));
#18475=DIRECTION('',(-0.971320734904224,0.0,-0.237773063960406));
#18476=DIRECTION('',(-0.837380308642783,0.0,-0.546620726552989));
#18477=DIRECTION('',(-0.562790931241723,0.0,-0.826599278799634));
#18478=DIRECTION('',(-0.247382774611195,0.0,-0.96891783079148));
#18479=DIRECTION('',(0.0,0.0,-1.0));
#18480=DIRECTION('',(0.247382774611195,0.0,-0.96891783079148));
#18481=DIRECTION('',(0.562790931241723,0.0,-0.826599278799634));
#18482=DIRECTION('',(0.837380308642783,0.0,-0.546620726552989));
#18483=DIRECTION('',(0.971321991778575,0.0,-0.237767929475994));
#18484=DIRECTION('',(1.0,0.0,0.0));
#18485=DIRECTION('',(0.971321991778575,0.0,0.237767929475994));
#18486=DIRECTION('',(0.837380075000366,0.0,0.546621084474778));
#18487=DIRECTION('',(0.5627910658975,0.0,0.8265991871191));
#18488=DIRECTION('',(0.247382774611195,0.0,0.96891783079148));
#18489=DIRECTION('',(0.0,0.0,1.0));
#18490=DIRECTION('',(-0.247382774611195,0.0,0.96891783079148));
#18491=DIRECTION('',(-0.5627910658975,0.0,0.8265991871191));
#18492=DIRECTION('',(-0.837380075000366,0.0,0.546621084474778));
#18493=DIRECTION('',(-0.971320734904224,0.0,0.237773063960406));
#18494=DIRECTION('',(-1.0,0.0,0.0));
#18495=DIRECTION('',(0.85860742297961,0.0,-0.512633683251806));
#18496=DIRECTION('',(0.0,0.0,-1.0));
#18497=DIRECTION('',(-1.0,0.0,0.0));
#18498=DIRECTION('',(0.0,0.0,1.0));
#18499=DIRECTION('',(1.0,0.0,0.0));
#18500=DIRECTION('',(-0.8529523651731,0.0,0.5219887572981));
#18501=DIRECTION('',(0.0,0.0,1.0));
#18502=DIRECTION('',(1.0,0.0,0.0));
#18503=DIRECTION('',(0.0,0.0,-1.0));
#18504=DIRECTION('',(-1.0,0.0,0.0));
#18505=DIRECTION('',(0.85860742297961,0.0,-0.512633683251806));
#18506=DIRECTION('',(0.0,0.0,-1.0));
#18507=DIRECTION('',(-1.0,0.0,0.0));
#18508=DIRECTION('',(0.0,0.0,1.0));
#18509=DIRECTION('',(1.0,0.0,0.0));
#18510=DIRECTION('',(-0.8529523651731,0.0,0.5219887572981));
#18511=DIRECTION('',(0.0,0.0,1.0));
#18512=DIRECTION('',(1.0,0.0,0.0));
#18513=DIRECTION('',(0.0,0.0,-1.0));
#18514=DIRECTION('',(-1.0,0.0,0.0));
#18515=DIRECTION('',(-1.0,0.0,0.0));
#18516=DIRECTION('',(0.0,0.0,1.0));
#18517=DIRECTION('',(-1.0,0.0,0.0));
#18518=DIRECTION('',(0.0,0.0,-1.0));
#18519=DIRECTION('',(-1.0,0.0,0.0));
#18520=DIRECTION('',(0.0,0.0,1.0));
#18521=DIRECTION('',(-1.0,0.0,0.0));
#18522=DIRECTION('',(0.0,0.0,-1.0));
#18523=DIRECTION('',(-1.0,0.0,0.0));
#18524=DIRECTION('',(0.0,0.0,1.0));
#18525=DIRECTION('',(1.0,0.0,0.0));
#18526=DIRECTION('',(0.0,0.0,-1.0));
#18527=DIRECTION('',(-0.837377211622767,0.0,0.546625470916678));
#18528=DIRECTION('',(-0.971321991778575,0.0,0.237767929475994));
#18529=DIRECTION('',(-1.0,0.0,0.0));
#18530=DIRECTION('',(-0.971321991778575,0.0,-0.237767929475994));
#18531=DIRECTION('',(-0.837377445268109,0.0,-0.546625112994506));
#18532=DIRECTION('',(-0.562790931241723,0.0,-0.826599278799634));
#18533=DIRECTION('',(-0.247384103522898,0.0,-0.968917491494592));
#18534=DIRECTION('',(0.0,0.0,-1.0));
#18535=DIRECTION('',(0.247384103522898,0.0,-0.968917491494592));
#18536=DIRECTION('',(0.562790931241723,0.0,-0.826599278799634));
#18537=DIRECTION('',(0.95064248451428,0.0,-0.310288360459294));
#18538=DIRECTION('',(0.0,0.0,-1.0));
#18539=DIRECTION('',(-0.981358048654404,0.0,0.192188398040101));
#18540=DIRECTION('',(-0.714511718935798,0.0,0.699623472664698));
#18541=DIRECTION('',(-0.454778489585377,0.0,0.890604584206955));
#18542=DIRECTION('',(-0.200122768792802,0.0,0.979770829026208));
#18543=DIRECTION('',(0.0,0.0,1.0));
#18544=DIRECTION('',(0.200122768792802,0.0,0.979770829026208));
#18545=DIRECTION('',(0.454778489585377,0.0,0.890604584206955));
#18546=DIRECTION('',(0.714511718935798,0.0,0.699623472664698));
#18547=DIRECTION('',(0.898136772300286,0.0,0.439716201932593));
#18548=DIRECTION('',(0.981359707863228,0.0,0.192179925545306));
#18549=DIRECTION('',(1.0,0.0,0.0));
#18550=DIRECTION('',(0.981359687555919,0.0,-0.192180029243804));
#18551=DIRECTION('',(0.898136802705304,0.0,-0.439716139829202));
#18552=DIRECTION('',(0.714511749553025,0.0,-0.699623441395924));
#18553=DIRECTION('',(0.454778536953813,0.0,-0.890604560018726));
#18554=DIRECTION('',(0.200122785610695,0.0,-0.979770825591075));
#18555=DIRECTION('',(0.0,0.0,-1.0));
#18556=DIRECTION('',(-0.200122785610695,0.0,-0.979770825591075));
#18557=DIRECTION('',(-0.454778536953813,0.0,-0.890604560018726));
#18558=DIRECTION('',(-0.714511749553074,0.0,-0.699623441395874));
#18559=DIRECTION('',(-0.981358033422594,0.0,-0.192188475817199));
#18560=DIRECTION('',(0.0,0.0,1.0));
#18561=DIRECTION('',(0.950642399045987,0.0,0.310288622311696));
#18562=DIRECTION('',(0.5627910658975,0.0,0.8265991871191));
#18563=DIRECTION('',(0.247384103522898,0.0,0.968917491494592));
#18564=DIRECTION('',(0.0,0.0,1.0));
#18565=DIRECTION('',(-0.247384103522898,0.0,0.968917491494592));
#18566=DIRECTION('',(-0.5627910658975,0.0,0.8265991871191));
#18567=DIRECTION('',(0.0,0.0,-1.0));
#18568=DIRECTION('',(-1.0,0.0,0.0));
#18569=DIRECTION('',(0.0,0.0,1.0));
#18570=DIRECTION('',(1.0,0.0,0.0));
#18571=DIRECTION('',(0.0,0.0,-1.0));
#18572=DIRECTION('',(1.0,0.0,0.0));
#18573=DIRECTION('',(0.0,0.0,-1.0));
#18574=DIRECTION('',(-1.0,0.0,0.0));
#18575=DIRECTION('',(0.0,0.0,-1.0));
#18576=DIRECTION('',(-0.200124544422206,0.0,-0.979770466343931));
#18577=DIRECTION('',(-0.454774408862003,0.0,-0.890606667976507));
#18578=DIRECTION('',(-0.714511749553074,0.0,-0.699623441395874));
#18579=DIRECTION('',(-0.898136802705264,0.0,-0.439716139829283));
#18580=DIRECTION('',(-0.981359687555919,0.0,-0.192180029243804));
#18581=DIRECTION('',(-1.0,0.0,0.0));
#18582=DIRECTION('',(-0.981359707863228,0.0,0.192179925545306));
#18583=DIRECTION('',(-0.898136772300227,0.0,0.439716201932713));
#18584=DIRECTION('',(-0.714511718935798,0.0,0.699623472664698));
#18585=DIRECTION('',(-0.454774361493696,0.0,0.890606692164392));
#18586=DIRECTION('',(-0.200124527604108,0.0,0.979770469779138));
#18587=DIRECTION('',(0.0,0.0,1.0));
#18588=DIRECTION('',(0.200122768792802,0.0,0.979770829026208));
#18589=DIRECTION('',(0.454778489585377,0.0,0.890604584206955));
#18590=DIRECTION('',(0.714511718935798,0.0,0.699623472664698));
#18591=DIRECTION('',(0.898136772300246,0.0,0.439716201932674));
#18592=DIRECTION('',(0.981359707863247,0.0,0.192179925545209));
#18593=DIRECTION('',(1.0,0.0,0.0));
#18594=DIRECTION('',(0.981359687555938,0.0,-0.192180029243707));
#18595=DIRECTION('',(0.898136802705264,0.0,-0.439716139829283));
#18596=DIRECTION('',(0.714511749553074,0.0,-0.699623441395874));
#18597=DIRECTION('',(0.454778536953813,0.0,-0.890604560018726));
#18598=DIRECTION('',(0.200122785610695,0.0,-0.979770825591075));
#18599=DIRECTION('',(-0.971321991778575,0.0,-0.237767929475994));
#18600=DIRECTION('',(-0.837377445268109,0.0,-0.546625112994506));
#18601=DIRECTION('',(-0.562790931241791,0.0,-0.826599278799587));
#18602=DIRECTION('',(-0.247384103522804,0.0,-0.968917491494616));
#18603=DIRECTION('',(0.0,0.0,-1.0));
#18604=DIRECTION('',(0.247384103522898,0.0,-0.968917491494592));
#18605=DIRECTION('',(0.562790931241723,0.0,-0.826599278799634));
#18606=DIRECTION('',(0.837377445268109,0.0,-0.546625112994506));
#18607=DIRECTION('',(0.971321991778575,0.0,-0.237767929475994));
#18608=DIRECTION('',(1.0,0.0,0.0));
#18609=DIRECTION('',(0.971321991778575,0.0,0.237767929475994));
#18610=DIRECTION('',(0.837377211622737,0.0,0.546625470916724));
#18611=DIRECTION('',(0.5627910658975,0.0,0.8265991871191));
#18612=DIRECTION('',(0.247384103522898,0.0,0.968917491494592));
#18613=DIRECTION('',(0.0,0.0,1.0));
#18614=DIRECTION('',(-0.247384103522804,0.0,0.968917491494616));
#18615=DIRECTION('',(-0.562791065897568,0.0,0.826599187119053));
#18616=DIRECTION('',(-0.837377211622737,0.0,0.546625470916724));
#18617=DIRECTION('',(-0.971321991778575,0.0,0.237767929475994));
#18618=DIRECTION('',(-1.0,0.0,0.0));
#18619=DIRECTION('',(0.936938722448802,0.0,-0.349493677161701));
#18620=DIRECTION('',(0.0,0.0,-1.0));
#18621=DIRECTION('',(-0.933802645236583,0.0,0.357788512600894));
#18622=DIRECTION('',(-0.454774361493775,0.0,-0.890606692164352));
#18623=DIRECTION('',(-0.806004395831095,0.0,-0.591909548749597));
#18624=DIRECTION('',(-0.950646588620128,0.0,-0.310275786269109));
#18625=DIRECTION('',(-1.0,0.0,0.0));
#18626=DIRECTION('',(-0.950646588620128,0.0,0.310275786269109));
#18627=DIRECTION('',(-0.806004395831095,0.0,0.591909548749597));
#18628=DIRECTION('',(-0.608073908255232,0.0,0.793880420528941));
#18629=DIRECTION('',(-0.200124527604108,0.0,0.979770469779138));
#18630=DIRECTION('',(0.0,0.0,1.0));
#18631=DIRECTION('',(1.0,0.0,0.0));
#18632=DIRECTION('',(0.0,0.0,-1.0));
#18633=DIRECTION('',(-1.0,0.0,0.0));
#18634=DIRECTION('',(0.0,0.0,-1.0));
#18635=DIRECTION('',(-1.0,0.0,0.0));
#18636=DIRECTION('',(0.0,0.0,-1.0));
#18637=DIRECTION('',(0.322263763377203,0.0,-0.946649917770008));
#18638=DIRECTION('',(0.714507716541024,0.0,-0.699627560208524));
#18639=DIRECTION('',(0.950646588620196,0.0,-0.310275786268899));
#18640=DIRECTION('',(1.0,0.0,0.0));
#18641=DIRECTION('',(0.950646588620196,0.0,0.310275786268899));
#18642=DIRECTION('',(0.714507716541024,0.0,0.699627560208524));
#18643=DIRECTION('',(0.322263763377203,0.0,0.946649917770008));
#18644=DIRECTION('',(0.0,0.0,1.0));
#18645=DIRECTION('',(0.0,-1.0,0.0));
#18646=DIRECTION('',(0.0,-1.0,0.0));
#18647=DIRECTION('',(0.0,-1.0,0.0));
#18648=DIRECTION('',(0.0,-1.0,0.0));
#18649=DIRECTION('',(0.0,-1.0,0.0));
#18650=DIRECTION('',(0.0,-1.0,0.0));
#18651=DIRECTION('',(0.0,-1.0,0.0));
#18652=DIRECTION('',(0.0,-1.0,0.0));
#18653=DIRECTION('',(0.0,-1.0,0.0));
#18654=DIRECTION('',(0.0,-1.0,0.0));
#18655=DIRECTION('',(0.0,-1.0,0.0));
#18656=DIRECTION('',(0.0,-1.0,0.0));
#18657=DIRECTION('',(0.0,-1.0,0.0));
#18658=DIRECTION('',(0.0,-1.0,0.0));
#18659=DIRECTION('',(0.0,-1.0,0.0));
#18660=DIRECTION('',(0.0,-1.0,0.0));
#18661=DIRECTION('',(0.0,-1.0,-1.7763568394E-14));
#18662=DIRECTION('',(0.0,-1.0,0.0));
#18663=DIRECTION('',(0.0,-1.0,-1.7763568394E-14));
#18664=DIRECTION('',(0.0,-1.0,0.0));
#18665=DIRECTION('',(0.0,-1.0,0.0));
#18666=DIRECTION('',(0.0,-1.0,0.0));
#18667=DIRECTION('',(0.0,-1.0,0.0));
#18668=DIRECTION('',(0.0,-1.0,0.0));
#18669=DIRECTION('',(0.0,-1.0,0.0));
#18670=DIRECTION('',(0.0,-1.0,0.0));
#18671=DIRECTION('',(0.0,-1.0,0.0));
#18672=DIRECTION('',(0.0,-1.0,0.0));
#18673=DIRECTION('',(0.0,-1.0,0.0));
#18674=DIRECTION('',(0.0,-1.0,0.0));
#18675=DIRECTION('',(0.0,-1.0,0.0));
#18676=DIRECTION('',(0.0,-1.0,0.0));
#18677=DIRECTION('',(0.0,-1.0,0.0));
#18678=DIRECTION('',(0.0,-1.0,0.0));
#18679=DIRECTION('',(0.0,-1.0,0.0));
#18680=DIRECTION('',(0.0,-1.0,0.0));
#18681=DIRECTION('',(0.0,-1.0,0.0));
#18682=DIRECTION('',(0.0,-1.0,0.0));
#18683=DIRECTION('',(0.0,-1.0,0.0));
#18684=DIRECTION('',(0.0,-1.0,0.0));
#18685=DIRECTION('',(0.0,-1.0,0.0));
#18686=DIRECTION('',(0.0,-1.0,0.0));
#18687=DIRECTION('',(0.0,-1.0,0.0));
#18688=DIRECTION('',(0.0,-1.0,0.0));
#18689=DIRECTION('',(0.0,-1.0,0.0));
#18690=DIRECTION('',(0.0,-1.0,0.0));
#18691=DIRECTION('',(0.0,-1.0,0.0));
#18692=DIRECTION('',(0.0,-1.0,0.0));
#18693=DIRECTION('',(0.0,-1.0,0.0));
#18694=DIRECTION('',(0.0,-1.0,0.0));
#18695=DIRECTION('',(0.0,-1.0,0.0));
#18696=DIRECTION('',(0.0,-1.0,0.0));
#18697=DIRECTION('',(0.0,-1.0,0.0));
#18698=DIRECTION('',(0.0,-1.0,0.0));
#18699=DIRECTION('',(0.0,-1.0,0.0));
#18700=DIRECTION('',(0.0,-1.0,0.0));
#18701=DIRECTION('',(0.0,-1.0,0.0));
#18702=DIRECTION('',(0.0,-1.0,0.0));
#18703=DIRECTION('',(0.0,-1.0,0.0));
#18704=DIRECTION('',(0.0,-1.0,0.0));
#18705=DIRECTION('',(0.0,-1.0,0.0));
#18706=DIRECTION('',(0.0,-1.0,0.0));
#18707=DIRECTION('',(0.0,-1.0,0.0));
#18708=DIRECTION('',(0.0,-1.0,0.0));
#18709=DIRECTION('',(0.0,-1.0,0.0));
#18710=DIRECTION('',(0.0,-1.0,0.0));
#18711=DIRECTION('',(0.0,-1.0,0.0));
#18712=DIRECTION('',(0.0,-1.0,0.0));
#18713=DIRECTION('',(0.0,-1.0,0.0));
#18714=DIRECTION('',(0.0,-1.0,0.0));
#18715=DIRECTION('',(0.0,-1.0,0.0));
#18716=DIRECTION('',(0.0,-1.0,0.0));
#18717=DIRECTION('',(0.0,-1.0,0.0));
#18718=DIRECTION('',(0.0,-1.0,0.0));
#18719=DIRECTION('',(0.0,-1.0,0.0));
#18720=DIRECTION('',(0.0,-1.0,0.0));
#18721=DIRECTION('',(0.0,-1.0,0.0));
#18722=DIRECTION('',(0.0,-1.0,0.0));
#18723=DIRECTION('',(0.0,-1.0,0.0));
#18724=DIRECTION('',(0.0,-1.0,0.0));
#18725=DIRECTION('',(0.0,-1.0,0.0));
#18726=DIRECTION('',(0.0,-1.0,0.0));
#18727=DIRECTION('',(0.0,-1.0,0.0));
#18728=DIRECTION('',(0.0,-1.0,0.0));
#18729=DIRECTION('',(0.0,-1.0,0.0));
#18730=DIRECTION('',(0.0,-1.0,0.0));
#18731=DIRECTION('',(0.0,-1.0,0.0));
#18732=DIRECTION('',(0.0,-1.0,0.0));
#18733=DIRECTION('',(0.0,-1.0,0.0));
#18734=DIRECTION('',(0.0,-1.0,0.0));
#18735=DIRECTION('',(0.0,-1.0,0.0));
#18736=DIRECTION('',(0.0,-1.0,0.0));
#18737=DIRECTION('',(0.0,-1.0,0.0));
#18738=DIRECTION('',(1.33226762955E-14,-1.0,0.0));
#18739=DIRECTION('',(0.0,-1.0,1.7763568394E-14));
#18740=DIRECTION('',(0.0,-1.0,0.0));
#18741=DIRECTION('',(0.0,-1.0,0.0));
#18742=DIRECTION('',(0.0,-1.0,0.0));
#18743=DIRECTION('',(0.0,-1.0,0.0));
#18744=DIRECTION('',(0.0,-1.0,0.0));
#18745=DIRECTION('',(0.0,-1.0,0.0));
#18746=DIRECTION('',(0.0,-1.0,0.0));
#18747=DIRECTION('',(0.0,-1.0,0.0));
#18748=DIRECTION('',(0.0,-1.0,0.0));
#18749=DIRECTION('',(0.0,-1.0,0.0));
#18750=DIRECTION('',(0.0,-1.0,0.0));
#18751=DIRECTION('',(0.0,-1.0,0.0));
#18752=DIRECTION('',(0.0,-1.0,0.0));
#18753=DIRECTION('',(0.0,-1.0,0.0));
#18754=DIRECTION('',(0.0,-1.0,0.0));
#18755=DIRECTION('',(0.0,-1.0,0.0));
#18756=DIRECTION('',(0.0,-1.0,1.7763568394E-14));
#18757=DIRECTION('',(0.0,-1.0,1.7763568394E-14));
#18758=DIRECTION('',(0.0,-1.0,0.0));
#18759=DIRECTION('',(0.0,-1.0,1.7763568394E-14));
#18760=DIRECTION('',(0.0,-1.0,0.0));
#18761=DIRECTION('',(0.0,-1.0,0.0));
#18762=DIRECTION('',(0.0,-1.0,0.0));
#18763=DIRECTION('',(0.0,-1.0,0.0));
#18764=DIRECTION('',(0.0,-1.0,0.0));
#18765=DIRECTION('',(1.01307850997E-14,-1.0,0.0));
#18766=DIRECTION('',(0.0,-1.0,0.0));
#18767=DIRECTION('',(0.0,-1.0,0.0));
#18768=DIRECTION('',(0.0,-1.0,0.0));
#18769=DIRECTION('',(0.0,-1.0,0.0));
#18770=DIRECTION('',(0.0,-1.0,0.0));
#18771=DIRECTION('',(0.0,-1.0,0.0));
#18772=DIRECTION('',(0.0,-1.0,0.0));
#18773=DIRECTION('',(0.0,-1.0,0.0));
#18774=DIRECTION('',(0.0,-1.0,0.0));
#18775=DIRECTION('',(0.0,-1.0,0.0));
#18776=DIRECTION('',(0.0,-1.0,0.0));
#18777=DIRECTION('',(0.0,-1.0,0.0));
#18778=DIRECTION('',(0.0,-1.0,0.0));
#18779=DIRECTION('',(0.0,-1.0,0.0));
#18780=DIRECTION('',(0.0,-1.0,0.0));
#18781=DIRECTION('',(0.0,-1.0,0.0));
#18782=DIRECTION('',(0.0,-1.0,0.0));
#18783=DIRECTION('',(0.0,-1.0,0.0));
#18784=DIRECTION('',(0.0,-1.0,0.0));
#18785=DIRECTION('',(0.0,-1.0,1.7763568394E-14));
#18786=DIRECTION('',(0.0,-1.0,0.0));
#18787=DIRECTION('',(0.0,-1.0,0.0));
#18788=DIRECTION('',(0.0,-1.0,0.0));
#18789=DIRECTION('',(0.0,-1.0,0.0));
#18790=DIRECTION('',(0.0,-1.0,0.0));
#18791=DIRECTION('',(0.0,-1.0,0.0));
#18792=DIRECTION('',(0.0,-1.0,0.0));
#18793=DIRECTION('',(0.0,-1.0,0.0));
#18794=DIRECTION('',(0.0,-1.0,0.0));
#18795=DIRECTION('',(-1.020017403874E-14,-1.0,0.0));
#18796=DIRECTION('',(0.0,-1.0,0.0));
#18797=DIRECTION('',(0.0,-1.0,0.0));
#18798=DIRECTION('',(0.0,-1.0,0.0));
#18799=DIRECTION('',(0.0,-1.0,0.0));
#18800=DIRECTION('',(0.0,-1.0,0.0));
#18801=DIRECTION('',(0.0,-1.0,0.0));
#18802=DIRECTION('',(0.0,-1.0,0.0));
#18803=DIRECTION('',(0.0,-1.0,0.0));
#18804=DIRECTION('',(0.0,-1.0,0.0));
#18805=DIRECTION('',(0.0,-1.0,0.0));
#18806=DIRECTION('',(1.08246744901E-14,-1.0,0.0));
#18807=DIRECTION('',(0.0,-1.0,0.0));
#18808=DIRECTION('',(0.0,-1.0,0.0));
#18809=DIRECTION('',(0.0,-1.0,0.0));
#18810=DIRECTION('',(0.0,-1.0,0.0));
#18811=DIRECTION('',(0.0,-1.0,0.0));
#18812=DIRECTION('',(0.0,-1.0,0.0));
#18813=DIRECTION('',(0.0,-1.0,0.0));
#18814=DIRECTION('',(0.0,-1.0,0.0));
#18815=DIRECTION('',(0.0,-1.0,0.0));
#18816=DIRECTION('',(0.0,-1.0,0.0));
#18817=DIRECTION('',(0.0,-1.0,0.0));
#18818=DIRECTION('',(0.0,-1.0,0.0));
#18819=DIRECTION('',(0.0,-1.0,0.0));
#18820=DIRECTION('',(0.0,-1.0,0.0));
#18821=DIRECTION('',(0.0,-1.0,0.0));
#18822=DIRECTION('',(0.0,-1.0,0.0));
#18823=DIRECTION('',(0.0,-1.0,0.0));
#18824=DIRECTION('',(0.0,-1.0,0.0));
#18825=DIRECTION('',(0.0,-1.0,0.0));
#18826=DIRECTION('',(0.0,-1.0,-1.7763568394E-14));
#18827=DIRECTION('',(0.0,-1.0,0.0));
#18828=DIRECTION('',(0.0,-1.0,0.0));
#18829=DIRECTION('',(0.0,-1.0,0.0));
#18830=DIRECTION('',(0.0,-1.0,0.0));
#18831=DIRECTION('',(0.0,-1.0,0.0));
#18832=DIRECTION('',(0.0,-1.0,0.0));
#18833=DIRECTION('',(0.0,-1.0,0.0));
#18834=DIRECTION('',(0.0,-1.0,0.0));
#18835=DIRECTION('',(0.0,-1.0,0.0));
#18836=DIRECTION('',(0.0,-1.0,0.0));
#18837=DIRECTION('',(0.0,-1.0,0.0));
#18838=DIRECTION('',(0.0,-1.0,0.0));
#18839=DIRECTION('',(0.0,-1.0,0.0));
#18840=DIRECTION('',(0.0,-1.0,0.0));
#18841=DIRECTION('',(0.0,-1.0,0.0));
#18842=DIRECTION('',(0.0,-1.0,0.0));
#18843=DIRECTION('',(0.0,-1.0,0.0));
#18844=DIRECTION('',(0.0,-1.0,0.0));
#18845=DIRECTION('',(0.0,-1.0,0.0));
#18846=DIRECTION('',(0.0,-1.0,0.0));
#18847=DIRECTION('',(0.0,-1.0,0.0));
#18848=DIRECTION('',(0.0,-1.0,0.0));
#18849=DIRECTION('',(0.0,-1.0,0.0));
#18850=DIRECTION('',(0.0,-1.0,0.0));
#18851=DIRECTION('',(0.0,-1.0,0.0));
#18852=DIRECTION('',(0.0,-1.0,-1.7763568394E-14));
#18853=DIRECTION('',(0.0,-1.0,0.0));
#18854=DIRECTION('',(0.0,-1.0,0.0));
#18855=DIRECTION('',(0.0,-1.0,0.0));
#18856=DIRECTION('',(0.0,-1.0,0.0));
#18857=DIRECTION('',(-1.020017403874E-14,-1.0,0.0));
#18858=DIRECTION('',(0.0,-1.0,0.0));
#18859=DIRECTION('',(0.0,-1.0,0.0));
#18860=DIRECTION('',(1.026956297778E-14,-1.0,0.0));
#18861=DIRECTION('',(0.0,-1.0,0.0));
#18862=DIRECTION('',(0.0,-1.0,0.0));
#18863=DIRECTION('',(0.0,-1.0,0.0));
#18864=DIRECTION('',(1.165734175856E-14,-1.0,0.0));
#18865=DIRECTION('',(0.0,-1.0,0.0));
#18866=DIRECTION('',(0.0,-1.0,0.0));
#18867=DIRECTION('',(0.0,-1.0,0.0));
#18868=DIRECTION('',(0.0,-1.0,3.5527136788E-14));
#18869=DIRECTION('',(1.831867990631E-14,-1.0,0.0));
#18870=DIRECTION('',(0.0,-1.0,0.0));
#18871=DIRECTION('',(0.0,-1.0,0.0));
#18872=DIRECTION('',(0.0,-1.0,0.0));
#18873=DIRECTION('',(0.0,-1.0,0.0));
#18874=DIRECTION('',(0.0,-1.0,0.0));
#18875=DIRECTION('',(0.0,-1.0,0.0));
#18876=DIRECTION('',(0.0,-1.0,0.0));
#18877=DIRECTION('',(0.0,-1.0,0.0));
#18878=DIRECTION('',(0.0,-1.0,5.329070518201E-14));
#18879=DIRECTION('',(1.831867990631E-14,-1.0,0.0));
#18880=DIRECTION('',(0.0,-1.0,0.0));
#18881=DIRECTION('',(0.0,-1.0,0.0));
#18882=DIRECTION('',(0.0,-1.0,0.0));
#18883=DIRECTION('',(0.0,-1.0,0.0));
#18884=DIRECTION('',(0.0,-1.0,0.0));
#18885=DIRECTION('',(0.0,-1.0,0.0));
#18886=DIRECTION('',(0.0,-1.0,0.0));
#18887=DIRECTION('',(0.0,-1.0,0.0));
#18888=DIRECTION('',(0.0,-1.0,0.0));
#18889=DIRECTION('',(0.0,-1.0,0.0));
#18890=DIRECTION('',(0.0,-1.0,0.0));
#18891=DIRECTION('',(0.0,-1.0,0.0));
#18892=DIRECTION('',(0.0,-1.0,0.0));
#18893=DIRECTION('',(0.0,-1.0,0.0));
#18894=DIRECTION('',(0.0,-1.0,0.0));
#18895=DIRECTION('',(0.0,-1.0,0.0));
#18896=DIRECTION('',(0.0,-1.0,0.0));
#18897=DIRECTION('',(0.0,-1.0,0.0));
#18898=DIRECTION('',(0.0,-1.0,0.0));
#18899=DIRECTION('',(0.0,-1.0,0.0));
#18900=DIRECTION('',(0.0,-1.0,0.0));
#18901=DIRECTION('',(0.0,-1.0,-1.7763568394E-14));
#18902=DIRECTION('',(0.0,-1.0,0.0));
#18903=DIRECTION('',(0.0,-1.0,0.0));
#18904=DIRECTION('',(0.0,-1.0,0.0));
#18905=DIRECTION('',(0.0,-1.0,0.0));
#18906=DIRECTION('',(0.0,-1.0,0.0));
#18907=DIRECTION('',(0.0,-1.0,0.0));
#18908=DIRECTION('',(0.0,-1.0,-1.7763568394E-14));
#18909=DIRECTION('',(0.0,-1.0,0.0));
#18910=DIRECTION('',(0.0,-1.0,0.0));
#18911=DIRECTION('',(0.0,-1.0,0.0));
#18912=DIRECTION('',(0.0,-1.0,0.0));
#18913=DIRECTION('',(0.0,-1.0,0.0));
#18914=DIRECTION('',(0.0,-1.0,0.0));
#18915=DIRECTION('',(1.054711873394E-14,-1.0,0.0));
#18916=DIRECTION('',(0.0,-1.0,0.0));
#18917=DIRECTION('',(0.0,-1.0,0.0));
#18918=DIRECTION('',(0.0,-1.0,0.0));
#18919=DIRECTION('',(0.0,-1.0,-1.7763568394E-14));
#18920=DIRECTION('',(0.0,-1.0,3.5527136788E-14));
#18921=DIRECTION('',(0.0,-1.0,0.0));
#18922=DIRECTION('',(0.0,-1.0,0.0));
#18923=DIRECTION('',(-1.304512053935E-14,-1.0,0.0));
#18924=DIRECTION('',(0.0,-1.0,0.0));
#18925=DIRECTION('',(0.0,-1.0,0.0));
#18926=DIRECTION('',(2.192690473635E-14,-1.0,-1.7763568394E-14));
#18927=DIRECTION('',(0.0,-1.0,0.0));
#18928=DIRECTION('',(0.0,-1.0,0.0));
#18929=DIRECTION('',(0.0,-1.0,0.0));
#18930=DIRECTION('',(0.0,-1.0,0.0));
#18931=DIRECTION('',(0.0,-1.0,0.0));
#18932=DIRECTION('',(0.0,-1.0,0.0));
#18933=DIRECTION('',(0.0,-1.0,0.0));
#18934=DIRECTION('',(0.0,-1.0,0.0));
#18935=DIRECTION('',(0.0,-1.0,0.0));
#18936=DIRECTION('',(0.0,-1.0,0.0));
#18937=DIRECTION('',(0.0,-1.0,0.0));
#18938=DIRECTION('',(0.0,-1.0,0.0));
#18939=DIRECTION('',(0.0,-1.0,0.0));
#18940=DIRECTION('',(0.0,-1.0,0.0));
#18941=DIRECTION('',(0.0,-1.0,0.0));
#18942=DIRECTION('',(0.0,-1.0,0.0));
#18943=DIRECTION('',(0.0,-1.0,0.0));
#18944=DIRECTION('',(0.0,-1.0,0.0));
#18945=DIRECTION('',(0.0,-1.0,0.0));
#18946=DIRECTION('',(0.0,-1.0,0.0));
#18947=DIRECTION('',(0.0,-1.0,0.0));
#18948=DIRECTION('',(0.0,-1.0,0.0));
#18949=DIRECTION('',(0.0,-1.0,0.0));
#18950=DIRECTION('',(0.0,-1.0,0.0));
#18951=DIRECTION('',(0.0,-1.0,0.0));
#18952=DIRECTION('',(1.054711873394E-14,-1.0,0.0));
#18953=DIRECTION('',(0.0,-1.0,0.0));
#18954=DIRECTION('',(0.0,-1.0,0.0));
#18955=DIRECTION('',(0.0,-1.0,0.0));
#18956=DIRECTION('',(0.0,-1.0,0.0));
#18957=DIRECTION('',(0.0,-1.0,0.0));
#18958=DIRECTION('',(0.0,-1.0,0.0));
#18959=DIRECTION('',(0.0,-1.0,0.0));
#18960=DIRECTION('',(0.0,-1.0,0.0));
#18961=DIRECTION('',(0.0,-1.0,5.329070518201E-14));
#18962=DIRECTION('',(0.0,-1.0,0.0));
#18963=DIRECTION('',(0.0,-1.0,0.0));
#18964=DIRECTION('',(0.0,-1.0,-5.329070518201E-14));
#18965=DIRECTION('',(0.0,-1.0,0.0));
#18966=DIRECTION('',(0.0,-1.0,0.0));
#18967=DIRECTION('',(0.0,-1.0,0.0));
#18968=DIRECTION('',(0.0,-1.0,0.0));
#18969=DIRECTION('',(0.0,-1.0,0.0));
#18970=DIRECTION('',(0.0,-1.0,0.0));
#18971=DIRECTION('',(0.0,-1.0,0.0));
#18972=DIRECTION('',(0.0,-1.0,0.0));
#18973=DIRECTION('',(0.0,-1.0,0.0));
#18974=DIRECTION('',(0.0,-1.0,0.0));
#18975=DIRECTION('',(0.0,-1.0,0.0));
#18976=DIRECTION('',(0.0,-1.0,0.0));
#18977=DIRECTION('',(0.0,-1.0,0.0));
#18978=DIRECTION('',(0.0,-1.0,0.0));
#18979=DIRECTION('',(0.0,-1.0,0.0));
#18980=DIRECTION('',(1.054711873394E-14,-1.0,0.0));
#18981=DIRECTION('',(0.0,-1.0,0.0));
#18982=DIRECTION('',(0.0,-1.0,0.0));
#18983=DIRECTION('',(1.026956297778E-14,-1.0,0.0));
#18984=DIRECTION('',(1.054711873394E-14,-1.0,0.0));
#18985=DIRECTION('',(0.0,-1.0,0.0));
#18986=DIRECTION('',(0.0,-1.0,0.0));
#18987=DIRECTION('',(0.0,-1.0,0.0));
#18988=DIRECTION('',(0.0,-1.0,0.0));
#18989=DIRECTION('',(0.0,-1.0,0.0));
#18990=DIRECTION('',(0.0,-1.0,0.0));
#18991=DIRECTION('',(0.0,-1.0,0.0));
#18992=DIRECTION('',(0.0,-1.0,0.0));
#18993=DIRECTION('',(0.0,-1.0,0.0));
#18994=DIRECTION('',(0.0,-1.0,0.0));
#18995=DIRECTION('',(1.193489751472E-14,-1.0,0.0));
#18996=DIRECTION('',(0.0,-1.0,0.0));
#18997=DIRECTION('',(0.0,-1.0,0.0));
#18998=DIRECTION('',(0.0,-1.0,0.0));
#18999=DIRECTION('',(0.0,-1.0,0.0));
#19000=DIRECTION('',(0.0,-1.0,0.0));
#19001=DIRECTION('',(0.0,-1.0,0.0));
#19002=DIRECTION('',(0.0,-1.0,0.0));
#19003=DIRECTION('',(0.0,-1.0,0.0));
#19004=DIRECTION('',(0.0,-1.0,0.0));
#19005=DIRECTION('',(0.0,-1.0,0.0));
#19006=DIRECTION('',(0.0,-1.0,0.0));
#19007=DIRECTION('',(0.0,-1.0,0.0));
#19008=DIRECTION('',(0.0,-1.0,0.0));
#19009=DIRECTION('',(0.0,-1.0,0.0));
#19010=DIRECTION('',(0.0,-1.0,0.0));
#19011=DIRECTION('',(0.0,-1.0,0.0));
#19012=DIRECTION('',(0.0,-1.0,0.0));
#19013=DIRECTION('',(0.0,-1.0,0.0));
ENDSEC;
END-ISO-10303-21;
