edge_index,raw_timer_ticks,monotonic_timestamp_us
0,910608,0
1,1599160,688552
2,2186752,1276144
3,3527496,2616888
4,5089848,4179240
5,7397892,6487284
6,9127060,8216452
7,15445336,14534728
8,23159040,22248432
9,25541376,24630768
10,42778428,41867820
11,45260232,44349624
12,47273992,46363384
13,49716504,48805896
14,50978888,50068280
15,54570744,53660136
16,60777976,59867368
17,60970744,60060136
18,62317052,61406444
19,62418444,61507836
20,65350828,64440220
21,65425528,64514920
22,70987004,70076396
23,76291212,75380604
24,76796152,75885544
25,85268732,84358124
26,85901416,84990808
27,88164812,87254204
28,94730732,93820124
29,96553900,95643292
30,110556268,109645660
31,110672764,109762156
32,114539512,113628904
33,115258896,114348288
34,116608000,115697392
35,117782880,116872272
36,120124028,119213420
37,120176180,119265572
38,127605700,126695092
39,134255408,133344800
40,134849552,133938944
41,137166496,136255888
42,150170068,149259460
43,151494904,150584296
44,156725064,155814456
45,158827308,157916700
46,165710188,164799580
47,167726740,166816132
48,171623916,170713308
49,173559932,172649324
50,175829552,174918944
51,176459160,175548552
52,182957828,182047220
53,191869216,190958608
54,192019424,191108816
55,193090140,192179532
56,201482756,200572148
57,201507448,200596840
58,202226376,201315768
59,205240844,204330236
60,214753104,213842496
61,217256684,216346076
62,222849332,221938724
63,224480368,223569760
64,231730476,230819868
65,232501528,231590920
66,234863412,233952804
67,245735104,244824496
68,250001704,249091096
69,252123108,251212500
70,265730316,264819708
71,268179948,267269340
72,273633380,272722772
73,276678092,275767484
74,276840324,275929716
75,278107172,277196564
76,292829772,291919164
77,294687156,293776548
78,296304620,295394012
79,297445108,296534500
80,300897864,299987256
81,301375956,300465348
82,312640208,311729600
83,313674456,312763848
84,314748944,313838336
85,316742296,315831688
86,320686552,319775944
87,321903580,320992972
88,329079048,328168440
89,329093452,328182844
90,332341720,331431112
91,333619008,332708400
92,335407380,334496772
93,340353064,339442456
94,344510412,343599804
95,347085584,346174976
96,347199320,346288712
97,352797592,351886984
98,358168708,357258100
99,360059080,359148472
100,361339408,360428800
101,364506512,363595904
102,365413928,364503320
103,369122760,368212152
104,370787432,369876824
105,374358532,373447924
106,376997540,376086932
107,381611520,380700912
108,385936872,385026264
109,387363472,386452864
110,393404564,392493956
111,397913968,397003360
112,398508856,397598248
113,399173488,398262880
114,401061544,400150936
115,404421080,403510472
116,414526620,413616012
117,417969452,417058844
118,418770148,417859540
119,426572132,425661524
120,429471356,428560748
121,432199092,431288484
122,434581040,433670432
123,435760600,434849992
124,442120112,441209504
125,448128716,447218108
126,449707096,448796488
127,453139444,452228836
128,462648308,461737700
129,463802376,462891768
130,468948244,468037636
131,471905560,470994952
132,483723460,482812852
133,486850436,485939828
134,496637464,495726856
135,496706592,495795984
136,506705104,505794496
137,533872616,532962008
138,535105120,534194512
139,541792880,540882272
140,542415012,541504404
141,544317712,543407104
142,545077372,544166764
143,546729744,545819136
144,552797036,551886428
145,552996400,552085792
146,554243420,553332812
147,564869948,563959340
148,567512064,566601456
149,570959904,570049296
150,577503480,576592872
151,580662228,579751620
152,580844724,579934116
153,585897284,584986676
154,590947328,590036720
155,591736300,590825692
156,598811936,597901328
157,601182992,600272384
158,605094484,604183876
159,607236120,606325512
160,615146808,614236200
161,619423120,618512512
162,619602648,618692040
163,624375228,623464620
164,624923016,624012408
165,625721156,624810548
166,631529740,630619132
167,633500900,632590292
168,637098932,636188324
169,638912952,638002344
170,638917504,638006896
171,640160652,639250044
172,645512200,644601592
173,652440744,651530136
174,658188864,657278256
175,660264980,659354372
176,662240732,661330124
177,662307156,661396548
178,671212880,670302272
179,673861300,672950692
180,682045620,681135012
181,682356032,681445424
182,683041560,682130952
183,690481672,689571064
184,695085924,694175316
185,697027748,696117140
186,697653844,696743236
187,711091560,710180952
188,711467676,710557068
189,714048720,713138112
190,718682360,717771752
191,723143432,722232824
192,723794748,722884140
193,727938992,727028384
194,734718588,733807980
195,739703832,738793224
196,740080660,739170052
197,740947028,740036420
198,742421336,741510728
199,744483520,743572912
200,755706716,754796108
201,758696968,757786360
202,771932168,771021560
203,772560532,771649924
204,772690668,771780060
205,774451044,773540436
206,779986224,779075616
207,783151612,782241004
208,784955944,784045336
209,785243428,784332820
210,786041840,785131232
211,793881612,792971004
212,802566452,801655844
213,804419616,803509008
214,806214876,805304268
215,808914588,808003980
216,810523668,809613060
217,815489908,814579300
218,816118560,815207952
219,816326472,815415864
220,820392588,819481980
221,821881328,820970720
222,821927680,821017072
223,822179368,821268760
224,827965696,827055088
225,828717552,827806944
226,829724192,828813584
227,832093668,831183060
228,841290524,840379916
229,843294908,842384300
230,848574948,847664340
231,848944692,848034084
232,850257840,849347232
233,850728308,849817700
234,851134312,850223704
235,852262664,851352056
236,855337912,854427304
237,860779984,859869376
238,862892788,861982180
239,862997344,862086736
240,866052800,865142192
241,866217676,865307068
242,866649980,865739372
243,870696460,869785852
244,872213204,871302596
245,885495924,884585316
246,886844380,885933772
247,887775680,886865072
248,890135480,889224872
249,890642864,889732256
250,892779220,891868612
251,894694080,893783472
252,904846620,903936012
253,909240872,908330264
254,911499412,910588804
255,913823600,912912992
256,920172664,919262056
257,921672964,920762356
258,921786136,920875528
259,924041040,923130432
260,924547144,923636536
261,927104064,926193456
262,929012356,928101748
263,932378772,931468164
264,939437584,938526976
265,942077712,941167104
266,943144152,942233544
267,948407500,947496892
268,954275688,953365080
269,955464392,954553784
270,955928252,955017644
271,961518744,960608136
272,977758464,976847856
273,980471148,979560540
274,980643372,979732764
275,985956640,985046032
276,987669928,986759320
277,988249996,987339388
278,992440028,991529420
279,1005674988,1004764380
280,1006942952,1006032344
281,1020122652,1019212044
282,1025070816,1024160208
283,1025576284,1024665676
284,1039594412,1038683804
285,1044580252,1043669644
286,1049517312,1048606704
287,1055405736,1054495128
288,1067613492,1066702884
289,1070059044,1069148436
290,1071445008,1070534400
291,1086335740,1085425132
292,1088845956,1087935348
293,1092635844,1091725236
294,1092672240,1091761632
295,1113022520,1112111912
296,1114387372,1113476764
297,1114820544,1113909936
298,1123381964,1122471356
299,1123758380,1122847772
300,1128599688,1127689080
301,1130108544,1129197936
302,1130230760,1129320152
303,1133544024,1132633416
304,1137766264,1136855656
305,1140421860,1139511252
306,1140884540,1139973932
307,1145785428,1144874820
308,1148527512,1147616904
309,1150946836,1150036228
310,1164080732,1163170124
311,1165617648,1164707040
312,1172583556,1171672948
313,1173585040,1172674432
314,1182007140,1181096532
315,1183682496,1182771888
316,1193229792,1192319184
317,1194020112,1193109504
318,1194667420,1193756812
319,1195934568,1195023960
320,1196179900,1195269292
321,1197942368,1197031760
322,1198436980,1197526372
323,1207390496,1206479888
324,1208362296,1207451688
325,1211517608,1210607000
326,1212929904,1212019296
327,1214682488,1213771880
328,1225677160,1224766552
329,1251301056,1250390448
330,1252788728,1251878120
331,1256254600,1255343992
332,1256736304,1255825696
333,1258267824,1257357216
334,1259420148,1258509540
335,1259558020,1258647412
336,1265747596,1264836988
337,1267510976,1266600368
338,1274329444,1273418836
339,1284208052,1283297444
340,1288203488,1287292880
341,1289625836,1288715228
342,1289989008,1289078400
343,1293871488,1292960880
344,1300388680,1299478072
345,1300722964,1299812356
346,1300831116,1299920508
347,1303677640,1302767032
348,1308111788,1307201180
349,1316989032,1316078424
350,1317065052,1316154444
351,1322001012,1321090404
352,1330600040,1329689432
353,1338290096,1337379488
354,1338723068,1337812460
355,1342266240,1341355632
356,1349891488,1348980880
357,1352012284,1351101676
358,1352524544,1351613936
359,1354791780,1353881172
360,1356112896,1355202288
361,1357844992,1356934384
362,1357955356,1357044748
363,1359218964,1358308356
364,1362806416,1361895808
365,1362972868,1362062260
366,1366253560,1365342952
367,1376865696,1375955088
368,1379717172,1378806564
369,1382277472,1381366864
370,1383112792,1382202184
371,1391329312,1390418704
372,1393389196,1392478588
373,1399430732,1398520124
374,1399482004,1398571396
375,1402002640,1401092032
376,1402853060,1401942452
377,1408521456,1407610848
378,1410856104,1409945496
379,1413732012,1412821404
380,1417765580,1416854972
381,1417963024,1417052416
382,1420973260,1420062652
383,1432377976,1431467368
384,1439520800,1438610192
385,1440721572,1439810964
386,1441852324,1440941716
387,1445824752,1444914144
388,1446995396,1446084788
389,1450989304,1450078696
390,1451698376,1450787768
391,1454119024,1453208416
392,1455757276,1454846668
393,1455900256,1454989648
394,1461296388,1460385780
395,1461596984,1460686376
396,1462964016,1462053408
397,1466166384,1465255776
398,1466478924,1465568316
399,1472375548,1471464940
400,1476421616,1475511008
401,1476732704,1475822096
402,1479313376,1478402768
403,1489408316,1488497708
404,1491414912,1490504304
405,1491860284,1490949676
406,1493332096,1492421488
407,1494264176,1493353568
408,1499193112,1498282504
409,1513235064,1512324456
410,1518205620,1517295012
411,1519114868,1518204260
412,1520981788,1520071180
413,1524367036,1523456428
414,1525485620,1524575012
415,1527059708,1526149100
416,1527218352,1526307744
417,1528138572,1527227964
418,1547894860,1546984252
419,1549608292,1548697684
420,1551692024,1550781416
421,1552939564,1552028956
422,1559774928,1558864320
423,1569293548,1568382940
424,1572252788,1571342180
425,1576020940,1575110332
426,1576917880,1576007272
427,1579859228,1578948620
428,1581825208,1580914600
429,1583539812,1582629204
430,1592051456,1591140848
431,1594629196,1593718588
432,1596434764,1595524156
433,1600756160,1599845552
434,1606358560,1605447952
435,1607380016,1606469408
436,1608980944,1608070336
437,1610667752,1609757144
438,1613902484,1612991876
439,1618705308,1617794700
440,1618851928,1617941320
441,1619333728,1618423120
442,1623966860,1623056252
443,1629402392,1628491784
444,1647922960,1647012352
445,1652950676,1652040068
446,1653194372,1652283764
447,1657374612,1656464004
448,1659461208,1658550600
449,1660806856,1659896248
450,1664766232,1663855624
451,1667864160,1666953552
452,1669596624,1668686016
453,1672481396,1671570788
454,1676928096,1676017488
455,1681134180,1680223572
456,1681682624,1680772016
457,1684734104,1683823496
458,1688366924,1687456316
459,1689723900,1688813292
460,1691377168,1690466560
461,1696360528,1695449920
462,1696971080,1696060472
463,1697085704,1696175096
464,1702280392,1701369784
465,1703308984,1702398376
466,1705964084,1705053476
467,1706568660,1705658052
468,1707014672,1706104064
469,1708631064,1707720456
470,1709605064,1708694456
471,1720508796,1719598188
472,1721860396,1720949788
473,1725045960,1724135352
474,1728856988,1727946380
475,1735314608,1734404000
476,1742586684,1741676076
477,1744116956,1743206348
478,1744665504,1743754896
479,1744916580,1744005972
480,1749156252,1748245644
481,1755948084,1755037476
482,1757662024,1756751416
483,1759220272,1758309664
484,1764043340,1763132732
485,1766082036,1765171428
486,1769756644,1768846036
487,1774478364,1773567756
488,1774752868,1773842260
489,1781948856,1781038248
490,1787144824,1786234216
491,1787200068,1786289460
492,1790677332,1789766724
493,1792361624,1791451016
494,1795467996,1794557388
495,1797693220,1796782612
496,1805256072,1804345464
497,1807142660,1806232052
498,1809359628,1808449020
499,1812246112,1811335504
500,1812814632,1811904024
501,1817010496,1816099888
502,1819199292,1818288684
503,1826831848,1825921240
504,1827256768,1826346160
505,1833316984,1832406376
506,1833832496,1832921888
507,1840240944,1839330336
508,1841715088,1840804480
509,1842743276,1841832668
510,1848833068,1847922460
511,1849048120,1848137512
512,1855320392,1854409784
513,1855783768,1854873160
514,1860902500,1859991892
515,1871508404,1870597796
516,1873530128,1872619520
517,1875472192,1874561584
518,1903072188,1902161580
519,1904404832,1903494224
520,1905238052,1904327444
521,1905512860,1904602252
522,1906761632,1905851024
523,1914187940,1913277332
524,1915135088,1914224480
525,1921711092,1920800484
526,1924126384,1923215776
527,1935266100,1934355492
528,1938164136,1937253528
529,1938281852,1937371244
530,1938308032,1937397424
531,1938664556,1937753948
532,1939205024,1938294416
533,1944147048,1943236440
534,1948067812,1947157204
535,1948309624,1947399016
536,1956939588,1956028980
537,1958866680,1957956072
538,1965533372,1964622764
539,1971109696,1970199088
540,1974052952,1973142344
541,1981576396,1980665788
542,1982323472,1981412864
543,1982705612,1981795004
544,1984851188,1983940580
545,1988096648,1987186040
546,1993263720,1992353112
547,1993815796,1992905188
548,2001443604,2000532996
549,2003421364,2002510756
550,2003782608,2002872000
551,2004958216,2004047608
552,2005784500,2004873892
553,2012947180,2012036572
554,2018383768,2017473160
555,2020115604,2019204996
556,2024600348,2023689740
557,2036439980,2035529372
558,2039458504,2038547896
559,2040461308,2039550700
560,2048993860,2048083252
561,2050597512,2049686904
562,2052691324,2051780716
563,2056784168,2055873560
564,2057113244,2056202636
565,2066847368,2065936760
566,2069337808,2068427200
567,2085111252,2084200644
568,2088479152,2087568544
569,2105228232,2104317624
570,2107211028,2106300420
571,2116333628,2115423020
572,2117739228,2116828620
573,2127935152,2127024544
574,2134313964,2133403356
575,2134624992,2133714384
576,2135787424,2134876816
577,2138793240,2137882632
578,2141366664,2140456056
579,2142371136,2141460528
580,2142436976,2141526368
581,2157426052,2156515444
582,2159961780,2159051172
583,2160769972,2159859364
584,2161498912,2160588304
585,2165604672,2164694064
586,2174790960,2173880352
587,2179909588,2178998980
588,2181434072,2180523464
589,2189298648,2188388040
590,2190577416,2189666808
591,2194189200,2193278592
592,2197280808,2196370200
593,2197833644,2196923036
594,2199131192,2198220584
595,2202307464,2201396856
596,2213505404,2212594796
597,2217888956,2216978348
598,2220465952,2219555344
599,2220976408,2220065800
600,2222556236,2221645628
601,2232670600,2231759992
602,2233493636,2232583028
603,2237325292,2236414684
604,2239605788,2238695180
605,2239825384,2238914776
606,2243575296,2242664688
607,2243687064,2242776456
608,2248374296,2247463688
609,2255092716,2254182108
610,2255777952,2254867344
611,2258832796,2257922188
612,2259282968,2258372360
613,2259350016,2258439408
614,2266698704,2265788096
615,2269637576,2268726968
616,2275047836,2274137228
617,2277330144,2276419536
618,2279178380,2278267772
619,2281787300,2280876692
620,2283530220,2282619612
621,2284206184,2283295576
622,2284271208,2283360600
623,2285625632,2284715024
624,2289969092,2289058484
625,2293364184,2292453576
626,2306150732,2305240124
627,2307808592,2306897984
628,2309152360,2308241752
629,2309786068,2308875460
630,2312930136,2312019528
631,2316653516,2315742908
632,2327442956,2326532348
633,2334900232,2333989624
634,2335614084,2334703476
635,2335631780,2334721172
636,2342002448,2341091840
637,2342889256,2341978648
638,2343890992,2342980384
639,2346480984,2345570376
640,2357533600,2356622992
641,2359073924,2358163316
642,2361592980,2360682372
643,2367722044,2366811436
644,2371254544,2370343936
645,2377426172,2376515564
646,2377678952,2376768344
647,2380426204,2379515596
648,2380598972,2379688364
649,2389957384,2389046776
650,2393411740,2392501132
651,2408927468,2408016860
652,2414225940,2413315332
653,2420475332,2419564724
654,2422810112,2421899504
655,2424358308,2423447700
656,2424588684,2423678076
657,2426579604,2425668996
658,2428308496,2427397888
659,2434041200,2433130592
660,2437920952,2437010344
661,2440963392,2440052784
662,2441763584,2440852976
663,2442755468,2441844860
664,2448439756,2447529148
665,2451564240,2450653632
666,2454741576,2453830968
667,2457706716,2456796108
668,2461887372,2460976764
669,2463178524,2462267916
670,2472043692,2471133084
671,2484331640,2483421032
672,2492485508,2491574900
673,2495831456,2494920848
674,2500171464,2499260856
675,2501481508,2500570900
676,2516370788,2515460180
677,2517928640,2517018032
678,2518414744,2517504136
679,2518886776,2517976168
680,2520935312,2520024704
681,2522406520,2521495912
682,2522630620,2521720012
683,2531156284,2530245676
684,2534818920,2533908312
685,2536317988,2535407380
686,2539210536,2538299928
687,2540842864,2539932256
688,2542809832,2541899224
689,2546341712,2545431104
690,2547346492,2546435884
691,2549219776,2548309168
692,2554774580,2553863972
693,2555908872,2554998264
694,2562561384,2561650776
695,2562820656,2561910048
696,2568073236,2567162628
697,2568383996,2567473388
698,2568893316,2567982708
699,2569088720,2568178112
700,2570703552,2569792944
701,2578804356,2577893748
702,2581218476,2580307868
703,2582482892,2581572284
704,2583206344,2582295736
705,2587220380,2586309772
706,2587423064,2586512456
707,2590670900,2589760292
708,2597464564,2596553956
709,2601054580,2600143972
710,2605512080,2604601472
711,2607801904,2606891296
712,2619906096,2618995488
713,2620755416,2619844808
714,2621760484,2620849876
715,2622591268,2621680660
716,2628835840,2627925232
717,2630410784,2629500176
718,2631787780,2630877172
719,2632190940,2631280332
720,2643023956,2642113348
721,2646074624,2645164016
722,2649913764,2649003156
723,2650143068,2649232460
724,2652399220,2651488612
725,2654993696,2654083088
726,2663834104,2662923496
727,2675099656,2674189048
728,2677413504,2676502896
729,2691249692,2690339084
730,2697395496,2696484888
731,2698367820,2697457212
732,2704586224,2703675616
733,2712714744,2711804136
734,2719131208,2718220600
735,2719352620,2718442012
736,2723852048,2722941440
737,2730292308,2729381700
738,2733275244,2732364636
739,2733483844,2732573236
740,2737973372,2737062764
741,2742713300,2741802692
742,2744109448,2743198840
743,2753431188,2752520580
744,2754828488,2753917880
745,2758646380,2757735772
746,2760887468,2759976860
747,2764422116,2763511508
748,2764652816,2763742208
749,2766862460,2765951852
750,2773347096,2772436488
751,2784287256,2783376648
752,2786084180,2785173572
753,2788188984,2787278376
754,2792248368,2791337760
755,2797173852,2796263244
756,2798845160,2797934552
757,2799066612,2798156004
758,2799260900,2798350292
759,2799402820,2798492212
760,2815207080,2814296472
761,2815863084,2814952476
762,2820894128,2819983520
763,2822210648,2821300040
764,2826383476,2825472868
765,2827561664,2826651056
766,2831260028,2830349420
767,2831773960,2830863352
768,2833185676,2832275068
769,2833389804,2832479196
770,2833928504,2833017896
771,2838814864,2837904256
772,2850773260,2849862652
773,2852492536,2851581928
774,2861513224,2860602616
775,2862754960,2861844352
776,2867963752,2867053144
777,2868705012,2867794404
778,2873132260,2872221652
779,2875840292,2874929684
780,2877476716,2876566108
781,2879016296,2878105688
782,2879049368,2878138760
783,2887945264,2887034656
784,2888841588,2887930980
785,2892049380,2891138772
786,2892682048,2891771440
787,2912531804,2911621196
788,2914176992,2913266384
789,2917438472,2916527864
790,2920856412,2919945804
791,2933002092,2932091484
792,2933593264,2932682656
793,2934735568,2933824960
794,2939733732,2938823124
795,2947714616,2946804008
796,2953399484,2952488876
797,2957214988,2956304380
798,2961433200,2960522592
799,2970733764,2969823156
800,2974273808,2973363200
801,2977243980,2976333372
802,2985038624,2984128016
803,2985792364,2984881756
804,2989785020,2988874412
805,2994113664,2993203056
806,2997459296,2996548688
807,3011660676,3010750068
808,3016244124,3015333516
809,3019450756,3018540148
810,3022741788,3021831180
811,3024636720,3023726112
812,3026419152,3025508544
813,3036356420,3035445812
814,3038090528,3037179920
815,3040064572,3039153964
816,3044050336,3043139728
817,3054941368,3054030760
818,3059747736,3058837128
819,3072643504,3071732896
820,3074688384,3073777776
821,3086311764,3085401156
822,3087521496,3086610888
823,3097050480,3096139872
824,3101583528,3100672920
825,3106811856,3105901248
826,3111945036,3111034428
827,3116054448,3115143840
828,3120946600,3120035992
829,3124327724,3123417116
830,3132136252,3131225644
831,3137621056,3136710448
832,3137805868,3136895260
833,3143522004,3142611396
834,3144393244,3143482636
835,3145664792,3144754184
836,3148791100,3147880492
837,3154496268,3153585660
838,3157077864,3156167256
839,3157783600,3156872992
840,3159324312,3158413704
841,3159568272,3158657664
842,3161073288,3160162680
843,3162283256,3161372648
844,3164809364,3163898756
845,3166931792,3166021184
846,3167421908,3166511300
847,3193553576,3192642968
848,3199245456,3198334848
849,3204084012,3203173404
850,3208841872,3207931264
851,3213462320,3212551712
852,3214833020,3213922412
853,3228819692,3227909084
854,3235227508,3234316900
855,3239552320,3238641712
856,3248238132,3247327524
857,3255554332,3254643724
858,3261782912,3260872304
859,3263423008,3262512400
860,3267073884,3266163276
861,3279478500,3278567892
862,3280213572,3279302964
863,3286396740,3285486132
864,3287618916,3286708308
865,3291391512,3290480904
866,3297562320,3296651712
867,3302749968,3301839360
868,3306177732,3305267124
869,3312182396,3311271788
870,3314801940,3313891332
871,3332315208,3331404600
872,3333415644,3332505036
873,3334756092,3333845484
874,3335441628,3334531020
875,3340041860,3339131252
876,3345061036,3344150428
877,3346469016,3345558408
878,3348768360,3347857752
879,3350153968,3349243360
880,3358332392,3357421784
881,3360033832,3359123224
882,3364559776,3363649168
883,3367960256,3367049648
884,3368337332,3367426724
885,3370222364,3369311756
886,3370407120,3369496512
887,3374376424,3373465816
888,3377056936,3376146328
889,3377260644,3376350036
890,3377983752,3377073144
891,3383668888,3382758280
892,3385219804,3384309196
893,3386022804,3385112196
894,3386722820,3385812212
895,3394453992,3393543384
896,3395121472,3394210864
897,3396665244,3395754636
898,3404128248,3403217640
899,3406325828,3405415220
900,3407031044,3406120436
901,3410822836,3409912228
902,3411954056,3411043448
903,3416355888,3415445280
904,3416432860,3415522252
905,3424762644,3423852036
906,3450063480,3449152872
907,3452312676,3451402068
908,3455864364,3454953756
909,3457305824,3456395216
910,3466501652,3465591044
911,3475199976,3474289368
912,3477701404,3476790796
913,3480527940,3479617332
914,3484949632,3484039024
915,3487721832,3486811224
916,3489950100,3489039492
917,3491196540,3490285932
918,3492243624,3491333016
919,3500198452,3499287844
920,3501617892,3500707284
921,3505386724,3504476116
922,3510161180,3509250572
923,3513119744,3512209136
924,3514503168,3513592560
925,3518286276,3517375668
926,3519058488,3518147880
927,3519416252,3518505644
928,3519539644,3518629036
929,3519607620,3518697012
930,3530741844,3529831236
931,3540335472,3539424864
932,3542705720,3541795112
933,3554032084,3553121476
934,3567672780,3566762172
935,3568355636,3567445028
936,3568457728,3567547120
937,3569790044,3568879436
938,3579369400,3578458792
939,3594549324,3593638716
940,3596007852,3595097244
941,3598706740,3597796132
942,3600053056,3599142448
943,3603784528,3602873920
944,3613478480,3612567872
945,3617473556,3616562948
946,3621623120,3620712512
947,3628912196,3628001588
948,3629727168,3628816560
949,3632296760,3631386152
950,3637132020,3636221412
951,3639441212,3638530604
952,3651182392,3650271784
953,3652705380,3651794772
954,3666043268,3665132660
955,3668636168,3667725560
956,3670327668,3669417060
957,3673699396,3672788788
958,3678732616,3677822008
959,3686979208,3686068600
960,3690400412,3689489804
961,3699488492,3698577884
962,3700896804,3699986196
963,3701995216,3701084608
964,3704756156,3703845548
965,3707156984,3706246376
966,3718057848,3717147240
967,3719175420,3718264812
968,3720636400,3719725792
969,3724567564,3723656956
970,3726440332,3725529724
971,3727433892,3726523284
972,3727644384,3726733776
973,3737717432,3736806824
974,3737775412,3736864804
975,3738847436,3737936828
976,3745096020,3744185412
977,3745954500,3745043892
978,3747654364,3746743756
979,3747692816,3746782208
980,3764399820,3763489212
981,3767405912,3766495304
982,3768888476,3767977868
983,3775860332,3774949724
984,3777076476,3776165868
985,3782822800,3781912192
986,3785477712,3784567104
987,3788394436,3787483828
988,3793728184,3792817576
989,3795626312,3794715704
990,3799484328,3798573720
991,3799526652,3798616044
992,3808795704,3807885096
993,3811472236,3810561628
994,3811778888,3810868280
995,3821540096,3820629488
996,3829289660,3828379052
997,3832931140,3832020532
998,3841156288,3840245680
999,3852073468,3851162860
1000,3854095024,3853184416
1001,3855736344,3854825736
1002,3860918940,3860008332
1003,3866880392,3865969784
1004,3869241008,3868330400
1005,3881614868,3880704260
1006,3886137584,3885226976
1007,3887278800,3886368192
1008,3890436424,3889525816
1009,3890830392,3889919784
1010,3894249200,3893338592
1011,3896580308,3895669700
1012,3899250300,3898339692
1013,3899882332,3898971724
1014,3900672172,3899761564
1015,3902942932,3902032324
1016,3903329688,3902419080
1017,3911716740,3910806132
1018,3919981524,3919070916
1019,3923012404,3922101796
1020,3925060196,3924149588
1021,3927316700,3926406092
1022,3933908660,3932998052
1023,3934413672,3933503064
1024,3934895296,3933984688
1025,3936442740,3935532132
1026,3938124440,3937213832
1027,3938494356,3937583748
1028,3951877408,3950966800
1029,3960326944,3959416336
1030,3961525640,3960615032
1031,3962809920,3961899312
1032,3973950464,3973039856
1033,3974231808,3973321200
1034,3976218060,3975307452
1035,3979914416,3979003808
1036,3981392832,3980482224
1037,3984904052,3983993444
1038,3994583460,3993672852
1039,4000888580,3999977972
1040,4006601620,4005691012
1041,4011228292,4010317684
1042,4014005220,4013094612
1043,4015700796,4014790188
1044,4027961300,4027050692
1045,4031791216,4030880608
1046,4039345804,4038435196
1047,4044150124,4043239516
1048,4052795120,4051884512
1049,4055052540,4054141932
1050,4055132060,4054221452
1051,4058697768,4057787160
1052,4060556116,4059645508
1053,4067221504,4066310896
1054,4067982788,4067072180
1055,4070206800,4069296192
1056,4071250968,4070340360
1057,4073388612,4072478004
1058,4073770156,4072859548
1059,4074950336,4074039728
1060,4075073504,4074162896
1061,4097434836,4096524228
1062,4097439568,4096528960
1063,4099553996,4098643388
1064,4099681916,4098771308
1065,4113212136,4112301528
1066,4115005288,4114094680
1067,4116399252,4115488644
1068,4117827116,4116916508
1069,4120980936,4120070328
1070,4127104136,4126193528
1071,4128057904,4127147296
1072,4129051744,4128141136
1073,4133964772,4133054164
1074,4137768588,4136857980
1075,4140972584,4140061976
1076,4149027584,4148116976
1077,4150564116,4149653508
1078,4156760872,4155850264
1079,4163915456,4163004848
1080,4167424412,4166513804
1081,4171384532,4170473924
1082,4171726384,4170815776
1083,4172140840,4171230232
1084,4177782752,4176872144
1085,4182492392,4181581784
1086,4182654292,4181743684
1087,4189111792,4188201184
1088,4193998868,4193088260
1089,4196998892,4196088284
1090,4197646456,4196735848
1091,4200593652,4199683044
1092,4200743480,4199832872
1093,4200947924,4200037316
1094,4211415812,4210505204
1095,4219547412,4218636804
1096,4221134632,4220224024
1097,4224962220,4224051612
1098,4230556508,4229645900
1099,4230758544,4229847936
1100,4231307020,4230396412
1101,4232829800,4231919192
1102,4237070388,4236159780
1103,4237418604,4236507996
1104,4241557580,4240646972
1105,4245508012,4244597404
1106,4259925996,4259015388
1107,4265900836,4264990228
1108,4266281912,4265371304
1109,4268317180,4267406572
1110,4271842528,4270931920
1111,4275134460,4274223852
1112,4276037728,4275127120
1113,4284049712,4283139104
1114,4287720016,4286809408
1115,4293337124,4292426516
1116,695596,4294752284
1117,6568032,4300624720
1118,7794776,4301851464
1119,12177928,4306234616
1120,28913708,4322970396
1121,48315584,4342372272
1122,49369488,4343426176
1123,52759892,4346816580
1124,54914292,4348970980
1125,65470224,4359526912
1126,71952148,4366008836
1127,73450412,4367507100
1128,73716660,4367773348
1129,78691068,4372747756
1130,79395620,4373452308
1131,79620408,4373677096
1132,81230480,4375287168
1133,88330172,4382386860
1134,91125880,4385182568
1135,91753656,4385810344
1136,92398600,4386455288
1137,96389132,4390445820
1138,97840556,4391897244
1139,99043036,4393099724
1140,100978300,4395034988
1141,102787844,4396844532
1142,109271500,4403328188
1143,125004656,4419061344
1144,127420884,4421477572
1145,130734368,4424791056
1146,130833136,4424889824
1147,133377640,4427434328
1148,135420788,4429477476
1149,137369228,4431425916
1150,137923784,4431980472
1151,140074400,4434131088
1152,144146000,4438202688
1153,152190136,4446246824
1154,159012156,4453068844
1155,162846980,4456903668
1156,163318584,4457375272
1157,163973904,4458030592
1158,168176600,4462233288
1159,174804996,4468861684
1160,175002036,4469058724
1161,175073704,4469130392
1162,176375196,4470431884
1163,180606724,4474663412
1164,182988248,4477044936
1165,186262652,4480319340
1166,186558824,4480615512
1167,189712240,4483768928
1168,191355252,4485411940
1169,193124464,4487181152
1170,200676552,4494733240
1171,203038624,4497095312
1172,207609020,4501665708
1173,211995392,4506052080
1174,214608764,4508665452
1175,221143060,4515199748
1176,227318668,4521375356
1177,232485572,4526542260
1178,241036808,4535093496
1179,243032520,4537089208
1180,257237544,4551294232
1181,266240924,4560297612
1182,273095664,4567152352
1183,274974100,4569030788
1184,276621876,4570678564
1185,276782380,4570839068
1186,278262284,4572318972
1187,278615560,4572672248
1188,281056360,4575113048
1189,284489088,4578545776
1190,286780084,4580836772
1191,289463704,4583520392
1192,289602772,4583659460
1193,307323364,4601380052
1194,310689108,4604745796
1195,311002628,4605059316
1196,314478788,4608535476
1197,325608500,4619665188
1198,326958184,4621014872
1199,327950236,4622006924
1200,338123168,4632179856
1201,345671816,4639728504
1202,366905032,4660961720
1203,367223844,4661280532
1204,376608032,4670664720
1205,384472824,4678529512
1206,384614572,4678671260
1207,385114192,4679170880
1208,389191840,4683248528
1209,399234452,4693291140
1210,399782692,4693839380
1211,399973348,4694030036
1212,400798068,4694854756
1213,403726148,4697782836
1214,409618696,4703675384
1215,411290728,4705347416
1216,415491980,4709548668
1217,421060812,4715117500
1218,431713268,4725769956
1219,440444524,4734501212
1220,447186324,4741243012
1221,447848264,4741904952
1222,449895100,4743951788
1223,459047944,4753104632
1224,462268272,4756324960
1225,467906240,4761962928
1226,473123688,4767180376
1227,473468464,4767525152
1228,483558604,4777615292
1229,484195768,4778252456
1230,485812092,4779868780
1231,486338020,4780394708
1232,489532892,4783589580
1233,490609476,4784666164
1234,493618932,4787675620
1235,497808684,4791865372
1236,497852448,4791909136
1237,501173428,4795230116
1238,505694732,4799751420
1239,506078092,4800134780
1240,512057992,4806114680
1241,516739932,4810796620
1242,518059044,4812115732
1243,519676612,4813733300
1244,522185808,4816242496
1245,533654128,4827710816
1246,534105188,4828161876
1247,540036744,4834093432
1248,540998596,4835055284
1249,542327628,4836384316
1250,546525820,4840582508
1251,549179896,4843236584
1252,550552908,4844609596
1253,551897436,4845954124
1254,557172544,4851229232
1255,562353740,4856410428
1256,562610648,4856667336
1257,564039624,4858096312
1258,564820152,4858876840
1259,567373188,4861429876
1260,569867336,4863924024
1261,570054224,4864110912
1262,574393928,4868450616
1263,575226296,4869282984
1264,576064668,4870121356
1265,590838952,4884895640
1266,593461144,4887517832
1267,596337940,4890394628
1268,604432100,4898488788
1269,604893248,4898949936
1270,605123096,4899179784
1271,607426388,4901483076
1272,614811204,4908867892
1273,615301248,4909357936
1274,619002852,4913059540
1275,623321560,4917378248
1276,624608544,4918665232
1277,624645356,4918702044
1278,624664856,4918721544
1279,630537596,4924594284
1280,631515916,4925572604
1281,635136168,4929192856
1282,638578996,4932635684
1283,641281636,4935338324
1284,641805504,4935862192
1285,645955188,4940011876
1286,649554592,4943611280
1287,653253392,4947310080
1288,661408436,4955465124
1289,663488500,4957545188
1290,664137404,4958194092
1291,664764432,4958821120
1292,664972352,4959029040
1293,665773484,4959830172
1294,670805720,4964862408
1295,679401984,4973458672
1296,680866352,4974923040
1297,682791592,4976848280
1298,690740896,4984797584
1299,692644672,4986701360
1300,693274048,4987330736
1301,694945180,4989001868
1302,698843616,4992900304
1303,704567416,4998624104
1304,704693600,4998750288
1305,704873368,4998930056
1306,709154112,5003210800
1307,710743912,5004800600
1308,719735300,5013791988
1309,721038760,5015095448
1310,730852668,5024909356
1311,734059544,5028116232
1312,735112428,5029169116
1313,736764596,5030821284
1314,738427472,5032484160
1315,738472884,5032529572
1316,738528248,5032584936
1317,740412488,5034469176
1318,740642956,5034699644
1319,741525744,5035582432
1320,744471108,5038527796
1321,744751972,5038808660
1322,750087496,5044144184
1323,751053940,5045110628
1324,754158380,5048215068
1325,755855912,5049912600
1326,756486848,5050543536
1327,759055772,5053112460
1328,766468460,5060525148
1329,771427884,5065484572
1330,773478976,5067535664
1331,775696072,5069752760
1332,776861232,5070917920
1333,780997700,5075054388
1334,792860564,5086917252
1335,794476428,5088533116
1336,798126108,5092182796
1337,798292644,5092349332
1338,800104520,5094161208
1339,803586316,5097643004
1340,814933832,5108990520
1341,815543632,5109600320
1342,822024952,5116081640
1343,823668992,5117725680
1344,839459984,5133516672
1345,845122912,5139179600
1346,855123804,5149180492
1347,856582024,5150638712
1348,864863448,5158920136
1349,865372872,5159429560
1350,866471552,5160528240
1351,867637704,5161694392
1352,868853044,5162909732
1353,869276164,5163332852
1354,887030488,5181087176
1355,903368832,5197425520
1356,907976904,5202033592
1357,910191396,5204248084
1358,911030044,5205086732
1359,912717676,5206774364
1360,913808536,5207865224
1361,918247316,5212304004
1362,922664968,5216721656
1363,928336588,5222393276
1364,928388576,5222445264
1365,939092792,5233149480
1366,948557076,5242613764
1367,949207824,5243264512
1368,951413352,5245470040
1369,953059068,5247115756
1370,953603592,5247660280
1371,956651740,5250708428
1372,956703360,5250760048
1373,956951448,5251008136
1374,961849220,5255905908
1375,962667304,5256723992
1376,963728380,5257785068
1377,966473384,5260530072
1378,971073856,5265130544
1379,973535252,5267591940
1380,976347276,5270403964
1381,979116824,5273173512
1382,981597536,5275654224
1383,982407048,5276463736
1384,983383776,5277440464
1385,985297348,5279354036
1386,986744204,5280800892
1387,987574344,5281631032
1388,989153684,5283210372
1389,990490448,5284547136
1390,990907280,5284963968
1391,998685052,5292741740
1392,1001538028,5295594716
1393,1007436608,5301493296
1394,1017153240,5311209928
1395,1022325256,5316381944
1396,1029284148,5323340836
1397,1030173920,5324230608
1398,1032190140,5326246828
1399,1049642648,5343699336
1400,1056655360,5350712048
1401,1060118308,5354174996
1402,1068869548,5362926236
1403,1069432428,5363489116
1404,1070766192,5364822880
1405,1073187848,5367244536
1406,1082757812,5376814500
1407,1089991808,5384048496
1408,1109939960,5403996648
1409,1112994284,5407050972
1410,1113660260,5407716948
1411,1115114976,5409171664
1412,1117892424,5411949112
1413,1118447520,5412504208
1414,1131918408,5425975096
1415,1136362924,5430419612
1416,1141350648,5435407336
1417,1152250708,5446307396
1418,1154147256,5448203944
1419,1159458152,5453514840
1420,1167068480,5461125168
1421,1167185324,5461242012
1422,1168595836,5462652524
1423,1171760036,5465816724
1424,1172299768,5466356456
1425,1176574400,5470631088
1426,1180225348,5474282036
1427,1185239700,5479296388
1428,1189199428,5483256116
1429,1189544860,5483601548
1430,1190210256,5484266944
1431,1198743432,5492800120
1432,1205378968,5499435656
1433,1214455196,5508511884
1434,1216724524,5510781212
1435,1222896500,5516953188
1436,1226337132,5520393820
1437,1226976360,5521033048
1438,1231053344,5525110032
1439,1232882116,5526938804
1440,1233462976,5527519664
1441,1235957788,5530014476
1442,1237145200,5531201888
1443,1239215216,5533271904
1444,1241590840,5535647528
1445,1242247452,5536304140
1446,1242870120,5536926808
1447,1247123848,5541180536
1448,1252521816,5546578504
1449,1260791144,5554847832
1450,1261085036,5555141724
1451,1263152656,5557209344
1452,1276705828,5570762516
1453,1277217100,5571273788
1454,1283180868,5577237556
1455,1285108992,5579165680
1456,1286822596,5580879284
1457,1286876932,5580933620
1458,1291295040,5585351728
1459,1293385116,5587441804
1460,1297417424,5591474112
1461,1301209732,5595266420
1462,1301899160,5595955848
1463,1306778408,5600835096
1464,1306891896,5600948584
1465,1311368548,5605425236
1466,1320022200,5614078888
1467,1326405160,5620461848
1468,1333053172,5627109860
1469,1335827248,5629883936
1470,1336642116,5630698804
1471,1344461760,5638518448
1472,1344676188,5638732876
1473,1350930952,5644987640
1474,1351675352,5645732040
1475,1353458708,5647515396
1476,1355759448,5649816136
1477,1365226140,5659282828
1478,1365581772,5659638460
1479,1369178752,5663235440
1480,1369636800,5663693488
1481,1370137344,5664194032
1482,1381683552,5675740240
1483,1389774232,5683830920
1484,1391555440,5685612128
1485,1396460668,5690517356
1486,1397504584,5691561272
1487,1401048428,5695105116
1488,1403940324,5697997012
1489,1405361132,5699417820
1490,1406673992,5700730680
1491,1412587768,5706644456
1492,1413624160,5707680848
1493,1420397276,5714453964
1494,1423515104,5717571792
1495,1424240984,5718297672
1496,1424626772,5718683460
1497,1434219284,5728275972
1498,1435281368,5729338056
1499,1436660688,5730717376
1500,1436832652,5730889340
1501,1440430792,5734487480
1502,1446915052,5740971740
1503,1453428780,5747485468
1504,1455522808,5749579496
1505,1455743980,5749800668
1506,1456453460,5750510148
1507,1462871772,5756928460
1508,1466579624,5760636312
1509,1467394668,5761451356
1510,1482128688,5776185376
1511,1482673244,5776729932
1512,1484216952,5778273640
1513,1485850132,5779906820
1514,1487364244,5781420932
1515,1496515860,5790572548
1516,1506564388,5800621076
1517,1509184200,5803240888
1518,1513434944,5807491632
1519,1517862200,5811918888
1520,1518332012,5812388700
1521,1518816024,5812872712
1522,1520021700,5814078388
1523,1522811472,5816868160
1524,1523558688,5817615376
1525,1524787220,5818843908
1526,1538233020,5832289708
1527,1546925592,5840982280
1528,1551164588,5845221276
1529,1558007236,5852063924
1530,1565918112,5859974800
1531,1565948584,5860005272
1532,1567100988,5861157676
1533,1574288648,5868345336
1534,1575310236,5869366924
1535,1576748212,5870804900
1536,1595498424,5889555112
1537,1601377108,5895433796
1538,1605712084,5899768772
1539,1607286004,5901342692
1540,1611107216,5905163904
1541,1612907920,5906964608
1542,1612920312,5906977000
1543,1617100292,5911156980
1544,1622293180,5916349868
1545,1622423228,5916479916
1546,1622867192,5916923880
1547,1624962152,5919018840
1548,1629158108,5923214796
1549,1635511000,5929567688
1550,1639098544,5933155232
1551,1640229692,5934286380
1552,1642201496,5936258184
1553,1642472208,5936528896
1554,1644847448,5938904136
1555,1649837484,5943894172
1556,1651557612,5945614300
1557,1652222212,5946278900
1558,1655127860,5949184548
1559,1656123032,5950179720
1560,1656218716,5950275404
1561,1656280524,5950337212
1562,1659232376,5953289064
1563,1660976512,5955033200
1564,1661619224,5955675912
1565,1668509948,5962566636
1566,1669162176,5963218864
1567,1669850536,5963907224
1568,1671773556,5965830244
1569,1673898928,5967955616
1570,1678966856,5973023544
1571,1685879276,5979935964
1572,1689638096,5983694784
1573,1692255272,5986311960
1574,1693433532,5987490220
1575,1694557576,5988614264
1576,1704724956,5998781644
1577,1705558732,5999615420
1578,1710541216,6004597904
1579,1723372756,6017429444
1580,1731199848,6025256536
1581,1732906816,6026963504
1582,1735710256,6029766944
1583,1736538012,6030594700
1584,1743690028,6037746716
1585,1744338572,6038395260
1586,1746975480,6041032168
1587,1749625552,6043682240
1588,1758198048,6052254736
1589,1758258404,6052315092
1590,1765125024,6059181712
1591,1771489588,6065546276
1592,1781530308,6075586996
1593,1783004580,6077061268
1594,1786664660,6080721348
1595,1790617848,6084674536
1596,1790622492,6084679180
1597,1802089488,6096146176
1598,1805940284,6099996972
1599,1812152916,6106209604
1600,1812919764,6106976452
1601,1812949816,6107006504
1602,1814928480,6108985168
1603,1815868376,6109925064
1604,1825917868,6119974556
1605,1827049060,6121105748
1606,1832158688,6126215376
1607,1836479912,6130536600
1608,1840003932,6134060620
1609,1840216004,6134272692
1610,1840247268,6134303956
1611,1841776708,6135833396
1612,1845601448,6139658136
1613,1849625784,6143682472
1614,1851062388,6145119076
1615,1852000656,6146057344
1616,1858208800,6152265488
1617,1865871744,6159928432
1618,1867655536,6161712224
1619,1868108020,6162164708
1620,1872111812,6166168500
1621,1879935892,6173992580
1622,1888554700,6182611388
1623,1888600732,6182657420
1624,1891551936,6185608624
1625,1892377484,6186434172
1626,1893448756,6187505444
1627,1893763388,6187820076
1628,1902141880,6196198568
1629,1903706380,6197763068
1630,1907821048,6201877736
1631,1907940364,6201997052
1632,1917020236,6211076924
1633,1922398336,6216455024
1634,1922928120,6216984808
1635,1935922080,6229978768
1636,1943115636,6237172324
1637,1949531516,6243588204
1638,1949847076,6243903764
1639,1955931948,6249988636
1640,1960434848,6254491536
1641,1962049180,6256105868
1642,1965508628,6259565316
1643,1966311824,6260368512
1644,1971534692,6265591380
1645,1974345428,6268402116
1646,1980510792,6274567480
1647,1984586928,6278643616
1648,1986196064,6280252752
1649,1986478336,6280535024
1650,1990744640,6284801328
1651,1991274416,6285331104
1652,1993459944,6287516632
1653,1993694932,6287751620
1654,2012324648,6306381336
1655,2020810300,6314866988
1656,2025557668,6319614356
1657,2027346976,6321403664
1658,2034108880,6328165568
1659,2036407148,6330463836
1660,2045788592,6339845280
1661,2046269244,6340325932
1662,2057565192,6351621880
1663,2069084536,6363141224
1664,2070976260,6365032948
1665,2075084740,6369141428
1666,2079080872,6373137560
1667,2081195748,6375252436
1668,2084128832,6378185520
1669,2088154160,6382210848
1670,2089309604,6383366292
1671,2099668168,6393724856
1672,2103162208,6397218896
1673,2105831924,6399888612
1674,2107676500,6401733188
1675,2115481600,6409538288
1676,2118720928,6412777616
1677,2119005628,6413062316
1678,2120530716,6414587404
1679,2122233204,6416289892
1680,2126603608,6420660296
1681,2131340564,6425397252
1682,2133478824,6427535512
1683,2143539080,6437595768
1684,2144809472,6438866160
1685,2150460996,6444517684
1686,2159212924,6453269612
1687,2162660880,6456717568
1688,2163813220,6457869908
1689,2166078020,6460134708
1690,2167147556,6461204244
1691,2177770644,6471827332
1692,2180028876,6474085564
1693,2184638864,6478695552
1694,2186798324,6480855012
1695,2196932440,6490989128
1696,2197654108,6491710796
1697,2205809724,6499866412
1698,2212861308,6506917996
1699,2218806816,6512863504
1700,2227867628,6521924316
1701,2236115096,6530171784
1702,2237542216,6531598904
1703,2242295044,6536351732
1704,2244611960,6538668648
1705,2260736488,6554793176
1706,2269466852,6563523540
1707,2270390176,6564446864
1708,2270606656,6564663344
1709,2278912616,6572969304
1710,2284951756,6579008444
1711,2288910788,6582967476
1712,2295085344,6589142032
1713,2296546808,6590603496
1714,2308766248,6602822936
1715,2309936648,6603993336
1716,2310341816,6604398504
1717,2311669760,6605726448
1718,2313698008,6607754696
1719,2313781584,6607838272
1720,2317023788,6611080476
1721,2327487140,6621543828
1722,2330211816,6624268504
1723,2345840208,6639896896
1724,2353416436,6647473124
1725,2365197248,6659253936
1726,2365306864,6659363552
1727,2365415820,6659472508
1728,2369962616,6664019304
1729,2370427544,6664484232
1730,2370696464,6664753152
1731,2371000272,6665056960
1732,2371533084,6665589772
1733,2372867648,6666924336
1734,2374571408,6668628096
1735,2375079024,6669135712
1736,2375390064,6669446752
1737,2377582580,6671639268
1738,2384241720,6678298408
1739,2388622124,6682678812
1740,2405982844,6700039532
1741,2406813464,6700870152
1742,2407550888,6701607576
1743,2413903892,6707960580
1744,2414228772,6708285460
1745,2416698392,6710755080
1746,2422730108,6716786796
1747,2431784960,6725841648
1748,2437572396,6731629084
1749,2440148620,6734205308
1750,2443471428,6737528116
1751,2445208740,6739265428
1752,2448182372,6742239060
1753,2450522708,6744579396
1754,2452155256,6746211944
1755,2470941296,6764997984
1756,2473941520,6767998208
1757,2475046308,6769102996
1758,2476659912,6770716600
1759,2476747104,6770803792
1760,2479496820,6773553508
1761,2485288440,6779345128
1762,2486085880,6780142568
1763,2491286244,6785342932
1764,2493588240,6787644928
1765,2494149524,6788206212
1766,2494231096,6788287784
1767,2497012492,6791069180
1768,2502567512,6796624200
1769,2509918324,6803975012
1770,2510775444,6804832132
1771,2514179644,6808236332
1772,2515477392,6809534080
1773,2516096372,6810153060
1774,2516442096,6810498784
1775,2524098396,6818155084
1776,2530315844,6824372532
1777,2531907952,6825964640
1778,2533707084,6827763772
1779,2536737356,6830794044
1780,2542051280,6836107968
1781,2542193520,6836250208
1782,2548239892,6842296580
1783,2552592404,6846649092
1784,2558974320,6853031008
1785,2562937728,6856994416
1786,2565959364,6860016052
1787,2574411900,6868468588
1788,2580535324,6874592012
1789,2590793140,6884849828
1790,2592147904,6886204592
1791,2592450576,6886507264
1792,2594075608,6888132296
1793,2602167956,6896224644
1794,2605617884,6899674572
1795,2612161664,6906218352
1796,2613295968,6907352656
1797,2613889192,6907945880
1798,2623558948,6917615636
1799,2626553680,6920610368
1800,2635945964,6930002652
1801,2646921896,6940978584
1802,2648257072,6942313760
1803,2648691212,6942747900
1804,2653287892,6947344580
1805,2659316140,6953372828
1806,2667717240,6961773928
1807,2670421236,6964477924
1808,2670940828,6964997516
1809,2673044388,6967101076
1810,2675157772,6969214460
1811,2675529476,6969586164
1812,2679571764,6973628452
1813,2680123720,6974180408
1814,2684647400,6978704088
1815,2685127208,6979183896
1816,2691461604,6985518292
1817,2696820996,6990877684
1818,2703569744,6997626432
1819,2709120880,7003177568
1820,2709291384,7003348072
1821,2712451304,7006507992
1822,2714912016,7008968704
1823,2716064456,7010121144
1824,2723595660,7017652348
1825,2726112980,7020169668
1826,2727043900,7021100588
1827,2729749492,7023806180
1828,2740919680,7034976368
1829,2742964492,7037021180
1830,2752602452,7046659140
1831,2756408248,7050464936
1832,2759288896,7053345584
1833,2760541576,7054598264
1834,2773446664,7067503352
1835,2785547140,7079603828
1836,2800088660,7094145348
1837,2800383924,7094440612
1838,2802284420,7096341108
1839,2803018240,7097074928
1840,2806014376,7100071064
1841,2807348868,7101405556
1842,2813758460,7107815148
1843,2816021748,7110078436
1844,2816803508,7110860196
1845,2817045272,7111101960
1846,2817906584,7111963272
1847,2819064880,7113121568
1848,2821208520,7115265208
1849,2827742120,7121798808
1850,2840883308,7134939996
1851,2848099968,7142156656
1852,2849217488,7143274176
1853,2849238668,7143295356
1854,2852964832,7147021520
1855,2855417228,7149473916
1856,2861311244,7155367932
1857,2861952104,7156008792
1858,2863766804,7157823492
1859,2866854088,7160910776
1860,2868492964,7162549652
1861,2872357548,7166414236
1862,2876305552,7170362240
1863,2876552652,7170609340
1864,2883511388,7177568076
1865,2887378680,7181435368
1866,2888390612,7182447300
1867,2889255260,7183311948
1868,2893619508,7187676196
1869,2905222728,7199279416
1870,2911821036,7205877724
1871,2913475252,7207531940
1872,2917498976,7211555664
1873,2924487856,7218544544
1874,2925577964,7219634652
1875,2934363780,7228420468
1876,2934568088,7228624776
1877,2936203196,7230259884
1878,2938569588,7232626276
1879,2938775744,7232832432
1880,2940551928,7234608616
1881,2943355044,7237411732
1882,2946393952,7240450640
1883,2948481868,7242538556
1884,2948702748,7242759436
1885,2951327640,7245384328
1886,2951852172,7245908860
1887,2952624040,7246680728
1888,2957089532,7251146220
1889,2963706760,7257763448
1890,2964652000,7258708688
1891,2967875084,7261931772
1892,2974109276,7268165964
1893,2981704952,7275761640
1894,2983706844,7277763532
1895,2983953496,7278010184
1896,2984135208,7278191896
1897,2986662592,7280719280
1898,2990152056,7284208744
1899,2991761912,7285818600
1900,2998057624,7292114312
1901,3001891072,7295947760
1902,3002660496,7296717184
1903,3002682928,7296739616
1904,3007102184,7301158872
1905,3008360660,7302417348
1906,3008370924,7302427612
1907,3024078644,7318135332
1908,3024734068,7318790756
1909,3025789636,7319846324
1910,3026812120,7320868808
1911,3034383688,7328440376
1912,3038573156,7332629844
1913,3041304404,7335361092
1914,3042674920,7336731608
1915,3042678276,7336734964
1916,3050158924,7344215612
1917,3051030652,7345087340
1918,3051404540,7345461228
1919,3051861428,7345918116
1920,3056454368,7350511056
1921,3056958160,7351014848
1922,3060816076,7354872764
1923,3068792808,7362849496
1924,3069738852,7363795540
1925,3075283892,7369340580
1926,3075702360,7369759048
1927,3076709776,7370766464
1928,3077603416,7371660104
1929,3083595568,7377652256
1930,3085887608,7379944296
1931,3087348104,7381404792
1932,3087502804,7381559492
1933,3091008432,7385065120
1934,3091055344,7385112032
1935,3093395776,7387452464
1936,3097843424,7391900112
1937,3097969924,7392026612
1938,3101515156,7395571844
1939,3102923660,7396980348
1940,3126906964,7420963652
1941,3127912384,7421969072
1942,3129489912,7423546600
1943,3136128636,7430185324
1944,3136629148,7430685836
1945,3139436112,7433492800
1946,3140245316,7434302004
1947,3152166808,7446223496
1948,3154077940,7448134628
1949,3155221068,7449277756
1950,3156626132,7450682820
1951,3158986608,7453043296
1952,3160579528,7454636216
1953,3165415444,7459472132
1954,3165886928,7459943616
1955,3166192688,7460249376
1956,3166492660,7460549348
1957,3168306152,7462362840
1958,3174314188,7468370876
1959,3179653700,7473710388
1960,3181322612,7475379300
1961,3187026144,7481082832
1962,3189243688,7483300376
1963,3193537992,7487594680
1964,3204254088,7498310776
1965,3204741884,7498798572
1966,3206979804,7501036492
1967,3209618648,7503675336
1968,3210751844,7504808532
1969,3212869692,7506926380
1970,3217546628,7511603316
1971,3222121244,7516177932
1972,3233279596,7527336284
1973,3233704280,7527760968
1974,3236484884,7530541572
1975,3242702152,7536758840
1976,3251145836,7545202524
1977,3255700780,7549757468
1978,3258069780,7552126468
1979,3259091428,7553148116
1980,3271036892,7565093580
1981,3271532560,7565589248
1982,3271822400,7565879088
1983,3274312260,7568368948
1984,3280011644,7574068332
1985,3282658764,7576715452
1986,3284928304,7578984992
1987,3288611608,7582668296
1988,3290709760,7584766448
1989,3294384812,7588441500
1990,3298699480,7592756168
1991,3302326560,7596383248
1992,3314679116,7608735804
1993,3316825696,7610882384
1994,3317169432,7611226120
1995,3318558632,7612615320
1996,3319437044,7613493732
1997,3323305164,7617361852
1998,3337807136,7631863824
1999,3338576304,7632632992
2000,3338609036,7632665724
2001,3341454688,7635511376
2002,3352231592,7646288280
2003,3352756948,7646813636
2004,3356516968,7650573656
2005,3365496532,7659553220
2006,3367514052,7661570740
2007,3368529056,7662585744
2008,3373748508,7667805196
2009,3383706620,7677763308
2010,3387346068,7681402756
2011,3387733572,7681790260
2012,3393050012,7687106700
2013,3394112304,7688168992
2014,3399246688,7693303376
2015,3399479916,7693536604
2016,3399742080,7693798768
2017,3402932332,7696989020
2018,3409887388,7703944076
2019,3411260292,7705316980
2020,3425214680,7719271368
2021,3433412524,7727469212
2022,3441709372,7735766060
2023,3443711648,7737768336
2024,3445224512,7739281200
2025,3450009108,7744065796
2026,3450648832,7744705520
2027,3457419080,7751475768
2028,3458016884,7752073572
2029,3460223284,7754279972
2030,3461191608,7755248296
2031,3467489252,7761545940
2032,3467561624,7761618312
2033,3469824984,7763881672
2034,3475606048,7769662736
2035,3478470760,7772527448
2036,3479658952,7773715640
2037,3479934776,7773991464
2038,3480610896,7774667584
2039,3484328484,7778385172
2040,3487782604,7781839292
2041,3488848468,7782905156
2042,3494454580,7788511268
2043,3499197028,7793253716
2044,3500584044,7794640732
2045,3505657248,7799713936
2046,3505956552,7800013240
2047,3510828720,7804885408
2048,3515785232,7809841920
2049,3515956200,7810012888
2050,3520679636,7814736324
2051,3521251348,7815308036
2052,3524064888,7818121576
2053,3524865540,7818922228
2054,3526542932,7820599620
2055,3529165660,7823222348
2056,3531865908,7825922596
2057,3534442268,7828498956
2058,3534686580,7828743268
2059,3535032236,7829088924
2060,3545349460,7839406148
2061,3548477056,7842533744
2062,3549032544,7843089232
2063,3550135052,7844191740
2064,3550796476,7844853164
2065,3551586756,7845643444
2066,3559959040,7854015728
2067,3571396592,7865453280
2068,3571942664,7865999352
2069,3585917536,7879974224
2070,3590998576,7885055264
2071,3594612092,7888668780
2072,3598422852,7892479540
2073,3600981912,7895038600
2074,3601343596,7895400284
2075,3605349084,7899405772
2076,3607020860,7901077548
2077,3610405888,7904462576
2078,3616471276,7910527964
2079,3617589208,7911645896
2080,3620507588,7914564276
2081,3621777892,7915834580
2082,3628276944,7922333632
2083,3630505864,7924562552
2084,3631585380,7925642068
2085,3638360060,7932416748
2086,3643772148,7937828836
2087,3643860224,7937916912
2088,3644336032,7938392720
2089,3647214544,7941271232
2090,3648376612,7942433300
2091,3648379876,7942436564
2092,3648712848,7942769536
2093,3651376516,7945433204
2094,3654168848,7948225536
2095,3654255784,7948312472
2096,3657580704,7951637392
2097,3659813184,7953869872
2098,3662059320,7956116008
2099,3667351960,7961408648
2100,3677646356,7971703044
2101,3678124156,7972180844
2102,3682729672,7976786360
2103,3683140028,7977196716
2104,3687240700,7981297388
2105,3691059860,7985116548
2106,3692577340,7986634028
2107,3692702764,7986759452
2108,3713518756,8007575444
2109,3719611900,8013668588
2110,3721016624,8015073312
2111,3727581168,8021637856
2112,3729899952,8023956640
2113,3733671212,8027727900
2114,3733938400,8027995088
2115,3738316560,8032373248
2116,3740103092,8034159780
2117,3746453984,8040510672
2118,3750596756,8044653444
2119,3756050768,8050107456
2120,3761305288,8055361976
2121,3761913580,8055970268
2122,3762743252,8056799940
2123,3767033568,8061090256
2124,3771098120,8065154808
2125,3771537124,8065593812
2126,3772120700,8066177388
2127,3778403640,8072460328
2128,3779310588,8073367276
2129,3780179736,8074236424
2130,3782000700,8076057388
2131,3787390524,8081447212
2132,3794805036,8088861724
2133,3803011492,8097068180
2134,3806968248,8101024936
2135,3812732816,8106789504
2136,3816865132,8110921820
2137,3821271560,8115328248
2138,3821496224,8115552912
2139,3825951408,8120008096
2140,3828008624,8122065312
2141,3828718156,8122774844
2142,3835236812,8129293500
2143,3844801028,8138857716
2144,3845455732,8139512420
2145,3847500588,8141557276
2146,3854151208,8148207896
2147,3855447852,8149504540
2148,3855908980,8149965668
2149,3856723860,8150780548
2150,3858375648,8152432336
2151,3861584972,8155641660
2152,3862835944,8156892632
2153,3865977040,8160033728
2154,3866295064,8160351752
2155,3866454840,8160511528
2156,3866900616,8160957304
2157,3868165828,8162222516
2158,3868291300,8162347988
2159,3868316096,8162372784
2160,3872785060,8166841748
2161,3880743004,8174799692
2162,3883978092,8178034780
2163,3892939300,8186995988
2164,3900616236,8194672924
2165,3902106884,8196163572
2166,3903734856,8197791544
2167,3904964524,8199021212
2168,3906373172,8200429860
2169,3907257100,8201313788
2170,3911328236,8205384924
2171,3916330200,8210386888
2172,3928242416,8222299104
2173,3929224836,8223281524
2174,3929528448,8223585136
2175,3931815072,8225871760
2176,3947856676,8241913364
2177,3955477080,8249533768
2178,3956998040,8251054728
2179,3959947260,8254003948
2180,3960957416,8255014104
2181,3961805836,8255862524
2182,3961950192,8256006880
2183,3970525032,8264581720
2184,3975480204,8269536892
2185,3975624304,8269680992
2186,3980337284,8274393972
2187,3982066368,8276123056
2188,3982666572,8276723260
2189,3983530280,8277586968
2190,3984065952,8278122640
2191,3986731652,8280788340
2192,3988118124,8282174812
2193,3992373600,8286430288
2194,3992471372,8286528060
2195,3999276020,8293332708
2196,4000005556,8294062244
2197,4003099900,8297156588
2198,4006345432,8300402120
2199,4006473092,8300529780
2200,4007639564,8301696252
2201,4010709844,8304766532
2202,4010868548,8304925236
2203,4016031100,8310087788
2204,4018725924,8312782612
2205,4021183516,8315240204
2206,4021203428,8315260116
2207,4022608804,8316665492
2208,4026595200,8320651888
2209,4027157816,8321214504
2210,4032021268,8326077956
2211,4034706448,8328763136
2212,4040742752,8334799440
2213,4045579020,8339635708
2214,4047908316,8341965004
2215,4049472480,8343529168
2216,4052188264,8346244952
2217,4053065740,8347122428
2218,4053665544,8347722232
2219,4054773860,8348830548
2220,4055523932,8349580620
2221,4056301472,8350358160
2222,4061451988,8355508676
2223,4061561080,8355617768
2224,4061663676,8355720364
2225,4068128280,8362184968
2226,4069679608,8363736296
2227,4074097992,8368154680
2228,4076687928,8370744616
2229,4078782032,8372838720
2230,4082038508,8376095196
2231,4085294980,8379351668
2232,4086139100,8380195788
2233,4087285608,8381342296
2234,4092643284,8386699972
2235,4098406508,8392463196
2236,4100291548,8394348236
2237,4105326768,8399383456
2238,4109283376,8403340064
2239,4112070552,8406127240
2240,4112212000,8406268688
2241,4112277040,8406333728
2242,4112544200,8406600888
2243,4114203240,8408259928
2244,4115716012,8409772700
2245,4126473708,8420530396
2246,4131745208,8425801896
2247,4131813764,8425870452
2248,4133299592,8427356280
2249,4134464304,8428520992
2250,4135363972,8429420660
2251,4138844188,8432900876
2252,4143772220,8437828908
2253,4156169216,8450225904
2254,4156567596,8450624284
2255,4162475168,8456531856
2256,4168952776,8463009464
2257,4173151024,8467207712
2258,4174229788,8468286476
2259,4180905884,8474962572
2260,4180974248,8475030936
2261,4188763980,8482820668
2262,4191786692,8485843380
2263,4194897272,8488953960
2264,4195337240,8489393928
2265,4206224048,8500280736
2266,4208786484,8502843172
2267,4209454856,8503511544
2268,4215071772,8509128460
2269,4216094980,8510151668
2270,4229717560,8523774248
2271,4230366828,8524423516
2272,4233222388,8527279076
2273,4235698948,8529755636
2274,4238136104,8532192792
2275,4238347432,8532404120
2276,4250060232,8544116920
2277,4250102576,8544159264
2278,4254416976,8548473664
2279,4255458716,8549515404
2280,4256422440,8550479128
2281,4257644616,8551701304
2282,4260315624,8554372312
2283,4267198416,8561255104
2284,4268644024,8562700712
2285,4288780172,8582836860
2286,4292209404,8586266092
2287,5612688,8594636672
2288,5832716,8594856700
2289,7106796,8596130780
2290,7165220,8596189204
2291,8343924,8597367908
2292,8356880,8597380864
2293,14503604,8603527588
2294,16650924,8605674908
2295,19345188,8608369172
2296,20499100,8609523084
2297,25353288,8614377272
2298,26270440,8615294424
2299,26382440,8615406424
2300,27042312,8616066296
2301,36454632,8625478616
2302,38216204,8627240188
2303,44629428,8633653412
2304,50652604,8639676588
2305,52508864,8641532848
2306,53115380,8642139364
2307,56320268,8645344252
2308,57923016,8646947000
2309,58033784,8647057768
2310,61266788,8650290772
2311,71666744,8660690728
2312,71721556,8660745540
2313,77355136,8666379120
2314,81744848,8670768832
2315,89225256,8678249240
2316,94108564,8683132548
2317,94314384,8683338368
2318,99410720,8688434704
2319,102290280,8691314264
2320,113309484,8702333468
2321,114763160,8703787144
2322,121852424,8710876408
2323,124763688,8713787672
2324,128190608,8717214592
2325,129108732,8718132716
2326,131784532,8720808516
2327,136134328,8725158312
2328,138537348,8727561332
2329,139059008,8728082992
2330,145984196,8735008180
2331,147438152,8736462136
2332,148071604,8737095588
2333,148267772,8737291756
2334,148529592,8737553576
2335,155745144,8744769128
2336,160766380,8749790364
2337,165539980,8754563964
2338,167373388,8756397372
2339,170389788,8759413772
2340,181960408,8770984392
2341,187568028,8776592012
2342,187830612,8776854596
2343,194047604,8783071588
2344,204004460,8793028444
2345,204657908,8793681892
2346,207096644,8796120628
2347,208600372,8797624356
2348,210874616,8799898600
2349,215454340,8804478324
2350,223021680,8812045664
2351,224712788,8813736772
2352,227273592,8816297576
2353,228965628,8817989612
2354,234176460,8823200444
2355,238981852,8828005836
2356,240476212,8829500196
2357,244395672,8833419656
2358,246177512,8835201496
2359,257128020,8846152004
2360,258751060,8847775044
2361,269615012,8858638996
2362,274384720,8863408704
2363,277681348,8866705332
2364,279486540,8868510524
2365,281337564,8870361548
2366,284641584,8873665568
2367,291612092,8880636076
2368,291709664,8880733648
2369,293534632,8882558616
2370,295193732,8884217716
2371,298566416,8887590400
2372,301807736,8890831720
2373,306878784,8895902768
2374,311068976,8900092960
2375,313128928,8902152912
2376,313798736,8902822720
2377,317012956,8906036940
2378,317764944,8906788928
2379,317886816,8906910800
2380,333803564,8922827548
2381,338173516,8927197500
2382,340718324,8929742308
2383,341646476,8930670460
2384,341864204,8930888188
2385,342341332,8931365316
2386,347180008,8936203992
2387,354653148,8943677132
2388,354990832,8944014816
2389,359276152,8948300136
2390,361841424,8950865408
2391,361867532,8950891516
2392,361907884,8950931868
2393,363839916,8952863900
2394,370586576,8959610560
2395,385804620,8974828604
2396,388324084,8977348068
2397,403189872,8992213856
2398,403262324,8992286308
2399,406432512,8995456496
2400,407607900,8996631884
2401,408410708,8997434692
2402,411050764,9000074748
2403,418088908,9007112892
2404,425140800,9014164784
2405,436955340,9025979324
2406,441475372,9030499356
2407,445660332,9034684316
2408,453980728,9043004712
2409,458745688,9047769672
2410,465879916,9054903900
2411,466590944,9055614928
2412,466739944,9055763928
2413,468439604,9057463588
2414,469564156,9058588140
2415,473541400,9062565384
2416,473670384,9062694368
2417,475828016,9064852000
2418,476241956,9065265940
2419,478755452,9067779436
2420,479291812,9068315796
2421,480138096,9069162080
2422,480970824,9069994808
2423,481357716,9070381700
2424,482252844,9071276828
2425,487749640,9076773624
2426,491692020,9080716004
2427,493885284,9082909268
2428,498147312,9087171296
2429,498243560,9087267544
2430,498586008,9087609992
2431,515201912,9104225896
2432,516741476,9105765460
2433,517744620,9106768604
2434,519177032,9108201016
2435,520519036,9109543020
2436,522188016,9111212000
2437,528213248,9117237232
2438,530080528,9119104512
2439,531144832,9120168816
2440,532291440,9121315424
2441,532313536,9121337520
2442,534922784,9123946768
2443,541976828,9131000812
2444,546290644,9135314628
2445,547545284,9136569268
2446,549019572,9138043556
2447,550918688,9139942672
2448,559249872,9148273856
2449,563104596,9152128580
2450,563476124,9152500108
2451,564089104,9153113088
2452,576582844,9165606828
2453,583152984,9172176968
2454,586692808,9175716792
2455,594332560,9183356544
2456,595986176,9185010160
2457,606923132,9195947116
2458,610591012,9199614996
2459,619625208,9208649192
2460,624800760,9213824744
2461,626977180,9216001164
2462,638003108,9227027092
2463,638906964,9227930948
2464,641621612,9230645596
2465,652360260,9241384244
2466,654455452,9243479436
2467,654814012,9243837996
2468,655889392,9244913376
2469,661459064,9250483048
2470,670395100,9259419084
2471,677147136,9266171120
2472,678655388,9267679372
2473,685213008,9274236992
2474,686608664,9275632648
2475,694690876,9283714860
2476,696572924,9285596908
2477,698156472,9287180456
2478,700149924,9289173908
2479,701659624,9290683608
2480,705384592,9294408576
2481,714288440,9303312424
2482,716049888,9305073872
2483,730597944,9319621928
2484,732121088,9321145072
2485,732898180,9321922164
2486,735202060,9324226044
2487,736310060,9325334044
2488,740234928,9329258912
2489,745239188,9334263172
2490,747481028,9336505012
2491,750272420,9339296404
2492,752780500,9341804484
2493,756286684,9345310668
2494,762385928,9351409912
2495,765796564,9354820548
2496,773560068,9362584052
2497,779659720,9368683704
2498,780428596,9369452580
2499,782010316,9371034300
2500,785527708,9374551692
2501,790243868,9379267852
2502,801901592,9390925576
2503,806973036,9395997020
2504,814547144,9403571128
2505,815555244,9404579228
2506,815698976,9404722960
2507,816847380,9405871364
2508,821307568,9410331552
2509,821591096,9410615080
2510,829046200,9418070184
2511,830989204,9420013188
2512,840406760,9429430744
2513,841177096,9430201080
2514,846404688,9435428672
2515,851957132,9440981116
2516,861660148,9450684132
2517,862589264,9451613248
2518,863085264,9452109248
2519,865021924,9454045908
2520,875124876,9464148860
2521,876325876,9465349860
2522,879822044,9468846028
2523,887537528,9476561512
2524,891569024,9480593008
2525,892212324,9481236308
2526,897978752,9487002736
2527,902788108,9491812092
2528,907208920,9496232904
2529,910922436,9499946420
2530,918454852,9507478836
2531,920147144,9509171128
2532,924106168,9513130152
2533,938495200,9527519184
2534,941347384,9530371368
2535,944191588,9533215572
2536,950079784,9539103768
2537,950163712,9539187696
2538,958568740,9547592724
2539,959724348,9548748332
2540,960202916,9549226900
2541,964290268,9553314252
2542,966241432,9555265416
2543,969340600,9558364584
2544,972384264,9561408248
2545,976699104,9565723088
2546,986454972,9575478956
2547,994854764,9583878748
2548,997239136,9586263120
2549,1021835956,9610859940
2550,1024054648,9613078632
2551,1029387320,9618411304
2552,1033346404,9622370388
2553,1054528956,9643552940
2554,1055246688,9644270672
2555,1056838100,9645862084
2556,1057820984,9646844968
2557,1059770544,9648794528
2558,1061724544,9650748528
2559,1063297488,9652321472
2560,1063637000,9652660984
2561,1067977716,9657001700
2562,1068843824,9657867808
2563,1069621080,9658645064
2564,1077724032,9666748016
2565,1078488264,9667512248
2566,1079067340,9668091324
2567,1080761596,9669785580
2568,1092158724,9681182708
2569,1098994472,9688018456
2570,1101489984,9690513968
2571,1113448784,9702472768
2572,1114875748,9703899732
2573,1116231784,9705255768
2574,1122653740,9711677724
2575,1128028156,9717052140
2576,1130828552,9719852536
2577,1130895888,9719919872
2578,1132899348,9721923332
2579,1133958384,9722982368
2580,1134790584,9723814568
2581,1137176120,9726200104
2582,1137384456,9726408440
2583,1145876092,9734900076
2584,1151036312,9740060296
2585,1152567784,9741591768
2586,1154134048,9743158032
2587,1158313496,9747337480
2588,1158958284,9747982268
2589,1165376960,9754400944
2590,1173494400,9762518384
2591,1181644448,9770668432
2592,1183594932,9772618916
2593,1185536972,9774560956
2594,1197310688,9786334672
2595,1202579564,9791603548
2596,1208122440,9797146424
2597,1210081552,9799105536
2598,1210722416,9799746400
2599,1221201952,9810225936
2600,1222870644,9811894628
2601,1223629408,9812653392
2602,1225881040,9814905024
2603,1228246200,9817270184
2604,1231153980,9820177964
2605,1233138924,9822162908
2606,1235410344,9824434328
2607,1237932720,9826956704
2608,1252342612,9841366596
2609,1256499312,9845523296
2610,1258209844,9847233828
2611,1259482792,9848506776
2612,1262338976,9851362960
2613,1268006324,9857030308
2614,1277403120,9866427104
2615,1280283080,9869307064
2616,1283042724,9872066708
2617,1284554508,9873578492
2618,1287246844,9876270828
2619,1287770204,9876794188
2620,1289781572,9878805556
2621,1292497864,9881521848
2622,1303398296,9892422280
2623,1309870108,9898894092
2624,1318005252,9907029236
2625,1322841100,9911865084
2626,1326113300,9915137284
2627,1326153152,9915177136
2628,1330628664,9919652648
2629,1330821128,9919845112
2630,1332335248,9921359232
2631,1333050124,9922074108
2632,1337835428,9926859412
2633,1349539108,9938563092
2634,1356031700,9945055684
2635,1356878228,9945902212
2636,1360657480,9949681464
2637,1362197836,9951221820
2638,1362359576,9951383560
2639,1362413552,9951437536
2640,1367850720,9956874704
2641,1377142032,9966166016
2642,1379888392,9968912376
2643,1394738548,9983762532
2644,1396669952,9985693936
2645,1399382916,9988406900
2646,1406532904,9995556888
2647,1409126476,9998150460
2648,1418371508,10007395492
2649,1429369632,10018393616
2650,1436823848,10025847832
2651,1439632504,10028656488
2652,1441492184,10030516168
2653,1448867288,10037891272
2654,1448974728,10037998712
2655,1451665436,10040689420
2656,1452064400,10041088384
2657,1454754112,10043778096
2658,1456887624,10045911608
2659,1458314184,10047338168
2660,1461548012,10050571996
2661,1471265032,10060289016
2662,1474268988,10063292972
2663,1475129640,10064153624
2664,1475131916,10064155900
2665,1477355808,10066379792
2666,1481760420,10070784404
2667,1486634588,10075658572
2668,1487159912,10076183896
2669,1489895108,10078919092
2670,1493517828,10082541812
2671,1494223276,10083247260
2672,1496354752,10085378736
2673,1498280456,10087304440
2674,1501119784,10090143768
2675,1503709428,10092733412
2676,1503990980,10093014964
2677,1513089596,10102113580
2678,1517927376,10106951360
2679,1521299308,10110323292
2680,1522252908,10111276892
2681,1523476660,10112500644
2682,1531214016,10120238000
2683,1540303612,10129327596
2684,1555024668,10144048652
2685,1555741616,10144765600
2686,1561186956,10150210940
2687,1562651208,10151675192
2688,1563328300,10152352284
2689,1567545036,10156569020
2690,1567650692,10156674676
2691,1568174672,10157198656
2692,1569253372,10158277356
2693,1580902436,10169926420
2694,1581131700,10170155684
2695,1583920376,10172944360
2696,1583968744,10172992728
2697,1587799396,10176823380
2698,1592321928,10181345912
2699,1593181248,10182205232
2700,1593883752,10182907736
2701,1596571284,10185595268
2702,1597002908,10186026892
2703,1601369152,10190393136
2704,1601423216,10190447200
2705,1604487584,10193511568
2706,1605548816,10194572800
2707,1605683136,10194707120
2708,1609986232,10199010216
2709,1611175664,10200199648
2710,1617677272,10206701256
2711,1625122588,10214146572
2712,1628777392,10217801376
2713,1628889240,10217913224
2714,1637713896,10226737880
2715,1642966004,10231989988
2716,1643943412,10232967396
2717,1661344636,10250368620
2718,1661855856,10250879840
2719,1662680240,10251704224
2720,1664561524,10253585508
2721,1667290568,10256314552
2722,1668472276,10257496260
2723,1670209492,10259233476
2724,1671096648,10260120632
2725,1675494148,10264518132
2726,1678635500,10267659484
2727,1685174396,10274198380
2728,1688856952,10277880936
2729,1690728300,10279752284
2730,1696392924,10285416908
2731,1706133808,10295157792
2732,1716682608,10305706592
2733,1719526412,10308550396
2734,1722953088,10311977072
2735,1727990792,10317014776
2736,1729698304,10318722288
2737,1731577864,10320601848
2738,1746269132,10335293116
2739,1748077248,10337101232
2740,1748521460,10337545444
2741,1756279596,10345303580
2742,1757866924,10346890908
2743,1759203000,10348226984
2744,1763628488,10352652472
2745,1768845356,10357869340
2746,1773133648,10362157632
2747,1778374208,10367398192
2748,1779931832,10368955816
2749,1781188640,10370212624
2750,1782380420,10371404404
2751,1784237584,10373261568
2752,1800776108,10389800092
2753,1804714892,10393738876
2754,1809568764,10398592748
2755,1809753300,10398777284
2756,1814627336,10403651320
2757,1818171816,10407195800
2758,1818958668,10407982652
2759,1819295376,10408319360
2760,1828692856,10417716840
2761,1832542760,10421566744
2762,1839675812,10428699796
2763,1848080796,10437104780
2764,1864687208,10453711192
2765,1866281620,10455305604
2766,1866934856,10455958840
2767,1869331892,10458355876
2768,1870367204,10459391188
2769,1884311800,10473335784
2770,1889966228,10478990212
2771,1890630292,10479654276
2772,1892852352,10481876336
2773,1898684852,10487708836
2774,1902850840,10491874824
2775,1905837504,10494861488
2776,1906392340,10495416324
2777,1914407604,10503431588
2778,1914516920,10503540904
2779,1915204676,10504228660
2780,1919851704,10508875688
2781,1924903140,10513927124
2782,1934081632,10523105616
2783,1935497816,10524521800
2784,1950172548,10539196532
2785,1950666400,10539690384
2786,1952802680,10541826664
2787,1955923844,10544947828
2788,1958747296,10547771280
2789,1961394316,10550418300
2790,1964810276,10553834260
2791,1966119176,10555143160
2792,1966438052,10555462036
2793,1967089576,10556113560
2794,1972260728,10561284712
2795,1974492600,10563516584
2796,1976162808,10565186792
2797,1978571156,10567595140
2798,1980271456,10569295440
2799,1990297676,10579321660
2800,1992503616,10581527600
2801,1996780872,10585804856
2802,2001555552,10590579536
2803,2004350620,10593374604
2804,2005970636,10594994620
2805,2008372984,10597396968
2806,2014145556,10603169540
2807,2020579764,10609603748
2808,2024283840,10613307824
2809,2027673716,10616697700
2810,2028175100,10617199084
2811,2031325828,10620349812
2812,2034509168,10623533152
2813,2038347380,10627371364
2814,2041155900,10630179884
2815,2043191968,10632215952
2816,2051422348,10640446332
2817,2054857828,10643881812
2818,2058002952,10647026936
2819,2065799684,10654823668
2820,2071215688,10660239672
2821,2071238024,10660262008
2822,2074422824,10663446808
2823,2075864280,10664888264
2824,2083091444,10672115428
2825,2091415336,10680439320
2826,2092893096,10681917080
2827,2093243380,10682267364
2828,2095521188,10684545172
2829,2096034576,10685058560
2830,2104134036,10693158020
2831,2107258128,10696282112
2832,2107574292,10696598276
2833,2110133124,10699157108
2834,2115039720,10704063704
2835,2116355468,10705379452
2836,2117901420,10706925404
2837,2120071304,10709095288
2838,2126694984,10715718968
2839,2143437648,10732461632
2840,2145523368,10734547352
2841,2158810000,10747833984
2842,2161638360,10750662344
2843,2163742012,10752765996
2844,2165297164,10754321148
2845,2166206632,10755230616
2846,2166381520,10755405504
2847,2171565740,10760589724
2848,2173053900,10762077884
2849,2178774724,10767798708
2850,2182906660,10771930644
2851,2183860372,10772884356
2852,2188054544,10777078528
2853,2190531276,10779555260
2854,2196478864,10785502848
2855,2196831128,10785855112
2856,2197399052,10786423036
2857,2199986568,10789010552
2858,2213671996,10802695980
2859,2216823576,10805847560
2860,2229286296,10818310280
2861,2230167988,10819191972
2862,2237433500,10826457484
2863,2242544088,10831568072
2864,2246640120,10835664104
2865,2246881976,10835905960
2866,2250173596,10839197580
2867,2252888200,10841912184
2868,2253442512,10842466496
2869,2266240280,10855264264
2870,2267700456,10856724440
2871,2270197128,10859221112
2872,2275418252,10864442236
2873,2275762436,10864786420
2874,2280060264,10869084248
2875,2297299236,10886323220
2876,2299860744,10888884728
2877,2299974352,10888998336
2878,2300704976,10889728960
2879,2304101980,10893125964
2880,2308242304,10897266288
2881,2319308048,10908332032
2882,2322484696,10911508680
2883,2326621172,10915645156
2884,2333771816,10922795800
2885,2336094832,10925118816
2886,2336819748,10925843732
2887,2342712744,10931736728
2888,2352307748,10941331732
2889,2355492048,10944516032
2890,2369346740,10958370724
2891,2369871588,10958895572
2892,2372957640,10961981624
2893,2380275936,10969299920
2894,2382201812,10971225796
2895,2384401504,10973425488
2896,2396539116,10985563100
2897,2402757644,10991781628
2898,2404489000,10993512984
2899,2411413916,11000437900
2900,2413190852,11002214836
2901,2414613352,11003637336
2902,2416674460,11005698444
2903,2423988388,11013012372
2904,2426921768,11015945752
2905,2427134988,11016158972
2906,2430837840,11019861824
2907,2433835128,11022859112
2908,2437456996,11026480980
2909,2438209184,11027233168
2910,2439797636,11028821620
2911,2439959892,11028983876
2912,2441457372,11030481356
2913,2443979760,11033003744
2914,2444066356,11033090340
2915,2447395612,11036419596
2916,2448265144,11037289128
2917,2449031704,11038055688
2918,2449522592,11038546576
2919,2453795532,11042819516
2920,2454113924,11043137908
2921,2458811968,11047835952
2922,2460655728,11049679712
2923,2461142000,11050165984
2924,2464440624,11053464608
2925,2465168424,11054192408
2926,2465608720,11054632704
2927,2467074080,11056098064
2928,2476042864,11065066848
2929,2482663320,11071687304
2930,2489149124,11078173108
2931,2489561008,11078584992
2932,2492023424,11081047408
2933,2492160000,11081183984
2934,2494812552,11083836536
2935,2497619356,11086643340
2936,2505224548,11094248532
2937,2506240204,11095264188
2938,2507216080,11096240064
2939,2517110328,11106134312
2940,2518067352,11107091336
2941,2522242260,11111266244
2942,2525127084,11114151068
2943,2530602596,11119626580
2944,2533751140,11122775124
2945,2538622276,11127646260
2946,2539704064,11128728048
2947,2540111968,11129135952
2948,2547396360,11136420344
2949,2548272340,11137296324
2950,2551756064,11140780048
2951,2563887900,11152911884
2952,2564682352,11153706336
2953,2568693640,11157717624
2954,2570756404,11159780388
2955,2572577244,11161601228
2956,2577199068,11166223052
2957,2581960624,11170984608
2958,2593567608,11182591592
2959,2611742668,11200766652
2960,2619496884,11208520868
2961,2620576508,11209600492
2962,2633634348,11222658332
2963,2638546484,11227570468
2964,2643699196,11232723180
2965,2645440544,11234464528
2966,2650404180,11239428164
2967,2651813572,11240837556
2968,2668456328,11257480312
2969,2675500428,11264524412
2970,2680275212,11269299196
2971,2681275480,11270299464
2972,2685902660,11274926644
2973,2686782040,11275806024
2974,2689660396,11278684380
2975,2698741880,11287765864
2976,2699182920,11288206904
2977,2700031392,11289055376
2978,2706998820,11296022804
2979,2707772576,11296796560
2980,2709347836,11298371820
2981,2713769732,11302793716
2982,2721048416,11310072400
2983,2721537764,11310561748
2984,2722676824,11311700808
2985,2722823228,11311847212
2986,2723209980,11312233964
2987,2728768648,11317792632
2988,2731681760,11320705744
2989,2735621252,11324645236
2990,2746042784,11335066768
2991,2747178144,11336202128
2992,2748705364,11337729348
2993,2752454392,11341478376
2994,2754761016,11343785000
2995,2758189712,11347213696
2996,2764321496,11353345480
2997,2769603520,11358627504
2998,2773914208,11362938192
2999,2775369100,11364393084
3000,2776583120,11365607104
3001,2784437816,11373461800
3002,2786188884,11375212868
3003,2787460372,11376484356
3004,2788697484,11377721468
3005,2791857660,11380881644
3006,2795668696,11384692680
3007,2800601080,11389625064
3008,2806306172,11395330156
3009,2816365192,11405389176
3010,2822324544,11411348528
3011,2824905016,11413929000
3012,2827465528,11416489512
3013,2827983280,11417007264
3014,2830026120,11419050104
3015,2834640516,11423664500
3016,2835731564,11424755548
3017,2838923724,11427947708
3018,2840958696,11429982680
3019,2841046336,11430070320
3020,2844757596,11433781580
3021,2845636636,11434660620
3022,2847551172,11436575156
3023,2853415684,11442439668
3024,2862920732,11451944716
3025,2864485440,11453509424
3026,2865277456,11454301440
3027,2865286308,11454310292
3028,2881203248,11470227232
3029,2884660016,11473684000
3030,2891342112,11480366096
3031,2892391636,11481415620
3032,2893454864,11482478848
3033,2897582648,11486606632
3034,2900091668,11489115652
3035,2910180024,11499204008
3036,2910811384,11499835368
3037,2918939304,11507963288
3038,2931822800,11520846784
3039,2932116256,11521140240
3040,2934918744,11523942728
3041,2936127968,11525151952
3042,2938297472,11527321456
3043,2942996860,11532020844
3044,2943462196,11532486180
3045,2946641060,11535665044
3046,2947259848,11536283832
3047,2950811908,11539835892
3048,2953666920,11542690904
3049,2955266384,11544290368
3050,2956718856,11545742840
3051,2961082424,11550106408
3052,2961095584,11550119568
3053,2962708468,11551732452
3054,2966628064,11555652048
3055,2968846192,11557870176
3056,2971262524,11560286508
3057,2972810772,11561834756
3058,2974954512,11563978496
3059,2981712284,11570736268
3060,2985237524,11574261508
3061,2989556180,11578580164
3062,2991962888,11580986872
3063,2993286768,11582310752
3064,2996926352,11585950336
3065,2998145872,11587169856
3066,3004903800,11593927784
3067,3006886512,11595910496
3068,3008306040,11597330024
3069,3008924352,11597948336
3070,3012884784,11601908768
3071,3014782216,11603806200
3072,3016490932,11605514916
3073,3018876384,11607900368
3074,3024039860,11613063844
3075,3026588440,11615612424
3076,3032757320,11621781304
3077,3034760496,11623784480
3078,3036323992,11625347976
3079,3040416212,11629440196
3080,3043036588,11632060572
3081,3048062972,11637086956
3082,3049871668,11638895652
3083,3060646872,11649670856
3084,3063898424,11652922408
3085,3067648412,11656672396
3086,3068051552,11657075536
3087,3069563600,11658587584
3088,3071784672,11660808656
3089,3077378588,11666402572
3090,3090542376,11679566360
3091,3091556216,11680580200
3092,3092485352,11681509336
3093,3092822792,11681846776
3094,3094351028,11683375012
3095,3094721300,11683745284
3096,3100354996,11689378980
3097,3108202012,11697225996
3098,3118361752,11707385736
3099,3120229608,11709253592
3100,3121298308,11710322292
3101,3123512836,11712536820
3102,3124453216,11713477200
3103,3130569640,11719593624
3104,3130941268,11719965252
3105,3134380424,11723404408
3106,3135127052,11724151036
3107,3139609224,11728633208
3108,3145213632,11734237616
3109,3148533072,11737557056
3110,3148982064,11738006048
3111,3160254740,11749278724
3112,3162967768,11751991752
3113,3164872492,11753896476
3114,3165514900,11754538884
3115,3165519808,11754543792
3116,3166059664,11755083648
3117,3180941232,11769965216
3118,3191541292,11780565276
3119,3191774556,11780798540
3120,3203032764,11792056748
3121,3210762604,11799786588
3122,3213419752,11802443736
3123,3216513052,11805537036
3124,3225857940,11814881924
3125,3227923884,11816947868
3126,3228904056,11817928040
3127,3231588840,11820612824
3128,3238714680,11827738664
3129,3240592296,11829616280
3130,3243043828,11832067812
3131,3254865516,11843889500
3132,3256721648,11845745632
3133,3257257716,11846281700
3134,3257511024,11846535008
3135,3258739084,11847763068
3136,3258961124,11847985108
3137,3259911444,11848935428
3138,3264238600,11853262584
3139,3269238248,11858262232
3140,3276082096,11865106080
3141,3282212992,11871236976
3142,3288559204,11877583188
3143,3288636152,11877660136
3144,3289093068,11878117052
3145,3289838432,11878862416
3146,3292112176,11881136160
3147,3294503036,11883527020
3148,3295478588,11884502572
3149,3296149328,11885173312
3150,3297205588,11886229572
3151,3299965448,11888989432
3152,3300661192,11889685176
3153,3301685268,11890709252
3154,3311111812,11900135796
3155,3311124528,11900148512
3156,3320955976,11909979960
3157,3323409072,11912433056
3158,3327607644,11916631628
3159,3328873656,11917897640
3160,3332584044,11921608028
3161,3335518896,11924542880
3162,3338326588,11927350572
3163,3339818780,11928842764
3164,3347039368,11936063352
3165,3347304176,11936328160
3166,3352974104,11941998088
3167,3359519952,11948543936
3168,3364846912,11953870896
3169,3372208588,11961232572
3170,3378154336,11967178320
3171,3381099792,11970123776
3172,3397917340,11986941324
3173,3400795764,11989819748
3174,3404221312,11993245296
3175,3404904976,11993928960
3176,3405691036,11994715020
3177,3408167740,11997191724
3178,3410517940,11999541924
3179,3410859692,11999883676
3180,3411741152,12000765136
3181,3412591624,12001615608
3182,3414348344,12003372328
3183,3415293032,12004317016
3184,3416190352,12005214336
3185,3416368296,12005392280
3186,3416800484,12005824468
3187,3416933640,12005957624
3188,3417580472,12006604456
3189,3422567804,12011591788
3190,3428917820,12017941804
3191,3430266648,12019290632
3192,3431096280,12020120264
3193,3436746632,12025770616
3194,3439597080,12028621064
3195,3440667172,12029691156
3196,3445778732,12034802716
3197,3449763620,12038787604
3198,3453803052,12042827036
3199,3458614900,12047638884
3200,3464485352,12053509336
3201,3465018204,12054042188
3202,3465072656,12054096640
3203,3469269508,12058293492
3204,3472301208,12061325192
3205,3473113020,12062137004
3206,3474296112,12063320096
3207,3476405736,12065429720
3208,3490687624,12079711608
3209,3490732764,12079756748
3210,3494070816,12083094800
3211,3500230728,12089254712
3212,3503725384,12092749368
3213,3504040340,12093064324
3214,3505066060,12094090044
3215,3506477984,12095501968
3216,3507679848,12096703832
3217,3511689008,12100712992
3218,3511954664,12100978648
3219,3515672624,12104696608
3220,3531034520,12120058504
3221,3533001796,12122025780
3222,3533941380,12122965364
3223,3534432020,12123456004
3224,3537366544,12126390528
3225,3551907724,12140931708
3226,3555493612,12144517596
3227,3556111952,12145135936
3228,3558939044,12147963028
3229,3559066688,12148090672
3230,3565304124,12154328108
3231,3568178908,12157202892
3232,3569849804,12158873788
3233,3570377708,12159401692
3234,3574815820,12163839804
3235,3575192348,12164216332
3236,3575896156,12164920140
3237,3575986380,12165010364
3238,3578009984,12167033968
3239,3579091648,12168115632
3240,3585770044,12174794028
3241,3590119000,12179142984
3242,3590805640,12179829624
3243,3592767736,12181791720
3244,3598676644,12187700628
3245,3604916500,12193940484
3246,3608851892,12197875876
3247,3608884344,12197908328
3248,3615116312,12204140296
3249,3618282780,12207306764
3250,3620611832,12209635816
3251,3623156324,12212180308
3252,3625707932,12214731916
3253,3635393440,12224417424
3254,3641148436,12230172420
3255,3646467788,12235491772
3256,3647175124,12236199108
3257,3652175516,12241199500
3258,3657780060,12246804044
3259,3658420964,12247444948
3260,3662528968,12251552952
3261,3663279312,12252303296
3262,3663442564,12252466548
3263,3666215888,12255239872
3264,3666567848,12255591832
3265,3669839748,12258863732
3266,3673966248,12262990232
3267,3677587856,12266611840
3268,3700130368,12289154352
3269,3702774472,12291798456
3270,3710724320,12299748304
3271,3712016632,12301040616
3272,3712230728,12301254712
3273,3714135920,12303159904
3274,3715475212,12304499196
3275,3716123688,12305147672
3276,3718761536,12307785520
3277,3718831868,12307855852
3278,3718849372,12307873356
3279,3725447824,12314471808
3280,3736672476,12325696460
3281,3743250308,12332274292
3282,3744685668,12333709652
3283,3745493248,12334517232
3284,3752702852,12341726836
3285,3755947388,12344971372
3286,3756087268,12345111252
3287,3763541708,12352565692
3288,3767314600,12356338584
3289,3770428208,12359452192
3290,3773639696,12362663680
3291,3774356592,12363380576
3292,3774990876,12364014860
3293,3775488344,12364512328
3294,3775551944,12364575928
3295,3787892916,12376916900
3296,3792908476,12381932460
3297,3793104316,12382128300
3298,3796002272,12385026256
3299,3798213252,12387237236
3300,3798903056,12387927040
3301,3799905932,12388929916
3302,3804789516,12393813500
3303,3808590560,12397614544
3304,3809316460,12398340444
3305,3812419328,12401443312
3306,3816398488,12405422472
3307,3821096524,12410120508
3308,3822134932,12411158916
3309,3824175452,12413199436
3310,3825509792,12414533776
3311,3831665596,12420689580
3312,3833442700,12422466684
3313,3833814216,12422838200
3314,3836543284,12425567268
3315,3837164376,12426188360
3316,3840557420,12429581404
3317,3841590392,12430614376
3318,3847972264,12436996248
3319,3851507028,12440531012
3320,3856130136,12445154120
3321,3856828064,12445852048
3322,3857676328,12446700312
3323,3861490892,12450514876
3324,3866264424,12455288408
3325,3866268852,12455292836
3326,3867161484,12456185468
3327,3871596940,12460620924
3328,3873704628,12462728612
3329,3877268636,12466292620
3330,3878556184,12467580168
3331,3880494424,12469518408
3332,3884094288,12473118272
3333,3892774684,12481798668
3334,3894781604,12483805588
3335,3918347500,12507371484
3336,3919702340,12508726324
3337,3920956676,12509980660
3338,3922991180,12512015164
3339,3923854932,12512878916
3340,3925882588,12514906572
3341,3931571800,12520595784
3342,3933578532,12522602516
3343,3934564456,12523588440
3344,3940159804,12529183788
3345,3940926284,12529950268
3346,3947989060,12537013044
3347,3950884672,12539908656
3348,3953030144,12542054128
3349,3953989160,12543013144
3350,3954735488,12543759472
3351,3955613436,12544637420
3352,3969051936,12558075920
3353,3971215404,12560239388
3354,3973187196,12562211180
3355,3973925460,12562949444
3356,3984540956,12573564940
3357,3986881740,12575905724
3358,3987572204,12576596188
3359,3988703580,12577727564
3360,3992531592,12581555576
3361,3996283132,12585307116
3362,4002536132,12591560116
3363,4006594372,12595618356
3364,4006611468,12595635452
3365,4009350480,12598374464
3366,4009730580,12598754564
3367,4013017344,12602041328
3368,4013423828,12602447812
3369,4014038072,12603062056
3370,4020776764,12609800748
3371,4023559292,12612583276
3372,4024078416,12613102400
3373,4024420964,12613444948
3374,4029928296,12618952280
3375,4030005136,12619029120
3376,4030463860,12619487844
3377,4030785928,12619809912
3378,4031993124,12621017108
3379,4035244052,12624268036
3380,4046536292,12635560276
3381,4054866192,12643890176
3382,4057191896,12646215880
3383,4063022568,12652046552
3384,4063254992,12652278976
3385,4071274100,12660298084
3386,4074881484,12663905468
3387,4082349452,12671373436
3388,4091340880,12680364864
3389,4097814456,12686838440
3390,4100878004,12689901988
3391,4111673120,12700697104
3392,4115997560,12705021544
3393,4122876264,12711900248
3394,4125229308,12714253292
3395,4126440556,12715464540
3396,4130826108,12719850092
3397,4138288432,12727312416
3398,4140798868,12729822852
3399,4142206004,12731229988
3400,4143939964,12732963948
3401,4152700928,12741724912
3402,4157800628,12746824612
3403,4162588380,12751612364
3404,4167226696,12756250680
3405,4178488204,12767512188
3406,4179733248,12768757232
3407,4180225384,12769249368
3408,4180664876,12769688860
3409,4180754280,12769778264
3410,4184111780,12773135764
3411,4187632400,12776656384
3412,4189725684,12778749668
3413,4194423856,12783447840
3414,4197277772,12786301756
3415,4197816160,12786840144
3416,4197956256,12786980240
3417,4198463292,12787487276
3418,4199412404,12788436388
3419,4200299620,12789323604
3420,4203083452,12792107436
3421,4204136780,12793160764
3422,4208335264,12797359248
3423,4210022368,12799046352
3424,4211986028,12801010012
3425,4213341008,12802364992
3426,4214488492,12803512476
3427,4222283248,12811307232
3428,4226762340,12815786324
3429,4228587592,12817611576
3430,4229982460,12819006444
3431,4230381096,12819405080
3432,4231579720,12820603704
3433,4233636744,12822660728
3434,4248319936,12837343920
3435,4258936400,12847960384
3436,4261956984,12850980968
3437,4265018336,12854042320
3438,4270909732,12859933716
3439,4272544128,12861568112
3440,4274638888,12863662872
3441,4275694000,12864717984
3442,4279091148,12868115132
3443,4279506392,12868530376
3444,4279780872,12868804856
3445,4281461704,12870485688
3446,4285367820,12874391804
3447,4291307256,12880331240
3448,4292111964,12881135948
3449,4292323204,12881347188
3450,4292609128,12881633112
3451,7104,12883998384
3452,11450332,12895441612
3453,12056144,12896047424
3454,15726432,12899717712
3455,26021028,12910012308
3456,27260360,12911251640
3457,31984120,12915975400
3458,40208528,12924199808
3459,48236268,12932227548
3460,58231584,12942222864
3461,85769908,12969761188
3462,88322376,12972313656
3463,89503120,12973494400
3464,89515144,12973506424
3465,92556540,12976547820
3466,94947524,12978938804
3467,95270184,12979261464
3468,98108904,12982100184
3469,102901528,12986892808
3470,103158164,12987149444
3471,106165164,12990156444
3472,116910288,13000901568
3473,116981456,13000972736
3474,117674580,13001665860
3475,126053892,13010045172
3476,126275552,13010266832
3477,128830008,13012821288
3478,146515104,13030506384
3479,146713864,13030705144
3480,151792724,13035784004
3481,157568800,13041560080
3482,158025424,13042016704
3483,159744496,13043735776
3484,166714168,13050705448
3485,167440476,13051431756
3486,167671504,13051662784
3487,169434880,13053426160
3488,172005656,13055996936
3489,172539712,13056530992
3490,172710116,13056701396
3491,173765556,13057756836
3492,174264924,13058256204
3493,180920608,13064911888
3494,181656884,13065648164
3495,186058196,13070049476
3496,189954384,13073945664
3497,190707952,13074699232
3498,192004176,13075995456
3499,195572272,13079563552
3500,207790952,13091782232
3501,209580028,13093571308
3502,210823816,13094815096
3503,211067564,13095058844
3504,214613664,13098604944
3505,221542076,13105533356
3506,227208088,13111199368
3507,230753512,13114744792
3508,234980892,13118972172
3509,235812548,13119803828
3510,241413364,13125404644
3511,242727700,13126718980
3512,247374724,13131366004
3513,251775644,13135766924
3514,252607992,13136599272
3515,254890260,13138881540
3516,256886428,13140877708
3517,261393556,13145384836
3518,265208480,13149199760
3519,270978276,13154969556
3520,275379820,13159371100
3521,275695936,13159687216
3522,276512044,13160503324
3523,283191008,13167182288
3524,290836072,13174827352
3525,291112300,13175103580
3526,296981248,13180972528
3527,297170664,13181161944
3528,297689912,13181681192
3529,299327812,13183319092
3530,300196024,13184187304
3531,302527020,13186518300
3532,304529448,13188520728
3533,308400060,13192391340
3534,309817620,13193808900
3535,311064136,13195055416
3536,320668904,13204660184
3537,322126016,13206117296
3538,324466280,13208457560
3539,327536484,13211527764
3540,329359984,13213351264
3541,330851900,13214843180
3542,331298948,13215290228
3543,338102552,13222093832
3544,340399372,13224390652
3545,340537244,13224528524
3546,342523380,13226514660
3547,342694700,13226685980
3548,348844736,13232836016
3549,349303068,13233294348
3550,349314644,13233305924
3551,350770780,13234762060
3552,364598252,13248589532
3553,365725152,13249716432
3554,369428544,13253419824
3555,372192788,13256184068
3556,376071584,13260062864
3557,376093480,13260084760
3558,377944020,13261935300
3559,388339556,13272330836
3560,389477260,13273468540
3561,389953356,13273944636
3562,396491032,13280482312
3563,397043024,13281034304
3564,399803840,13283795120
3565,409356932,13293348212
3566,411538336,13295529616
3567,419432084,13303423364
3568,426045440,13310036720
3569,430619904,13314611184
3570,430688756,13314680036
3571,436375036,13320366316
3572,452952952,13336944232
3573,458216524,13342207804
3574,464121392,13348112672
3575,465475536,13349466816
3576,468604280,13352595560
3577,470310068,13354301348
3578,474816420,13358807700
3579,480543832,13364535112
3580,483988420,13367979700
3581,486890996,13370882276
3582,491065876,13375057156
3583,493504580,13377495860
3584,494066340,13378057620
3585,495559476,13379550756
3586,507212180,13391203460
3587,508376656,13392367936
3588,510234228,13394225508
3589,511379628,13395370908
3590,519538164,13403529444
3591,522214272,13406205552
3592,528338996,13412330276
3593,530548196,13414539476
3594,535012084,13419003364
3595,535969984,13419961264
3596,539033940,13423025220
3597,539827836,13423819116
3598,539945796,13423937076
3599,544592980,13428584260
3600,551941752,13435933032
3601,558759300,13442750580
3602,567441112,13451432392
3603,569189768,13453181048
3604,574461508,13458452788
3605,575415012,13459406292
3606,576371772,13460363052
3607,584094808,13468086088
3608,589958344,13473949624
3609,596692096,13480683376
3610,596711260,13480702540
3611,597783228,13481774508
3612,598260980,13482252260
3613,599913884,13483905164
3614,622756344,13506747624
3615,624078728,13508070008
3616,624167556,13508158836
3617,629089512,13513080792
3618,633149044,13517140324
3619,635488528,13519479808
3620,642768972,13526760252
3621,647071404,13531062684
3622,654069472,13538060752
3623,659653752,13543645032
3624,661342852,13545334132
3625,672615628,13556606908
3626,677829224,13561820504
3627,679743632,13563734912
3628,688205700,13572196980
3629,688781992,13572773272
3630,689302956,13573294236
3631,695815644,13579806924
3632,699026688,13583017968
3633,702720216,13586711496
3634,706083720,13590075000
3635,720724976,13604716256
3636,724620008,13608611288
3637,727628192,13611619472
3638,728937024,13612928304
3639,734283524,13618274804
3640,742580428,13626571708
3641,746198240,13630189520
3642,746750980,13630742260
3643,751622044,13635613324
3644,751833600,13635824880
3645,752992008,13636983288
3646,757251340,13641242620
3647,763150448,13647141728
3648,763553728,13647545008
3649,765514904,13649506184
3650,768633604,13652624884
3651,776031304,13660022584
3652,776124120,13660115400
3653,776352048,13660343328
3654,780788104,13664779384
3655,783784096,13667775376
3656,783998884,13667990164
3657,784324640,13668315920
3658,786340076,13670331356
3659,787465572,13671456852
3660,787700152,13671691432
3661,789520212,13673511492
3662,789833736,13673825016
3663,795164636,13679155916
3664,802203092,13686194372
3665,804323088,13688314368
3666,806072512,13690063792
3667,812270336,13696261616
3668,813211184,13697202464
3669,814008812,13698000092
3670,817356088,13701347368
3671,823596248,13707587528
3672,828555776,13712547056
3673,834639632,13718630912
3674,838251016,13722242296
3675,841287952,13725279232
3676,844110304,13728101584
3677,849290988,13733282268
3678,852985564,13736976844
3679,853988380,13737979660
3680,858601364,13742592644
3681,860022308,13744013588
3682,861284624,13745275904
3683,867658088,13751649368
3684,871628528,13755619808
3685,872143640,13756134920
3686,875129864,13759121144
3687,878891896,13762883176
3688,884648296,13768639576
3689,889430108,13773421388
3690,894418068,13778409348
3691,902147072,13786138352
3692,906743376,13790734656
3693,907926676,13791917956
3694,920945988,13804937268
3695,921818268,13805809548
3696,923423900,13807415180
3697,925238160,13809229440
3698,929303056,13813294336
3699,933941208,13817932488
3700,937325532,13821316812
3701,937338492,13821329772
3702,937945764,13821937044
3703,940454236,13824445516
3704,946094184,13830085464
3705,947648716,13831639996
3706,949019404,13833010684
3707,951002792,13834994072
3708,953227788,13837219068
3709,958686844,13842678124
3710,960592112,13844583392
3711,974502632,13858493912
3712,978640004,13862631284
3713,987145680,13871136960
3714,994698804,13878690084
3715,995328672,13879319952
3716,999477376,13883468656
3717,1002281492,13886272772
3718,1006814788,13890806068
3719,1016062192,13900053472
3720,1019098764,13903090044
3721,1020180748,13904172028
3722,1021681252,13905672532
3723,1029161840,13913153120
3724,1036018652,13920009932
3725,1036675088,13920666368
3726,1037490420,13921481700
3727,1039856280,13923847560
3728,1041263016,13925254296
3729,1042478068,13926469348
3730,1044459428,13928450708
3731,1045491048,13929482328
3732,1046046592,13930037872
3733,1064954704,13948945984
3734,1067964080,13951955360
3735,1070615184,13954606464
3736,1071378100,13955369380
3737,1083980056,13967971336
3738,1084247404,13968238684
3739,1084893532,13968884812
3740,1089871640,13973862920
3741,1091030912,13975022192
3742,1091391732,13975383012
3743,1103456020,13987447300
3744,1104325260,13988316540
3745,1108407360,13992398640
3746,1109182628,13993173908
3747,1111676712,13995667992
3748,1122199692,14006190972
3749,1122412268,14006403548
3750,1126760744,14010752024
3751,1132614596,14016605876
3752,1141773816,14025765096
3753,1151183796,14035175076
3754,1154669808,14038661088
3755,1156679164,14040670444
3756,1167013688,14051004968
3757,1170063536,14054054816
3758,1170609220,14054600500
3759,1173434812,14057426092
3760,1176393792,14060385072
3761,1176879832,14060871112
3762,1178751472,14062742752
3763,1184628332,14068619612
3764,1190380832,14074372112
3765,1192689624,14076680904
3766,1194023592,14078014872
3767,1201531948,14085523228
3768,1205836572,14089827852
3769,1206360976,14090352256
3770,1210619696,14094610976
3771,1212648596,14096639876
3772,1212833732,14096825012
3773,1226604504,14110595784
3774,1228514556,14112505836
3775,1231075812,14115067092
3776,1232786512,14116777792
3777,1233077904,14117069184
3778,1237179520,14121170800
3779,1240735368,14124726648
3780,1240944580,14124935860
3781,1241647780,14125639060
3782,1243327640,14127318920
3783,1244065324,14128056604
3784,1244068196,14128059476
3785,1247208964,14131200244
3786,1248912492,14132903772
3787,1249100852,14133092132
3788,1249418112,14133409392
3789,1252984704,14136975984
3790,1258589712,14142580992
3791,1258981128,14142972408
3792,1259109692,14143100972
3793,1261539472,14145530752
3794,1265702084,14149693364
3795,1265766940,14149758220
3796,1274498680,14158489960
3797,1275371308,14159362588
3798,1277958380,14161949660
3799,1278504728,14162496008
3800,1280769512,14164760792
3801,1284000568,14167991848
3802,1289538724,14173530004
3803,1295410548,14179401828
3804,1297242204,14181233484
3805,1307441708,14191432988
3806,1308949176,14192940456
3807,1309015536,14193006816
3808,1316278872,14200270152
3809,1317604100,14201595380
3810,1317710424,14201701704
3811,1319398200,14203389480
3812,1324721372,14208712652
3813,1327081512,14211072792
3814,1328078572,14212069852
3815,1330208332,14214199612
3816,1335867740,14219859020
3817,1349690764,14233682044
3818,1356649968,14240641248
3819,1359360832,14243352112
3820,1362047184,14246038464
3821,1362064512,14246055792
3822,1366707252,14250698532
3823,1367869700,14251860980
3824,1367947936,14251939216
3825,1368876304,14252867584
3826,1371722064,14255713344
3827,1374272484,14258263764
3828,1382630416,14266621696
3829,1384013328,14268004608
3830,1389349584,14273340864
3831,1391247760,14275239040
3832,1395014580,14279005860
3833,1397641756,14281633036
3834,1406896960,14290888240
3835,1409779416,14293770696
3836,1410351332,14294342612
3837,1422722092,14306713372
3838,1427294620,14311285900
3839,1435510908,14319502188
3840,1451122104,14335113384
3841,1453645896,14337637176
3842,1463525896,14347517176
3843,1467250280,14351241560
3844,1469337528,14353328808
3845,1475480116,14359471396
3846,1478861508,14362852788
3847,1479189504,14363180784
3848,1485510516,14369501796
3849,1491263724,14375255004
3850,1491918868,14375910148
3851,1493945896,14377937176
3852,1496591240,14380582520
3853,1496879784,14380871064
3854,1497044852,14381036132
3855,1498384272,14382375552
3856,1498489912,14382481192
3857,1500892228,14384883508
3858,1505235232,14389226512
3859,1507301312,14391292592
3860,1513470208,14397461488
3861,1519873564,14403864844
3862,1529276728,14413268008
3863,1533520780,14417512060
3864,1543001340,14426992620
3865,1548535720,14432527000
3866,1549461396,14433452676
3867,1553510900,14437502180
3868,1555690240,14439681520
3869,1557340360,14441331640
3870,1557809848,14441801128
3871,1558512224,14442503504
3872,1559424040,14443415320
3873,1567159260,14451150540
3874,1568168448,14452159728
3875,1570826872,14454818152
3876,1574198572,14458189852
3877,1576744904,14460736184
3878,1580371348,14464362628
3879,1598321740,14482313020
3880,1598495800,14482487080
3881,1601438448,14485429728
3882,1602135272,14486126552
3883,1602501820,14486493100
3884,1603801384,14487792664
3885,1604344580,14488335860
3886,1604439644,14488430924
3887,1608787864,14492779144
3888,1611379136,14495370416
3889,1612957484,14496948764
3890,1614339368,14498330648
3891,1617825240,14501816520
3892,1618868660,14502859940
3893,1624052604,14508043884
3894,1627896204,14511887484
3895,1632121888,14516113168
3896,1634089752,14518081032
3897,1634562656,14518553936
3898,1637888900,14521880180
3899,1639686264,14523677544
3900,1646822600,14530813880
3901,1650518832,14534510112
3902,1652559360,14536550640
3903,1656277884,14540269164
3904,1656534088,14540525368
3905,1659328944,14543320224
3906,1659921648,14543912928
3907,1663685136,14547676416
3908,1667804556,14551795836
3909,1673985068,14557976348
3910,1678713084,14562704364
3911,1689298564,14573289844
3912,1699504864,14583496144
3913,1700229008,14584220288
3914,1700316840,14584308120
3915,1701150968,14585142248
3916,1704897268,14588888548
3917,1706929280,14590920560
3918,1708406884,14592398164
3919,1710597636,14594588916
3920,1711523172,14595514452
3921,1721318788,14605310068
3922,1726703200,14610694480
3923,1730022316,14614013596
3924,1730994244,14614985524
3925,1741225456,14625216736
3926,1753356848,14637348128
3927,1754624824,14638616104
3928,1755383948,14639375228
3929,1755987384,14639978664
3930,1757292572,14641283852
3931,1758870076,14642861356
3932,1763387004,14647378284
3933,1765013220,14649004500
3934,1769231624,14653222904
3935,1772701168,14656692448
3936,1776317628,14660308908
3937,1777733348,14661724628
3938,1783233076,14667224356
3939,1784181756,14668173036
3940,1791552032,14675543312
3941,1793372544,14677363824
3942,1801268932,14685260212
3943,1807701704,14691692984
3944,1810025376,14694016656
3945,1813180444,14697171724
3946,1813476144,14697467424
3947,1813497028,14697488308
3948,1818808412,14702799692
3949,1820786740,14704778020
3950,1820890960,14704882240
3951,1824846700,14708837980
3952,1826052108,14710043388
3953,1826518048,14710509328
3954,1829618144,14713609424
3955,1830998384,14714989664
3956,1834103296,14718094576
3957,1838573604,14722564884
3958,1849340780,14733332060
3959,1849692692,14733683972
3960,1851050512,14735041792
3961,1852403368,14736394648
3962,1859701504,14743692784
3963,1865737536,14749728816
3964,1867326748,14751318028
3965,1868809476,14752800756
3966,1869177288,14753168568
3967,1871423776,14755415056
3968,1874991300,14758982580
3969,1878436512,14762427792
3970,1882665728,14766657008
3971,1887803332,14771794612
3972,1891013260,14775004540
3973,1894520128,14778511408
3974,1895111148,14779102428
3975,1895814116,14779805396
3976,1897146724,14781138004
3977,1904023924,14788015204
3978,1905056116,14789047396
3979,1905978916,14789970196
3980,1906171428,14790162708
3981,1912522588,14796513868
3982,1914371920,14798363200
3983,1917125524,14801116804
3984,1917895596,14801886876
3985,1920044056,14804035336
3986,1923846140,14807837420
3987,1928708764,14812700044
3988,1929246412,14813237692
3989,1931233564,14815224844
3990,1938356128,14822347408
3991,1942486028,14826477308
3992,1953583684,14837574964
3993,1962684204,14846675484
3994,1967655568,14851646848
3995,1974236660,14858227940
3996,1974291600,14858282880
3997,1975868124,14859859404
3998,1976037888,14860029168
3999,1979766912,14863758192
4000,1980292976,14864284256
4001,1983697748,14867689028
4002,1991673300,14875664580
4003,1998291700,14882282980
4004,2002148584,14886139864
4005,2002991736,14886983016
4006,2004252976,14888244256
4007,2009066556,14893057836
4008,2011519656,14895510936
4009,2012062140,14896053420
4010,2013251504,14897242784
4011,2013622656,14897613936
4012,2018318792,14902310072
4013,2020702260,14904693540
4014,2023388408,14907379688
4015,2023815036,14907806316
4016,2027074568,14911065848
4017,2031402452,14915393732
4018,2038398196,14922389476
4019,2044210504,14928201784
4020,2051611352,14935602632
4021,2059678640,14943669920
4022,2061915212,14945906492
4023,2062518404,14946509684
4024,2064561216,14948552496
4025,2064676528,14948667808
4026,2066396796,14950388076
4027,2081510144,14965501424
4028,2086134876,14970126156
4029,2092354588,14976345868
4030,2095513180,14979504460
4031,2097551008,14981542288
4032,2099516140,14983507420
4033,2100089420,14984080700
4034,2100348608,14984339888
4035,2101143836,14985135116
4036,2101427136,14985418416
4037,2106062844,14990054124
4038,2107847996,14991839276
4039,2108295160,14992286440
4040,2113671220,14997662500
4041,2114232880,14998224160
4042,2115821112,14999812392
4043,2115969472,14999960752
4044,2117559404,15001550684
4045,2121433980,15005425260
4046,2124340604,15008331884
4047,2134792748,15018784028
4048,2137677272,15021668552
4049,2138432404,15022423684
4050,2139858432,15023849712
4051,2140752996,15024744276
4052,2144086960,15028078240
4053,2145367144,15029358424
4054,2146278652,15030269932
4055,2161109924,15045101204
4056,2168005736,15051997016
4057,2169634112,15053625392
4058,2171728984,15055720264
4059,2172326000,15056317280
4060,2173571552,15057562832
4061,2183531324,15067522604
4062,2183989184,15067980464
4063,2194608152,15078599432
4064,2196917392,15080908672
4065,2201152740,15085144020
4066,2207609856,15091601136
4067,2208425600,15092416880
4068,2209145664,15093136944
4069,2221217076,15105208356
4070,2224241528,15108232808
4071,2225793836,15109785116
4072,2234496748,15118488028
4073,2235855560,15119846840
4074,2238818748,15122810028
4075,2239511420,15123502700
4076,2240173012,15124164292
4077,2244887404,15128878684
4078,2254823176,15138814456
4079,2258684812,15142676092
4080,2260641724,15144633004
4081,2264217436,15148208716
4082,2270834984,15154826264
4083,2274439980,15158431260
4084,2280623100,15164614380
4085,2281397388,15165388668
4086,2281727132,15165718412
4087,2286238064,15170229344
4088,2292551836,15176543116
4089,2293377024,15177368304
4090,2294062696,15178053976
4091,2297094932,15181086212
4092,2300566236,15184557516
4093,2302312336,15186303616
4094,2304351164,15188342444
4095,2304580276,15188571556
4096,2319062340,15203053620
4097,2321120240,15205111520
4098,2322248012,15206239292
4099,2322896432,15206887712
4100,2323869400,15207860680
4101,2327186336,15211177616
4102,2329513720,15213505000
4103,2330128808,15214120088
4104,2335807584,15219798864
4105,2341326488,15225317768
4106,2352689016,15236680296
4107,2353059068,15237050348
4108,2357055168,15241046448
4109,2361122292,15245113572
4110,2368313272,15252304552
4111,2373082888,15257074168
4112,2373684592,15257675872
4113,2374753340,15258744620
4114,2379401704,15263392984
4115,2383317972,15267309252
4116,2383946084,15267937364
4117,2386314904,15270306184
4118,2391047644,15275038924
4119,2391628376,15275619656
4120,2398699260,15282690540
4121,2401099824,15285091104
4122,2402374156,15286365436
4123,2403055184,15287046464
4124,2404003528,15287994808
4125,2415459208,15299450488
4126,2422205500,15306196780
4127,2432525376,15316516656
4128,2432834248,15316825528
4129,2436551028,15320542308
4130,2437847280,15321838560
4131,2442465652,15326456932
4132,2443588956,15327580236
4133,2449565432,15333556712
4134,2450910168,15334901448
4135,2451520172,15335511452
4136,2470633724,15354625004
4137,2472955164,15356946444
4138,2483009408,15367000688
4139,2489319960,15373311240
4140,2489617296,15373608576
4141,2493478716,15377469996
4142,2494888252,15378879532
4143,2495998152,15379989432
4144,2497099256,15381090536
4145,2499145516,15383136796
4146,2500303332,15384294612
4147,2503430032,15387421312
4148,2508862052,15392853332
4149,2515846644,15399837924
4150,2517651592,15401642872
4151,2520335144,15404326424
4152,2520389604,15404380884
4153,2525720160,15409711440
4154,2529271984,15413263264
4155,2533645528,15417636808
4156,2535955064,15419946344
4157,2539510152,15423501432
4158,2540826920,15424818200
4159,2544058196,15428049476
4160,2547695912,15431687192
4161,2555260680,15439251960
4162,2557601536,15441592816
4163,2559640752,15443632032
4164,2560311392,15444302672
4165,2561329940,15445321220
4166,2561759772,15445751052
4167,2562836780,15446828060
4168,2567432592,15451423872
4169,2568846224,15452837504
4170,2570339580,15454330860
4171,2573364484,15457355764
4172,2577897328,15461888608
4173,2581915844,15465907124
4174,2582864828,15466856108
4175,2584004860,15467996140
4176,2586759328,15470750608
4177,2593246732,15477238012
4178,2594294456,15478285736
4179,2595486204,15479477484
4180,2602471112,15486462392
4181,2609492600,15493483880
4182,2610511628,15494502908
4183,2615007684,15498998964
4184,2617885240,15501876520
4185,2619374076,15503365356
4186,2633502240,15517493520
4187,2637341756,15521333036
4188,2641650544,15525641824
4189,2644072404,15528063684
4190,2647499384,15531490664
4191,2649998344,15533989624
4192,2653955720,15537947000
4193,2656121784,15540113064
4194,2662480884,15546472164
4195,2665935952,15549927232
4196,2677513636,15561504916
4197,2677612252,15561603532
4198,2680372504,15564363784
4199,2698029508,15582020788
4200,2699112468,15583103748
4201,2703217296,15587208576
4202,2713144280,15597135560
4203,2725385728,15609377008
4204,2725831884,15609823164
4205,2727379748,15611371028
4206,2729451920,15613443200
4207,2732402960,15616394240
4208,2735376888,15619368168
4209,2744160160,15628151440
4210,2747904036,15631895316
4211,2753022532,15637013812
4212,2763814372,15647805652
4213,2768213344,15652204624
4214,2769714304,15653705584
4215,2777656908,15661648188
4216,2778146932,15662138212
4217,2780975056,15664966336
4218,2782816804,15666808084
4219,2784745468,15668736748
4220,2790374800,15674366080
4221,2790751404,15674742684
4222,2797809424,15681800704
4223,2818958688,15702949968
4224,2821714136,15705705416
4225,2823346420,15707337700
4226,2825314400,15709305680
4227,2826220764,15710212044
4228,2827035648,15711026928
4229,2827290152,15711281432
4230,2827749900,15711741180
4231,2830591836,15714583116
4232,2835831592,15719822872
4233,2836955544,15720946824
4234,2841714084,15725705364
4235,2842546260,15726537540
4236,2845008376,15728999656
4237,2845210632,15729201912
4238,2853092220,15737083500
4239,2855504168,15739495448
4240,2860904896,15744896176
4241,2863444072,15747435352
4242,2868681116,15752672396
4243,2868717796,15752709076
4244,2870138240,15754129520
4245,2870139188,15754130468
4246,2872155324,15756146604
4247,2873906112,15757897392
4248,2883443224,15767434504
4249,2890584096,15774575376
4250,2891609344,15775600624
4251,2892900676,15776891956
4252,2895130760,15779122040
4253,2895944204,15779935484
4254,2896033508,15780024788
4255,2903114884,15787106164
4256,2904608376,15788599656
4257,2915244776,15799236056
4258,2916531012,15800522292
4259,2916832732,15800824012
4260,2917980908,15801972188
4261,2918964340,15802955620
4262,2919239224,15803230504
4263,2925671088,15809662368
4264,2927696628,15811687908
4265,2928531980,15812523260
4266,2936588156,15820579436
4267,2938537120,15822528400
4268,2939393248,15823384528
4269,2947804160,15831795440
4270,2952110800,15836102080
4271,2954252356,15838243636
4272,2956213408,15840204688
4273,2957526120,15841517400
4274,2963538504,15847529784
4275,2964600308,15848591588
4276,2965419916,15849411196
4277,2967354328,15851345608
4278,2967458120,15851449400
4279,2967700140,15851691420
4280,2970760304,15854751584
4281,2973520648,15857511928
4282,2982919152,15866910432
4283,2984893096,15868884376
4284,2996196936,15880188216
4285,2997540208,15881531488
4286,3001352408,15885343688
4287,3002942552,15886933832
4288,3009679456,15893670736
4289,3011247580,15895238860
4290,3012156104,15896147384
4291,3014648024,15898639304
4292,3018650336,15902641616
4293,3024378640,15908369920
4294,3028129392,15912120672
4295,3037821380,15921812660
4296,3045701160,15929692440
4297,3047039280,15931030560
4298,3047603240,15931594520
4299,3048429824,15932421104
4300,3048442468,15932433748
4301,3059269284,15943260564
4302,3060775408,15944766688
4303,3065667884,15949659164
4304,3066271884,15950263164
4305,3070604668,15954595948
4306,3071708312,15955699592
4307,3072724940,15956716220
4308,3074191516,15958182796
4309,3085377824,15969369104
4310,3085797172,15969788452
4311,3087632436,15971623716
4312,3088169844,15972161124
4313,3090447912,15974439192
4314,3091139892,15975131172
4315,3094264300,15978255580
4316,3098539876,15982531156
4317,3107547752,15991539032
4318,3108499840,15992491120
4319,3111821756,15995813036
4320,3119216968,16003208248
4321,3120420896,16004412176
4322,3128326936,16012318216
4323,3128933808,16012925088
4324,3130879772,16014871052
4325,3132776208,16016767488
4326,3137628472,16021619752
4327,3144494140,16028485420
4328,3149834608,16033825888
4329,3151094264,16035085544
4330,3152236804,16036228084
4331,3152708856,16036700136
4332,3152747568,16036738848
4333,3165810164,16049801444
4334,3166599000,16050590280
4335,3168403112,16052394392
4336,3169178380,16053169660
4337,3177718564,16061709844
4338,3177972152,16061963432
4339,3179543056,16063534336
4340,3179773240,16063764520
4341,3180082548,16064073828
4342,3181287704,16065278984
4343,3182229428,16066220708
4344,3187055080,16071046360
4345,3188408376,16072399656
4346,3194268300,16078259580
4347,3197803388,16081794668
4348,3204677868,16088669148
4349,3214205888,16098197168
4350,3214861216,16098852496
4351,3217556488,16101547768
4352,3220008104,16103999384
4353,3222514668,16106505948
4354,3228603108,16112594388
4355,3234083416,16118074696
4356,3234476192,16118467472
4357,3239990736,16123982016
4358,3254883144,16138874424
4359,3257838124,16141829404
4360,3257908556,16141899836
4361,3259225328,16143216608
4362,3259708108,16143699388
4363,3259777492,16143768772
4364,3264267904,16148259184
4365,3268278932,16152270212
4366,3270000328,16153991608
4367,3282351496,16166342776
4368,3298747204,16182738484
4369,3302275896,16186267176
4370,3315323964,16199315244
4371,3317372548,16201363828
4372,3324878596,16208869876
4373,3324913028,16208904308
4374,3326641628,16210632908
4375,3327170504,16211161784
4376,3327311528,16211302808
4377,3331080412,16215071692
4378,3333111012,16217102292
4379,3338318172,16222309452
4380,3340429616,16224420896
4381,3343250556,16227241836
4382,3345301064,16229292344
4383,3346542020,16230533300
4384,3354487228,16238478508
4385,3354614480,16238605760
4386,3356087888,16240079168
4387,3367368292,16251359572
4388,3368156120,16252147400
4389,3369545980,16253537260
4390,3374400352,16258391632
4391,3376398320,16260389600
4392,3381913164,16265904444
4393,3384627172,16268618452
4394,3386102104,16270093384
4395,3387000824,16270992104
4396,3387274392,16271265672
4397,3387901608,16271892888
4398,3389315160,16273306440
4399,3392181600,16276172880
4400,3394470588,16278461868
4401,3397078000,16281069280
4402,3407363792,16291355072
4403,3407781544,16291772824
4404,3410085432,16294076712
4405,3415804300,16299795580
4406,3418935116,16302926396
4407,3420610248,16304601528
4408,3421164080,16305155360
4409,3427057540,16311048820
4410,3429481440,16313472720
4411,3431010620,16315001900
4412,3436286628,16320277908
4413,3437543180,16321534460
4414,3444831852,16328823132
4415,3448109456,16332100736
4416,3456923328,16340914608
4417,3457715872,16341707152
4418,3457781084,16341772364
4419,3460608208,16344599488
4420,3464571580,16348562860
4421,3471234760,16355226040
4422,3487091704,16371082984
4423,3488786060,16372777340
4424,3491757344,16375748624
4425,3492082564,16376073844
4426,3493586560,16377577840
4427,3500600340,16384591620
4428,3501000816,16384992096
4429,3502390200,16386381480
4430,3503088800,16387080080
4431,3507799544,16391790824
4432,3509022556,16393013836
4433,3510221172,16394212452
4434,3513482208,16397473488
4435,3513976304,16397967584
4436,3514138436,16398129716
4437,3523172932,16407164212
4438,3525187324,16409178604
4439,3526215808,16410207088
4440,3528392972,16412384252
4441,3530395752,16414387032
4442,3530979824,16414971104
4443,3538782248,16422773528
4444,3540340756,16424332036
4445,3540618312,16424609592
4446,3547718572,16431709852
4447,3551470828,16435462108
4448,3551627988,16435619268
4449,3557917596,16441908876
4450,3562968964,16446960244
4451,3571140124,16455131404
4452,3574489708,16458480988
4453,3576931588,16460922868
4454,3581856868,16465848148
4455,3582270508,16466261788
4456,3583818460,16467809740
4457,3585084760,16469076040
4458,3586120464,16470111744
4459,3589923124,16473914404
4460,3596649972,16480641252
4461,3600583960,16484575240
4462,3601595868,16485587148
4463,3602726236,16486717516
4464,3606423568,16490414848
4465,3606581756,16490573036
4466,3611083456,16495074736
4467,3612865172,16496856452
4468,3615896972,16499888252
4469,3623360424,16507351704
4470,3625337040,16509328320
4471,3638503072,16522494352
4472,3643172224,16527163504
4473,3643610896,16527602176
4474,3656734968,16540726248
4475,3665723768,16549715048
4476,3668466804,16552458084
4477,3668808440,16552799720
4478,3669754456,16553745736
4479,3671185920,16555177200
4480,3674404756,16558396036
4481,3691544192,16575535472
4482,3694252560,16578243840
4483,3694992176,16578983456
4484,3696618964,16580610244
4485,3697618856,16581610136
4486,3703574880,16587566160
4487,3709016104,16593007384
4488,3710099208,16594090488
4489,3712333432,16596324712
4490,3714283684,16598274964
4491,3718675164,16602666444
4492,3722331108,16606322388
4493,3722486724,16606478004
4494,3722632772,16606624052
4495,3727921160,16611912440
4496,3728627912,16612619192
4497,3731988384,16615979664
4498,3733778320,16617769600
4499,3738020556,16622011836
4500,3738287600,16622278880
4501,3739463988,16623455268
4502,3743226500,16627217780
4503,3743382280,16627373560
4504,3747879188,16631870468
4505,3748325572,16632316852
4506,3754880504,16638871784
4507,3759137908,16643129188
4508,3765383064,16649374344
4509,3772353144,16656344424
4510,3774662232,16658653512
4511,3775176024,16659167304
4512,3776363648,16660354928
4513,3778557140,16662548420
4514,3789612872,16673604152
4515,3795243020,16679234300
4516,3797205600,16681196880
4517,3797723900,16681715180
4518,3801544888,16685536168
4519,3802254312,16686245592
4520,3805282328,16689273608
4521,3808710196,16692701476
4522,3812040044,16696031324
4523,3816481068,16700472348
4524,3817369800,16701361080
4525,3820145444,16704136724
4526,3820795768,16704787048
4527,3821565088,16705556368
4528,3828808372,16712799652
4529,3828858968,16712850248
4530,3829386900,16713378180
4531,3835336424,16719327704
4532,3838047436,16722038716
4533,3839023092,16723014372
4534,3839555176,16723546456
4535,3840872120,16724863400
4536,3840950772,16724942052
4537,3845290408,16729281688
4538,3848361724,16732353004
4539,3849367148,16733358428
4540,3850671944,16734663224
4541,3852116488,16736107768
4542,3856463108,16740454388
4543,3858826452,16742817732
4544,3859864740,16743856020
4545,3860777528,16744768808
4546,3861762280,16745753560
4547,3861843552,16745834832
4548,3863295292,16747286572
4549,3864540600,16748531880
4550,3866587676,16750578956
4551,3867684352,16751675632
4552,3868387716,16752378996
4553,3869273396,16753264676
4554,3872446936,16756438216
4555,3880123848,16764115128
4556,3881214040,16765205320
4557,3881777608,16765768888
4558,3890208608,16774199888
4559,3891590716,16775581996
4560,3892090124,16776081404
4561,3893486876,16777478156
4562,3895367776,16779359056
4563,3895920152,16779911432
4564,3906599616,16790590896
4565,3907829152,16791820432
4566,3910624004,16794615284
4567,3913553652,16797544932
4568,3920527148,16804518428
4569,3925837964,16809829244
4570,3925866968,16809858248
4571,3926179332,16810170612
4572,3929895400,16813886680
4573,3933587840,16817579120
4574,3934371700,16818362980
4575,3934700724,16818692004
4576,3938738380,16822729660
4577,3944806724,16828798004
4578,3947054120,16831045400
4579,3949131544,16833122824
4580,3949411432,16833402712
4581,3960965632,16844956912
4582,3963296308,16847287588
4583,3972386064,16856377344
4584,3973281168,16857272448
4585,3975437432,16859428712
4586,3980817480,16864808760
4587,3992784432,16876775712
4588,3993027900,16877019180
4589,3994846648,16878837928
4590,4002651136,16886642416
4591,4010253684,16894244964
4592,4018783636,16902774916
4593,4019727868,16903719148
4594,4023310928,16907302208
4595,4023680536,16907671816
4596,4026868188,16910859468
4597,4029657304,16913648584
4598,4044375316,16928366596
4599,4044883768,16928875048
4600,4045988544,16929979824
4601,4049588448,16933579728
4602,4051081608,16935072888
4603,4052307976,16936299256
4604,4056609180,16940600460
4605,4057497212,16941488492
4606,4060521084,16944512364
4607,4067103448,16951094728
4608,4067659424,16951650704
4609,4067866560,16951857840
4610,4068938212,16952929492
4611,4073864304,16957855584
4612,4079550676,16963541956
4613,4080459876,16964451156
4614,4082038856,16966030136
4615,4085078204,16969069484
4616,4085525476,16969516756
4617,4085735032,16969726312
4618,4102457216,16986448496
4619,4107791508,16991782788
4620,4116948872,17000940152
4621,4118998772,17002990052
4622,4132933628,17016924908
4623,4149020108,17033011388
4624,4150838868,17034830148
4625,4160091224,17044082504
4626,4161553160,17045544440
4627,4163879280,17047870560
4628,4165915116,17049906396
4629,4168844164,17052835444
4630,4170539260,17054530540
4631,4171078936,17055070216
4632,4172504868,17056496148
4633,4174049408,17058040688
4634,4177195064,17061186344
4635,4178206984,17062198264
4636,4178333312,17062324592
4637,4178791676,17062782956
4638,4179131392,17063122672
4639,4181754924,17065746204
4640,4185173256,17069164536
4641,4185253776,17069245056
4642,4188788372,17072779652
4643,4189998476,17073989756
4644,4196124412,17080115692
4645,4205864872,17089856152
4646,4212877848,17096869128
4647,4213475036,17097466316
4648,4215854460,17099845740
4649,4217818640,17101809920
4650,4220157664,17104148944
4651,4224787508,17108778788
4652,4229775764,17113767044
4653,4230990024,17114981304
4654,4236776120,17120767400
4655,4237526428,17121517708
4656,4237696876,17121688156
4657,4237906764,17121898044
4658,4238927064,17122918344
4659,4239259656,17123250936
4660,4240042976,17124034256
4661,4241093080,17125084360
4662,4246180608,17130171888
4663,4248694756,17132686036
4664,4251351140,17135342420
4665,4252525236,17136516516
4666,4254403616,17138394896
4667,4256808880,17140800160
4668,4260050492,17144041772
4669,4262472232,17146463512
4670,4266955528,17150946808
4671,4270776716,17154767996
4672,4271334300,17155325580
4673,4275374588,17159365868
4674,4281632332,17165623612
4675,4282525860,17166517140
4676,4289302240,17173293520
4677,4293342016,17177333296
4678,79184,17179037760
4679,7390632,17186349208
4680,8584276,17187542852
4681,13336504,17192295080
4682,13365400,17192323976
4683,16228540,17195187116
4684,17200100,17196158676
4685,29444164,17208402740
4686,35562316,17214520892
4687,36485620,17215444196
4688,41580080,17220538656
4689,46676468,17225635044
4690,49960796,17228919372
4691,59165664,17238124240
4692,59949312,17238907888
4693,62425308,17241383884
4694,65903424,17244862000
4695,68257052,17247215628
4696,69744744,17248703320
4697,71633696,17250592272
4698,73737708,17252696284
4699,74181716,17253140292
4700,76024872,17254983448
4701,77446380,17256404956
4702,77746280,17256704856
4703,78187184,17257145760
4704,79650600,17258609176
4705,82663460,17261622036
4706,82671404,17261629980
4707,84461768,17263420344
4708,84514656,17263473232
4709,86635156,17265593732
4710,87534568,17266493144
4711,93321728,17272280304
4712,94075524,17273034100
4713,102722336,17281680912
4714,104749064,17283707640
4715,107974252,17286932828
4716,107987696,17286946272
4717,109012520,17287971096
4718,110351268,17289309844
4719,111144316,17290102892
4720,123027816,17301986392
4721,124036272,17302994848
4722,125440992,17304399568
4723,138862976,17317821552
4724,149056228,17328014804
4725,153983880,17332942456
4726,157994292,17336952868
4727,160223580,17339182156
4728,161192868,17340151444
4729,173375436,17352334012
4730,178741296,17357699872
4731,179532972,17358491548
4732,183959216,17362917792
4733,185986628,17364945204
4734,188660228,17367618804
4735,199650600,17378609176
4736,200236044,17379194620
4737,209043224,17388001800
4738,227210248,17406168824
4739,230805776,17409764352
4740,232994188,17411952764
4741,233299516,17412258092
4742,237310404,17416268980
4743,237316696,17416275272
4744,244855556,17423814132
4745,245293056,17424251632
4746,246659512,17425618088
4747,247282180,17426240756
4748,250251068,17429209644
4749,250715284,17429673860
4750,253365408,17432323984
4751,255128696,17434087272
4752,256230184,17435188760
4753,257133100,17436091676
4754,257386792,17436345368
4755,257914000,17436872576
4756,258022916,17436981492
4757,258581872,17437540448
4758,260632724,17439591300
4759,263879096,17442837672
4760,273679176,17452637752
4761,275437800,17454396376
4762,276286800,17455245376
4763,280251060,17459209636
4764,289843244,17468801820
4765,292439452,17471398028
4766,295183432,17474142008
4767,296832856,17475791432
4768,297672876,17476631452
4769,299739892,17478698468
4770,300620572,17479579148
4771,307043988,17486002564
4772,316110880,17495069456
4773,320545924,17499504500
4774,322910512,17501869088
4775,325444072,17504402648
4776,327095528,17506054104
4777,327780332,17506738908
4778,329466912,17508425488
4779,329914220,17508872796
4780,330251376,17509209952
4781,331161808,17510120384
4782,333742916,17512701492
4783,335672712,17514631288
4784,338368292,17517326868
4785,340582044,17519540620
4786,342023924,17520982500
4787,354445920,17533404496
4788,358995192,17537953768
4789,360257956,17539216532
4790,362338508,17541297084
4791,368835184,17547793760
4792,374514768,17553473344
4793,380830912,17559789488
4794,383778808,17562737384
4795,386226248,17565184824
4796,387084512,17566043088
4797,388078296,17567036872
4798,398636820,17577595396
4799,409997816,17588956392
4800,414086304,17593044880
4801,419983316,17598941892
4802,420371060,17599329636
4803,421476172,17600434748
4804,423198468,17602157044
4805,424078292,17603036868
4806,424325572,17603284148
4807,431313552,17610272128
4808,432514124,17611472700
4809,433444652,17612403228
4810,440198512,17619157088
4811,442989680,17621948256
4812,444892500,17623851076
4813,446869220,17625827796
4814,451558820,17630517396
4815,456197560,17635156136
4816,459421268,17638379844
4817,462790480,17641749056
4818,464625656,17643584232
4819,469195812,17648154388
4820,470375912,17649334488
4821,473795996,17652754572
4822,475050208,17654008784
4823,479579516,17658538092
4824,486910408,17665868984
4825,503808548,17682767124
4826,508032256,17686990832
4827,512252340,17691210916
4828,516400460,17695359036
4829,540084548,17719043124
4830,540873560,17719832136
4831,541069328,17720027904
4832,543689908,17722648484
4833,551027888,17729986464
4834,553289288,17732247864
4835,554663832,17733622408
4836,556489096,17735447672
4837,559966640,17738925216
4838,565061972,17744020548
4839,565742224,17744700800
4840,567683048,17746641624
4841,575035284,17753993860
4842,578099192,17757057768
4843,581448940,17760407516
4844,587796456,17766755032
4845,588771780,17767730356
4846,588854056,17767812632
4847,589912496,17768871072
4848,593677144,17772635720
4849,595814952,17774773528
4850,598528944,17777487520
4851,599553784,17778512360
4852,603629708,17782588284
4853,604333672,17783292248
4854,606130308,17785088884
4855,607520560,17786479136
4856,612494664,17791453240
4857,616190452,17795149028
4858,619931848,17798890424
4859,624705040,17803663616
4860,633365148,17812323724
4861,636448180,17815406756
4862,637570736,17816529312
4863,642552872,17821511448
4864,653198316,17832156892
4865,658528492,17837487068
4866,661444124,17840402700
4867,668940228,17847898804
4868,669204952,17848163528
4869,673395876,17852354452
4870,673763840,17852722416
4871,678633824,17857592400
4872,683366184,17862324760
4873,686198556,17865157132
4874,688867040,17867825616
4875,692171464,17871130040
4876,693164848,17872123424
4877,696307584,17875266160
4878,699186904,17878145480
4879,701255892,17880214468
4880,703015116,17881973692
4881,708094840,17887053416
4882,710536480,17889495056
4883,713472388,17892430964
4884,718973516,17897932092
4885,723652020,17902610596
4886,728461888,17907420464
4887,733677428,17912636004
4888,736902628,17915861204
4889,740689108,17919647684
4890,741364264,17920322840
4891,749892872,17928851448
4892,753849252,17932807828
4893,765986424,17944945000
4894,766061324,17945019900
4895,767728300,17946686876
4896,768569328,17947527904
4897,774456564,17953415140
4898,779993184,17958951760
4899,781370544,17960329120
4900,783419084,17962377660
4901,785309500,17964268076
4902,796790888,17975749464
4903,797432848,17976391424
4904,806874512,17985833088
4905,809455280,17988413856
4906,818744064,17997702640
4907,824465000,18003423576
4908,832830568,18011789144
4909,834424236,18013382812
4910,835495580,18014454156
4911,836455728,18015414304
4912,840799988,18019758564
4913,852755416,18031713992
4914,853480376,18032438952
4915,857305188,18036263764
4916,857699924,18036658500
4917,862125512,18041084088
4918,866176600,18045135176
4919,866364920,18045323496
4920,867625228,18046583804
4921,870980908,18049939484
4922,876221144,18055179720
4923,876515280,18055473856
4924,883055192,18062013768
4925,883943228,18062901804
4926,885961440,18064920016
4927,886171296,18065129872
4928,887419244,18066377820
4929,892465160,18071423736
4930,893549192,18072507768
4931,898092808,18077051384
4932,899284256,18078242832
4933,906299564,18085258140
4934,913113932,18092072508
4935,923354448,18102313024
4936,926321444,18105280020
4937,926532012,18105490588
4938,926875104,18105833680
4939,928158632,18107117208
4940,929696552,18108655128
4941,935112076,18114070652
4942,938948196,18117906772
4943,941020864,18119979440
4944,942655720,18121614296
4945,947291192,18126249768
4946,950449248,18129407824
4947,954874024,18133832600
4948,960799868,18139758444
4949,964337764,18143296340
4950,979203476,18158162052
4951,980347512,18159306088
4952,984853376,18163811952
4953,985749092,18164707668
4954,986263072,18165221648
4955,987051844,18166010420
4956,990244248,18169202824
4957,990357148,18169315724
4958,992407416,18171365992
4959,998294264,18177252840
4960,999925440,18178884016
4961,1003565912,18182524488
4962,1004109308,18183067884
4963,1004315912,18183274488
4964,1010523672,18189482248
4965,1017854824,18196813400
4966,1023247024,18202205600
4967,1025444544,18204403120
4968,1027999952,18206958528
4969,1029350664,18208309240
4970,1029748852,18208707428
4971,1031629932,18210588508
4972,1036351104,18215309680
4973,1036587224,18215545800
4974,1040354956,18219313532
4975,1041691908,18220650484
4976,1044790816,18223749392
4977,1046819204,18225777780
4978,1050122516,18229081092
4979,1050963740,18229922316
4980,1054893804,18233852380
4981,1055901736,18234860312
4982,1056815428,18235774004
4983,1058029900,18236988476
4984,1061030524,18239989100
4985,1070474188,18249432764
4986,1073505108,18252463684
4987,1073581880,18252540456
4988,1079190592,18258149168
4989,1079791876,18258750452
4990,1083647964,18262606540
4991,1084739192,18263697768
4992,1089061660,18268020236
4993,1093616352,18272574928
4994,1095322828,18274281404
4995,1096436240,18275394816
4996,1112807520,18291766096
4997,1118034384,18296992960
4998,1125504916,18304463492
4999,1126599744,18305558320
5000,1133952384,18312910960
5001,1134652120,18313610696
5002,1138732360,18317690936
5003,1139909952,18318868528
5004,1148949996,18327908572
5005,1149848224,18328806800
5006,1155301008,18334259584
5007,1155505952,18334464528
5008,1156552444,18335511020
5009,1160944584,18339903160
5010,1162590604,18341549180
5011,1164421688,18343380264
5012,1165175080,18344133656
5013,1172832520,18351791096
5014,1173970120,18352928696
5015,1175473636,18354432212
5016,1186606844,18365565420
5017,1195521496,18374480072
5018,1201536972,18380495548
5019,1217051264,18396009840
5020,1232387556,18411346132
5021,1233082400,18412040976
5022,1238420504,18417379080
5023,1241148388,18420106964
5024,1243549936,18422508512
5025,1247769032,18426727608
5026,1251870936,18430829512
5027,1253524768,18432483344
5028,1258054060,18437012636
5029,1260448436,18439407012
5030,1261388072,18440346648
5031,1261877000,18440835576
5032,1263401560,18442360136
5033,1265007328,18443965904
5034,1279222588,18458181164
5035,1279322880,18458281456
5036,1281699696,18460658272
5037,1282197824,18461156400
5038,1289866412,18468824988
5039,1291983964,18470942540
5040,1294951444,18473910020
5041,1297184000,18476142576
5042,1300961360,18479919936
5043,1308907008,18487865584
5044,1310823040,18489781616
5045,1311466108,18490424684
5046,1312597724,18491556300
5047,1312659736,18491618312
5048,1313621688,18492580264
5049,1313751912,18492710488
5050,1314660292,18493618868
5051,1324384620,18503343196
5052,1327370432,18506329008
5053,1328950072,18507908648
5054,1344948752,18523907328
5055,1346931812,18525890388
5056,1350219300,18529177876
5057,1353932984,18532891560
5058,1354499212,18533457788
5059,1361960904,18540919480
5060,1375357452,18554316028
5061,1375837484,18554796060
5062,1387869944,18566828520
5063,1388289868,18567248444
5064,1390338384,18569296960
5065,1391469508,18570428084
5066,1394039096,18572997672
5067,1398378608,18577337184
5068,1400242272,18579200848
5069,1400975252,18579933828
5070,1401116328,18580074904
5071,1410768444,18589727020
5072,1414963536,18593922112
5073,1415149472,18594108048
5074,1422255744,18601214320
5075,1424037400,18602995976
5076,1425543796,18604502372
5077,1425715528,18604674104
5078,1426289612,18605248188
5079,1430905956,18609864532
5080,1444935188,18623893764
5081,1447163016,18626121592
5082,1450242388,18629200964
5083,1451309688,18630268264
5084,1451621140,18630579716
5085,1454045536,18633004112
5086,1454835872,18633794448
5087,1457234924,18636193500
5088,1464280764,18643239340
5089,1465156412,18644114988
5090,1466255592,18645214168
5091,1471961936,18650920512
5092,1472722136,18651680712
5093,1484117468,18663076044
5094,1485419636,18664378212
5095,1490163980,18669122556
5096,1491708008,18670666584
5097,1491919468,18670878044
5098,1493194512,18672153088
5099,1495051236,18674009812
5100,1497263744,18676222320
5101,1518443280,18697401856
5102,1526511008,18705469584
5103,1529407012,18708365588
5104,1533758472,18712717048
5105,1539377448,18718336024
5106,1541167260,18720125836
5107,1542468044,18721426620
5108,1543149280,18722107856
5109,1543610844,18722569420
5110,1555238304,18734196880
5111,1557793444,18736752020
5112,1561631372,18740589948
5113,1562507320,18741465896
5114,1566696068,18745654644
5115,1576986552,18755945128
5116,1582313488,18761272064
5117,1588792272,18767750848
5118,1591408848,18770367424
5119,1593253824,18772212400
5120,1596453304,18775411880
5121,1603389708,18782348284
5122,1606294452,18785253028
5123,1620947496,18799906072
5124,1625153196,18804111772
5125,1627862176,18806820752
5126,1631209956,18810168532
5127,1632866160,18811824736
5128,1635687284,18814645860
5129,1636708068,18815666644
5130,1640542272,18819500848
5131,1644029764,18822988340
5132,1650502204,18829460780
5133,1651474048,18830432624
5134,1662459716,18841418292
5135,1670879376,18849837952
5136,1674905072,18853863648
5137,1678344104,18857302680
5138,1681464864,18860423440
5139,1685947072,18864905648
5140,1698264972,18877223548
5141,1705620644,18884579220
5142,1706744628,18885703204
5143,1706806736,18885765312
5144,1715433392,18894391968
5145,1717494084,18896452660
5146,1723971400,18902929976
5147,1726256636,18905215212
5148,1729316468,18908275044
5149,1737187708,18916146284
5150,1740796884,18919755460
5151,1740828760,18919787336
5152,1746167628,18925126204
5153,1752709800,18931668376
5154,1752968856,18931927432
5155,1757645556,18936604132
5156,1761075200,18940033776
5157,1763143916,18942102492
5158,1764574780,18943533356
5159,1765119044,18944077620
5160,1773551288,18952509864
5161,1780147168,18959105744
5162,1781276528,18960235104
5163,1781418444,18960377020
5164,1781551908,18960510484
5165,1783431852,18962390428
5166,1783674548,18962633124
5167,1787452548,18966411124
5168,1797328680,18976287256
5169,1798074504,18977033080
5170,1799019520,18977978096
5171,1801756036,18980714612
5172,1803533664,18982492240
5173,1810021952,18988980528
5174,1812553068,18991511644
5175,1831634940,19010593516
5176,1840083144,19019041720
5177,1849658476,19028617052
5178,1853595696,19032554272
5179,1855917772,19034876348
5180,1863653208,19042611784
5181,1865945168,19044903744
5182,1872024392,19050982968
5183,1880582364,19059540940
5184,1881311600,19060270176
5185,1881756680,19060715256
5186,1887603328,19066561904
5187,1898116908,19077075484
5188,1899249028,19078207604
5189,1899427984,19078386560
5190,1901048496,19080007072
5191,1902788528,19081747104
5192,1908141204,19087099780
5193,1912808756,19091767332
5194,1924188996,19103147572
5195,1928717248,19107675824
5196,1929348096,19108306672
5197,1932104160,19111062736
5198,1935992400,19114950976
5199,1946107956,19125066532
5200,1950922772,19129881348
5201,1951282940,19130241516
5202,1952270644,19131229220
5203,1955416520,19134375096
5204,1960839092,19139797668
5205,1961242908,19140201484
5206,1963074348,19142032924
5207,1965990920,19144949496
5208,1967381800,19146340376
5209,1974252948,19153211524
5210,1981410964,19160369540
5211,1982911816,19161870392
5212,1984544384,19163502960
5213,1987866708,19166825284
5214,1988612996,19167571572
5215,1989567476,19168526052
5216,1990957596,19169916172
5217,1991282316,19170240892
5218,1991763404,19170721980
5219,1994181036,19173139612
5220,1995910336,19174868912
5221,2001327496,19180286072
5222,2001716020,19180674596
5223,2004712504,19183671080
5224,2012174988,19191133564
5225,2014029168,19192987744
5226,2023218932,19202177508
5227,2028404508,19207363084
5228,2031925768,19210884344
5229,2034058384,19213016960
5230,2041689364,19220647940
5231,2042598200,19221556776
5232,2058438708,19237397284
5233,2061487856,19240446432
5234,2063558980,19242517556
5235,2065360852,19244319428
5236,2068784836,19247743412
5237,2068840588,19247799164
5238,2073643156,19252601732
5239,2074902452,19253861028
5240,2075258912,19254217488
5241,2082567256,19261525832
5242,2082569012,19261527588
5243,2084685780,19263644356
5244,2085629196,19264587772
5245,2097365360,19276323936
5246,2101203108,19280161684
5247,2104177624,19283136200
5248,2105543716,19284502292
5249,2108920420,19287878996
5250,2109051676,19288010252
5251,2114587744,19293546320
5252,2131317032,19310275608
5253,2135988384,19314946960
5254,2136262176,19315220752
5255,2136495520,19315454096
5256,2140745556,19319704132
5257,2142965128,19321923704
5258,2160232332,19339190908
5259,2163951108,19342909684
5260,2163956952,19342915528
5261,2165409060,19344367636
5262,2168964348,19347922924
5263,2169561512,19348520088
5264,2183042392,19362000968
5265,2184909060,19363867636
5266,2193315544,19372274120
5267,2193921816,19372880392
5268,2200236536,19379195112
5269,2201114732,19380073308
5270,2204791548,19383750124
5271,2205414504,19384373080
5272,2212810100,19391768676
5273,2214472696,19393431272
5274,2224180328,19403138904
5275,2227282924,19406241500
5276,2240860212,19419818788
5277,2243381744,19422340320
5278,2248925696,19427884272
5279,2249220760,19428179336
5280,2249973968,19428932544
5281,2252851312,19431809888
5282,2254698640,19433657216
5283,2256916300,19435874876
5284,2260093652,19439052228
5285,2261457700,19440416276
5286,2262357272,19441315848
5287,2266853284,19445811860
5288,2267329420,19446287996
5289,2286505764,19465464340
5290,2296606968,19475565544
5291,2300396004,19479354580
5292,2302770016,19481728592
5293,2302825492,19481784068
5294,2306438912,19485397488
5295,2307840344,19486798920
5296,2308000528,19486959104
5297,2308224324,19487182900
5298,2312839136,19491797712
5299,2315211048,19494169624
5300,2317320212,19496278788
5301,2327528756,19506487332
5302,2337571496,19516530072
5303,2342967728,19521926304
5304,2349116512,19528075088
5305,2351832568,19530791144
5306,2352576852,19531535428
5307,2353959704,19532918280
5308,2360232328,19539190904
5309,2368536312,19547494888
5310,2369281692,19548240268
5311,2371411924,19550370500
5312,2372863000,19551821576
5313,2377017724,19555976300
5314,2380110472,19559069048
5315,2386946848,19565905424
5316,2388977256,19567935832
5317,2389877624,19568836200
5318,2390304904,19569263480
5319,2399842328,19578800904
5320,2400615176,19579573752
5321,2407965596,19586924172
5322,2409329396,19588287972
5323,2413993204,19592951780
5324,2420204236,19599162812
5325,2426025900,19604984476
5326,2435996784,19614955360
5327,2443632040,19622590616
5328,2446182996,19625141572
5329,2453358648,19632317224
5330,2453444148,19632402724
5331,2469545392,19648503968
5332,2474446384,19653404960
5333,2476612364,19655570940
5334,2483605640,19662564216
5335,2488430664,19667389240
5336,2488978596,19667937172
5337,2499657724,19678616300
5338,2505698256,19684656832
5339,2507354716,19686313292
5340,2513179588,19692138164
5341,2515325524,19694284100
5342,2515926788,19694885364
5343,2516619548,19695578124
5344,2519947476,19698906052
5345,2520198784,19699157360
5346,2520322932,19699281508
5347,2536376468,19715335044
5348,2540969448,19719928024
5349,2541580448,19720539024
5350,2545092528,19724051104
5351,2553383028,19732341604
5352,2555218332,19734176908
5353,2556233860,19735192436
5354,2562922460,19741881036
5355,2562958216,19741916792
5356,2574233396,19753191972
5357,2575452856,19754411432
5358,2582032596,19760991172
5359,2584810832,19763769408
5360,2586384980,19765343556
5361,2590369556,19769328132
5362,2593905716,19772864292
5363,2594239652,19773198228
5364,2595518184,19774476760
5365,2596549240,19775507816
5366,2599494028,19778452604
5367,2606093724,19785052300
5368,2614989532,19793948108
5369,2616001168,19794959744
5370,2616207752,19795166328
5371,2622144932,19801103508
5372,2625895952,19804854528
5373,2646522332,19825480908
5374,2646888624,19825847200
5375,2648406400,19827364976
5376,2655337896,19834296472
5377,2656076040,19835034616
5378,2658138712,19837097288
5379,2660565708,19839524284
5380,2665370900,19844329476
5381,2670378420,19849336996
5382,2675416184,19854374760
5383,2679614060,19858572636
5384,2680722252,19859680828
5385,2683154492,19862113068
5386,2687558428,19866517004
5387,2697781236,19876739812
5388,2699246468,19878205044
5389,2701757796,19880716372
5390,2702730744,19881689320
5391,2715779416,19894737992
5392,2717762164,19896720740
5393,2727453504,19906412080
5394,2727733844,19906692420
5395,2728668112,19907626688
5396,2729244400,19908202976
5397,2730007120,19908965696
5398,2730218820,19909177396
5399,2731051708,19910010284
5400,2732113592,19911072168
5401,2744836996,19923795572
5402,2745458936,19924417512
5403,2749083316,19928041892
5404,2753035888,19931994464
5405,2753098420,19932056996
5406,2753720096,19932678672
5407,2757226240,19936184816
5408,2759879492,19938838068
5409,2766198948,19945157524
5410,2769573880,19948532456
5411,2771280236,19950238812
5412,2777482312,19956440888
5413,2779064984,19958023560
5414,2781937972,19960896548
5415,2799112716,19978071292
5416,2799298768,19978257344
5417,2804771216,19983729792
5418,2814399140,19993357716
5419,2814989608,19993948184
5420,2816368428,19995327004
5421,2818733088,19997691664
5422,2820158384,19999116960
5423,2822776408,20001734984
5424,2823308468,20002267044
5425,2824755516,20003714092
5426,2824844972,20003803548
5427,2827372400,20006330976
5428,2828685628,20007644204
5429,2832176636,20011135212
5430,2835635428,20014594004
5431,2837648356,20016606932
5432,2838225712,20017184288
5433,2842760040,20021718616
5434,2844264056,20023222632
5435,2845610300,20024568876
5436,2846279848,20025238424
5437,2850037184,20028995760
5438,2850394988,20029353564
5439,2852276312,20031234888
5440,2860736912,20039695488
5441,2866556652,20045515228
5442,2867162732,20046121308
5443,2870005896,20048964472
5444,2871886488,20050845064
5445,2880935392,20059893968
5446,2886805216,20065763792
5447,2889739816,20068698392
5448,2890054972,20069013548
5449,2895176172,20074134748
5450,2897130380,20076088956
5451,2897238064,20076196640
5452,2899965572,20078924148
5453,2900853908,20079812484
5454,2908367132,20087325708
5455,2909548300,20088506876
5456,2910611196,20089569772
5457,2915784304,20094742880
5458,2916652568,20095611144
5459,2919560956,20098519532
5460,2920773088,20099731664
5461,2922153760,20101112336
5462,2924603452,20103562028
5463,2938030220,20116988796
5464,2939564248,20118522824
5465,2944114144,20123072720
5466,2946079804,20125038380
5467,2951384564,20130343140
5468,2957264932,20136223508
5469,2960172792,20139131368
5470,2966888084,20145846660
5471,2975233752,20154192328
5472,2976969348,20155927924
5473,2984638672,20163597248
5474,2986201436,20165160012
5475,2986385320,20165343896
5476,2987857748,20166816324
5477,2995807872,20174766448
5478,3004419244,20183377820
5479,3008712096,20187670672
5480,3009231160,20188189736
5481,3010692580,20189651156
5482,3017250612,20196209188
5483,3021448888,20200407464
5484,3029242408,20208200984
5485,3031761920,20210720496
5486,3034797348,20213755924
5487,3035382752,20214341328
5488,3041288512,20220247088
5489,3047711600,20226670176
5490,3050148676,20229107252
5491,3053715344,20232673920
5492,3055211600,20234170176
5493,3055747584,20234706160
5494,3058977820,20237936396
5495,3059919808,20238878384
5496,3062992788,20241951364
5497,3063251444,20242210020
5498,3066757500,20245716076
5499,3067558364,20246516940
5500,3067754536,20246713112
5501,3070351752,20249310328
5502,3079621704,20258580280
5503,3083988720,20262947296
5504,3092720708,20271679284
5505,3095242656,20274201232
5506,3099625756,20278584332
5507,3109111456,20288070032
5508,3109213712,20288172288
5509,3109889256,20288847832
5510,3115607036,20294565612
5511,3117630620,20296589196
5512,3118024632,20296983208
5513,3118695704,20297654280
5514,3118749744,20297708320
5515,3120676500,20299635076
5516,3120782216,20299740792
5517,3123741932,20302700508
5518,3127487300,20306445876
5519,3129579320,20308537896
5520,3129692368,20308650944
5521,3140510732,20319469308
5522,3141267524,20320226100
5523,3146256676,20325215252
5524,3147078152,20326036728
5525,3149893488,20328852064
5526,3157906776,20336865352
5527,3166929160,20345887736
5528,3168690988,20347649564
5529,3176224084,20355182660
5530,3186860584,20365819160
5531,3188427752,20367386328
5532,3199787852,20378746428
5533,3200333612,20379292188
5534,3202352972,20381311548
5535,3216098436,20395057012
5536,3217723020,20396681596
5537,3219674228,20398632804
5538,3224167672,20403126248
5539,3224850272,20403808848
5540,3230336048,20409294624
5541,3232011660,20410970236
5542,3234434332,20413392908
5543,3235101988,20414060564
5544,3240151160,20419109736
5545,3240999284,20419957860
5546,3241875472,20420834048
5547,3245334876,20424293452
5548,3248003700,20426962276
5549,3248052020,20427010596
5550,3248368868,20427327444
5551,3250800556,20429759132
5552,3250997476,20429956052
5553,3254650856,20433609432
5554,3254786684,20433745260
5555,3255339460,20434298036
5556,3262371092,20441329668
5557,3265195888,20444154464
5558,3265761476,20444720052
5559,3271834448,20450793024
5560,3278790724,20457749300
5561,3281715856,20460674432
5562,3282684336,20461642912
5563,3283826556,20462785132
5564,3285125144,20464083720
5565,3293801704,20472760280
5566,3305918084,20484876660
5567,3306500740,20485459316
5568,3307552532,20486511108
5569,3314118816,20493077392
5570,3315800220,20494758796
5571,3318287952,20497246528
5572,3319548416,20498506992
5573,3320302388,20499260964
5574,3323620868,20502579444
5575,3326331792,20505290368
5576,3327478308,20506436884
5577,3328634876,20507593452
5578,3328770660,20507729236
5579,3332177312,20511135888
5580,3339119072,20518077648
5581,3341063284,20520021860
5582,3341665908,20520624484
5583,3343057344,20522015920
5584,3362961292,20541919868
5585,3365940840,20544899416
5586,3370047728,20549006304
5587,3374197288,20553155864
5588,3377660776,20556619352
5589,3382254064,20561212640
5590,3384265400,20563223976
5591,3386968400,20565926976
5592,3394786804,20573745380
5593,3395217296,20574175872
5594,3398521848,20577480424
5595,3401498572,20580457148
5596,3403007736,20581966312
5597,3407144676,20586103252
5598,3410582120,20589540696
5599,3416842716,20595801292
5600,3423167000,20602125576
5601,3428881876,20607840452
5602,3429275052,20608233628
5603,3433771452,20612730028
5604,3438815664,20617774240
5605,3439368200,20618326776
5606,3446534212,20625492788
5607,3450709884,20629668460
5608,3451747996,20630706572
5609,3452586580,20631545156
5610,3453031172,20631989748
5611,3453978796,20632937372
5612,3457127864,20636086440
5613,3464529816,20643488392
5614,3465184176,20644142752
5615,3474273272,20653231848
5616,3482460912,20661419488
5617,3483995932,20662954508
5618,3485255344,20664213920
5619,3485861056,20664819632
5620,3487612372,20666570948
5621,3489121456,20668080032
5622,3491296484,20670255060
5623,3496858728,20675817304
5624,3499620556,20678579132
5625,3504100736,20683059312
5626,3511553912,20690512488
5627,3516365600,20695324176
5628,3521112804,20700071380
5629,3526996888,20705955464
5630,3529145312,20708103888
5631,3534326768,20713285344
5632,3534480968,20713439544
5633,3549519144,20728477720
5634,3559956780,20738915356
5635,3569306200,20748264776
5636,3571945200,20750903776
5637,3575704028,20754662604
5638,3577372880,20756331456
5639,3579386384,20758344960
5640,3582161856,20761120432
5641,3585026424,20763985000
5642,3585479724,20764438300
5643,3589799536,20768758112
5644,3590379680,20769338256
5645,3596819592,20775778168
5646,3597396844,20776355420
5647,3599976284,20778934860
5648,3601646192,20780604768
5649,3611634260,20790592836
5650,3614377280,20793335856
5651,3615961640,20794920216
5652,3626618468,20805577044
5653,3629479944,20808438520
5654,3635492952,20814451528
5655,3637151880,20816110456
5656,3637665364,20816623940
5657,3647216072,20826174648
5658,3654876396,20833834972
5659,3657350936,20836309512
5660,3666623412,20845581988
5661,3671380544,20850339120
5662,3672097752,20851056328
5663,3672563600,20851522176
5664,3678762300,20857720876
5665,3682087072,20861045648
5666,3683219704,20862178280
5667,3683299156,20862257732
5668,3683694600,20862653176
5669,3684365188,20863323764
5670,3685149376,20864107952
5671,3685845704,20864804280
5672,3686815012,20865773588
5673,3687656728,20866615304
5674,3688298420,20867256996
5675,3688342816,20867301392
5676,3694196980,20873155556
5677,3695472772,20874431348
5678,3700766208,20879724784
5679,3701890308,20880848884
5680,3702854492,20881813068
5681,3704515852,20883474428
5682,3705916720,20884875296
5683,3708490816,20887449392
5684,3713842816,20892801392
5685,3716718208,20895676784
5686,3728376608,20907335184
5687,3734605112,20913563688
5688,3736190764,20915149340
5689,3738191736,20917150312
5690,3745915944,20924874520
5691,3751059048,20930017624
5692,3754148424,20933107000
5693,3760177576,20939136152
5694,3765240296,20944198872
5695,3770865208,20949823784
5696,3775740544,20954699120
5697,3780808716,20959767292
5698,3781913472,20960872048
5699,3782042568,20961001144
5700,3786769476,20965728052
5701,3791186368,20970144944
5702,3793428420,20972386996
5703,3794918420,20973876996
5704,3809557268,20988515844
5705,3810405636,20989364212
5706,3811673876,20990632452
5707,3813717652,20992676228
5708,3813986992,20992945568
5709,3819245232,20998203808
5710,3823455352,21002413928
5711,3828259780,21007218356
5712,3830063836,21009022412
5713,3832542304,21011500880
5714,3833146776,21012105352
5715,3833687556,21012646132
5716,3839351816,21018310392
5717,3849960292,21028918868
5718,3853114240,21032072816
5719,3853999556,21032958132
5720,3855278968,21034237544
5721,3855508120,21034466696
5722,3855791436,21034750012
5723,3856106612,21035065188
5724,3857738380,21036696956
5725,3861287660,21040246236
5726,3863741308,21042699884
5727,3874664228,21053622804
5728,3886788200,21065746776
5729,3886905452,21065864028
5730,3895736532,21074695108
5731,3895777520,21074736096
5732,3906755380,21085713956
5733,3907609472,21086568048
5734,3913860480,21092819056
5735,3916421224,21095379800
5736,3929317340,21108275916
5737,3933607304,21112565880
5738,3949567032,21128525608
5739,3950402588,21129361164
5740,3951306752,21130265328
5741,3957119204,21136077780
5742,3964074932,21143033508
5743,3965130004,21144088580
5744,3967689068,21146647644
5745,3969447824,21148406400
5746,3969865736,21148824312
5747,3972125012,21151083588
5748,3979083868,21158042444
5749,3984275772,21163234348
5750,3994057464,21173016040
5751,3998179608,21177138184
5752,4012649444,21191608020
5753,4015669476,21194628052
5754,4020774796,21199733372
5755,4021410228,21200368804
5756,4026769776,21205728352
5757,4027811112,21206769688
5758,4049126064,21228084640
5759,4052337936,21231296512
5760,4053948360,21232906936
5761,4054131936,21233090512
5762,4057868956,21236827532
5763,4059419372,21238377948
5764,4066480708,21245439284
5765,4067096856,21246055432
5766,4070246452,21249205028
5767,4074643456,21253602032
5768,4075120800,21254079376
5769,4079194688,21258153264
5770,4080355120,21259313696
5771,4085954800,21264913376
5772,4088542920,21267501496
5773,4091985024,21270943600
5774,4098400984,21277359560
5775,4101473268,21280431844
5776,4109680972,21288639548
5777,4113825544,21292784120
5778,4114757892,21293716468
5779,4116164960,21295123536
5780,4117461424,21296420000
5781,4123198848,21302157424
5782,4123878764,21302837340
5783,4124888500,21303847076
5784,4133033952,21311992528
5785,4141487012,21320445588
5786,4146175060,21325133636
5787,4147799164,21326757740
5788,4148886640,21327845216
5789,4150678004,21329636580
5790,4153601816,21332560392
5791,4154330660,21333289236
5792,4162473748,21341432324
5793,4163780900,21342739476
5794,4166387928,21345346504
5795,4169522116,21348480692
5796,4173063076,21352021652
5797,4179389764,21358348340
5798,4184727220,21363685796
5799,4186488504,21365447080
5800,4186930448,21365889024
5801,4189126716,21368085292
5802,4189658316,21368616892
5803,4189967184,21368925760
5804,4194345100,21373303676
5805,4195693212,21374651788
5806,4199350788,21378309364
5807,4202354816,21381313392
5808,4204739764,21383698340
5809,4204786196,21383744772
5810,4205400792,21384359368
5811,4208085160,21387043736
5812,4213974244,21392932820
5813,4220845676,21399804252
5814,4223819444,21402778020
5815,4225638316,21404596892
5816,4227429432,21406388008
5817,4237612944,21416571520
5818,4238607784,21417566360
5819,4239547192,21418505768
5820,4239953928,21418912504
5821,4244320960,21423279536
5822,4246198856,21425157432
5823,4252819724,21431778300
5824,4260663196,21439621772
5825,4263442380,21442400956
5826,4263880924,21442839500
5827,4265710064,21444668640
5828,4266919980,21445878556
5829,4269635428,21448594004
5830,4269775592,21448734168
5831,4275008384,21453966960
5832,4277782252,21456740828
5833,6675644,21480601516
5834,9644916,21483570788
5835,12487772,21486413644
5836,15210684,21489136556
5837,16370564,21490296436
5838,17592348,21491518220
5839,30889472,21504815344
5840,36844144,21510770016
5841,37089120,21511014992
5842,39151336,21513077208
5843,40469304,21514395176
5844,45077632,21519003504
5845,47031068,21520956940
5846,51570736,21525496608
5847,52950800,21526876672
5848,54361948,21528287820
5849,55943796,21529869668
5850,56492592,21530418464
5851,58476552,21532402424
5852,71281248,21545207120
5853,72986864,21546912736
5854,75291772,21549217644
5855,82238872,21556164744
5856,82453676,21556379548
5857,85917548,21559843420
5858,88128384,21562054256
5859,90478844,21564404716
5860,90980080,21564905952
5861,106613616,21580539488
5862,118806912,21592732784
5863,122133056,21596058928
5864,124956488,21598882360
5865,126041756,21599967628
5866,136312104,21610237976
5867,136698172,21610624044
5868,137418568,21611344440
5869,138726848,21612652720
5870,139239464,21613165336
5871,142289784,21616215656
5872,146011540,21619937412
5873,147388564,21621314436
5874,152034388,21625960260
5875,153790772,21627716644
5876,158441508,21632367380
5877,163868928,21637794800
5878,166994556,21640920428
5879,167449368,21641375240
5880,170038760,21643964632
5881,175200168,21649126040
5882,178328552,21652254424
5883,189011344,21662937216
5884,190761244,21664687116
5885,198955116,21672880988
5886,204934232,21678860104
5887,219111108,21693036980
5888,224411536,21698337408
5889,225327140,21699253012
5890,226749472,21700675344
5891,232534084,21706459956
5892,233668740,21707594612
5893,234145612,21708071484
5894,250363464,21724289336
5895,250944420,21724870292
5896,252111972,21726037844
5897,262066064,21735991936
5898,262169300,21736095172
5899,262578308,21736504180
5900,263048780,21736974652
5901,263297924,21737223796
5902,266834912,21740760784
5903,270308464,21744234336
5904,272576224,21746502096
5905,273751276,21747677148
5906,276432768,21750358640
5907,276671460,21750597332
5908,279265520,21753191392
5909,284715232,21758641104
5910,296636212,21770562084
5911,302178152,21776104024
5912,311373212,21785299084
5913,314304772,21788230644
5914,317782956,21791708828
5915,319097380,21793023252
5916,321883876,21795809748
5917,321997432,21795923304
5918,330948936,21804874808
5919,330989628,21804915500
5920,333043624,21806969496
5921,335116440,21809042312
5922,336563568,21810489440
5923,340696452,21814622324
5924,347945376,21821871248
5925,363917320,21837843192
5926,367028788,21840954660
5927,371733304,21845659176
5928,374648028,21848573900
5929,375525708,21849451580
5930,376965408,21850891280
5931,393107056,21867032928
5932,393254176,21867180048
5933,395022088,21868947960
5934,399393448,21873319320
5935,403012336,21876938208
5936,405920100,21879845972
5937,406162964,21880088836
5938,409456280,21883382152
5939,416666448,21890592320
5940,446281608,21920207480
5941,448916396,21922842268
5942,449513408,21923439280
5943,450425164,21924351036
5944,452590428,21926516300
5945,456224472,21930150344
5946,463891536,21937817408
5947,469784452,21943710324
5948,470593676,21944519548
5949,478360760,21952286632
5950,479385044,21953310916
5951,480367360,21954293232
5952,483553092,21957478964
5953,485271844,21959197716
5954,486266348,21960192220
5955,487136640,21961062512
5956,487305468,21961231340
5957,492887192,21966813064
5958,493235284,21967161156
5959,499169260,21973095132
5960,500759652,21974685524
5961,504120012,21978045884
5962,505327040,21979252912
5963,511244908,21985170780
5964,511863816,21985789688
5965,518964436,21992890308
5966,522617400,21996543272
5967,525732376,21999658248
5968,531673012,22005598884
5969,540909456,22014835328
5970,542750192,22016676064
5971,548903740,22022829612
5972,553887752,22027813624
5973,561048012,22034973884
5974,564423464,22038349336
5975,564483208,22038409080
5976,567060608,22040986480
5977,570543628,22044469500
5978,573340348,22047266220
5979,574176556,22048102428
5980,575119944,22049045816
5981,577891492,22051817364
5982,581765056,22055690928
5983,582675636,22056601508
5984,586618304,22060544176
5985,587068792,22060994664
5986,592284316,22066210188
5987,593984232,22067910104
5988,595019112,22068944984
5989,595354400,22069280272
5990,602533220,22076459092
5991,602663112,22076588984
5992,614806436,22088732308
5993,616552368,22090478240
5994,637474124,22111399996
5995,639024584,22112950456
5996,639112512,22113038384
5997,639909560,22113835432
5998,639929380,22113855252
5999,641757424,22115683296
6000,642835336,22116761208
6001,643241880,22117167752
6002,650372856,22124298728
6003,653875912,22127801784
6004,662258772,22136184644
6005,668181028,22142106900
6006,671206164,22145132036
6007,674678364,22148604236
6008,682367768,22156293640
6009,682719460,22156645332
6010,684177028,22158102900
6011,684644372,22158570244
6012,692136724,22166062596
6013,694830548,22168756420
6014,695414580,22169340452
6015,695805788,22169731660
6016,698367072,22172292944
6017,704905956,22178831828
6018,717764064,22191689936
6019,720010392,22193936264
6020,722470872,22196396744
6021,724088188,22198014060
6022,727066836,22200992708
6023,727448368,22201374240
6024,728757696,22202683568
6025,730976824,22204902696
6026,737210284,22211136156
6027,737319132,22211245004
6028,741497968,22215423840
6029,749679092,22223604964
6030,752106600,22226032472
6031,758067792,22231993664
6032,763234568,22237160440
6033,769617464,22243543336
6034,771649856,22245575728
6035,775328596,22249254468
6036,776095132,22250021004
6037,777525024,22251450896
6038,778412136,22252338008
6039,808528604,22282454476
6040,811735136,22285661008
6041,813463052,22287388924
6042,814555168,22288481040
6043,817463648,22291389520
6044,823357404,22297283276
6045,837899092,22311824964
6046,841767304,22315693176
6047,844495016,22318420888
6048,858538124,22332463996
6049,859653784,22333579656
6050,859685724,22333611596
6051,866545372,22340471244
6052,867422524,22341348396
6053,867907748,22341833620
6054,871959028,22345884900
6055,875758252,22349684124
6056,876564504,22350490376
6057,880106968,22354032840
6058,884712652,22358638524
6059,890253740,22364179612
6060,904952896,22378878768
6061,906462480,22380388352
6062,906984360,22380910232
6063,908828452,22382754324
6064,912231840,22386157712
6065,913524896,22387450768
6066,913732832,22387658704
6067,914216336,22388142208
6068,919085404,22393011276
6069,921076280,22395002152
6070,932009492,22405935364
6071,935395876,22409321748
6072,942052104,22415977976
6073,942192940,22416118812
6074,947307664,22421233536
6075,955897480,22429823352
6076,959407980,22433333852
6077,962003700,22435929572
6078,969344704,22443270576
6079,975596440,22449522312
6080,981408012,22455333884
6081,986123400,22460049272
6082,987763988,22461689860
6083,993995168,22467921040
6084,994202772,22468128644
6085,994866184,22468792056
6086,994965076,22468890948
6087,999453920,22473379792
6088,999851876,22473777748
6089,1006485516,22480411388
6090,1006635348,22480561220
6091,1011045836,22484971708
6092,1014969176,22488895048
6093,1017552920,22491478792
6094,1017567408,22491493280
6095,1023135216,22497061088
6096,1026233360,22500159232
6097,1026632176,22500558048
6098,1031296676,22505222548
6099,1031900828,22505826700
6100,1037391988,22511317860
6101,1044546180,22518472052
6102,1044724328,22518650200
6103,1050390188,22524316060
6104,1051577916,22525503788
6105,1060965952,22534891824
6106,1061036040,22534961912
6107,1070212032,22544137904
6108,1081378988,22555304860
6109,1082250780,22556176652
6110,1088851728,22562777600
6111,1093442648,22567368520
6112,1094469268,22568395140
6113,1096613840,22570539712
6114,1104260840,22578186712
6115,1105213248,22579139120
6116,1107549552,22581475424
6117,1108966012,22582891884
6118,1116002824,22589928696
6119,1119792812,22593718684
6120,1119842392,22593768264
6121,1122019840,22595945712
6122,1125371604,22599297476
6123,1140093828,22614019700
6124,1140230668,22614156540
6125,1145165824,22619091696
6126,1145906100,22619831972
6127,1146983112,22620908984
6128,1148662960,22622588832
6129,1151212848,22625138720
6130,1153471024,22627396896
6131,1154493176,22628419048
6132,1160046740,22633972612
6133,1160294380,22634220252
6134,1164193748,22638119620
6135,1171909944,22645835816
6136,1175401136,22649327008
6137,1180623268,22654549140
6138,1182020920,22655946792
6139,1183454524,22657380396
6140,1189643588,22663569460
6141,1193656196,22667582068
6142,1194832680,22668758552
6143,1195142668,22669068540
6144,1200130216,22674056088
6145,1205919604,22679845476
6146,1233247504,22707173376
6147,1238189384,22712115256
6148,1244147900,22718073772
6149,1272564336,22746490208
6150,1274413384,22748339256
6151,1278605060,22752530932
6152,1278996868,22752922740
6153,1281938232,22755864104
6154,1284240612,22758166484
6155,1287201380,22761127252
6156,1292687040,22766612912
6157,1296039496,22769965368
6158,1308774140,22782700012
6159,1310158960,22784084832
6160,1310191784,22784117656
6161,1311100164,22785026036
6162,1312326516,22786252388
6163,1325648312,22799574184
6164,1329362188,22803288060
6165,1330196700,22804122572
6166,1330563540,22804489412
6167,1332977880,22806903752
6168,1333018448,22806944320
6169,1336629432,22810555304
6170,1339836124,22813761996
6171,1348885668,22822811540
6172,1351756568,22825682440
6173,1363365236,22837291108
6174,1363996756,22837922628
6175,1369557796,22843483668
6176,1373558900,22847484772
6177,1374545068,22848470940
6178,1378884468,22852810340
6179,1381951296,22855877168
6180,1389860520,22863786392
6181,1392895760,22866821632
6182,1401137808,22875063680
6183,1411178832,22885104704
6184,1412413792,22886339664
6185,1417405780,22891331652
6186,1421660060,22895585932
6187,1423193312,22897119184
6188,1423373320,22897299192
6189,1430161708,22904087580
6190,1433319448,22907245320
6191,1433503100,22907428972
6192,1436371952,22910297824
6193,1441631104,22915556976
6194,1444889308,22918815180
6195,1445000692,22918926564
6196,1445315976,22919241848
6197,1447259828,22921185700
6198,1448424560,22922350432
6199,1459040168,22932966040
6200,1464141952,22938067824
6201,1466256272,22940182144
6202,1468411728,22942337600
6203,1470424476,22944350348
6204,1481246944,22955172816
6205,1486159700,22960085572
6206,1487437384,22961363256
6207,1489877380,22963803252
6208,1490148796,22964074668
6209,1495404284,22969330156
6210,1495873656,22969799528
6211,1504712276,22978638148
6212,1505386080,22979311952
6213,1508670948,22982596820
6214,1511599560,22985525432
6215,1512953864,22986879736
6216,1516572152,22990498024
6217,1521795124,22995720996
6218,1525149624,22999075496
6219,1528039260,23001965132
6220,1536097776,23010023648
6221,1538083580,23012009452
6222,1540619624,23014545496
6223,1541393572,23015319444
6224,1546008372,23019934244
6225,1550250784,23024176656
6226,1550288896,23024214768
6227,1552799648,23026725520
6228,1553805636,23027731508
6229,1556761844,23030687716
6230,1563702004,23037627876
6231,1565003068,23038928940
6232,1565025612,23038951484
6233,1569739264,23043665136
6234,1575976552,23049902424
6235,1576429816,23050355688
6236,1584524452,23058450324
6237,1584921032,23058846904
6238,1585468520,23059394392
6239,1587875020,23061800892
6240,1590293600,23064219472
6241,1591744812,23065670684
6242,1593955420,23067881292
6243,1597111448,23071037320
6244,1601358808,23075284680
6245,1603212936,23077138808
6246,1605469708,23079395580
6247,1607325520,23081251392
6248,1613297460,23087223332
6249,1614046392,23087972264
6250,1614833312,23088759184
6251,1616441328,23090367200
6252,1620406380,23094332252
6253,1625342796,23099268668
6254,1629935436,23103861308
6255,1635197364,23109123236
6256,1636675396,23110601268
6257,1642194424,23116120296
6258,1642413612,23116339484
6259,1643513404,23117439276
6260,1645756416,23119682288
6261,1647772664,23121698536
6262,1658774516,23132700388
6263,1669934140,23143860012
6264,1672103284,23146029156
6265,1672323360,23146249232
6266,1677126056,23151051928
6267,1677650904,23151576776
6268,1678659968,23152585840
6269,1680684808,23154610680
6270,1683267052,23157192924
6271,1688186068,23162111940
6272,1691243628,23165169500
6273,1699712620,23173638492
6274,1700324404,23174250276
6275,1701236136,23175162008
6276,1703663532,23177589404
6277,1707081596,23181007468
6278,1710429224,23184355096
6279,1711821440,23185747312
6280,1715799108,23189724980
6281,1717991548,23191917420
6282,1722720500,23196646372
6283,1726016596,23199942468
6284,1728812556,23202738428
6285,1729864940,23203790812
6286,1731748728,23205674600
6287,1731828236,23205754108
6288,1732710412,23206636284
6289,1734325812,23208251684
6290,1734732156,23208658028
6291,1742119868,23216045740
6292,1742291708,23216217580
6293,1744078496,23218004368
6294,1744595184,23218521056
6295,1765165276,23239091148
6296,1766958804,23240884676
6297,1771469480,23245395352
6298,1778356812,23252282684
6299,1779578864,23253504736
6300,1780647040,23254572912
6301,1783095336,23257021208
6302,1786040632,23259966504
6303,1788626600,23262552472
6304,1790779676,23264705548
6305,1794616448,23268542320
6306,1805083836,23279009708
6307,1814112156,23288038028
6308,1816294640,23290220512
6309,1823327256,23297253128
6310,1825204832,23299130704
6311,1834578024,23308503896
6312,1844267444,23318193316
6313,1848538728,23322464600
6314,1852174148,23326100020
6315,1852424892,23326350764
6316,1854188148,23328114020
6317,1863592580,23337518452
6318,1874005440,23347931312
6319,1875547668,23349473540
6320,1894713300,23368639172
6321,1903887896,23377813768
6322,1904844292,23378770164
6323,1905871824,23379797696
6324,1908574952,23382500824
6325,1908985408,23382911280
6326,1909120192,23383046064
6327,1914400112,23388325984
6328,1917286296,23391212168
6329,1925312028,23399237900
6330,1928345836,23402271708
6331,1929336444,23403262316
6332,1937524928,23411450800
6333,1937623680,23411549552
6334,1938069956,23411995828
6335,1940852260,23414778132
6336,1944874360,23418800232
6337,1945562172,23419488044
6338,1947151424,23421077296
6339,1947963324,23421889196
6340,1948424892,23422350764
6341,1948899288,23422825160
6342,1954651988,23428577860
6343,1955986660,23429912532
6344,1960704460,23434630332
6345,1968860352,23442786224
6346,1970685644,23444611516
6347,1970695348,23444621220
6348,1976280888,23450206760
6349,1977282744,23451208616
6350,1982955924,23456881796
6351,1983073800,23456999672
6352,1987546984,23461472856
6353,1990469724,23464395596
6354,2006506812,23480432684
6355,2009654188,23483580060
6356,2013158476,23487084348
6357,2013171300,23487097172
6358,2021377552,23495303424
6359,2021503632,23495429504
6360,2021810464,23495736336
6361,2024979244,23498905116
6362,2026053948,23499979820
6363,2028436664,23502362536
6364,2029572480,23503498352
6365,2030391460,23504317332
6366,2031061744,23504987616
6367,2033412216,23507338088
6368,2033560916,23507486788
6369,2034453544,23508379416
6370,2038445044,23512370916
6371,2039267976,23513193848
6372,2042687488,23516613360
6373,2045832208,23519758080
6374,2046324300,23520250172
6375,2047399944,23521325816
6376,2066407072,23540332944
6377,2084711108,23558636980
6378,2087789228,23561715100
6379,2088028552,23561954424
6380,2089253760,23563179632
6381,2094094076,23568019948
6382,2101483004,23575408876
6383,2102543316,23576469188
6384,2105326336,23579252208
6385,2106783992,23580709864
6386,2108934176,23582860048
6387,2121856680,23595782552
6388,2122837920,23596763792
6389,2126644704,23600570576
6390,2134531880,23608457752
6391,2156121292,23630047164
6392,2163407060,23637332932
6393,2165393800,23639319672
6394,2169181776,23643107648
6395,2180243108,23654168980
6396,2185184172,23659110044
6397,2196933824,23670859696
6398,2207028732,23680954604
6399,2211440000,23685365872
6400,2216162456,23690088328
6401,2217139804,23691065676
6402,2223559564,23697485436
6403,2235126564,23709052436
6404,2235854804,23709780676
6405,2237996468,23711922340
6406,2242844096,23716769968
6407,2245256772,23719182644
6408,2246692412,23720618284
6409,2250939828,23724865700
6410,2251818032,23725743904
6411,2252811200,23726737072
6412,2257635140,23731561012
6413,2264269812,23738195684
6414,2270413376,23744339248
6415,2274106672,23748032544
6416,2275641284,23749567156
6417,2285781464,23759707336
6418,2288151676,23762077548
6419,2289293932,23763219804
6420,2290167372,23764093244
6421,2300202700,23774128572
6422,2301899912,23775825784
6423,2304078060,23778003932
6424,2304670624,23778596496
6425,2308476516,23782402388
6426,2311940592,23785866464
6427,2314177228,23788103100
6428,2320638252,23794564124
6429,2320849048,23794774920
6430,2326545464,23800471336
6431,2327674808,23801600680
6432,2335132864,23809058736
6433,2341997536,23815923408
6434,2344972644,23818898516
6435,2350998940,23824924812
6436,2354024896,23827950768
6437,2358376476,23832302348
6438,2372195544,23846121416
6439,2376890780,23850816652
6440,2379601944,23853527816
6441,2382829700,23856755572
6442,2388369840,23862295712
6443,2393762188,23867688060
6444,2396172012,23870097884
6445,2397677284,23871603156
6446,2398501948,23872427820
6447,2399106944,23873032816
6448,2408532424,23882458296
6449,2410752180,23884678052
6450,2413205308,23887131180
6451,2414957376,23888883248
6452,2415959692,23889885564
6453,2418735868,23892661740
6454,2419950104,23893875976
6455,2422675880,23896601752
6456,2428127700,23902053572
6457,2432121392,23906047264
6458,2435562752,23909488624
6459,2437805944,23911731816
6460,2438569432,23912495304
6461,2438863824,23912789696
6462,2443204056,23917129928
6463,2450697372,23924623244
6464,2455228496,23929154368
6465,2460475512,23934401384
6466,2469600092,23943525964
6467,2470507100,23944432972
6468,2473186272,23947112144
6469,2484186468,23958112340
6470,2491285632,23965211504
6471,2491527004,23965452876
6472,2492825276,23966751148
6473,2494765916,23968691788
6474,2503640296,23977566168
6475,2505824276,23979750148
6476,2507393964,23981319836
6477,2510386900,23984312772
6478,2511227900,23985153772
6479,2513318336,23987244208
6480,2516526500,23990452372
6481,2519078628,23993004500
6482,2526069768,23999995640
6483,2528788004,24002713876
6484,2542757832,24016683704
6485,2543643516,24017569388
6486,2554004132,24027930004
6487,2555724268,24029650140
6488,2557750760,24031676632
6489,2562547268,24036473140
6490,2570003828,24043929700
6491,2571525540,24045451412
6492,2573527444,24047453316
6493,2574952020,24048877892
6494,2581544564,24055470436
6495,2581717880,24055643752
6496,2585944180,24059870052
6497,2587565272,24061491144
6498,2588038868,24061964740
6499,2589266284,24063192156
6500,2589951984,24063877856
6501,2590161728,24064087600
6502,2594362896,24068288768
6503,2597099948,24071025820
6504,2602141280,24076067152
6505,2603059008,24076984880
6506,2612473752,24086399624
6507,2618740440,24092666312
6508,2620218528,24094144400
6509,2627493228,24101419100
6510,2628840612,24102766484
6511,2633475024,24107400896
6512,2634606308,24108532180
6513,2638618468,24112544340
6514,2639664504,24113590376
6515,2641513636,24115439508
6516,2643006576,24116932448
6517,2643363984,24117289856
6518,2645370968,24119296840
6519,2645481268,24119407140
6520,2645939928,24119865800
6521,2648144024,24122069896
6522,2649195504,24123121376
6523,2655645184,24129571056
6524,2656807412,24130733284
6525,2657610644,24131536516
6526,2658264712,24132190584
6527,2672556620,24146482492
6528,2673144816,24147070688
6529,2678164424,24152090296
6530,2678456908,24152382780
6531,2681386404,24155312276
6532,2684618800,24158544672
6533,2692263656,24166189528
6534,2696401860,24170327732
6535,2697495444,24171421316
6536,2706081028,24180006900
6537,2707783824,24181709696
6538,2709925536,24183851408
6539,2712611608,24186537480
6540,2712728372,24186654244
6541,2721573792,24195499664
6542,2722477700,24196403572
6543,2723212688,24197138560
6544,2728287600,24202213472
6545,2732631756,24206557628
6546,2733739228,24207665100
6547,2741387384,24215313256
6548,2742306160,24216232032
6549,2745699456,24219625328
6550,2747915500,24221841372
6551,2748965764,24222891636
6552,2749094480,24223020352
6553,2761072444,24234998316
6554,2767599488,24241525360
6555,2767945124,24241870996
6556,2768446164,24242372036
6557,2768924792,24242850664
6558,2771223336,24245149208
6559,2771940828,24245866700
6560,2772408780,24246334652
6561,2773460976,24247386848
6562,2775624396,24249550268
6563,2777001024,24250926896
6564,2777536632,24251462504
6565,2781781916,24255707788
6566,2784183888,24258109760
6567,2784534964,24258460836
6568,2785328604,24259254476
6569,2787514760,24261440632
6570,2793993728,24267919600
6571,2794695488,24268621360
6572,2794967124,24268892996
6573,2797702244,24271628116
6574,2800032112,24273957984
6575,2800967668,24274893540
6576,2806164496,24280090368
6577,2816302408,24290228280
6578,2817857384,24291783256
6579,2819122808,24293048680
6580,2831714580,24305640452
6581,2833811264,24307737136
6582,2834673616,24308599488
6583,2834868888,24308794760
6584,2845390220,24319316092
6585,2855479192,24329405064
6586,2859357700,24333283572
6587,2861547584,24335473456
6588,2869587196,24343513068
6589,2871850944,24345776816
6590,2878541092,24352466964
6591,2878902716,24352828588
6592,2885119660,24359045532
6593,2886011272,24359937144
6594,2892131260,24366057132
6595,2893237684,24367163556
6596,2900043952,24373969824
6597,2903224712,24377150584
6598,2909767672,24383693544
6599,2916581084,24390506956
6600,2920533972,24394459844
6601,2922639724,24396565596
6602,2924409080,24398334952
6603,2927529632,24401455504
6604,2928343588,24402269460
6605,2942694328,24416620200
6606,2944730880,24418656752
6607,2946193868,24420119740
6608,2958419908,24432345780
6609,2960045036,24433970908
6610,2961050484,24434976356
6611,2973115168,24447041040
6612,2976860420,24450786292
6613,2981813880,24455739752
6614,2983256384,24457182256
6615,2989169140,24463095012
6616,2992013952,24465939824
6617,3001590584,24475516456
6618,3003831468,24477757340
6619,3006900080,24480825952
6620,3012121884,24486047756
6621,3014292348,24488218220
6622,3018934576,24492860448
6623,3024003048,24497928920
6624,3031527104,24505452976
6625,3034078860,24508004732
6626,3034188864,24508114736
6627,3034721144,24508647016
6628,3037505128,24511431000
6629,3040971744,24514897616
6630,3046722088,24520647960
6631,3047106996,24521032868
6632,3048409428,24522335300
6633,3057587100,24531512972
6634,3057624392,24531550264
6635,3061595744,24535521616
6636,3064397568,24538323440
6637,3064449932,24538375804
6638,3064849356,24538775228
6639,3067343512,24541269384
6640,3067711712,24541637584
6641,3072391576,24546317448
6642,3073383896,24547309768
6643,3075273936,24549199808
6644,3075825992,24549751864
6645,3077996980,24551922852
6646,3078269140,24552195012
6647,3082733000,24556658872
6648,3085866716,24559792588
6649,3090066504,24563992376
6650,3099709396,24573635268
6651,3112890412,24586816284
6652,3113865020,24587790892
6653,3117493644,24591419516
6654,3130969420,24604895292
6655,3144410140,24618336012
6656,3152890960,24626816832
6657,3154111276,24628037148
6658,3156966524,24630892396
6659,3161540024,24635465896
6660,3165907056,24639832928
6661,3166344624,24640270496
6662,3170426072,24644351944
6663,3172399432,24646325304
6664,3179449380,24653375252
6665,3202976016,24676901888
6666,3203123704,24677049576
6667,3206060144,24679986016
6668,3207690656,24681616528
6669,3208704116,24682629988
6670,3213992416,24687918288
6671,3214243124,24688168996
6672,3215372696,24689298568
6673,3216603868,24690529740
6674,3219180568,24693106440
6675,3221986468,24695912340
6676,3236019468,24709945340
6677,3238066756,24711992628
6678,3238334212,24712260084
6679,3238932620,24712858492
6680,3260839304,24734765176
6681,3263152696,24737078568
6682,3268926956,24742852828
6683,3270088824,24744014696
6684,3270226956,24744152828
6685,3271117244,24745043116
6686,3275216660,24749142532
6687,3278560052,24752485924
6688,3284948240,24758874112
6689,3288070244,24761996116
6690,3291830124,24765755996
6691,3298077920,24772003792
6692,3298716668,24772642540
6693,3300096096,24774021968
6694,3303066616,24776992488
6695,3308724868,24782650740
6696,3313777068,24787702940
6697,3314187964,24788113836
6698,3319330036,24793255908
6699,3322066580,24795992452
6700,3327364428,24801290300
6701,3333693448,24807619320
6702,3338472020,24812397892
6703,3340082344,24814008216
6704,3341344412,24815270284
6705,3344548956,24818474828
6706,3347346808,24821272680
6707,3351914032,24825839904
6708,3358375416,24832301288
6709,3358948572,24832874444
6710,3362729884,24836655756
6711,3369362988,24843288860
6712,3372090012,24846015884
6713,3378261368,24852187240
6714,3384425636,24858351508
6715,3385351852,24859277724
6716,3386143892,24860069764
6717,3387478940,24861404812
6718,3389312820,24863238692
6719,3390593020,24864518892
6720,3391002360,24864928232
6721,3395146188,24869072060
6722,3398567576,24872493448
6723,3399206500,24873132372
6724,3409242516,24883168388
6725,3419324888,24893250760
6726,3425984092,24899909964
6727,3438849720,24912775592
6728,3444812200,24918738072
6729,3446025100,24919950972
6730,3447540172,24921466044
6731,3448594808,24922520680
6732,3454717748,24928643620
6733,3458886092,24932811964
6734,3464964880,24938890752
6735,3470552728,24944478600
6736,3472252140,24946178012
6737,3475612440,24949538312
6738,3475834212,24949760084
6739,3476768776,24950694648
6740,3484791000,24958716872
6741,3484922984,24958848856
6742,3489061616,24962987488
6743,3489814000,24963739872
6744,3491740956,24965666828
6745,3492087208,24966013080
6746,3497882432,24971808304
6747,3508716324,24982642196
6748,3511589976,24985515848
6749,3511830384,24985756256
6750,3517794908,24991720780
6751,3523371408,24997297280
6752,3534442756,25008368628
6753,3537148264,25011074136
6754,3537243212,25011169084
6755,3541796044,25015721916
6756,3545946744,25019872616
6757,3554885080,25028810952
6758,3558320008,25032245880
6759,3560012748,25033938620
6760,3562872520,25036798392
6761,3570674916,25044600788
6762,3576964716,25050890588
6763,3580252204,25054178076
6764,3582294052,25056219924
6765,3587973924,25061899796
6766,3594187060,25068112932
6767,3597351600,25071277472
6768,3602017008,25075942880
6769,3609782120,25083707992
6770,3611199328,25085125200
6771,3612961628,25086887500
6772,3613360708,25087286580
6773,3617966016,25091891888
6774,3644488056,25118413928
6775,3652651124,25126576996
6776,3653966976,25127892848
6777,3654086452,25128012324
6778,3654543668,25128469540
6779,3661443500,25135369372
6780,3671198144,25145124016
6781,3673371756,25147297628
6782,3674785388,25148711260
6783,3675272132,25149198004
6784,3688013688,25161939560
6785,3690311768,25164237640
6786,3691105648,25165031520
6787,3692301680,25166227552
6788,3696263348,25170189220
6789,3708678832,25182604704
6790,3710411532,25184337404
6791,3714373880,25188299752
6792,3716741440,25190667312
6793,3718358488,25192284360
6794,3721896876,25195822748
6795,3722925512,25196851384
6796,3725209736,25199135608
6797,3728575716,25202501588
6798,3728819504,25202745376
6799,3729683620,25203609492
6800,3730103804,25204029676
6801,3735583420,25209509292
6802,3738375084,25212300956
6803,3738805656,25212731528
6804,3740588668,25214514540
6805,3748871048,25222796920
6806,3749589712,25223515584
6807,3751955060,25225880932
6808,3752690916,25226616788
6809,3759653368,25233579240
6810,3762463144,25236389016
6811,3764138848,25238064720
6812,3765167808,25239093680
6813,3774153972,25248079844
6814,3775063692,25248989564
6815,3778931604,25252857476
6816,3783901812,25257827684
6817,3784599284,25258525156
6818,3784982192,25258908064
6819,3789403424,25263329296
6820,3790814224,25264740096
6821,3806932132,25280858004
6822,3809190260,25283116132
6823,3810528352,25284454224
6824,3815155640,25289081512
6825,3823506628,25297432500
6826,3825660264,25299586136
6827,3828350740,25302276612
6828,3828414440,25302340312
6829,3828720732,25302646604
6830,3830684852,25304610724
6831,3847191768,25321117640
6832,3847346008,25321271880
6833,3850048280,25323974152
6834,3855469216,25329395088
6835,3855730560,25329656432
6836,3866959768,25340885640
6837,3871435444,25345361316
6838,3872344776,25346270648
6839,3875228768,25349154640
6840,3877985312,25351911184
6841,3882820580,25356746452
6842,3884991616,25358917488
6843,3904902224,25378828096
6844,3907868796,25381794668
6845,3922092276,25396018148
6846,3932948660,25406874532
6847,3934625020,25408550892
6848,3978316984,25452242856
6849,3981171728,25455097600
6850,3986465336,25460391208
6851,3986642160,25460568032
6852,3991055376,25464981248
6853,3992617404,25466543276
6854,3995075528,25469001400
6855,3999938888,25473864760
6856,4002107212,25476033084
6857,4002251180,25476177052
6858,4007943076,25481868948
6859,4012184372,25486110244
6860,4012283232,25486209104
6861,4025376948,25499302820
6862,4031461108,25505386980
6863,4033391876,25507317748
6864,4034275204,25508201076
6865,4064588664,25538514536
6866,4066249984,25540175856
6867,4066856172,25540782044
6868,4075689796,25549615668
6869,4078336064,25552261936
6870,4079671436,25553597308
6871,4082814668,25556740540
6872,4083103180,25557029052
6873,4084624176,25558550048
6874,4086055920,25559981792
6875,4103688188,25577614060
6876,4107301912,25581227784
6877,4108744916,25582670788
6878,4111978744,25585904616
6879,4112259404,25586185276
6880,4119458516,25593384388
6881,4120733272,25594659144
6882,4124272484,25598198356
6883,4129214140,25603140012
6884,4133583932,25607509804
6885,4145887608,25619813480
6886,4146631988,25620557860
6887,4147365068,25621290940
6888,4149254252,25623180124
6889,4153200880,25627126752
6890,4155719552,25629645424
6891,4155808884,25629734756
6892,4156890236,25630816108
6893,4165039848,25638965720
6894,4167457536,25641383408
6895,4168931924,25642857796
6896,4172282400,25646208272
6897,4172602728,25646528600
6898,4173638984,25647564856
6899,4179414756,25653340628
6900,4184965952,25658891824
6901,4186751700,25660677572
6902,4189610808,25663536680
6903,4204036436,25677962308
6904,4205808140,25679734012
6905,4207319628,25681245500
6906,4213560556,25687486428
6907,4218032296,25691958168
6908,4222507352,25696433224
6909,4229301556,25703227428
6910,4234880440,25708806312
6911,4238329068,25712254940
6912,4246864156,25720790028
6913,4253758712,25727684584
6914,4260607916,25734533788
6915,4263786000,25737711872
6916,4265953308,25739879180
6917,4270678428,25744604300
6918,4270779932,25744705804
6919,4271493252,25745419124
6920,4272660408,25746586280
6921,4275213792,25749139664
6922,4278583872,25752509744
6923,4280538304,25754464176
6924,4281212136,25755138008
6925,4287194816,25761120688
6926,2853816,25771746984
6927,5149400,25774042568
6928,25546584,25794439752
6929,27470036,25796363204
6930,38943032,25807836200
6931,54587808,25823480976
6932,59571420,25828464588
6933,59865476,25828758644
6934,61506500,25830399668
6935,65673236,25834566404
6936,66068308,25834961476
6937,69487204,25838380372
6938,71879788,25840772956
6939,73557136,25842450304
6940,74162816,25843055984
6941,75448464,25844341632
6942,78111288,25847004456
6943,79684936,25848578104
6944,81238408,25850131576
6945,85102660,25853995828
6946,85823056,25854716224
6947,87766848,25856660016
6948,90107260,25859000428
6949,106017392,25874910560
6950,110946040,25879839208
6951,113884368,25882777536
6952,118155652,25887048820
6953,118199040,25887092208
6954,120496304,25889389472
6955,121030888,25889924056
6956,121156256,25890049424
6957,126661688,25895554856
6958,128066856,25896960024
6959,135163320,25904056488
6960,138534392,25907427560
6961,140666016,25909559184
6962,142144580,25911037748
6963,142470248,25911363416
6964,143016144,25911909312
6965,150339000,25919232168
6966,156549248,25925442416
6967,157890132,25926783300
6968,167855012,25936748180
6969,180192840,25949086008
6970,182550244,25951443412
6971,189663324,25958556492
6972,192816424,25961709592
6973,196078516,25964971684
6974,198262476,25967155644
6975,199820776,25968713944
6976,211230616,25980123784
6977,217838184,25986731352
6978,219614572,25988507740
6979,230880788,25999773956
6980,237182128,26006075296
6981,238307636,26007200804
6982,238761252,26007654420
6983,240194568,26009087736
6984,255051916,26023945084
6985,255654444,26024547612
6986,263512584,26032405752
6987,264427456,26033320624
6988,265390820,26034283988
6989,276821316,26045714484
6990,277204380,26046097548
6991,277715812,26046608980
6992,278345984,26047239152
6993,288850088,26057743256
6994,293094876,26061988044
6995,295100240,26063993408
6996,295733940,26064627108
6997,297231008,26066124176
6998,300196228,26069089396
6999,303373680,26072266848
7000,307916692,26076809860
7001,314159708,26083052876
7002,322337160,26091230328
7003,330551424,26099444592
7004,330763700,26099656868
7005,332054968,26100948136
7006,333647220,26102540388
7007,334162244,26103055412
7008,335025636,26103918804
7009,336459312,26105352480
7010,338289232,26107182400
7011,339537448,26108430616
7012,352299944,26121193112
7013,355328840,26124222008
7014,358213760,26127106928
7015,358647388,26127540556
7016,360315932,26129209100
7017,361359004,26130252172
7018,365256456,26134149624
7019,366728352,26135621520
7020,378091952,26146985120
7021,388010552,26156903720
7022,388676300,26157569468
7023,403063392,26171956560
7024,406185220,26175078388
7025,407556028,26176449196
7026,408872852,26177766020
7027,410216116,26179109284
7028,416000668,26184893836
7029,418680484,26187573652
7030,421641672,26190534840
7031,427869152,26196762320
7032,428514520,26197407688
7033,434517936,26203411104
7034,437738520,26206631688
7035,442422048,26211315216
7036,462023500,26230916668
7037,462749184,26231642352
7038,466873064,26235766232
7039,470779800,26239672968
7040,473628548,26242521716
7041,476202504,26245095672
7042,487663824,26256556992
7043,492997724,26261890892
7044,496515040,26265408208
7045,499346100,26268239268
7046,505525432,26274418600
7047,506330404,26275223572
7048,511686616,26280579784
7049,513655964,26282549132
7050,514773596,26283666764
7051,515512536,26284405704
7052,519753748,26288646916
7053,521102240,26289995408
7054,527271964,26296165132
7055,527710184,26296603352
7056,530945396,26299838564
7057,539090304,26307983472
7058,542662632,26311555800
7059,545393704,26314286872
7060,546306680,26315199848
7061,548689668,26317582836
7062,549139048,26318032216
7063,550110408,26319003576
7064,555328804,26324221972
7065,557251956,26326145124
7066,559731872,26328625040
7067,559763484,26328656652
7068,561500848,26330394016
7069,562984820,26331877988
7070,565231868,26334125036
7071,567254760,26336147928
7072,567504872,26336398040
7073,567952948,26336846116
7074,568949192,26337842360
7075,568999956,26337893124
7076,569491308,26338384476
7077,571589076,26340482244
7078,575001752,26343894920
7079,577206168,26346099336
7080,578123884,26347017052
7081,581283192,26350176360
7082,586704456,26355597624
7083,602040860,26370934028
7084,602372052,26371265220
7085,604710476,26373603644
7086,611025268,26379918436
7087,617519992,26386413160
7088,620430572,26389323740
7089,620543444,26389436612
7090,623188868,26392082036
7091,623901596,26392794764
7092,635656836,26404550004
7093,636031664,26404924832
7094,644659680,26413552848
7095,653251816,26422144984
7096,656827276,26425720444
7097,661441756,26430334924
7098,664603460,26433496628
7099,665284572,26434177740
7100,665617236,26434510404
7101,672306636,26441199804
7102,681659660,26450552828
7103,684510320,26453403488
7104,684977996,26453871164
7105,692471364,26461364532
7106,696804040,26465697208
7107,697320568,26466213736
7108,697740984,26466634152
7109,700874276,26469767444
7110,706471692,26475364860
7111,711371544,26480264712
7112,716562456,26485455624
7113,716897160,26485790328
7114,730547588,26499440756
7115,730615732,26499508900
7116,730704520,26499597688
7117,733721648,26502614816
7118,737843240,26506736408
7119,740309172,26509202340
7120,747090040,26515983208
7121,760494444,26529387612
7122,764276872,26533170040
7123,765483808,26534376976
7124,771418176,26540311344
7125,771727036,26540620204
7126,772638204,26541531372
7127,775959048,26544852216
7128,780574112,26549467280
7129,788730444,26557623612
7130,791351440,26560244608
7131,793354036,26562247204
7132,793825912,26562719080
7133,794096856,26562990024
7134,798130776,26567023944
7135,801279916,26570173084
7136,804800604,26573693772
7137,812395152,26581288320
7138,812732688,26581625856
7139,820755580,26589648748
7140,822344876,26591238044
7141,832880744,26601773912
7142,834946280,26603839448
7143,841992540,26610885708
7144,851192548,26620085716
7145,854971596,26623864764
7146,855829800,26624722968
7147,855964992,26624858160
7148,867407308,26636300476
7149,872593812,26641486980
7150,876755500,26645648668
7151,877222016,26646115184
7152,880701200,26649594368
7153,887326232,26656219400
7154,887422948,26656316116
7155,889093048,26657986216
7156,894947100,26663840268
7157,894955880,26663849048
7158,903236820,26672129988
7159,908875384,26677768552
7160,916593300,26685486468
7161,932464544,26701357712
7162,937689244,26706582412
7163,945973828,26714866996
7164,952365400,26721258568
7165,953690240,26722583408
7166,959874772,26728767940
7167,960852952,26729746120
7168,964350600,26733243768
7169,970606968,26739500136
7170,972663352,26741556520
7171,973341356,26742234524
7172,973533628,26742426796
7173,974028444,26742921612
7174,974588248,26743481416
7175,975156536,26744049704
7176,976348668,26745241836
7177,981663712,26750556880
7178,987384608,26756277776
7179,993825192,26762718360
7180,994880372,26763773540
7181,998096056,26766989224
7182,1002739228,26771632396
7183,1006886140,26775779308
7184,1008024124,26776917292
7185,1016603400,26785496568
7186,1019316216,26788209384
7187,1019437996,26788331164
7188,1022905200,26791798368
7189,1023795652,26792688820
7190,1024907284,26793800452
7191,1025691524,26794584692
7192,1029981452,26798874620
7193,1041899440,26810792608
7194,1052901208,26821794376
7195,1053297748,26822190916
7196,1057571256,26826464424
7197,1068164956,26837058124
7198,1071690516,26840583684
7199,1073088568,26841981736
7200,1073972292,26842865460
7201,1074071264,26842964432
7202,1074170096,26843063264
7203,1078027576,26846920744
7204,1078399064,26847292232
7205,1083161380,26852054548
7206,1083162284,26852055452
7207,1086654356,26855547524
7208,1088304004,26857197172
7209,1089098928,26857992096
7210,1092608964,26861502132
7211,1096835112,26865728280
7212,1119771496,26888664664
7213,1120523284,26889416452
7214,1122567476,26891460644
7215,1124876376,26893769544
7216,1127756872,26896650040
7217,1132107360,26901000528
7218,1132465084,26901358252
7219,1138655620,26907548788
7220,1150151072,26919044240
7221,1152366804,26921259972
7222,1157454240,26926347408
7223,1174108928,26943002096
7224,1180408544,26949301712
7225,1182756800,26951649968
7226,1186496168,26955389336
7227,1187387280,26956280448
7228,1189819580,26958712748
7229,1190976296,26959869464
7230,1191086856,26959980024
7231,1196090060,26964983228
7232,1211028256,26979921424
7233,1211756096,26980649264
7234,1214759796,26983652964
7235,1218805252,26987698420
7236,1222446316,26991339484
7237,1223157780,26992050948
7238,1223901072,26992794240
7239,1231703096,27000596264
7240,1232257248,27001150416
7241,1237519476,27006412644
7242,1240824852,27009718020
7243,1241006816,27009899984
7244,1246563252,27015456420
7245,1246900356,27015793524
7246,1257129632,27026022800
7247,1260534580,27029427748
7248,1274448008,27043341176
7249,1275950088,27044843256
7250,1277424784,27046317952
7251,1283116432,27052009600
7252,1284697372,27053590540
7253,1286030868,27054924036
7254,1290424440,27059317608
7255,1294843292,27063736460
7256,1296563480,27065456648
7257,1297195288,27066088456
7258,1299153868,27068047036
7259,1302005836,27070899004
7260,1302622604,27071515772
7261,1305769804,27074662972
7262,1314870796,27083763964
7263,1319696300,27088589468
7264,1320680180,27089573348
7265,1323516768,27092409936
7266,1331761472,27100654640
7267,1331790844,27100684012
7268,1334521204,27103414372
7269,1339374240,27108267408
7270,1344370412,27113263580
7271,1344663700,27113556868
7272,1346948276,27115841444
7273,1355528924,27124422092
7274,1356030676,27124923844
7275,1358167084,27127060252
7276,1361588280,27130481448
7277,1365748364,27134641532
7278,1366725952,27135619120
7279,1367363504,27136256672
7280,1371236392,27140129560
7281,1379367168,27148260336
7282,1379990160,27148883328
7283,1381109900,27150003068
7284,1388178384,27157071552
7285,1390401128,27159294296
7286,1398036580,27166929748
7287,1406404780,27175297948
7288,1408463788,27177356956
7289,1410110724,27179003892
7290,1415578048,27184471216
7291,1416999216,27185892384
7292,1419782252,27188675420
7293,1423583316,27192476484
7294,1427059164,27195952332
7295,1432089688,27200982856
7296,1438513800,27207406968
7297,1444462780,27213355948
7298,1449382696,27218275864
7299,1453197292,27222090460
7300,1457175512,27226068680
7301,1464242872,27233136040
7302,1466952016,27235845184
7303,1473698688,27242591856
7304,1475062804,27243955972
7305,1480128136,27249021304
7306,1483510596,27252403764
7307,1491139812,27260032980
7308,1496587500,27265480668
7309,1497390660,27266283828
7310,1502144096,27271037264
7311,1505584928,27274478096
7312,1506273948,27275167116
7313,1506411436,27275304604
7314,1510717908,27279611076
7315,1511425836,27280319004
7316,1512489800,27281382968
7317,1522400712,27291293880
7318,1523501184,27292394352
7319,1524043252,27292936420
7320,1529705108,27298598276
7321,1531105344,27299998512
7322,1540139560,27309032728
7323,1545091772,27313984940
7324,1547012592,27315905760
7325,1550990568,27319883736
7326,1552115108,27321008276
7327,1557102056,27325995224
7328,1559491348,27328384516
7329,1561773240,27330666408
7330,1569170572,27338063740
7331,1574245192,27343138360
7332,1584825804,27353718972
7333,1585830984,27354724152
7334,1590170608,27359063776
7335,1591755672,27360648840
7336,1597481256,27366374424
7337,1597493244,27366386412
7338,1611179260,27380072428
7339,1611486604,27380379772
7340,1612316436,27381209604
7341,1614100492,27382993660
7342,1623277956,27392171124
7343,1624567484,27393460652
7344,1626451256,27395344424
7345,1643743108,27412636276
7346,1644926668,27413819836
7347,1646777228,27415670396
7348,1649468280,27418361448
7349,1649668752,27418561920
7350,1653456588,27422349756
7351,1655221424,27424114592
7352,1655717836,27424611004
7353,1656618956,27425512124
7354,1675107032,27444000200
7355,1675495644,27444388812
7356,1685772012,27454665180
7357,1691049240,27459942408
7358,1692528872,27461422040
7359,1698978692,27467871860
7360,1699693096,27468586264
7361,1706713352,27475606520
7362,1710184960,27479078128
7363,1710753312,27479646480
7364,1712638116,27481531284
7365,1712746976,27481640144
7366,1717444292,27486337460
7367,1718706408,27487599576
7368,1723481196,27492374364
7369,1723641676,27492534844
7370,1723843164,27492736332
7371,1726872172,27495765340
7372,1726932616,27495825784
7373,1728224560,27497117728
7374,1732161724,27501054892
7375,1739347796,27508240964
7376,1744095820,27512988988
7377,1752962948,27521856116
7378,1754147416,27523040584
7379,1759628256,27528521424
7380,1767770364,27536663532
7381,1767842644,27536735812
7382,1768338804,27537231972
7383,1786736856,27555630024
7384,1797573916,27566467084
7385,1807390964,27576284132
7386,1811712996,27580606164
7387,1814473828,27583366996
7388,1820613852,27589507020
7389,1823483240,27592376408
7390,1825306156,27594199324
7391,1831469564,27600362732
7392,1832066708,27600959876
7393,1835746844,27604640012
7394,1837291856,27606185024
7395,1841277604,27610170772
7396,1843063556,27611956724
7397,1848730892,27617624060
7398,1848929072,27617822240
7399,1851297632,27620190800
7400,1853058708,27621951876
7401,1860654188,27629547356
7402,1866354224,27635247392
7403,1867193528,27636086696
7404,1880516372,27649409540
7405,1884170012,27653063180
7406,1885152668,27654045836
7407,1889567208,27658460376
7408,1890499524,27659392692
7409,1894076896,27662970064
7410,1898542812,27667435980
7411,1900896100,27669789268
7412,1908014632,27676907800
7413,1912544412,27681437580
7414,1918844416,27687737584
7415,1919249256,27688142424
7416,1925821060,27694714228
7417,1927397428,27696290596
7418,1930054208,27698947376
7419,1931701388,27700594556
7420,1933633036,27702526204
7421,1937316972,27706210140
7422,1939040340,27707933508
7423,1942840904,27711734072
7424,1953029636,27721922804
7425,1958009856,27726903024
7426,1961606784,27730499952
7427,1965721356,27734614524
7428,1970241556,27739134724
7429,1973764568,27742657736
7430,1976580732,27745473900
7431,1983110884,27752004052
7432,1994379984,27763273152
7433,1995004744,27763897912
7434,1995271548,27764164716
7435,2000478016,27769371184
7436,2002399284,27771292452
7437,2004493960,27773387128
7438,2005009728,27773902896
7439,2005186900,27774080068
7440,2011661484,27780554652
7441,2018180448,27787073616
7442,2018998160,27787891328
7443,2021562836,27790456004
7444,2025847324,27794740492
7445,2027898728,27796791896
7446,2032401204,27801294372
7447,2036527096,27805420264
7448,2039542920,27808436088
7449,2040158072,27809051240
7450,2042364472,27811257640
7451,2043004112,27811897280
7452,2044412148,27813305316
7453,2050045444,27818938612
7454,2050322696,27819215864
7455,2058557140,27827450308
7456,2062045004,27830938172
7457,2065883720,27834776888
7458,2079077216,27847970384
7459,2085795572,27854688740
7460,2090350400,27859243568
7461,2090925368,27859818536
7462,2095886412,27864779580
7463,2095992640,27864885808
7464,2102625624,27871518792
7465,2102913700,27871806868
7466,2107617476,27876510644
7467,2108429500,27877322668
7468,2115235360,27884128528
7469,2117824664,27886717832
7470,2128676664,27897569832
7471,2130836224,27899729392
7472,2131390068,27900283236
7473,2141815416,27910708584
7474,2148720180,27917613348
7475,2160898700,27929791868
7476,2161545396,27930438564
7477,2162169908,27931063076
7478,2163112260,27932005428
7479,2164294148,27933187316
7480,2164547748,27933440916
7481,2166517464,27935410632
7482,2166518516,27935411684
7483,2171140924,27940034092
7484,2172479520,27941372688
7485,2176004520,27944897688
7486,2176080416,27944973584
7487,2177274800,27946167968
7488,2189704552,27958597720
7489,2189748852,27958642020
7490,2190579268,27959472436
7491,2193483672,27962376840
7492,2197182540,27966075708
7493,2198559908,27967453076
7494,2202432184,27971325352
7495,2207427296,27976320464
7496,2210334880,27979228048
7497,2222799200,27991692368
7498,2223187316,27992080484
7499,2230050884,27998944052
7500,2230316812,27999209980
7501,2235828976,28004722144
7502,2242873920,28011767088
7503,2245338916,28014232084
7504,2250317004,28019210172
7505,2250814260,28019707428
7506,2255741864,28024635032
7507,2255928916,28024822084
7508,2276578516,28045471684
7509,2290312816,28059205984
7510,2290532072,28059425240
7511,2295644508,28064537676
7512,2301645664,28070538832
7513,2309699656,28078592824
7514,2310296368,28079189536
7515,2317569336,28086462504
7516,2317583248,28086476416
7517,2322709668,28091602836
7518,2328950124,28097843292
7519,2331053320,28099946488
7520,2340081776,28108974944
7521,2346850764,28115743932
7522,2348078008,28116971176
7523,2350132124,28119025292
7524,2351528028,28120421196
7525,2356751152,28125644320
7526,2358605896,28127499064
7527,2359859900,28128753068
7528,2362851468,28131744636
7529,2363541340,28132434508
7530,2366808752,28135701920
7531,2367021296,28135914464
7532,2376314320,28145207488
7533,2382179596,28151072764
7534,2383885604,28152778772
7535,2385596060,28154489228
7536,2386005272,28154898440
7537,2389268088,28158161256
7538,2393370328,28162263496
7539,2397573440,28166466608
7540,2406869564,28175762732
7541,2408399944,28177293112
7542,2410288284,28179181452
7543,2410656116,28179549284
7544,2414049320,28182942488
7545,2415195948,28184089116
7546,2418147124,28187040292
7547,2420939960,28189833128
7548,2425348452,28194241620
7549,2430285864,28199179032
7550,2430771752,28199664920
7551,2438156172,28207049340
7552,2439134788,28208027956
7553,2439709856,28208603024
7554,2440189544,28209082712
7555,2442063464,28210956632
7556,2449187400,28218080568
7557,2452148332,28221041500
7558,2453668220,28222561388
7559,2458491896,28227385064
7560,2461194976,28230088144
7561,2465532208,28234425376
7562,2466826676,28235719844
7563,2467708456,28236601624
7564,2468931976,28237825144
7565,2469960228,28238853396
7566,2472027092,28240920260
7567,2480128772,28249021940
7568,2491269832,28260163000
7569,2491759488,28260652656
7570,2495216068,28264109236
7571,2495710944,28264604112
7572,2497767936,28266661104
7573,2498702284,28267595452
7574,2498767108,28267660276
7575,2501972804,28270865972
7576,2504821880,28273715048
7577,2506185584,28275078752
7578,2507778388,28276671556
7579,2510382212,28279275380
7580,2511429556,28280322724
7581,2513025256,28281918424
7582,2513453180,28282346348
7583,2515369972,28284263140
7584,2518969980,28287863148
7585,2521895124,28290788292
7586,2527367412,28296260580
7587,2536342356,28305235524
7588,2548992588,28317885756
7589,2552398184,28321291352
7590,2552591812,28321484980
7591,2553783076,28322676244
7592,2561771456,28330664624
7593,2570360404,28339253572
7594,2576372980,28345266148
7595,2583842276,28352735444
7596,2589445592,28358338760
7597,2593468768,28362361936
7598,2593793296,28362686464
7599,2598168884,28367062052
7600,2598232136,28367125304
7601,2598346156,28367239324
7602,2602668232,28371561400
7603,2607857760,28376750928
7604,2608012048,28376905216
7605,2608118536,28377011704
7606,2608906932,28377800100
7607,2617625716,28386518884
7608,2617835492,28386728660
7609,2625459892,28394353060
7610,2627803356,28396696524
7611,2630174776,28399067944
7612,2633284180,28402177348
7613,2652448744,28421341912
7614,2653698468,28422591636
7615,2655740148,28424633316
7616,2661644524,28430537692
7617,2662248328,28431141496
7618,2667526852,28436420020
7619,2668182144,28437075312
7620,2668489196,28437382364
7621,2670378804,28439271972
7622,2676311628,28445204796
7623,2681961428,28450854596
7624,2689791860,28458685028
7625,2691497948,28460391116
7626,2692146856,28461040024
7627,2697616484,28466509652
7628,2705475268,28474368436
7629,2706447800,28475340968
7630,2718297768,28487190936
7631,2722366232,28491259400
7632,2722601724,28491494892
7633,2723880380,28492773548
7634,2730146104,28499039272
7635,2732955160,28501848328
7636,2733441300,28502334468
7637,2735473736,28504366904
7638,2735722328,28504615496
7639,2741975880,28510869048
7640,2747165560,28516058728
7641,2750397448,28519290616
7642,2751263208,28520156376
7643,2756817204,28525710372
7644,2762475384,28531368552
7645,2764807784,28533700952
7646,2765163036,28534056204
7647,2767150116,28536043284
7648,2768283568,28537176736
7649,2768759064,28537652232
7650,2769726812,28538619980
7651,2787414268,28556307436
7652,2794457852,28563351020
7653,2794703208,28563596376
7654,2803274268,28572167436
7655,2805441780,28574334948
7656,2810492360,28579385528
7657,2816046596,28584939764
7658,2816610872,28585504040
7659,2822343340,28591236508
7660,2822484096,28591377264
7661,2823750664,28592643832
7662,2828746184,28597639352
7663,2829746312,28598639480
7664,2831206304,28600099472
7665,2837620744,28606513912
7666,2843325896,28612219064
7667,2843514476,28612407644
7668,2844374412,28613267580
7669,2846139144,28615032312
7670,2856636732,28625529900
7671,2857204744,28626097912
7672,2860887204,28629780372
7673,2864538456,28633431624
7674,2868398360,28637291528
7675,2878632472,28647525640
7676,2880596904,28649490072
7677,2887707668,28656600836
7678,2889404952,28658298120
7679,2895707404,28664600572
7680,2896668468,28665561636
7681,2898384524,28667277692
7682,2902855712,28671748880
7683,2930989524,28699882692
7684,2942830880,28711724048
7685,2949349760,28718242928
7686,2953146452,28722039620
7687,2953181948,28722075116
7688,2953743872,28722637040
7689,2956150312,28725043480
7690,2957173496,28726066664
7691,2959617628,28728510796
7692,2959797360,28728690528
7693,2972945240,28741838408
7694,2975130948,28744024116
7695,2976714508,28745607676
7696,2977962728,28746855896
7697,2980217180,28749110348
7698,2990977160,28759870328
7699,2997853612,28766746780
7700,3013875868,28782769036
7701,3014139936,28783033104
7702,3017047344,28785940512
7703,3018142308,28787035476
7704,3019493996,28788387164
7705,3021120692,28790013860
7706,3023011692,28791904860
7707,3025996520,28794889688
7708,3031931624,28800824792
7709,3039813168,28808706336
7710,3052515924,28821409092
7711,3057071164,28825964332
7712,3060587096,28829480264
7713,3062035888,28830929056
7714,3065608044,28834501212
7715,3067002764,28835895932
7716,3068067616,28836960784
7717,3073488076,28842381244
7718,3073963604,28842856772
7719,3074712436,28843605604
7720,3075522096,28844415264
7721,3080109188,28849002356
7722,3081421184,28850314352
7723,3085620232,28854513400
7724,3087276296,28856169464
7725,3088110420,28857003588
7726,3094132416,28863025584
7727,3097512612,28866405780
7728,3102764080,28871657248
7729,3107867644,28876760812
7730,3110412636,28879305804
7731,3111113512,28880006680
7732,3132396380,28901289548
7733,3132556296,28901449464
7734,3133876468,28902769636
7735,3134216132,28903109300
7736,3138849560,28907742728
7737,3143818416,28912711584
7738,3144899448,28913792616
7739,3146666536,28915559704
7740,3150841196,28919734364
7741,3153335848,28922229016
7742,3153441876,28922335044
7743,3155140444,28924033612
7744,3157951740,28926844908
7745,3164247580,28933140748
7746,3165642096,28934535264
7747,3171020588,28939913756
7748,3171843492,28940736660
7749,3175284656,28944177824
7750,3176824936,28945718104
7751,3178871472,28947764640
7752,3186898460,28955791628
7753,3191303304,28960196472
7754,3201912744,28970805912
7755,3205022540,28973915708
7756,3205883308,28974776476
7757,3206179028,28975072196
7758,3209077408,28977970576
7759,3209720328,28978613496
7760,3212694636,28981587804
7761,3214031972,28982925140
7762,3216485660,28985378828
7763,3216492628,28985385796
7764,3222042900,28990936068
7765,3222611844,28991505012
7766,3222856504,28991749672
7767,3224937012,28993830180
7768,3226321004,28995214172
7769,3229986344,28998879512
7770,3231518208,29000411376
7771,3233056576,29001949744
7772,3237783268,29006676436
7773,3243615688,29012508856
7774,3247246724,29016139892
7775,3260743284,29029636452
7776,3268241500,29037134668
7777,3269605992,29038499160
7778,3271535808,29040428976
7779,3272310388,29041203556
7780,3277707828,29046600996
7781,3279183784,29048076952
7782,3280456548,29049349716
7783,3286435936,29055329104
7784,3290359584,29059252752
7785,3292160564,29061053732
7786,3293875516,29062768684
7787,3300363184,29069256352
7788,3305059544,29073952712
7789,3307374780,29076267948
7790,3312345752,29081238920
7791,3317359452,29086252620
7792,3319537680,29088430848
7793,3321522184,29090415352
7794,3324340328,29093233496
7795,3332832292,29101725460
7796,3344933644,29113826812
7797,3350288512,29119181680
7798,3355299968,29124193136
7799,3365659100,29134552268
7800,3365935656,29134828824
7801,3366601092,29135494260
7802,3373502116,29142395284
7803,3378552448,29147445616
7804,3384015020,29152908188
7805,3385916872,29154810040
7806,3386034760,29154927928
7807,3396542144,29165435312
7808,3397535064,29166428232
7809,3410506100,29179399268
7810,3413317320,29182210488
7811,3416385604,29185278772
7812,3416769012,29185662180
7813,3420052836,29188946004
7814,3427970828,29196863996
7815,3435981052,29204874220
7816,3439114308,29208007476
7817,3445014660,29213907828
7818,3446830780,29215723948
7819,3449338516,29218231684
7820,3450296816,29219189984
7821,3454972772,29223865940
7822,3456335972,29225229140
7823,3459250040,29228143208
7824,3462169200,29231062368
7825,3464254208,29233147376
7826,3467665712,29236558880
7827,3468906944,29237800112
7828,3471975360,29240868528
7829,3473877948,29242771116
7830,3484170684,29253063852
7831,3487840284,29256733452
7832,3488786100,29257679268
7833,3500845940,29269739108
7834,3504610812,29273503980
7835,3506423776,29275316944
7836,3511166872,29280060040
7837,3511980820,29280873988
7838,3516826032,29285719200
7839,3520455716,29289348884
7840,3534159964,29303053132
7841,3538575588,29307468756
7842,3544843792,29313736960
7843,3552613824,29321506992
7844,3553106868,29322000036
7845,3554497280,29323390448
7846,3556606624,29325499792
7847,3566770904,29335664072
7848,3571338316,29340231484
7849,3571450552,29340343720
7850,3574814228,29343707396
7851,3577089800,29345982968
7852,3585539864,29354433032
7853,3590918848,29359812016
7854,3592124108,29361017276
7855,3598418512,29367311680
7856,3603251576,29372144744
7857,3605045192,29373938360
7858,3609617904,29378511072
7859,3621411192,29390304360
7860,3621829312,29390722480
7861,3632401784,29401294952
7862,3632430812,29401323980
7863,3634988672,29403881840
7864,3640257052,29409150220
7865,3641160608,29410053776
7866,3641667600,29410560768
7867,3643337428,29412230596
7868,3646670412,29415563580
7869,3647746604,29416639772
7870,3653561304,29422454472
7871,3658725988,29427619156
7872,3662746748,29431639916
7873,3663512248,29432405416
7874,3664945844,29433839012
7875,3672167860,29441061028
7876,3687083208,29455976376
7877,3688122516,29457015684
7878,3692090288,29460983456
7879,3698088136,29466981304
7880,3698404452,29467297620
7881,3702458100,29471351268
7882,3703654712,29472547880
7883,3711396812,29480289980
7884,3711560468,29480453636
7885,3715685232,29484578400
7886,3725205320,29494098488
7887,3729257632,29498150800
7888,3729362764,29498255932
7889,3729629176,29498522344
7890,3729886976,29498780144
7891,3746134476,29515027644
7892,3749131840,29518025008
7893,3757489764,29526382932
7894,3758824796,29527717964
7895,3764350244,29533243412
7896,3768183772,29537076940
7897,3776571124,29545464292
7898,3776876516,29545769684
7899,3777905272,29546798440
7900,3778730120,29547623288
7901,3794999052,29563892220
7902,3798801232,29567694400
7903,3806340528,29575233696
7904,3814783104,29583676272
7905,3818355092,29587248260
7906,3831658860,29600552028
7907,3832358880,29601252048
7908,3836836296,29605729464
7909,3840290528,29609183696
7910,3840595676,29609488844
7911,3847642616,29616535784
7912,3853166864,29622060032
7913,3861952620,29630845788
7914,3862061532,29630954700
7915,3868234400,29637127568
7916,3871000984,29639894152
7917,3874841564,29643734732
7918,3878461644,29647354812
7919,3880943516,29649836684
7920,3883131784,29652024952
7921,3888907172,29657800340
7922,3899355348,29668248516
7923,3909097872,29677991040
7924,3913824352,29682717520
7925,3920088660,29688981828
7926,3924895292,29693788460
7927,3927327652,29696220820
7928,3934928304,29703821472
7929,3936529916,29705423084
7930,3941748584,29710641752
7931,3942458760,29711351928
7932,3946404260,29715297428
7933,3951424564,29720317732
7934,3953402660,29722295828
7935,3953493712,29722386880
7936,3955780092,29724673260
7937,3957265724,29726158892
7938,3961732264,29730625432
7939,3967094688,29735987856
7940,3969694572,29738587740
7941,3978036676,29746929844
7942,3980831904,29749725072
7943,3981285072,29750178240
7944,3982620028,29751513196
7945,3984112040,29753005208
7946,3992703504,29761596672
7947,3996880212,29765773380
7948,4000432104,29769325272
7949,4000890976,29769784144
7950,4003699560,29772592728
7951,4005687180,29774580348
7952,4013850712,29782743880
7953,4017252620,29786145788
7954,4032090312,29800983480
7955,4035738344,29804631512
7956,4036886208,29805779376
7957,4043005952,29811899120
7958,4044548348,29813441516
7959,4048232584,29817125752
7960,4056052896,29824946064
7961,4056321628,29825214796
7962,4059211808,29828104976
7963,4065098508,29833991676
7964,4071766488,29840659656
7965,4075167832,29844061000
7966,4090494828,29859387996
7967,4093676964,29862570132
7968,4095297372,29864190540
7969,4111925712,29880818880
7970,4113512428,29882405596
7971,4118929284,29887822452
7972,4120651492,29889544660
7973,4122403504,29891296672
7974,4125291288,29894184456
7975,4126303048,29895196216
7976,4127958204,29896851372
7977,4133282520,29902175688
7978,4134044752,29902937920
7979,4144312348,29913205516
7980,4152786648,29921679816
7981,4153733520,29922626688
7982,4154962892,29923856060
7983,4160495892,29929389060
7984,4162463076,29931356244
7985,4165985144,29934878312
7986,4166103272,29934996440
7987,4168243088,29937136256
7988,4179639400,29948532568
7989,4179999932,29948893100
7990,4181462372,29950355540
7991,4182509752,29951402920
7992,4190611904,29959505072
7993,4191409388,29960302556
7994,4192990692,29961883860
7995,4195294664,29964187832
7996,4196277152,29965170320
7997,4197032496,29965925664
7998,4205475040,29974368208
7999,4217566664,29986459832
8000,4219689864,29988583032
8001,4223757412,29992650580
8002,4229688004,29998581172
8003,4232030024,30000923192
8004,4237535048,30006428216
8005,4237580676,30006473844
8006,4241478964,30010372132
8007,4247837116,30016730284
8008,4249529880,30018423048
8009,4250206512,30019099680
8010,4251293160,30020186328
8011,4251543708,30020436876
8012,4255584252,30024477420
8013,4262604456,30031497624
8014,4263940040,30032833208
8015,4264561000,30033454168
8016,4269363568,30038256736
8017,4270213648,30039106816
8018,4277261420,30046154588
8019,4279529288,30048422456
8020,4279910664,30048803832
8021,4284067000,30052960168
8022,4284964312,30053857480
8023,4286172180,30055065348
8024,4287391996,30056285164
8025,4291222456,30060115624
8026,3397436,30067257900
8027,4979088,30068839552
8028,17361992,30081222456
8029,21200916,30085061380
8030,23041488,30086901952
8031,31181380,30095041844
8032,33545064,30097405528
8033,33915932,30097776396
8034,37143912,30101004376
8035,38603036,30102463500
8036,41177132,30105037596
8037,45183832,30109044296
8038,50161800,30114022264
8039,56490836,30120351300
8040,60723868,30124584332
8041,64114696,30127975160
8042,64659420,30128519884
8043,67958556,30131819020
8044,80369604,30144230068
8045,81902648,30145763112
8046,83050208,30146910672
8047,86640796,30150501260
8048,87079080,30150939544
8049,95907900,30159768364
8050,96777208,30160637672
8051,98686424,30162546888
8052,105544116,30169404580
8053,110894020,30174754484
8054,111836948,30175697412
8055,113297080,30177157544
8056,114656116,30178516580
8057,115081444,30178941908
8058,115706624,30179567088
8059,117782480,30181642944
8060,125109364,30188969828
8061,125210288,30189070752
8062,129194084,30193054548
8063,132182876,30196043340
8064,133702852,30197563316
8065,148194016,30212054480
8066,160102504,30223962968
8067,161449124,30225309588
8068,169644180,30233504644
8069,170265736,30234126200
8070,172821860,30236682324
8071,172862184,30236722648
8072,176912140,30240772604
8073,177582036,30241442500
8074,179632964,30243493428
8075,196930024,30260790488
8076,198492920,30262353384
8077,201092932,30264953396
8078,205041384,30268901848
8079,214812392,30278672856
8080,215909480,30279769944
8081,221446404,30285306868
8082,222612980,30286473444
8083,227739080,30291599544
8084,228800708,30292661172
8085,241886492,30305746956
8086,242887752,30306748216
8087,244352724,30308213188
8088,244901252,30308761716
8089,245087388,30308947852
8090,259312180,30323172644
8091,263769216,30327629680
8092,265489408,30329349872
8093,271429284,30335289748
8094,273671256,30337531720
8095,283543056,30347403520
8096,287248284,30351108748
8097,290856796,30354717260
8098,308374780,30372235244
8099,317536500,30381396964
8100,317965372,30381825836
8101,318522304,30382382768
8102,322395908,30386256372
8103,322746776,30386607240
8104,325363220,30389223684
8105,328706304,30392566768
8106,329944792,30393805256
8107,332782880,30396643344
8108,333764964,30397625428
8109,334770672,30398631136
8110,336773344,30400633808
8111,337323828,30401184292
8112,338680280,30402540744
8113,343763136,30407623600
8114,344918376,30408778840
8115,353780164,30417640628
8116,360344812,30424205276
8117,370227228,30434087692
8118,373430496,30437290960
8119,373591312,30437451776
8120,376439900,30440300364
8121,376810128,30440670592
8122,382506324,30446366788
8123,383087968,30446948432
8124,388671044,30452531508
8125,391831896,30455692360
8126,393642340,30457502804
8127,400940664,30464801128
8128,403276268,30467136732
8129,404263644,30468124108
8130,406075024,30469935488
8131,412394692,30476255156
8132,414344752,30478205216
8133,414981480,30478841944
8134,420352072,30484212536
8135,421195508,30485055972
8136,430874336,30494734800
8137,434571716,30498432180
8138,436261116,30500121580
8139,442921852,30506782316
8140,449902016,30513762480
8141,450660232,30514520696
8142,451494744,30515355208
8143,451868560,30515729024
8144,453620084,30517480548
8145,457523172,30521383636
8146,461736696,30525597160
8147,472287328,30536147792
8148,472431480,30536291944
8149,482506052,30546366516
8150,482668868,30546529332
8151,487558200,30551418664
8152,488828780,30552689244
8153,507200488,30571060952
8154,507637212,30571497676
8155,511104312,30574964776
8156,518297820,30582158284
8157,524648972,30588509436
8158,528777288,30592637752
8159,531971660,30595832124
8160,539041464,30602901928
8161,542504608,30606365072
8162,545396988,30609257452
8163,549090240,30612950704
8164,552024380,30615884844
8165,559893000,30623753464
8166,564664080,30628524544
8167,571585024,30635445488
8168,574837900,30638698364
8169,577275924,30641136388
8170,577522852,30641383316
8171,583421684,30647282148
8172,585611720,30649472184
8173,586154880,30650015344
8174,587848492,30651708956
8175,596643720,30660504184
8176,596956924,30660817388
8177,601693844,30665554308
8178,601710840,30665571304
8179,604752128,30668612592
8180,605656012,30669516476
8181,621269408,30685129872
8182,626722412,30690582876
8183,632630816,30696491280
8184,633319936,30697180400
8185,634853152,30698713616
8186,637898992,30701759456
8187,638611476,30702471940
8188,642175064,30706035528
8189,644319904,30708180368
8190,647038636,30710899100
8191,656723904,30720584368
8192,671763196,30735623660
8193,672203064,30736063528
8194,675723200,30739583664
8195,677941628,30741802092
8196,689410968,30753271432
8197,694522496,30758382960
8198,702270716,30766131180
8199,705187128,30769047592
8200,706537764,30770398228
8201,708587788,30772448252
8202,711508632,30775369096
8203,717156240,30781016704
8204,719239508,30783099972
8205,723882804,30787743268
8206,727268676,30791129140
8207,729308788,30793169252
8208,731196724,30795057188
8209,733375592,30797236056
8210,742010996,30805871460
8211,743415824,30807276288
8212,747956912,30811817376
8213,751098432,30814958896
8214,756786388,30820646852
8215,759446680,30823307144
8216,761812888,30825673352
8217,764320148,30828180612
8218,767995204,30831855668
8219,768660460,30832520924
8220,770906260,30834766724
8221,795427196,30859287660
8222,805625928,30869486392
8223,816943072,30880803536
8224,821982236,30885842700
8225,825518164,30889378628
8226,826263584,30890124048
8227,826900156,30890760620
8228,835118160,30898978624
8229,838178912,30902039376
8230,838978376,30902838840
8231,844548288,30908408752
8232,846930704,30910791168
8233,847937676,30911798140
8234,851205804,30915066268
8235,853016804,30916877268
8236,856119520,30919979984
8237,866782440,30930642904
8238,866807516,30930667980
8239,869067316,30932927780
8240,874270168,30938130632
8241,884214456,30948074920
8242,889979376,30953839840
8243,893516696,30957377160
8244,897675560,30961536024
8245,901238000,30965098464
8246,905017340,30968877804
8247,905825920,30969686384
8248,907315892,30971176356
8249,907388604,30971249068
8250,914836108,30978696572
8251,915246500,30979106964
8252,921872476,30985732940
8253,925326232,30989186696
8254,931705184,30995565648
8255,934051216,30997911680
8256,949636916,31013497380
8257,951460328,31015320792
8258,956250232,31020110696
8259,961107064,31024967528
8260,961222496,31025082960
8261,962020148,31025880612
8262,966889068,31030749532
8263,968235404,31032095868
8264,968604696,31032465160
8265,974007520,31037867984
8266,975319908,31039180372
8267,978266772,31042127236
8268,978311244,31042171708
8269,992927096,31056787560
8270,994012532,31057872996
8271,994861484,31058721948
8272,999467224,31063327688
8273,999678100,31063538564
8274,1000102632,31063963096
8275,1002859552,31066720016
8276,1006369584,31070230048
8277,1010669068,31074529532
8278,1017199672,31081060136
8279,1020334940,31084195404
8280,1020686764,31084547228
8281,1023599460,31087459924
8282,1028864256,31092724720
8283,1028898148,31092758612
8284,1032899112,31096759576
8285,1046101500,31109961964
8286,1049829000,31113689464
8287,1057670912,31121531376
8288,1061488852,31125349316
8289,1063530748,31127391212
8290,1067269920,31131130384
8291,1068478824,31132339288
8292,1085030448,31148890912
8293,1089559624,31153420088
8294,1091354484,31155214948
8295,1091361196,31155221660
8296,1098600472,31162460936
8297,1101253404,31165113868
8298,1104982540,31168843004
8299,1106039740,31169900204
8300,1107888668,31171749132
8301,1108858520,31172718984
8302,1109840364,31173700828
8303,1124383300,31188243764
8304,1145453584,31209314048
8305,1146831960,31210692424
8306,1157178724,31221039188
8307,1158059936,31221920400
8308,1162815200,31226675664
8309,1173150292,31237010756
8310,1178750952,31242611416
8311,1179002848,31242863312
8312,1180149216,31244009680
8313,1183152688,31247013152
8314,1183684036,31247544500
8315,1187237468,31251097932
8316,1188975820,31252836284
8317,1192734096,31256594560
8318,1195035644,31258896108
8319,1196257084,31260117548
8320,1203952816,31267813280
8321,1209467736,31273328200
8322,1209862500,31273722964
8323,1212982252,31276842716
8324,1217118252,31280978716
8325,1217518180,31281378644
8326,1218378832,31282239296
8327,1219726464,31283586928
8328,1221256028,31285116492
8329,1225260428,31289120892
8330,1226781640,31290642104
8331,1230754824,31294615288
8332,1232501024,31296361488
8333,1235689008,31299549472
8334,1242467092,31306327556
8335,1244424792,31308285256
8336,1244842228,31308702692
8337,1246125924,31309986388
8338,1246742212,31310602676
8339,1247447836,31311308300
8340,1249414936,31313275400
8341,1251039080,31314899544
8342,1253875272,31317735736
8343,1257353904,31321214368
8344,1264426468,31328286932
8345,1265208916,31329069380
8346,1267764220,31331624684
8347,1268115476,31331975940
8348,1272000868,31335861332
8349,1279563888,31343424352
8350,1279693248,31343553712
8351,1281778116,31345638580
8352,1285185072,31349045536
8353,1285824740,31349685204
8354,1288381220,31352241684
8355,1290710168,31354570632
8356,1292853484,31356713948
8357,1294642148,31358502612
8358,1295540348,31359400812
8359,1297409892,31361270356
8360,1303672696,31367533160
8361,1306684468,31370544932
8362,1310391296,31374251760
8363,1310803472,31374663936
8364,1313396988,31377257452
8365,1315540744,31379401208
8366,1320331788,31384192252
8367,1321731736,31385592200
8368,1327953360,31391813824
8369,1330900244,31394760708
8370,1331915560,31395776024
8371,1336535456,31400395920
8372,1337179516,31401039980
8373,1342395212,31406255676
8374,1343450744,31407311208
8375,1343840984,31407701448
8376,1344414400,31408274864
8377,1348784344,31412644808
8378,1350161280,31414021744
8379,1352736284,31416596748
8380,1355223760,31419084224
8381,1355237536,31419098000
8382,1356195304,31420055768
8383,1365329308,31429189772
8384,1372155940,31436016404
8385,1372553688,31436414152
8386,1373227900,31437088364
8387,1373553192,31437413656
8388,1376328712,31440189176
8389,1376605880,31440466344
8390,1377225428,31441085892
8391,1381993684,31445854148
8392,1384920284,31448780748
8393,1384996416,31448856880
8394,1386899820,31450760284
8395,1389071200,31452931664
8396,1390635280,31454495744
8397,1391666484,31455526948
8398,1399466204,31463326668
8399,1404899576,31468760040
8400,1410895172,31474755636
8401,1417073688,31480934152
8402,1417530672,31481391136
8403,1420899464,31484759928
8404,1421910872,31485771336
8405,1422988956,31486849420
8406,1424290888,31488151352
8407,1425764204,31489624668
8408,1438678784,31502539248
8409,1440924828,31504785292
8410,1444907088,31508767552
8411,1449120728,31512981192
8412,1452889368,31516749832
8413,1458795380,31522655844
8414,1459461288,31523321752
8415,1461309448,31525169912
8416,1465037264,31528897728
8417,1467211276,31531071740
8418,1470773232,31534633696
8419,1480748512,31544608976
8420,1491189268,31555049732
8421,1491280864,31555141328
8422,1500807148,31564667612
8423,1503671900,31567532364
8424,1505368812,31569229276
8425,1509890472,31573750936
8426,1515968596,31579829060
8427,1518402312,31582262776
8428,1519818780,31583679244
8429,1520346764,31584207228
8430,1528435008,31592295472
8431,1531155924,31595016388
8432,1536195752,31600056216
8433,1544221500,31608081964
8434,1546310340,31610170804
8435,1556460216,31620320680
8436,1556819328,31620679792
8437,1563718164,31627578628
8438,1563965176,31627825640
8439,1566133412,31629993876
8440,1572053476,31635913940
8441,1572511188,31636371652
8442,1573386844,31637247308
8443,1573858620,31637719084
8444,1573895300,31637755764
8445,1582480064,31646340528
8446,1588810416,31652670880
8447,1590536520,31654396984
8448,1594920632,31658781096
8449,1598049304,31661909768
8450,1598445288,31662305752
8451,1600901632,31664762096
8452,1601860196,31665720660
8453,1612185820,31676046284
8454,1612278068,31676138532
8455,1628313148,31692173612
8456,1630224480,31694084944
8457,1630790424,31694650888
8458,1633584196,31697444660
8459,1635454956,31699315420
8460,1637780404,31701640868
8461,1638476068,31702336532
8462,1642210876,31706071340
8463,1643318656,31707179120
8464,1649954020,31713814484
8465,1652381420,31716241884
8466,1657354580,31721215044
8467,1659324996,31723185460
8468,1663402584,31727263048
8469,1664476376,31728336840
8470,1665888216,31729748680
8471,1682155224,31746015688
8472,1684304272,31748164736
8473,1692880520,31756740984
8474,1701249184,31765109648
8475,1702771740,31766632204
8476,1702818988,31766679452
8477,1703386420,31767246884
8478,1704198168,31768058632
8479,1705420208,31769280672
8480,1712144724,31776005188
8481,1714593712,31778454176
8482,1719905852,31783766316
8483,1721155064,31785015528
8484,1726744924,31790605388
8485,1731361212,31795221676
8486,1733164432,31797024896
8487,1735991696,31799852160
8488,1737222008,31801082472
8489,1743140448,31807000912
8490,1744380680,31808241144
8491,1751826668,31815687132
8492,1752328276,31816188740
8493,1752849652,31816710116
8494,1755962324,31819822788
8495,1765021068,31828881532
8496,1768937488,31832797952
8497,1770770156,31834630620
8498,1775083184,31838943648
8499,1778420916,31842281380
8500,1797748020,31861608484
8501,1808148068,31872008532
8502,1816548240,31880408704
8503,1817787100,31881647564
8504,1821239992,31885100456
8505,1823697680,31887558144
8506,1827625748,31891486212
8507,1829159676,31893020140
8508,1830210232,31894070696
8509,1830704684,31894565148
8510,1831730920,31895591384
8511,1834670792,31898531256
8512,1836555600,31900416064
8513,1838568948,31902429412
8514,1838843740,31902704204
8515,1841829268,31905689732
8516,1841913236,31905773700
8517,1843164544,31907025008
8518,1846097232,31909957696
8519,1856392888,31920253352
8520,1866124036,31929984500
8521,1868286272,31932146736
8522,1870549292,31934409756
8523,1871892908,31935753372
8524,1875434584,31939295048
8525,1876430836,31940291300
8526,1880615540,31944476004
8527,1881933620,31945794084
8528,1888248064,31952108528
8529,1894594568,31958455032
8530,1896178612,31960039076
8531,1896883576,31960744040
8532,1897228744,31961089208
8533,1904989296,31968849760
8534,1909627040,31973487504
8535,1911436944,31975297408
8536,1915313560,31979174024
8537,1929413040,31993273504
8538,1931433996,31995294460
8539,1932237460,31996097924
8540,1937530556,32001391020
8541,1943307616,32007168080
8542,1945148828,32009009292
8543,1947262352,32011122816
8544,1950048292,32013908756
8545,1950426528,32014286992
8546,1954793188,32018653652
8547,1954900452,32018760916
8548,1957711496,32021571960
8549,1959865380,32023725844
8550,1963632976,32027493440
8551,1965606168,32029466632
8552,1967297636,32031158100
8553,1969267800,32033128264
8554,1970887012,32034747476
8555,1977832444,32041692908
8556,1977942120,32041802584
8557,1982253240,32046113704
8558,1983270152,32047130616
8559,1990259652,32054120116
8560,1990863856,32054724320
8561,1993508820,32057369284
8562,1997858460,32061718924
8563,2006465972,32070326436
8564,2007447964,32071308428
8565,2009001880,32072862344
8566,2011056220,32074916684
8567,2018028244,32081888708
8568,2024458472,32088318936
8569,2029725900,32093586364
8570,2031576220,32095436684
8571,2036179332,32100039796
8572,2036995152,32100855616
8573,2039982576,32103843040
8574,2041391880,32105252344
8575,2045738128,32109598592
8576,2049420764,32113281228
8577,2050183780,32114044244
8578,2053576832,32117437296
8579,2057648936,32121509400
8580,2059562312,32123422776
8581,2059978868,32123839332
8582,2062702836,32126563300
8583,2067344060,32131204524
8584,2072016460,32135876924
8585,2073459008,32137319472
8586,2077882804,32141743268
8587,2078361988,32142222452
8588,2092384844,32156245308
8589,2093359660,32157220124
8590,2096881428,32160741892
8591,2097389952,32161250416
8592,2098812464,32162672928
8593,2102391888,32166252352
8594,2112894384,32176754848
8595,2114579088,32178439552
8596,2119491976,32183352440
8597,2123630400,32187490864
8598,2127340828,32191201292
8599,2131199796,32195060260
8600,2134340548,32198201012
8601,2135232588,32199093052
8602,2135371016,32199231480
8603,2135583140,32199443604
8604,2144683048,32208543512
8605,2149144540,32213005004
8606,2154205508,32218065972
8607,2154654200,32218514664
8608,2157026652,32220887116
8609,2158010328,32221870792
8610,2161998528,32225858992
8611,2162493332,32226353796
8612,2162893108,32226753572
8613,2163864088,32227724552
8614,2165769312,32229629776
8615,2166463560,32230324024
8616,2166740720,32230601184
8617,2178914412,32242774876
8618,2184833472,32248693936
8619,2188540896,32252401360
8620,2197206180,32261066644
8621,2197651296,32261511760
8622,2198385796,32262246260
8623,2202510128,32266370592
8624,2208375492,32272235956
8625,2212292472,32276152936
8626,2216003040,32279863504
8627,2219921132,32283781596
8628,2223929056,32287789520
8629,2227826524,32291686988
8630,2241447772,32305308236
8631,2241520760,32305381224
8632,2243838784,32307699248
8633,2244106656,32307967120
8634,2247360112,32311220576
8635,2254195896,32318056360
8636,2256894156,32320754620
8637,2258325040,32322185504
8638,2259412772,32323273236
8639,2259565672,32323426136
8640,2261359636,32325220100
8641,2264103044,32327963508
8642,2266611416,32330471880
8643,2268766588,32332627052
8644,2269068168,32332928632
8645,2269258552,32333119016
8646,2284378772,32348239236
8647,2288094172,32351954636
8648,2289684208,32353544672
8649,2291497652,32355358116
8650,2296926268,32360786732
8651,2297527396,32361387860
8652,2298166120,32362026584
8653,2299198000,32363058464
8654,2305536092,32369396556
8655,2308199420,32372059884
8656,2314681640,32378542104
8657,2317831120,32381691584
8658,2319529288,32383389752
8659,2321373700,32385234164
8660,2322527696,32386388160
8661,2329456868,32393317332
8662,2332204548,32396065012
8663,2333761280,32397621744
8664,2334753584,32398614048
8665,2337089524,32400949988
8666,2337458400,32401318864
8667,2339079204,32402939668
8668,2341065968,32404926432
8669,2342549184,32406409648
8670,2347835340,32411695804
8671,2348275448,32412135912
8672,2357374424,32421234888
8673,2358096992,32421957456
8674,2359383888,32423244352
8675,2366848604,32430709068
8676,2366954640,32430815104
8677,2367764612,32431625076
8678,2368498536,32432359000
8679,2369725208,32433585672
8680,2380983836,32444844300
8681,2381527480,32445387944
8682,2382187572,32446048036
8683,2382361968,32446222432
8684,2391385448,32455245912
8685,2391466936,32455327400
8686,2404885448,32468745912
8687,2406301828,32470162292
8688,2406710976,32470571440
8689,2409617104,32473477568
8690,2410825832,32474686296
8691,2411251192,32475111656
8692,2417344608,32481205072
8693,2418155004,32482015468
8694,2420825108,32484685572
8695,2425522032,32489382496
8696,2429229764,32493090228
8697,2430910108,32494770572
8698,2432133968,32495994432
8699,2434785488,32498645952
8700,2436364404,32500224868
8701,2442037592,32505898056
8702,2447231552,32511092016
8703,2450596916,32514457380
8704,2456241392,32520101856
8705,2466511112,32530371576
8706,2480412796,32544273260
8707,2482926848,32546787312
8708,2483067204,32546927668
8709,2484932140,32548792604
8710,2490178392,32554038856
8711,2490985096,32554845560
8712,2491791156,32555651620
8713,2495593256,32559453720
8714,2496067484,32559927948
8715,2497467352,32561327816
8716,2498953392,32562813856
8717,2503480648,32567341112
8718,2508117776,32571978240
8719,2508410664,32572271128
8720,2510114520,32573974984
8721,2512866248,32576726712
8722,2519859096,32583719560
8723,2522070024,32585930488
8724,2523492316,32587352780
8725,2527713492,32591573956
8726,2530575600,32594436064
8727,2533113048,32596973512
8728,2539815584,32603676048
8729,2545642140,32609502604
8730,2557124492,32620984956
8731,2567405432,32631265896
8732,2571108072,32634968536
8733,2571121700,32634982164
8734,2572359124,32636219588
8735,2572709712,32636570176
8736,2576287696,32640148160
8737,2581798580,32645659044
8738,2586077792,32649938256
8739,2586468340,32650328804
8740,2589746440,32653606904
8741,2616896540,32680757004
8742,2627192292,32691052756
8743,2628287500,32692147964
8744,2630585900,32694446364
8745,2631939000,32695799464
8746,2632211984,32696072448
8747,2642816524,32706676988
8748,2646978704,32710839168
8749,2676347008,32740207472
8750,2677408272,32741268736
8751,2678039512,32741899976
8752,2678654072,32742514536
8753,2680218240,32744078704
8754,2695198104,32759058568
8755,2701155052,32765015516
8756,2711628828,32775489292
8757,2713705796,32777566260
8758,2723849484,32787709948
8759,2733543660,32797404124
8760,2739207304,32803067768
8761,2740007208,32803867672
8762,2742335652,32806196116
8763,2742434712,32806295176
8764,2743653232,32807513696
8765,2747422176,32811282640
8766,2748631016,32812491480
8767,2750072184,32813932648
8768,2751732892,32815593356
8769,2762941892,32826802356
8770,2764881268,32828741732
8771,2768196200,32832056664
8772,2780654964,32844515428
8773,2786529568,32850390032
8774,2789125452,32852985916
8775,2789574512,32853434976
8776,2792152544,32856013008
8777,2792946876,32856807340
8778,2793000260,32856860724
8779,2793107060,32856967524
8780,2793671148,32857531612
8781,2807283912,32871144376
8782,2808293596,32872154060
8783,2808408660,32872269124
8784,2818969716,32882830180
8785,2823075168,32886935632
8786,2823677960,32887538424
8787,2824926872,32888787336
8788,2828428436,32892288900
8789,2829443920,32893304384
8790,2831748900,32895609364
8791,2831771824,32895632288
8792,2833226308,32897086772
8793,2835858332,32899718796
8794,2836541864,32900402328
8795,2837989372,32901849836
8796,2838987692,32902848156
8797,2844395748,32908256212
8798,2844720348,32908580812
8799,2846383808,32910244272
8800,2846723408,32910583872
8801,2848514092,32912374556
8802,2850712588,32914573052
8803,2852104220,32915964684
8804,2857667224,32921527688
8805,2861714968,32925575432
8806,2863610416,32927470880
8807,2869133684,32932994148
8808,2870578044,32934438508
8809,2876937984,32940798448
8810,2877642996,32941503460
8811,2887767692,32951628156
8812,2896440956,32960301420
8813,2898291836,32962152300
8814,2912368108,32976228572
8815,2913972064,32977832528
8816,2917276748,32981137212
8817,2921973568,32985834032
8818,2922643136,32986503600
8819,2939553044,33003413508
8820,2942072076,33005932540
8821,2949555752,33013416216
8822,2953464796,33017325260
8823,2956848948,33020709412
8824,2961347076,33025207540
8825,2969089324,33032949788
8826,2969948620,33033809084
8827,2975651460,33039511924
8828,2976700956,33040561420
8829,2976896236,33040756700
8830,2978482164,33042342628
8831,2987680872,33051541336
8832,2988851672,33052712136
8833,2993127288,33056987752
8834,2996319176,33060179640
8835,2997838424,33061698888
8836,3000298944,33064159408
8837,3002361512,33066221976
8838,3004088580,33067949044
8839,3005310324,33069170788
8840,3012840984,33076701448
8841,3019299300,33083159764
8842,3034170400,33098030864
8843,3034710748,33098571212
8844,3036721212,33100581676
8845,3037770832,33101631296
8846,3045318340,33109178804
8847,3065604868,33129465332
8848,3071572912,33135433376
8849,3073330056,33137190520
8850,3075761980,33139622444
8851,3078502200,33142362664
8852,3080669512,33144529976
8853,3091012664,33154873128
8854,3094311584,33158172048
8855,3096751800,33160612264
8856,3098279976,33162140440
8857,3099758988,33163619452
8858,3099868252,33163728716
8859,3100280716,33164141180
8860,3100454312,33164314776
8861,3101590444,33165450908
8862,3114862784,33178723248
8863,3117025620,33180886084
8864,3128456172,33192316636
8865,3132371400,33196231864
8866,3134019576,33197880040
8867,3140056996,33203917460
8868,3155502368,33219362832
8869,3156967352,33220827816
8870,3160580324,33224440788
8871,3163327536,33227188000
8872,3167651668,33231512132
8873,3173439284,33237299748
8874,3180944596,33244805060
8875,3182257844,33246118308
8876,3183245300,33247105764
8877,3186517584,33250378048
8878,3190462768,33254323232
8879,3190871388,33254731852
8880,3198453136,33262313600
8881,3199492432,33263352896
8882,3207756248,33271616712
8883,3209292092,33273152556
8884,3216789068,33280649532
8885,3217988772,33281849236
8886,3223821792,33287682256
8887,3224344800,33288205264
8888,3229812220,33293672684
8889,3235810488,33299670952
8890,3237607788,33301468252
8891,3237902176,33301762640
8892,3247419916,33311280380
8893,3256359828,33320220292
8894,3257615500,33321475964
8895,3262050860,33325911324
8896,3267739744,33331600208
8897,3273402648,33337263112
8898,3274506140,33338366604
8899,3277211880,33341072344
8900,3277721548,33341582012
8901,3282628080,33346488544
8902,3287562196,33351422660
8903,3287722804,33351583268
8904,3290810348,33354670812
8905,3291021412,33354881876
8906,3292668380,33356528844
8907,3293284764,33357145228
8908,3294576488,33358436952
8909,3296669884,33360530348
8910,3298734452,33362594916
8911,3301687736,33365548200
8912,3302195448,33366055912
8913,3305158072,33369018536
8914,3306660612,33370521076
8915,3313949584,33377810048
8916,3314421588,33378282052
8917,3319682564,33383543028
8918,3325200260,33389060724
8919,3337969532,33401829996
8920,3339164100,33403024564
8921,3340394260,33404254724
8922,3342333964,33406194428
8923,3344862256,33408722720
8924,3346154160,33410014624
8925,3356911948,33420772412
8926,3357781788,33421642252
8927,3369962940,33433823404
8928,3370867184,33434727648
8929,3381965464,33445825928
8930,3384866036,33448726500
8931,3385171396,33449031860
8932,3387359508,33451219972
8933,3396574672,33460435136
8934,3404404960,33468265424
8935,3406253456,33470113920
8936,3406521748,33470382212
8937,3416114920,33479975384
8938,3420909224,33484769688
8939,3426423468,33490283932
8940,3428905892,33492766356
8941,3442078576,33505939040
8942,3442259048,33506119512
8943,3443006528,33506866992
8944,3445211476,33509071940
8945,3448309832,33512170296
8946,3451803460,33515663924
8947,3455571056,33519431520
8948,3464697804,33528558268
8949,3465172036,33529032500
8950,3465451736,33529312200
8951,3468481180,33532341644
8952,3476035460,33539895924
8953,3480073076,33543933540
8954,3480197228,33544057692
8955,3485900720,33549761184
8956,3486592476,33550452940
8957,3493969432,33557829896
8958,3499440312,33563300776
8959,3500485476,33564345940
8960,3500648336,33564508800
8961,3502664716,33566525180
8962,3506568880,33570429344
8963,3512374460,33576234924
8964,3518006420,33581866884
8965,3522907300,33586767764
8966,3532196488,33596056952
8967,3534337284,33598197748
8968,3535983488,33599843952
8969,3538127068,33601987532
8970,3544089004,33607949468
8971,3544732440,33608592904
8972,3554813340,33618673804
8973,3556155500,33620015964
8974,3563810536,33627671000
8975,3568104828,33631965292
8976,3577968156,33641828620
8977,3583075776,33646936240
8978,3600543492,33664403956
8979,3603527204,33667387668
8980,3613931372,33677791836
8981,3616483328,33680343792
8982,3617415804,33681276268
8983,3621582948,33685443412
8984,3622523748,33686384212
8985,3624889584,33688750048
8986,3626990576,33690851040
8987,3629097256,33692957720
8988,3630326044,33694186508
8989,3631647188,33695507652
8990,3632481592,33696342056
8991,3637766720,33701627184
8992,3638857356,33702717820
8993,3642787640,33706648104
8994,3644201736,33708062200
8995,3646557344,33710417808
8996,3646571424,33710431888
8997,3658243716,33722104180
8998,3660239248,33724099712
8999,3669450016,33733310480
9000,3671207756,33735068220
9001,3675067468,33738927932
9002,3675365092,33739225556
9003,3676110884,33739971348
9004,3677008332,33740868796
9005,3687412964,33751273428
9006,3689090040,33752950504
9007,3689334312,33753194776
9008,3691475648,33755336112
9009,3691899376,33755759840
9010,3693599056,33757459520
9011,3696151348,33760011812
9012,3701134208,33764994672
9013,3706424216,33770284680
9014,3707560752,33771421216
9015,3715164560,33779025024
9016,3715821628,33779682092
9017,3718522588,33782383052
9018,3723428752,33787289216
9019,3724354156,33788214620
9020,3730487840,33794348304
9021,3733905588,33797766052
9022,3734703740,33798564204
9023,3734987280,33798847744
9024,3738213672,33802074136
9025,3739938564,33803799028
9026,3741932820,33805793284
9027,3746683296,33810543760
9028,3753194128,33817054592
9029,3761236420,33825096884
9030,3763994980,33827855444
9031,3764396684,33828257148
9032,3767720624,33831581088
9033,3768471804,33832332268
9034,3773419404,33837279868
9035,3774566696,33838427160
9036,3774952492,33838812956
9037,3781458996,33845319460
9038,3781773968,33845634432
9039,3787098816,33850959280
9040,3802713132,33866573596
9041,3805275148,33869135612
9042,3805728104,33869588568
9043,3807864184,33871724648
9044,3811192056,33875052520
9045,3814195788,33878056252
9046,3818349144,33882209608
9047,3819345932,33883206396
9048,3819469832,33883330296
9049,3826368952,33890229416
9050,3828002912,33891863376
9051,3833725564,33897586028
9052,3841195116,33905055580
9053,3842427864,33906288328
9054,3847874464,33911734928
9055,3861641088,33925501552
9056,3867681160,33931541624
9057,3872614956,33936475420
9058,3874227052,33938087516
9059,3888157272,33952017736
9060,3890370724,33954231188
9061,3892249756,33956110220
9062,3903891604,33967752068
9063,3904004876,33967865340
9064,3914371892,33978232356
9065,3920872616,33984733080
9066,3930008256,33993868720
9067,3931116140,33994976604
9068,3932943496,33996803960
9069,3932966824,33996827288
9070,3942233400,34006093864
9071,3948598760,34012459224
9072,3953780848,34017641312
9073,3954213940,34018074404
9074,3960842272,34024702736
9075,3961822424,34025682888
9076,3966648344,34030508808
9077,3967019176,34030879640
9078,3972661676,34036522140
9079,3973419432,34037279896
9080,3973895940,34037756404
9081,3975818288,34039678752
9082,3981028040,34044888504
9083,3994276636,34058137100
9084,3995928068,34059788532
9085,3997403668,34061264132
9086,3999785272,34063645736
9087,4001882464,34065742928
9088,4008705588,34072566052
9089,4013426148,34077286612
9090,4015032964,34078893428
9091,4016159652,34080020116
9092,4021011316,34084871780
9093,4021368788,34085229252
9094,4030106136,34093966600
9095,4033202532,34097062996
9096,4043549636,34107410100
9097,4043860952,34107721416
9098,4045613484,34109473948
9099,4047616508,34111476972
9100,4054913192,34118773656
9101,4064229220,34128089684
9102,4066972504,34130832968
9103,4067436460,34131296924
9104,4068669688,34132530152
9105,4071491024,34135351488
9106,4074001920,34137862384
9107,4075085780,34138946244
9108,4084204712,34148065176
9109,4085155380,34149015844
9110,4085482216,34149342680
9111,4088282876,34152143340
9112,4089761736,34153622200
9113,4091959648,34155820112
9114,4093307736,34157168200
9115,4097780860,34161641324
9116,4102219536,34166080000
9117,4108306556,34172167020
9118,4123237820,34187098284
9119,4131001168,34194861632
9120,4131586800,34195447264
9121,4133083940,34196944404
9122,4137143388,34201003852
9123,4146115664,34209976128
9124,4151542236,34215402700
9125,4152006004,34215866468
9126,4153090168,34216950632
9127,4159404040,34223264504
9128,4161636468,34225496932
9129,4162539772,34226400236
9130,4162559436,34226419900
9131,4171873752,34235734216
9132,4176300800,34240161264
9133,4181975760,34245836224
9134,4183470768,34247331232
9135,4188568184,34252428648
9136,4190431708,34254292172
9137,4199111060,34262971524
9138,4209669724,34273530188
9139,4218941012,34282801476
9140,4219064540,34282925004
9141,4230587052,34294447516
9142,4237943432,34301803896
9143,4238997932,34302858396
9144,4240691472,34304551936
9145,4242055524,34305915988
9146,4245106324,34308966788
9147,4248313232,34312173696
9148,4258196600,34322057064
9149,4258656884,34322517348
9150,4259962432,34323822896
9151,4261612500,34325472964
9152,4262328172,34326188636
9153,4264837552,34328698016
9154,4265582996,34329443460
9155,4269704784,34333565248
9156,4276223796,34340084260
9157,4276834176,34340694640
9158,4288381568,34352242032
9159,4291571836,34355432300
9160,4294053680,34357914144
9161,441832,34359269592
9162,4778588,34363606348
9163,5905596,34364733356
9164,7102368,34365930128
9165,7121656,34365949416
9166,7827700,34366655460
9167,10687972,34369515732
9168,15676512,34374504272
9169,16900732,34375728492
9170,17510512,34376338272
9171,22586960,34381414720
9172,24837444,34383665204
9173,27305324,34386133084
9174,30646536,34389474296
9175,33146832,34391974592
9176,36829780,34395657540
9177,37029624,34395857384
9178,38015288,34396843048
9179,38525432,34397353192
9180,39510924,34398338684
9181,41840236,34400667996
9182,52748656,34411576416
9183,56313808,34415141568
9184,63217788,34422045548
9185,68139192,34426966952
9186,70730280,34429558040
9187,71989240,34430817000
9188,74587200,34433414960
9189,75771372,34434599132
9190,75976400,34434804160
9191,76077292,34434905052
9192,77330236,34436157996
9193,77707712,34436535472
9194,81149480,34439977240
9195,87924120,34446751880
9196,88384892,34447212652
9197,89539092,34448366852
9198,97673372,34456501132
9199,98844880,34457672640
9200,101451284,34460279044
9201,110306828,34469134588
9202,110706368,34469534128
9203,111395020,34470222780
9204,112293660,34471121420
9205,122333156,34481160916
9206,125003668,34483831428
9207,125835908,34484663668
9208,129591592,34488419352
9209,134629976,34493457736
9210,147616112,34506443872
9211,152141352,34510969112
9212,161285588,34520113348
9213,161648040,34520475800
9214,170549364,34529377124
9215,179949304,34538777064
9216,180003516,34538831276
9217,180005572,34538833332
9218,180510968,34539338728
9219,182536948,34541364708
9220,187044300,34545872060
9221,187520964,34546348724
9222,190482360,34549310120
9223,198999216,34557826976
9224,199468928,34558296688
9225,203258864,34562086624
9226,207974068,34566801828
9227,209037636,34567865396
9228,210483432,34569311192
9229,215930264,34574758024
9230,217634364,34576462124
9231,218788772,34577616532
9232,221907576,34580735336
9233,227941080,34586768840
9234,238429684,34597257444
9235,241785844,34600613604
9236,242298540,34601126300
9237,242598636,34601426396
9238,247824464,34606652224
9239,255004780,34613832540
9240,260952968,34619780728
9241,263143188,34621970948
9242,264531140,34623358900
9243,266682628,34625510388
9244,269294216,34628121976
9245,270886940,34629714700
9246,272020168,34630847928
9247,275496220,34634323980
9248,276742692,34635570452
9249,277550144,34636377904
9250,279965316,34638793076
9251,280528852,34639356612
9252,287052156,34645879916
9253,288297352,34647125112
9254,291382220,34650209980
9255,298379736,34657207496
9256,300015400,34658843160
9257,302293768,34661121528
9258,302566336,34661394096
9259,303293904,34662121664
9260,307071272,34665899032
9261,309226672,34668054432
9262,312344012,34671171772
9263,319673720,34678501480
9264,326994620,34685822380
9265,327323560,34686151320
9266,327454444,34686282204
9267,333073552,34691901312
9268,335209240,34694037000
9269,336933216,34695760976
9270,340039688,34698867448
9271,347962520,34706790280
9272,349404564,34708232324
9273,353996340,34712824100
9274,362009480,34720837240
9275,373401124,34732228884
9276,377714172,34736541932
9277,380087912,34738915672
9278,385584680,34744412440
9279,393557720,34752385480
9280,398008180,34756835940
9281,405005668,34763833428
9282,410103192,34768930952
9283,411883716,34770711476
9284,414011252,34772839012
9285,425427836,34784255596
9286,428286748,34787114508
9287,429567544,34788395304
9288,434224004,34793051764
9289,437640764,34796468524
9290,440977424,34799805184
9291,444780184,34803607944
9292,447898992,34806726752
9293,456505392,34815333152
9294,456621520,34815449280
9295,459364852,34818192612
9296,460372116,34819199876
9297,469685172,34828512932
9298,474938052,34833765812
9299,483478764,34842306524
9300,488067748,34846895508
9301,489302216,34848129976
9302,490575408,34849403168
9303,494516560,34853344320
9304,496644324,34855472084
9305,503427436,34862255196
9306,505613444,34864441204
9307,506771924,34865599684
9308,507240252,34866068012
9309,512480564,34871308324
9310,514722684,34873550444
9311,518015956,34876843716
9312,518120804,34876948564
9313,519488104,34878315864
9314,521115696,34879943456
9315,524133672,34882961432
9316,530811992,34889639752
9317,533100404,34891928164
9318,538944340,34897772100
9319,544599368,34903427128
9320,547077424,34905905184
9321,547182628,34906010388
9322,557344188,34916171948
9323,562374064,34921201824
9324,562517060,34921344820
9325,567334780,34926162540
9326,570944604,34929772364
9327,576549896,34935377656
9328,580899280,34939727040
9329,581885960,34940713720
9330,582296432,34941124192
9331,584245372,34943073132
9332,597072268,34955900028
9333,599602480,34958430240
9334,601345192,34960172952
9335,615119480,34973947240
9336,616092876,34974920636
9337,616418808,34975246568
9338,619482244,34978310004
9339,624390136,34983217896
9340,624728064,34983555824
9341,629662892,34988490652
9342,637032660,34995860420
9343,645001176,35003828936
9344,645867888,35004695648
9345,647145240,35005973000
9346,652856432,35011684192
9347,656060144,35014887904
9348,658384048,35017211808
9349,662809628,35021637388
9350,664220312,35023048072
9351,670649952,35029477712
9352,672930936,35031758696
9353,674461320,35033289080
9354,677670228,35036497988
9355,678603696,35037431456
9356,679754128,35038581888
9357,682870600,35041698360
9358,687697156,35046524916
9359,698097900,35056925660
9360,702039268,35060867028
9361,703655360,35062483120
9362,704326196,35063153956
9363,710187536,35069015296
9364,719636432,35078464192
9365,722930312,35081758072
9366,731972020,35090799780
9367,733690060,35092517820
9368,734640572,35093468332
9369,735315564,35094143324
9370,736654072,35095481832
9371,741083076,35099910836
9372,746135444,35104963204
9373,752105292,35110933052
9374,767076892,35125904652
9375,768359052,35127186812
9376,773125024,35131952784
9377,777658480,35136486240
9378,779867656,35138695416
9379,788929136,35147756896
9380,794040632,35152868392
9381,794403832,35153231592
9382,797120808,35155948568
9383,798501692,35157329452
9384,800173344,35159001104
9385,803069224,35161896984
9386,805647008,35164474768
9387,807870772,35166698532
9388,812941236,35171768996
9389,814235924,35173063684
9390,814286468,35173114228
9391,817306420,35176134180
9392,818181772,35177009532
9393,819300244,35178128004
9394,824835660,35183663420
9395,826722004,35185549764
9396,829538340,35188366100
9397,832212768,35191040528
9398,834221976,35193049736
9399,836327760,35195155520
9400,840164936,35198992696
9401,844865048,35203692808
9402,856989820,35215817580
9403,861266880,35220094640
9404,864004820,35222832580
9405,868161712,35226989472
9406,874128440,35232956200
9407,876160980,35234988740
9408,876939812,35235767572
9409,877683996,35236511756
9410,883148960,35241976720
9411,884456344,35243284104
9412,891546008,35250373768
9413,892264304,35251092064
9414,899346580,35258174340
9415,905938328,35264766088
9416,907264152,35266091912
9417,908051248,35266879008
9418,917056216,35275883976
9419,928197212,35287024972
9420,929778784,35288606544
9421,936339432,35295167192
9422,938753196,35297580956
9423,940408160,35299235920
9424,943872024,35302699784
9425,948713860,35307541620
9426,950315444,35309143204
9427,950967564,35309795324
9428,951439768,35310267528
9429,955693680,35314521440
9430,957445608,35316273368
9431,958020424,35316848184
9432,970292368,35329120128
9433,973649240,35332477000
9434,974718172,35333545932
9435,983137112,35341964872
9436,985640612,35344468372
9437,986418348,35345246108
9438,1002272724,35361100484
9439,1003717740,35362545500
9440,1011123612,35369951372
9441,1011424780,35370252540
9442,1017941980,35376769740
9443,1019501880,35378329640
9444,1021598628,35380426388
9445,1026722412,35385550172
9446,1033141612,35391969372
9447,1034894848,35393722608
9448,1044329500,35403157260
9449,1044572584,35403400344
9450,1047479064,35406306824
9451,1049789116,35408616876
9452,1055291808,35414119568
9453,1060845416,35419673176
9454,1063002592,35421830352
9455,1079877408,35438705168
9456,1084024576,35442852336
9457,1087524756,35446352516
9458,1091873712,35450701472
9459,1096401196,35455228956
9460,1096534708,35455362468
9461,1098968820,35457796580
9462,1109934032,35468761792
9463,1116152656,35474980416
9464,1128146428,35486974188
9465,1129161124,35487988884
9466,1131701748,35490529508
9467,1132035940,35490863700
9468,1135785896,35494613656
9469,1142488004,35501315764
9470,1149519228,35508346988
9471,1152409428,35511237188
9472,1153866344,35512694104
9473,1162447560,35521275320
9474,1168336128,35527163888
9475,1169228308,35528056068
9476,1170349520,35529177280
9477,1171434912,35530262672
9478,1179228788,35538056548
9479,1193562892,35552390652
9480,1199371256,35558199016
9481,1199579956,35558407716
9482,1207361008,35566188768
9483,1210873796,35569701556
9484,1212389348,35571217108
9485,1221599240,35580427000
9486,1228996432,35587824192
9487,1230205584,35589033344
9488,1230313676,35589141436
9489,1232219564,35591047324
9490,1234890780,35593718540
9491,1236276680,35595104440
9492,1241928408,35600756168
9493,1251243708,35610071468
9494,1252983912,35611811672
9495,1255899104,35614726864
9496,1257290844,35616118604
9497,1262752000,35621579760
9498,1263629472,35622457232
9499,1270496476,35629324236
9500,1277486376,35636314136
9501,1279743080,35638570840
9502,1280390300,35639218060
9503,1290445308,35649273068
9504,1291205060,35650032820
9505,1299464648,35658292408
9506,1320205124,35679032884
9507,1320376448,35679204208
9508,1320394072,35679221832
9509,1332911036,35691738796
9510,1333488532,35692316292
9511,1339045988,35697873748
9512,1339062056,35697889816
9513,1339390436,35698218196
9514,1339608200,35698435960
9515,1353525964,35712353724
9516,1356774580,35715602340
9517,1359230764,35718058524
9518,1360018440,35718846200
9519,1361137428,35719965188
9520,1364037728,35722865488
9521,1367409500,35726237260
9522,1372538172,35731365932
9523,1374095960,35732923720
9524,1377122876,35735950636
9525,1385511132,35744338892
9526,1389293736,35748121496
9527,1393424160,35752251920
9528,1401273544,35760101304
9529,1401722956,35760550716
9530,1407471388,35766299148
9531,1410272420,35769100180
9532,1414188988,35773016748
9533,1415258540,35774086300
9534,1415754832,35774582592
9535,1416642760,35775470520
9536,1419097872,35777925632
9537,1427253888,35786081648
9538,1427876352,35786704112
9539,1432345468,35791173228
9540,1432582100,35791409860
9541,1435526764,35794354524
9542,1447482956,35806310716
9543,1447657708,35806485468
9544,1450326548,35809154308
9545,1451397480,35810225240
9546,1452716400,35811544160
9547,1457793544,35816621304
9548,1459300308,35818128068
9549,1462963584,35821791344
9550,1468930716,35827758476
9551,1478144672,35836972432
9552,1478314592,35837142352
9553,1478495984,35837323744
9554,1485419168,35844246928
9555,1486304544,35845132304
9556,1487246712,35846074472
9557,1489616036,35848443796
9558,1503944440,35862772200
9559,1505228100,35864055860
9560,1506172952,35865000712
9561,1509582628,35868410388
9562,1519138404,35877966164
9563,1527284932,35886112692
9564,1533255232,35892082992
9565,1539807800,35898635560
9566,1541623628,35900451388
9567,1558946104,35917773864
9568,1561874440,35920702200
9569,1571303408,35930131168
9570,1582511528,35941339288
9571,1588220532,35947048292
9572,1592067336,35950895096
9573,1593450020,35952277780
9574,1601514328,35960342088
9575,1603461884,35962289644
9576,1606414000,35965241760
9577,1607409688,35966237448
9578,1611778964,35970606724
9579,1613338832,35972166592
9580,1619150492,35977978252
9581,1619850564,35978678324
9582,1620921420,35979749180
9583,1625327560,35984155320
9584,1628672612,35987500372
9585,1635956112,35994783872
9586,1636126168,35994953928
9587,1636625268,35995453028
9588,1644714580,36003542340
9589,1647963244,36006791004
9590,1652140880,36010968640
9591,1654691632,36013519392
9592,1661571520,36020399280
9593,1663161000,36021988760
9594,1675428012,36034255772
9595,1676154696,36034982456
9596,1677049308,36035877068
9597,1679242612,36038070372
9598,1692880280,36051708040
9599,1699691952,36058519712
9600,1701335180,36060162940
9601,1710981652,36069809412
9602,1718795184,36077622944
9603,1724545668,36083373428
9604,1731854384,36090682144
9605,1737754416,36096582176
9606,1740284088,36099111848
9607,1744417808,36103245568
9608,1744821340,36103649100
9609,1746189808,36105017568
9610,1749595204,36108422964
9611,1756428736,36115256496
9612,1758271764,36117099524
9613,1758482576,36117310336
9614,1761640956,36120468716
9615,1762049172,36120876932
9616,1762577840,36121405600
9617,1764535344,36123363104
9618,1767862008,36126689768
9619,1774374744,36133202504
9620,1777491860,36136319620
9621,1780098856,36138926616
9622,1787626544,36146454304
9623,1792703220,36151530980
9624,1793483340,36152311100
9625,1796140784,36154968544
9626,1802199648,36161027408
9627,1807904892,36166732652
9628,1816953248,36175781008
9629,1817345608,36176173368
9630,1818890084,36177717844
9631,1820408252,36179236012
9632,1821561484,36180389244
9633,1823986140,36182813900
9634,1826060232,36184887992
9635,1829163212,36187990972
9636,1832544768,36191372528
9637,1834443412,36193271172
9638,1836090916,36194918676
9639,1837717224,36196544984
9640,1839735824,36198563584
9641,1847811828,36206639588
9642,1851410180,36210237940
9643,1851882624,36210710384
9644,1858608192,36217435952
9645,1858736364,36217564124
9646,1860839156,36219666916
9647,1861981936,36220809696
9648,1864951992,36223779752
9649,1866992064,36225819824
9650,1868631768,36227459528
9651,1870075040,36228902800
9652,1872211364,36231039124
9653,1873009268,36231837028
9654,1877195972,36236023732
9655,1878253016,36237080776
9656,1881330572,36240158332
9657,1881981228,36240808988
9658,1882463700,36241291460
9659,1888796540,36247624300
9660,1892709808,36251537568
9661,1894155176,36252982936
9662,1896331116,36255158876
9663,1903003444,36261831204
9664,1906282120,36265109880
9665,1907908488,36266736248
9666,1909423740,36268251500
9667,1909642020,36268469780
9668,1914076440,36272904200
9669,1918746836,36277574596
9670,1924096308,36282924068
9671,1938823056,36297650816
9672,1947555352,36306383112
9673,1949186280,36308014040
9674,1949654676,36308482436
9675,1949884988,36308712748
9676,1952320272,36311148032
9677,1957021384,36315849144
9678,1957570964,36316398724
9679,1957615824,36316443584
9680,1962491516,36321319276
9681,1965105756,36323933516
9682,1965321436,36324149196
9683,1965635244,36324463004
9684,1966342324,36325170084
9685,1967127420,36325955180
9686,1969973768,36328801528
9687,1977929024,36336756784
9688,1979585960,36338413720
9689,1981863980,36340691740
9690,1982447476,36341275236
9691,1983143112,36341970872
9692,1987286228,36346113988
9693,1994574184,36353401944
9694,1996992720,36355820480
9695,1997385040,36356212800
9696,2006671660,36365499420
9697,2010922804,36369750564
9698,2017809180,36376636940
9699,2021277304,36380105064
9700,2022239284,36381067044
9701,2030969544,36389797304
9702,2032506192,36391333952
9703,2036624724,36395452484
9704,2037000420,36395828180
9705,2038690640,36397518400
9706,2043108816,36401936576
9707,2043435240,36402263000
9708,2050331820,36409159580
9709,2059674000,36418501760
9710,2060085156,36418912916
9711,2063072904,36421900664
9712,2071164444,36429992204
9713,2073521596,36432349356
9714,2075935080,36434762840
9715,2082595228,36441422988
9716,2085543472,36444371232
9717,2091672208,36450499968
9718,2094809600,36453637360
9719,2098517556,36457345316
9720,2098925792,36457753552
9721,2101386852,36460214612
9722,2104482600,36463310360
9723,2105968984,36464796744
9724,2114882740,36473710500
9725,2116333712,36475161472
9726,2117190372,36476018132
9727,2118146060,36476973820
9728,2120496820,36479324580
9729,2120630456,36479458216
9730,2121076300,36479904060
9731,2123227196,36482054956
9732,2126502112,36485329872
9733,2127082576,36485910336
9734,2129361828,36488189588
9735,2135252432,36494080192
9736,2136526364,36495354124
9737,2136927664,36495755424
9738,2141087528,36499915288
9739,2141588896,36500416656
9740,2142294084,36501121844
9741,2142703680,36501531440
9742,2143881276,36502709036
9743,2150624668,36509452428
9744,2161438196,36520265956
9745,2166214132,36525041892
9746,2175967760,36534795520
9747,2178850008,36537677768
9748,2186457120,36545284880
9749,2193882404,36552710164
9750,2195507928,36554335688
9751,2196207940,36555035700
9752,2202203876,36561031636
9753,2210426936,36569254696
9754,2217327468,36576155228
9755,2220200324,36579028084
9756,2222450832,36581278592
9757,2222974968,36581802728
9758,2224520696,36583348456
9759,2225238824,36584066584
9760,2230134496,36588962256
9761,2231995188,36590822948
9762,2232260140,36591087900
9763,2233873700,36592701460
9764,2240970836,36599798596
9765,2243767340,36602595100
9766,2245229604,36604057364
9767,2252472296,36611300056
9768,2257915684,36616743444
9769,2259411232,36618238992
9770,2267050356,36625878116
9771,2268322436,36627150196
9772,2268329544,36627157304
9773,2272686052,36631513812
9774,2274280664,36633108424
9775,2275243300,36634071060
9776,2278304620,36637132380
9777,2280236872,36639064632
9778,2285721804,36644549564
9779,2289473380,36648301140
9780,2292750548,36651578308
9781,2298883680,36657711440
9782,2299612816,36658440576
9783,2317475612,36676303372
9784,2317738848,36676566608
9785,2323322616,36682150376
9786,2323519044,36682346804
9787,2325095388,36683923148
9788,2328546664,36687374424
9789,2339180296,36698008056
9790,2339699000,36698526760
9791,2340231024,36699058784
9792,2345698800,36704526560
9793,2353059112,36711886872
9794,2357948864,36716776624
9795,2358458376,36717286136
9796,2362641252,36721469012
9797,2363567556,36722395316
9798,2363718732,36722546492
9799,2366144268,36724972028
9800,2367871064,36726698824
9801,2368167648,36726995408
9802,2369513032,36728340792
9803,2369517560,36728345320
9804,2371437112,36730264872
9805,2373913436,36732741196
9806,2385560244,36744388004
9807,2389280712,36748108472
9808,2390611904,36749439664
9809,2392899876,36751727636
9810,2397969684,36756797444
9811,2399294324,36758122084
9812,2400448700,36759276460
9813,2406808736,36765636496
9814,2409238816,36768066576
9815,2432567324,36791395084
9816,2434569404,36793397164
9817,2441752180,36800579940
9818,2443054152,36801881912
9819,2443312036,36802139796
9820,2444341152,36803168912
9821,2444516880,36803344640
9822,2448055056,36806882816
9823,2448634976,36807462736
9824,2450024812,36808852572
9825,2450344204,36809171964
9826,2454667364,36813495124
9827,2464632804,36823460564
9828,2465315048,36824142808
9829,2475029296,36833857056
9830,2477571152,36836398912
9831,2485780824,36844608584
9832,2486506092,36845333852
9833,2489992652,36848820412
9834,2490668432,36849496192
9835,2493657044,36852484804
9836,2498513392,36857341152
9837,2499181320,36858009080
9838,2506399196,36865226956
9839,2506856996,36865684756
9840,2515396896,36874224656
9841,2520153532,36878981292
9842,2532446256,36891274016
9843,2536610952,36895438712
9844,2536973536,36895801296
9845,2540288684,36899116444
9846,2541392776,36900220536
9847,2542594780,36901422540
9848,2544983968,36903811728
9849,2545760728,36904588488
9850,2546635072,36905462832
9851,2552181276,36911009036
9852,2552408416,36911236176
9853,2552523332,36911351092
9854,2552880376,36911708136
9855,2553339504,36912167264
9856,2554447804,36913275564
9857,2556362000,36915189760
9858,2568991664,36927819424
9859,2569148004,36927975764
9860,2569242360,36928070120
9861,2570038028,36928865788
9862,2572280432,36931108192
9863,2580453888,36939281648
9864,2582642960,36941470720
9865,2592269456,36951097216
9866,2596264224,36955091984
9867,2606413096,36965240856
9868,2608949844,36967777604
9869,2609931896,36968759656
9870,2610162776,36968990536
9871,2610688240,36969516000
9872,2617294436,36976122196
9873,2618717160,36977544920
9874,2623588312,36982416072
9875,2624029092,36982856852
9876,2626026068,36984853828
9877,2631466276,36990294036
9878,2632701088,36991528848
9879,2634930384,36993758144
9880,2638500804,36997328564
9881,2639102280,36997930040
9882,2645267140,37004094900
9883,2653028504,37011856264
9884,2656310064,37015137824
9885,2663504668,37022332428
9886,2665101304,37023929064
9887,2665165204,37023992964
9888,2670446064,37029273824
9889,2670799924,37029627684
9890,2671970604,37030798364
9891,2674395844,37033223604
9892,2675781040,37034608800
9893,2675949784,37034777544
9894,2677406728,37036234488
9895,2683274456,37042102216
9896,2684806276,37043634036
9897,2686513260,37045341020
9898,2688185656,37047013416
9899,2688366996,37047194756
9900,2691134124,37049961884
9901,2693664840,37052492600
9902,2704984468,37063812228
9903,2706949740,37065777500
9904,2707086964,37065914724
9905,2707684088,37066511848
9906,2708309632,37067137392
9907,2710457916,37069285676
9908,2718786112,37077613872
9909,2728451520,37087279280
9910,2731316760,37090144520
9911,2739354268,37098182028
9912,2740816060,37099643820
9913,2741354808,37100182568
9914,2742530344,37101358104
9915,2743344032,37102171792
9916,2743793664,37102621424
9917,2748451388,37107279148
9918,2759002172,37117829932
9919,2760068168,37118895928
9920,2761661672,37120489432
9921,2763683724,37122511484
9922,2764108792,37122936552
9923,2765116668,37123944428
9924,2773019376,37131847136
9925,2779276260,37138104020
9926,2781168920,37139996680
9927,2781439344,37140267104
9928,2786273508,37145101268
9929,2792385324,37151213084
9930,2794862396,37153690156
9931,2799095612,37157923372
9932,2800606648,37159434408
9933,2802743416,37161571176
9934,2807246060,37166073820
9935,2807583964,37166411724
9936,2810935840,37169763600
9937,2813971044,37172798804
9938,2820044344,37178872104
9939,2820147100,37178974860
9940,2829452336,37188280096
9941,2830632548,37189460308
9942,2832094964,37190922724
9943,2840952412,37199780172
9944,2847128648,37205956408
9945,2853002592,37211830352
9946,2862515224,37221342984
9947,2862641256,37221469016
9948,2862658012,37221485772
9949,2867347532,37226175292
9950,2868839228,37227666988
9951,2876641428,37235469188
9952,2876747680,37235575440
9953,2891305828,37250133588
9954,2891475824,37250303584
9955,2903658260,37262486020
9956,2907717876,37266545636
9957,2911836744,37270664504
9958,2914424848,37273252608
9959,2916290716,37275118476
9960,2917362088,37276189848
9961,2920808268,37279636028
9962,2922509776,37281337536
9963,2926129888,37284957648
9964,2930561576,37289389336
9965,2932075708,37290903468
9966,2935488756,37294316516
9967,2940521004,37299348764
9968,2942066436,37300894196
9969,2944819892,37303647652
9970,2949294984,37308122744
9971,2953978992,37312806752
9972,2958637612,37317465372
9973,2960282564,37319110324
9974,2964179564,37323007324
9975,2964532644,37323360404
9976,2964975940,37323803700
9977,2966786804,37325614564
9978,2969788972,37328616732
9979,2983100772,37341928532
9980,2988573668,37347401428
9981,2992828808,37351656568
9982,2995535664,37354363424
9983,3000871352,37359699112
9984,3002166712,37360994472
9985,3013642396,37372470156
9986,3015391544,37374219304
9987,3018078548,37376906308
9988,3019685604,37378513364
9989,3022480780,37381308540
9990,3024946660,37383774420
9991,3025986668,37384814428
9992,3027178808,37386006568
9993,3030306708,37389134468
9994,3031780716,37390608476
9995,3032303828,37391131588
9996,3034028260,37392856020
9997,3036092528,37394920288
9998,3043933940,37402761700
9999,3046141832,37404969592
