edge_index,raw_timer_ticks,monotonic_timestamp_us
0,2704420,0
1,2713852,9432
2,9544340,6839920
3,11740320,9035900
4,16308740,13604320
5,30568880,27864460
6,35728516,33024096
7,36681908,33977488
8,43788308,41083888
9,45525448,42821028
10,46842344,44137924
11,47419900,44715480
12,51868440,49164020
13,53664376,50959956
14,54135292,51430872
15,54834472,52130052
16,62030104,59325684
17,62276936,59572516
18,62928456,60224036
19,65143568,62439148
20,74751380,72046960
21,81168516,78464096
22,84890392,82185972
23,86809692,84105272
24,89554100,86849680
25,91204288,88499868
26,95044040,92339620
27,96578964,93874544
28,101422620,98718200
29,102980092,100275672
30,109455160,106750740
31,109568856,106864436
32,109712372,107007952
33,115005672,112301252
34,115999284,113294864
35,116498280,113793860
36,118609196,115904776
37,127311868,124607448
38,127340644,124636224
39,141942060,139237640
40,146026460,143322040
41,150049752,147345332
42,151759120,149054700
43,152390480,149686060
44,161458276,158753856
45,164633744,161929324
46,170056172,167351752
47,170323272,167618852
48,173996116,171291696
49,175119844,172415424
50,177868016,175163596
51,180480280,177775860
52,183780228,181075808
53,203851896,201147476
54,204905272,202200852
55,215717300,213012880
56,221107072,218402652
57,221296804,218592384
58,224547380,221842960
59,227662052,224957632
60,235579064,232874644
61,238862300,236157880
62,242903432,240199012
63,250178048,247473628
64,255508196,252803776
65,255719860,253015440
66,261748428,259044008
67,265468508,262764088
68,272093240,269388820
69,272576780,269872360
70,273011548,270307128
71,274204600,271500180
72,276001220,273296800
73,276325684,273621264
74,276980828,274276408
75,278247552,275543132
76,285741908,283037488
77,286426356,283721936
78,291187184,288482764
79,299464120,296759700
80,305144688,302440268
81,305710248,303005828
82,308493868,305789448
83,320544628,317840208
84,324795500,322091080
85,326757004,324052584
86,327125168,324420748
87,327429576,324725156
88,330063340,327358920
89,338919960,336215540
90,339388048,336683628
91,340326792,337622372
92,341347944,338643524
93,346543324,343838904
94,353554272,350849852
95,361097504,358393084
96,365871588,363167168
97,370656456,367952036
98,370664376,367959956
99,373819856,371115436
100,392040576,389336156
101,393856188,391151768
102,396772088,394067668
103,400499028,397794608
104,410616496,407912076
105,411846552,409142132
106,414235396,411530976
107,419623184,416918764
108,419859796,417155376
109,421636132,418931712
110,425794224,423089804
111,430062524,427358104
112,432546500,429842080
113,434422024,431717604
114,435539404,432834984
115,457078560,454374140
116,458437972,455733552
117,460670024,457965604
118,460731576,458027156
119,466162536,463458116
120,471967548,469263128
121,472495104,469790684
122,473498908,470794488
123,477268656,474564236
124,478637740,475933320
125,479914308,477209888
126,485982340,483277920
127,488698252,485993832
128,499198476,496494056
129,503406788,500702368
130,503975492,501271072
131,504127908,501423488
132,506118688,503414268
133,510189204,507484784
134,511024964,508320544
135,512601044,509896624
136,515040232,512335812
137,516640368,513935948
138,521044236,518339816
139,528370528,525666108
140,528638972,525934552
141,531236264,528531844
142,534565696,531861276
143,539277460,536573040
144,542342544,539638124
145,548645264,545940844
146,551022392,548317972
147,558096332,555391912
148,559151824,556447404
149,560026012,557321592
150,564862996,562158576
151,566557064,563852644
152,567177708,564473288
153,570232660,567528240
154,570962688,568258268
155,580137032,577432612
156,584086772,581382352
157,587686372,584981952
158,588205188,585500768
159,588316072,585611652
160,590264612,587560192
161,593718432,591014012
162,594237224,591532804
163,594591688,591887268
164,595343924,592639504
165,601535844,598831424
166,606182648,603478228
167,607882304,605177884
168,610909740,608205320
169,615379892,612675472
170,615897312,613192892
171,617947392,615242972
172,618817300,616112880
173,621067628,618363208
174,634834392,632129972
175,635473028,632768608
176,635663892,632959472
177,640698272,637993852
178,646675492,643971072
179,654045424,651341004
180,656808796,654104376
181,664066644,661362224
182,668652040,665947620
183,672647780,669943360
184,677580600,674876180
185,682392132,679687712
186,686644564,683940144
187,687518396,684813976
188,688430992,685726572
189,694963532,692259112
190,695262860,692558440
191,696900636,694196216
192,697585172,694880752
193,706699456,703995036
194,707284076,704579656
195,710075212,707370792
196,716135024,713430604
197,722677184,719972764
198,726563776,723859356
199,727531812,724827392
200,727819556,725115136
201,731011344,728306924
202,733874064,731169644
203,734990036,732285616
204,737257708,734553288
205,737679020,734974600
206,740127676,737423256
207,741357084,738652664
208,742120616,739416196
209,748400860,745696440
210,750233552,747529132
211,750932388,748227968
212,753282244,750577824
213,759567408,756862988
214,761718020,759013600
215,763111936,760407516
216,766334120,763629700
217,772544652,769840232
218,784197472,781493052
219,790658436,787954016
220,791496764,788792344
221,791819944,789115524
222,794457312,791752892
223,799767492,797063072
224,802921592,800217172
225,808830504,806126084
226,810626956,807922536
227,810813772,808109352
228,810824032,808119612
229,814228884,811524464
230,819729496,817025076
231,825365532,822661112
232,830303164,827598744
233,835974420,833270000
234,837712356,835007936
235,840133708,837429288
236,844199556,841495136
237,844674864,841970444
238,849900008,847195588
239,850646088,847941668
240,851259156,848554736
241,857881448,855177028
242,869505660,866801240
243,870685056,867980636
244,873416644,870712224
245,877675484,874971064
246,879834040,877129620
247,884907328,882202908
248,887830948,885126528
249,892397232,889692812
250,903573484,900869064
251,906167932,903463512
252,908207932,905503512
253,913785204,911080784
254,915726612,913022192
255,917872056,915167636
256,918714892,916010472
257,921855116,919150696
258,922925392,920220972
259,923476388,920771968
260,931896632,929192212
261,934120044,931415624
262,934721692,932017272
263,937256488,934552068
264,937718924,935014504
265,946466088,943761668
266,951479580,948775160
267,953042956,950338536
268,953597464,950893044
269,957541540,954837120
270,959985292,957280872
271,962786792,960082372
272,963557964,960853544
273,968216956,965512536
274,975400148,972695728
275,985892476,983188056
276,989221128,986516708
277,992556092,989851672
278,992667404,989962984
279,994481348,991776928
280,997065584,994361164
281,1002590592,999886172
282,1006825752,1004121332
283,1010035276,1007330856
284,1010323536,1007619116
285,1011665404,1008960984
286,1016476800,1013772380
287,1019347368,1016642948
288,1023820684,1021116264
289,1032784308,1030079888
290,1034830724,1032126304
291,1035924968,1033220548
292,1037227328,1034522908
293,1039444424,1036740004
294,1041583512,1038879092
295,1055083668,1052379248
296,1059026000,1056321580
297,1059900948,1057196528
298,1061433024,1058728604
299,1061979960,1059275540
300,1062392344,1059687924
301,1063660056,1060955636
302,1064461528,1061757108
303,1065808640,1063104220
304,1073159132,1070454712
305,1073851524,1071147104
306,1079151952,1076447532
307,1086278392,1083573972
308,1086804880,1084100460
309,1098012032,1095307612
310,1101406412,1098701992
311,1101422696,1098718276
312,1110236900,1107532480
313,1113839564,1111135144
314,1128973452,1126269032
315,1131243392,1128538972
316,1134941676,1132237256
317,1138118404,1135413984
318,1138356304,1135651884
319,1145062876,1142358456
320,1153506856,1150802436
321,1158663548,1155959128
322,1159255116,1156550696
323,1160137532,1157433112
324,1164634972,1161930552
325,1164874212,1162169792
326,1165801676,1163097256
327,1171426108,1168721688
328,1174267688,1171563268
329,1177585416,1174880996
330,1179559776,1176855356
331,1180575676,1177871256
332,1183401820,1180697400
333,1183942068,1181237648
334,1184307112,1181602692
335,1185780584,1183076164
336,1188225688,1185521268
337,1195835476,1193131056
338,1202594844,1199890424
339,1203004728,1200300308
340,1205101272,1202396852
341,1205231884,1202527464
342,1208514504,1205810084
343,1213601372,1210896952
344,1216173640,1213469220
345,1218408248,1215703828
346,1219072244,1216367824
347,1219606020,1216901600
348,1220386488,1217682068
349,1220529188,1217824768
350,1223130400,1220425980
351,1227241672,1224537252
352,1228022280,1225317860
353,1230595560,1227891140
354,1232099100,1229394680
355,1232642680,1229938260
356,1236503104,1233798684
357,1237228428,1234524008
358,1240767052,1238062632
359,1241856512,1239152092
360,1242644632,1239940212
361,1245960528,1243256108
362,1248087908,1245383488
363,1255512532,1252808112
364,1255889600,1253185180
365,1258962416,1256257996
366,1262647468,1259943048
367,1262761224,1260056804
368,1263514752,1260810332
369,1266307384,1263602964
370,1274965652,1272261232
371,1279514044,1276809624
372,1280806264,1278101844
373,1282972376,1280267956
374,1286617664,1283913244
375,1287820544,1285116124
376,1288862444,1286158024
377,1291409500,1288705080
378,1298665160,1295960740
379,1301428784,1298724364
380,1304000796,1301296376
381,1304582444,1301878024
382,1311748628,1309044208
383,1313210944,1310506524
384,1316366836,1313662416
385,1318750760,1316046340
386,1320214544,1317510124
387,1324836568,1322132148
388,1324894164,1322189744
389,1325001784,1322297364
390,1325221816,1322517396
391,1330487636,1327783216
392,1336555176,1333850756
393,1343338880,1340634460
394,1351657104,1348952684
395,1356163568,1353459148
396,1363317576,1360613156
397,1364682836,1361978416
398,1366196672,1363492252
399,1374116260,1371411840
400,1375982500,1373278080
401,1390668348,1387963928
402,1394104152,1391399732
403,1396463260,1393758840
404,1403993568,1401289148
405,1404845552,1402141132
406,1412857324,1410152904
407,1426339072,1423634652
408,1428349984,1425645564
409,1430748436,1428044016
410,1432827904,1430123484
411,1435881608,1433177188
412,1437523560,1434819140
413,1438699740,1435995320
414,1443267816,1440563396
415,1446399300,1443694880
416,1447749660,1445045240
417,1449390460,1446686040
418,1459071044,1456366624
419,1460416596,1457712176
420,1462223528,1459519108
421,1468033064,1465328644
422,1473597780,1470893360
423,1481166296,1478461876
424,1485997840,1483293420
425,1489529972,1486825552
426,1492059504,1489355084
427,1497716928,1495012508
428,1500401328,1497696908
429,1501742372,1499037952
430,1501770572,1499066152
431,1507677304,1504972884
432,1514157568,1511453148
433,1519274944,1516570524
434,1521045484,1518341064
435,1522335644,1519631224
436,1537300660,1534596240
437,1539776668,1537072248
438,1540245052,1537540632
439,1549665520,1546961100
440,1551241096,1548536676
441,1552519276,1549814856
442,1559926580,1557222160
443,1563120764,1560416344
444,1563520040,1560815620
445,1566716136,1564011716
446,1568350452,1565646032
447,1571525600,1568821180
448,1577078072,1574373652
449,1583543380,1580838960
450,1585639684,1582935264
451,1586445644,1583741224
452,1595360680,1592656260
453,1596203752,1593499332
454,1599507868,1596803448
455,1611966888,1609262468
456,1620059584,1617355164
457,1624148720,1621444300
458,1625544988,1622840568
459,1626060204,1623355784
460,1630110552,1627406132
461,1632320804,1629616384
462,1639176900,1636472480
463,1640363924,1637659504
464,1640422456,1637718036
465,1642169764,1639465344
466,1645012660,1642308240
467,1647467648,1644763228
468,1648324372,1645619952
469,1648610532,1645906112
470,1649110572,1646406152
471,1650883800,1648179380
472,1658873888,1656169468
473,1661824704,1659120284
474,1663467720,1660763300
475,1664580548,1661876128
476,1667736292,1665031872
477,1667854304,1665149884
478,1668595780,1665891360
479,1669372988,1666668568
480,1671351684,1668647264
481,1671867608,1669163188
482,1672338996,1669634576
483,1673089424,1670385004
484,1675836356,1673131936
485,1679885996,1677181576
486,1683481836,1680777416
487,1683979168,1681274748
488,1687570832,1684866412
489,1689032712,1686328292
490,1690035924,1687331504
491,1697802740,1695098320
492,1701811108,1699106688
493,1704217104,1701512684
494,1705779136,1703074716
495,1710520632,1707816212
496,1713868580,1711164160
497,1717209068,1714504648
498,1719710580,1717006160
499,1722722396,1720017976
500,1722946368,1720241948
501,1725277672,1722573252
502,1726458824,1723754404
503,1727135476,1724431056
504,1733506184,1730801764
505,1736660776,1733956356
506,1747856844,1745152424
507,1749676520,1746972100
508,1755442768,1752738348
509,1756593712,1753889292
510,1771848932,1769144512
511,1771910476,1769206056
512,1779290844,1776586424
513,1782451448,1779747028
514,1783157368,1780452948
515,1787905204,1785200784
516,1791716468,1789012048
517,1792115916,1789411496
518,1793040740,1790336320
519,1793165460,1790461040
520,1795669836,1792965416
521,1797200108,1794495688
522,1801623728,1798919308
523,1801834640,1799130220
524,1802311476,1799607056
525,1811393836,1808689416
526,1818451052,1815746632
527,1823351792,1820647372
528,1831161440,1828457020
529,1841130204,1838425784
530,1853081728,1850377308
531,1853468804,1850764384
532,1854962856,1852258436
533,1856097660,1853393240
534,1856651372,1853946952
535,1856945604,1854241184
536,1860891824,1858187404
537,1864590732,1861886312
538,1872089316,1869384896
539,1872494412,1869789992
540,1872674440,1869970020
541,1873498232,1870793812
542,1877087752,1874383332
543,1879178244,1876473824
544,1880254748,1877550328
545,1881425940,1878721520
546,1885119668,1882415248
547,1885418392,1882713972
548,1890770072,1888065652
549,1891566632,1888862212
550,1897204400,1894499980
551,1899299044,1896594624
552,1904496788,1901792368
553,1905425748,1902721328
554,1915027096,1912322676
555,1916524616,1913820196
556,1922394040,1919689620
557,1922437564,1919733144
558,1923806856,1921102436
559,1923903972,1921199552
560,1925470596,1922766176
561,1926792264,1924087844
562,1927556596,1924852176
563,1930231004,1927526584
564,1937241388,1934536968
565,1938144572,1935440152
566,1946979900,1944275480
567,1947961624,1945257204
568,1949904948,1947200528
569,1952402212,1949697792
570,1965279744,1962575324
571,1966735700,1964031280
572,1967953528,1965249108
573,1975579328,1972874908
574,1976011080,1973306660
575,1976233652,1973529232
576,1980559924,1977855504
577,1981450624,1978746204
578,1994405108,1991700688
579,1995072764,1992368344
580,1995799332,1993094912
581,1996931264,1994226844
582,2000873016,1998168596
583,2002350124,1999645704
584,2014840508,2012136088
585,2016583532,2013879112
586,2018524432,2015820012
587,2024629708,2021925288
588,2025381800,2022677380
589,2033872940,2031168520
590,2035099248,2032394828
591,2041938416,2039233996
592,2045545536,2042841116
593,2048936576,2046232156
594,2050535496,2047831076
595,2055323820,2052619400
596,2059359260,2056654840
597,2062136580,2059432160
598,2069683460,2066979040
599,2071856328,2069151908
600,2072054676,2069350256
601,2075300452,2072596032
602,2076442356,2073737936
603,2082275800,2079571380
604,2089516356,2086811936
605,2091614916,2088910496
606,2101088296,2098383876
607,2104649708,2101945288
608,2114978112,2112273692
609,2117717388,2115012968
610,2121369724,2118665304
611,2124299836,2121595416
612,2126781576,2124077156
613,2127459564,2124755144
614,2127793704,2125089284
615,2140039912,2137335492
616,2151272396,2148567976
617,2153967068,2151262648
618,2159198592,2156494172
619,2166084004,2163379584
620,2167509388,2164804968
621,2171122904,2168418484
622,2181968476,2179264056
623,2182689452,2179985032
624,2183321460,2180617040
625,2183630496,2180926076
626,2185164980,2182460560
627,2186342908,2183638488
628,2188637992,2185933572
629,2199803952,2197099532
630,2201513700,2198809280
631,2211799828,2209095408
632,2224454860,2221750440
633,2228237248,2225532828
634,2238828308,2236123888
635,2241030828,2238326408
636,2241634128,2238929708
637,2242850448,2240146028
638,2249103848,2246399428
639,2249434756,2246730336
640,2253820384,2251115964
641,2260547516,2257843096
642,2262321116,2259616696
643,2269721232,2267016812
644,2278045664,2275341244
645,2279817208,2277112788
646,2279960136,2277255716
647,2293515236,2290810816
648,2296641108,2293936688
649,2296915780,2294211360
650,2304831020,2302126600
651,2305426312,2302721892
652,2306273764,2303569344
653,2306656328,2303951908
654,2307946772,2305242352
655,2309293684,2306589264
656,2311615220,2308910800
657,2322683596,2319979176
658,2325605640,2322901220
659,2326676368,2323971948
660,2327677252,2324972832
661,2329024704,2326320284
662,2336038820,2333334400
663,2337964988,2335260568
664,2342837208,2340132788
665,2344130944,2341426524
666,2345097752,2342393332
667,2349607824,2346903404
668,2350930564,2348226144
669,2352845844,2350141424
670,2356579884,2353875464
671,2357487252,2354782832
672,2357766948,2355062528
673,2358507176,2355802756
674,2361584412,2358879992
675,2363122704,2360418284
676,2365647184,2362942764
677,2369205884,2366501464
678,2372141996,2369437576
679,2375210664,2372506244
680,2376156848,2373452428
681,2381177060,2378472640
682,2381990400,2379285980
683,2392578260,2389873840
684,2394278460,2391574040
685,2394582024,2391877604
686,2395945628,2393241208
687,2400951680,2398247260
688,2404777592,2402073172
689,2405786340,2403081920
690,2407834820,2405130400
691,2409722136,2407017716
692,2411996428,2409292008
693,2412096236,2409391816
694,2413152592,2410448172
695,2429398704,2426694284
696,2434628452,2431924032
697,2445508348,2442803928
698,2447036536,2444332116
699,2449637528,2446933108
700,2468823572,2466119152
701,2471604632,2468900212
702,2477457096,2474752676
703,2480478724,2477774304
704,2490414064,2487709644
705,2493945248,2491240828
706,2498301988,2495597568
707,2502242156,2499537736
708,2512384200,2509679780
709,2513148560,2510444140
710,2516510024,2513805604
711,2517064904,2514360484
712,2518885288,2516180868
713,2519211580,2516507160
714,2519849168,2517144748
715,2523006804,2520302384
716,2523792860,2521088440
717,2523807356,2521102936
718,2524488392,2521783972
719,2525156412,2522451992
720,2526587228,2523882808
721,2529603212,2526898792
722,2536346872,2533642452
723,2539289704,2536585284
724,2540510020,2537805600
725,2554981116,2552276696
726,2557120232,2554415812
727,2558633916,2555929496
728,2558800968,2556096548
729,2561607240,2558902820
730,2564166120,2561461700
731,2575455960,2572751540
732,2578277852,2575573432
733,2579339844,2576635424
734,2579643848,2576939428
735,2585207864,2582503444
736,2585524660,2582820240
737,2586469032,2583764612
738,2595493632,2592789212
739,2606585644,2603881224
740,2611397264,2608692844
741,2614642372,2611937952
742,2617364376,2614659956
743,2619374656,2616670236
744,2625413988,2622709568
745,2626600656,2623896236
746,2630301992,2627597572
747,2633438908,2630734488
748,2636312336,2633607916
749,2637793924,2635089504
750,2639335920,2636631500
751,2640645624,2637941204
752,2641191656,2638487236
753,2642801904,2640097484
754,2645660164,2642955744
755,2666974360,2664269940
756,2667427900,2664723480
757,2687907428,2685203008
758,2689769708,2687065288
759,2690681900,2687977480
760,2699886580,2697182160
761,2703290748,2700586328
762,2704477928,2701773508
763,2707392036,2704687616
764,2712993200,2710288780
765,2713376056,2710671636
766,2716641540,2713937120
767,2728038744,2725334324
768,2729658668,2726954248
769,2730215948,2727511528
770,2734056948,2731352528
771,2734184888,2731480468
772,2737550684,2734846264
773,2743828188,2741123768
774,2744456992,2741752572
775,2745772548,2743068128
776,2746431272,2743726852
777,2750173920,2747469500
778,2750889296,2748184876
779,2759712616,2757008196
780,2763133312,2760428892
781,2763791424,2761087004
782,2764967944,2762263524
783,2768522052,2765817632
784,2769955960,2767251540
785,2780465264,2777760844
786,2783575248,2780870828
787,2784323008,2781618588
788,2787290488,2784586068
789,2787803684,2785099264
790,2789641200,2786936780
791,2795164440,2792460020
792,2798452944,2795748524
793,2801569420,2798865000
794,2807823672,2805119252
795,2813564596,2810860176
796,2818137676,2815433256
797,2819338800,2816634380
798,2822987856,2820283436
799,2826551476,2823847056
800,2828544728,2825840308
801,2829077956,2826373536
802,2838561036,2835856616
803,2848450588,2845746168
804,2855314316,2852609896
805,2871485120,2868780700
806,2872695588,2869991168
807,2873074480,2870370060
808,2873192300,2870487880
809,2873687648,2870983228
810,2876550560,2873846140
811,2878864336,2876159916
812,2887860856,2885156436
813,2889257836,2886553416
814,2907597604,2904893184
815,2911338240,2908633820
816,2914014656,2911310236
817,2914478020,2911773600
818,2915634860,2912930440
819,2920756552,2918052132
820,2920921772,2918217352
821,2928801496,2926097076
822,2930808032,2928103612
823,2932058728,2929354308
824,2933034696,2930330276
825,2942410992,2939706572
826,2947304224,2944599804
827,2949502516,2946798096
828,2949675860,2946971440
829,2956380300,2953675880
830,2966914592,2964210172
831,2967755328,2965050908
832,2967831980,2965127560
833,2971882092,2969177672
834,2972276516,2969572096
835,2975347352,2972642932
836,2986550508,2983846088
837,3003617020,3000912600
838,3003933752,3001229332
839,3005993972,3003289552
840,3008875756,3006171336
841,3010583636,3007879216
842,3012376560,3009672140
843,3013502744,3010798324
844,3018747348,3016042928
845,3022599688,3019895268
846,3023973284,3021268864
847,3033964824,3031260404
848,3034135888,3031431468
849,3040328688,3037624268
850,3041521632,3038817212
851,3045255000,3042550580
852,3053563136,3050858716
853,3054173832,3051469412
854,3062176360,3059471940
855,3063328472,3060624052
856,3063484424,3060780004
857,3064270880,3061566460
858,3068497076,3065792656
859,3078519288,3075814868
860,3079288720,3076584300
861,3084519292,3081814872
862,3090375072,3087670652
863,3093796404,3091091984
864,3105918740,3103214320
865,3108587400,3105882980
866,3109927008,3107222588
867,3110798540,3108094120
868,3111915400,3109210980
869,3118598536,3115894116
870,3120295740,3117591320
871,3126928500,3124224080
872,3140434856,3137730436
873,3141413520,3138709100
874,3142580996,3139876576
875,3144085280,3141380860
876,3149705528,3147001108
877,3150392144,3147687724
878,3152509432,3149805012
879,3154754796,3152050376
880,3155431504,3152727084
881,3162429812,3159725392
882,3164817752,3162113332
883,3169644168,3166939748
884,3171948156,3169243736
885,3172581044,3169876624
886,3173401208,3170696788
887,3173796180,3171091760
888,3175003600,3172299180
889,3179219072,3176514652
890,3180256456,3177552036
891,3182787516,3180083096
892,3185147016,3182442596
893,3187202680,3184498260
894,3192614240,3189909820
895,3192885024,3190180604
896,3195968536,3193264116
897,3201036736,3198332316
898,3205838076,3203133656
899,3213303632,3210599212
900,3222266872,3219562452
901,3222834100,3220129680
902,3223215460,3220511040
903,3223388172,3220683752
904,3224422664,3221718244
905,3232360092,3229655672
906,3240055780,3237351360
907,3240421124,3237716704
908,3242032924,3239328504
909,3260430008,3257725588
910,3262104260,3259399840
911,3262829992,3260125572
912,3263102652,3260398232
913,3264804776,3262100356
914,3268771900,3266067480
915,3275777120,3273072700
916,3279687312,3276982892
917,3282877492,3280173072
918,3283177772,3280473352
919,3283755648,3281051228
920,3288147956,3285443536
921,3289184932,3286480512
922,3289419204,3286714784
923,3290957336,3288252916
924,3295079344,3292374924
925,3304955820,3302251400
926,3312237972,3309533552
927,3312500864,3309796444
928,3313569968,3310865548
929,3319986352,3317281932
930,3328127752,3325423332
931,3329891364,3327186944
932,3330984300,3328279880
933,3338241900,3335537480
934,3339770152,3337065732
935,3340195296,3337490876
936,3343234504,3340530084
937,3344870036,3342165616
938,3346412096,3343707676
939,3352112092,3349407672
940,3358429524,3355725104
941,3359512272,3356807852
942,3365392404,3362687984
943,3367622680,3364918260
944,3380153420,3377449000
945,3380712832,3378008412
946,3392680448,3389976028
947,3397870408,3395165988
948,3402301024,3399596604
949,3404403184,3401698764
950,3405002868,3402298448
951,3407012068,3404307648
952,3407537624,3404833204
953,3410477512,3407773092
954,3417017120,3414312700
955,3420539200,3417834780
956,3420635240,3417930820
957,3425471616,3422767196
958,3426335664,3423631244
959,3430413868,3427709448
960,3435523040,3432818620
961,3441612136,3438907716
962,3442907748,3440203328
963,3445327216,3442622796
964,3448484528,3445780108
965,3450286276,3447581856
966,3450899252,3448194832
967,3450967176,3448262756
968,3453986416,3451281996
969,3454938332,3452233912
970,3457240896,3454536476
971,3457912384,3455207964
972,3460475372,3457770952
973,3465846976,3463142556
974,3480963296,3478258876
975,3485975632,3483271212
976,3486318308,3483613888
977,3488950452,3486246032
978,3490598828,3487894408
979,3505600540,3502896120
980,3510922040,3508217620
981,3515256032,3512551612
982,3515455228,3512750808
983,3520570116,3517865696
984,3523276652,3520572232
985,3523489976,3520785556
986,3529070980,3526366560
987,3530748688,3528044268
988,3531270588,3528566168
989,3532386408,3529681988
990,3537652936,3534948516
991,3541089044,3538384624
992,3546276652,3543572232
993,3546952092,3544247672
994,3547469744,3544765324
995,3548819544,3546115124
996,3556816484,3554112064
997,3558442868,3555738448
998,3565449824,3562745404
999,3576975540,3574271120
1000,3577618444,3574914024
1001,3579803740,3577099320
1002,3581331264,3578626844
1003,3600546604,3597842184
1004,3614374720,3611670300
1005,3616361208,3613656788
1006,3620245884,3617541464
1007,3626027388,3623322968
1008,3626924372,3624219952
1009,3628044960,3625340540
1010,3630435704,3627731284
1011,3645433896,3642729476
1012,3652081624,3649377204
1013,3659946120,3657241700
1014,3660625240,3657920820
1015,3669841720,3667137300
1016,3671640640,3668936220
1017,3675213004,3672508584
1018,3675439320,3672734900
1019,3677853428,3675149008
1020,3678653744,3675949324
1021,3684304672,3681600252
1022,3691799540,3689095120
1023,3692418680,3689714260
1024,3693257672,3690553252
1025,3693504216,3690799796
1026,3697933044,3695228624
1027,3698494136,3695789716
1028,3699466584,3696762164
1029,3700911668,3698207248
1030,3702009848,3699305428
1031,3703200484,3700496064
1032,3714719312,3712014892
1033,3720328608,3717624188
1034,3736074152,3733369732
1035,3738853048,3736148628
1036,3742764068,3740059648
1037,3755410080,3752705660
1038,3764168660,3761464240
1039,3767993388,3765288968
1040,3769885960,3767181540
1041,3770274972,3767570552
1042,3771498416,3768793996
1043,3777403572,3774699152
1044,3777627084,3774922664
1045,3778159524,3775455104
1046,3779233596,3776529176
1047,3779943544,3777239124
1048,3780188432,3777484012
1049,3782179736,3779475316
1050,3793260924,3790556504
1051,3797781148,3795076728
1052,3810916008,3808211588
1053,3821201328,3818496908
1054,3828051224,3825346804
1055,3829630580,3826926160
1056,3829895328,3827190908
1057,3833317772,3830613352
1058,3841275212,3838570792
1059,3844860156,3842155736
1060,3848275920,3845571500
1061,3854082728,3851378308
1062,3855409464,3852705044
1063,3856455296,3853750876
1064,3870206924,3867502504
1065,3872123488,3869419068
1066,3872476156,3869771736
1067,3878352692,3875648272
1068,3882583876,3879879456
1069,3882931892,3880227472
1070,3890873772,3888169352
1071,3892010336,3889305916
1072,3896214924,3893510504
1073,3902488696,3899784276
1074,3908413524,3905709104
1075,3911516372,3908811952
1076,3913514324,3910809904
1077,3914137328,3911432908
1078,3921679708,3918975288
1079,3925450360,3922745940
1080,3925489744,3922785324
1081,3933479436,3930775016
1082,3936593344,3933888924
1083,3937867388,3935162968
1084,3938300040,3935595620
1085,3950554740,3947850320
1086,3958424696,3955720276
1087,3958486400,3955781980
1088,3961268012,3958563592
1089,3963251824,3960547404
1090,3966232196,3963527776
1091,3970884040,3968179620
1092,3971957340,3969252920
1093,3973290420,3970586000
1094,3975868036,3973163616
1095,3984125192,3981420772
1096,3985267812,3982563392
1097,3986802924,3984098504
1098,3988185784,3985481364
1099,3990039740,3987335320
1100,3991030008,3988325588
1101,3992983944,3990279524
1102,3993706112,3991001692
1103,3999350152,3996645732
1104,4004756580,4002052160
1105,4010300064,4007595644
1106,4012200424,4009496004
1107,4014674392,4011969972
1108,4024091764,4021387344
1109,4029725660,4027021240
1110,4030920016,4028215596
1111,4037215824,4034511404
1112,4038433520,4035729100
1113,4038881020,4036176600
1114,4045587988,4042883568
1115,4045983120,4043278700
1116,4048686524,4045982104
1117,4050027092,4047322672
1118,4051390840,4048686420
1119,4051851644,4049147224
1120,4052716632,4050012212
1121,4056263816,4053559396
1122,4058447992,4055743572
1123,4061493416,4058788996
1124,4061996504,4059292084
1125,4065160428,4062456008
1126,4065750328,4063045908
1127,4067429716,4064725296
1128,4068364180,4065659760
1129,4069410304,4066705884
1130,4071815116,4069110696
1131,4082384684,4079680264
1132,4082935260,4080230840
1133,4086149184,4083444764
1134,4088792232,4086087812
1135,4094251408,4091546988
1136,4100749404,4098044984
1137,4101376728,4098672308
1138,4104132004,4101427584
1139,4106170108,4103465688
1140,4106356892,4103652472
1141,4108566672,4105862252
1142,4118194968,4115490548
1143,4126082088,4123377668
1144,4131770268,4129065848
1145,4134043340,4131338920
1146,4136996856,4134292436
1147,4138514712,4135810292
1148,4144703584,4141999164
1149,4145410676,4142706256
1150,4152749484,4150045064
1151,4156851196,4154146776
1152,4157389672,4154685252
1153,4162715840,4160011420
1154,4163266324,4160561904
1155,4167255812,4164551392
1156,4167475264,4164770844
1157,4169418700,4166714280
1158,4171953648,4169249228
1159,4173131104,4170426684
1160,4173745660,4171041240
1161,4174557464,4171853044
1162,4177779820,4175075400
1163,4183496516,4180792096
1164,4185265844,4182561424
1165,4193419056,4190714636
1166,4195610092,4192905672
1167,4195670164,4192965744
1168,4196511192,4193806772
1169,4203372696,4200668276
1170,4207082144,4204377724
1171,4217072144,4214367724
1172,4218896276,4216191856
1173,4222651596,4219947176
1174,4225642392,4222937972
1175,4226226580,4223522160
1176,4226491672,4223787252
1177,4228067664,4225363244
1178,4229289304,4226584884
1179,4230286416,4227581996
1180,4230448136,4227743716
1181,4237154012,4234449592
1182,4240618140,4237913720
1183,4242837516,4240133096
1184,4244913588,4242209168
1185,4247103500,4244399080
1186,4249772580,4247068160
1187,4250426532,4247722112
1188,4252295912,4249591492
1189,4258499024,4255794604
1190,4261099144,4258394724
1191,4263505380,4260800960
1192,4264670416,4261965996
1193,4267267832,4264563412
1194,4268647972,4265943552
1195,4274871444,4272167024
1196,4277763132,4275058712
1197,4278768768,4276064348
1198,4282249320,4279544900
1199,4282572456,4279868036
1200,4283178420,4280474000
1201,4287111012,4284406592
1202,4293759268,4291054848
1203,2429752,4294692628
1204,5835200,4298098076
1205,8157852,4300420728
1206,11932184,4304195060
1207,17139764,4309402640
1208,21677388,4313940264
1209,23698724,4315961600
1210,23903348,4316166224
1211,28642752,4320905628
1212,30108572,4322371448
1213,32459312,4324722188
1214,32954024,4325216900
1215,34131016,4326393892
1216,41225372,4333488248
1217,41757724,4334020600
1218,47042920,4339305796
1219,51707388,4343970264
1220,53566112,4345828988
1221,54915360,4347178236
1222,58981864,4351244740
1223,64540164,4356803040
1224,64615468,4356878344
1225,72742340,4365005216
1226,73225720,4365488596
1227,74990840,4367253716
1228,81048408,4373311284
1229,87022108,4379284984
1230,87145580,4379408456
1231,87237848,4379500724
1232,88888204,4381151080
1233,93128216,4385391092
1234,95277444,4387540320
1235,95344232,4387607108
1236,100552156,4392815032
1237,108100332,4400363208
1238,109396144,4401659020
1239,118539728,4410802604
1240,118814484,4411077360
1241,125334752,4417597628
1242,129666716,4421929592
1243,129674344,4421937220
1244,138256704,4430519580
1245,147893048,4440155924
1246,162051612,4454314488
1247,162076672,4454339548
1248,162823564,4455086440
1249,167876344,4460139220
1250,174561372,4466824248
1251,175955996,4468218872
1252,176849720,4469112596
1253,182065384,4474328260
1254,182775396,4475038272
1255,184039084,4476301960
1256,186252648,4478515524
1257,194883476,4487146352
1258,206012848,4498275724
1259,208234988,4500497864
1260,209856636,4502119512
1261,210794552,4503057428
1262,211023156,4503286032
1263,217874096,4510136972
1264,218218028,4510480904
1265,221609344,4513872220
1266,222867332,4515130208
1267,225332380,4517595256
1268,228525520,4520788396
1269,232309756,4524572632
1270,241639544,4533902420
1271,248464392,4540727268
1272,248476264,4540739140
1273,249303912,4541566788
1274,252794388,4545057264
1275,253893764,4546156640
1276,256326508,4548589384
1277,260768608,4553031484
1278,261239580,4553502456
1279,261713020,4553975896
1280,266591144,4558854020
1281,269590172,4561853048
1282,280154216,4572417092
1283,285591528,4577854404
1284,285671308,4577934184
1285,290097536,4582360412
1286,290301844,4582564720
1287,292282412,4584545288
1288,298326944,4590589820
1289,304250004,4596512880
1290,305037820,4597300696
1291,306592592,4598855468
1292,310139016,4602401892
1293,311305564,4603568440
1294,312284312,4604547188
1295,312836660,4605099536
1296,313627768,4605890644
1297,319606012,4611868888
1298,332603736,4624866612
1299,335062348,4627325224
1300,336060916,4628323792
1301,343420504,4635683380
1302,344473608,4636736484
1303,349701332,4641964208
1304,355095468,4647358344
1305,359335936,4651598812
1306,364931836,4657194712
1307,366490340,4658753216
1308,366708396,4658971272
1309,369419632,4661682508
1310,371857068,4664119944
1311,372096940,4664359816
1312,397155412,4689418288
1313,398747544,4691010420
1314,400886840,4693149716
1315,402624404,4694887280
1316,404634904,4696897780
1317,411487816,4703750692
1318,416524244,4708787120
1319,416813636,4709076512
1320,420353800,4712616676
1321,424998220,4717261096
1322,426213480,4718476356
1323,429090312,4721353188
1324,429274320,4721537196
1325,430109740,4722372616
1326,432933060,4725195936
1327,433480060,4725742936
1328,435770108,4728032984
1329,435953744,4728216620
1330,440702708,4732965584
1331,442290044,4734552920
1332,444367780,4736630656
1333,448898380,4741161256
1334,451328104,4743590980
1335,458386440,4750649316
1336,458959620,4751222496
1337,459531360,4751794236
1338,464499788,4756762664
1339,467588748,4759851624
1340,468014364,4760277240
1341,474744556,4767007432
1342,475278096,4767540972
1343,478530568,4770793444
1344,478664232,4770927108
1345,481483260,4773746136
1346,484222040,4776484916
1347,488015196,4780278072
1348,490243196,4782506072
1349,497847832,4790110708
1350,501968472,4794231348
1351,506141072,4798403948
1352,509288704,4801551580
1353,511044284,4803307160
1354,511894592,4804157468
1355,519266428,4811529304
1356,525943484,4818206360
1357,530568864,4822831740
1358,532664404,4824927280
1359,535680000,4827942876
1360,540995652,4833258528
1361,544641700,4836904576
1362,545650320,4837913196
1363,546127588,4838390464
1364,553761944,4846024820
1365,565885024,4858147900
1366,574072724,4866335600
1367,574948284,4867211160
1368,581565048,4873827924
1369,582842516,4875105392
1370,587033060,4879295936
1371,587824204,4880087080
1372,590888384,4883151260
1373,602586472,4894849348
1374,602941884,4895204760
1375,603249440,4895512316
1376,608180288,4900443164
1377,622718288,4914981164
1378,633883152,4926146028
1379,645171300,4937434176
1380,645526696,4937789572
1381,648193340,4940456216
1382,648899200,4941162076
1383,651060420,4943323296
1384,652231600,4944494476
1385,653649160,4945912036
1386,655130356,4947393232
1387,660410228,4952673104
1388,662178556,4954441432
1389,662262552,4954525428
1390,664024028,4956286904
1391,666333644,4958596520
1392,666337308,4958600184
1393,669916956,4962179832
1394,678199352,4970462228
1395,680501548,4972764424
1396,683568032,4975830908
1397,683733592,4975996468
1398,685246404,4977509280
1399,687158352,4979421228
1400,688522352,4980785228
1401,689643348,4981906224
1402,692915684,4985178560
1403,694619860,4986882736
1404,695078712,4987341588
1405,696605612,4988868488
1406,700213764,4992476640
1407,705737064,4997999940
1408,706111088,4998373964
1409,719536416,5011799292
1410,719908788,5012171664
1411,720111984,5012374860
1412,720861012,5013123888
1413,726996284,5019259160
1414,728031152,5020294028
1415,732818268,5025081144
1416,743210208,5035473084
1417,745641472,5037904348
1418,752196892,5044459768
1419,754478016,5046740892
1420,758756360,5051019236
1421,761416772,5053679648
1422,770198128,5062461004
1423,771539904,5063802780
1424,774957436,5067220312
1425,776369304,5068632180
1426,778072308,5070335184
1427,778710540,5070973416
1428,780462704,5072725580
1429,786386940,5078649816
1430,787554716,5079817592
1431,789261048,5081523924
1432,789331976,5081594852
1433,791745132,5084008008
1434,795482500,5087745376
1435,801309572,5093572448
1436,806243104,5098505980
1437,811844980,5104107856
1438,812802628,5105065504
1439,816522780,5108785656
1440,818708336,5110971212
1441,820933492,5113196368
1442,821797736,5114060612
1443,828837020,5121099896
1444,842856416,5135119292
1445,844329520,5136592396
1446,845755956,5138018832
1447,849564712,5141827588
1448,850594632,5142857508
1449,855985812,5148248688
1450,863944824,5156207700
1451,869252660,5161515536
1452,874770552,5167033428
1453,875216916,5167479792
1454,877713456,5169976332
1455,887760972,5180023848
1456,891231716,5183494592
1457,894241308,5186504184
1458,896258140,5188521016
1459,897218608,5189481484
1460,898301588,5190564464
1461,901356576,5193619452
1462,906394332,5198657208
1463,906834156,5199097032
1464,906923228,5199186104
1465,914155668,5206418544
1466,914426876,5206689752
1467,916387908,5208650784
1468,919281960,5211544836
1469,921087108,5213349984
1470,923040828,5215303704
1471,924139256,5216402132
1472,927991244,5220254120
1473,928670820,5220933696
1474,929466624,5221729500
1475,932817572,5225080448
1476,935395072,5227657948
1477,936622408,5228885284
1478,938741228,5231004104
1479,940029456,5232292332
1480,945462520,5237725396
1481,951471020,5243733896
1482,951767004,5244029880
1483,953995812,5246258688
1484,954243424,5246506300
1485,955707804,5247970680
1486,957757632,5250020508
1487,958268324,5250531200
1488,958970544,5251233420
1489,966510308,5258773184
1490,970023332,5262286208
1491,970343540,5262606416
1492,972473304,5264736180
1493,977016584,5269279460
1494,980692468,5272955344
1495,992302284,5284565160
1496,993661716,5285924592
1497,1001854724,5294117600
1498,1002369124,5294632000
1499,1003181756,5295444632
1500,1004673388,5296936264
1501,1014177728,5306440604
1502,1016633664,5308896540
1503,1023607720,5315870596
1504,1025841780,5318104656
1505,1025994964,5318257840
1506,1026674236,5318937112
1507,1027804524,5320067400
1508,1029226428,5321489304
1509,1032192200,5324455076
1510,1034927960,5327190836
1511,1038056504,5330319380
1512,1038354228,5330617104
1513,1038733140,5330996016
1514,1040138912,5332401788
1515,1042682780,5334945656
1516,1045399880,5337662756
1517,1047147556,5339410432
1518,1049814972,5342077848
1519,1050816960,5343079836
1520,1052000016,5344262892
1521,1054138324,5346401200
1522,1054340560,5346603436
1523,1054863876,5347126752
1524,1056941944,5349204820
1525,1057545332,5349808208
1526,1059962456,5352225332
1527,1061229704,5353492580
1528,1061606004,5353868880
1529,1066063560,5358326436
1530,1067941252,5360204128
1531,1070827476,5363090352
1532,1071093792,5363356668
1533,1073039328,5365302204
1534,1077441864,5369704740
1535,1083947360,5376210236
1536,1088069340,5380332216
1537,1096251744,5388514620
1538,1096669572,5388932448
1539,1096771472,5389034348
1540,1102172384,5394435260
1541,1104900820,5397163696
1542,1106017080,5398279956
1543,1107997368,5400260244
1544,1116529892,5408792768
1545,1120542852,5412805728
1546,1130573564,5422836440
1547,1130931764,5423194640
1548,1131632164,5423895040
1549,1132310304,5424573180
1550,1133856520,5426119396
1551,1137140008,5429402884
1552,1139806828,5432069704
1553,1142199076,5434461952
1554,1143146384,5435409260
1555,1144969424,5437232300
1556,1147503852,5439766728
1557,1148877968,5441140844
1558,1151316076,5443578952
1559,1156269892,5448532768
1560,1159131164,5451394040
1561,1161065460,5453328336
1562,1164311268,5456574144
1563,1169221228,5461484104
1564,1172362248,5464625124
1565,1174518576,5466781452
1566,1175647940,5467910816
1567,1177101028,5469363904
1568,1177368852,5469631728
1569,1177508112,5469770988
1570,1178672904,5470935780
1571,1178957888,5471220764
1572,1182816836,5475079712
1573,1201212304,5493475180
1574,1207125608,5499388484
1575,1216819356,5509082232
1576,1218121704,5510384580
1577,1220524908,5512787784
1578,1229707568,5521970444
1579,1232650304,5524913180
1580,1243479460,5535742336
1581,1243579304,5535842180
1582,1249020404,5541283280
1583,1252246576,5544509452
1584,1252325068,5544587944
1585,1253204188,5545467064
1586,1263593932,5555856808
1587,1263790640,5556053516
1588,1266987448,5559250324
1589,1271948648,5564211524
1590,1277017900,5569280776
1591,1277124428,5569387304
1592,1282393464,5574656340
1593,1283395388,5575658264
1594,1284166192,5576429068
1595,1284393448,5576656324
1596,1289594808,5581857684
1597,1290174532,5582437408
1598,1291346140,5583609016
1599,1292282596,5584545472
1600,1301319904,5593582780
1601,1303750384,5596013260
1602,1305202568,5597465444
1603,1305332952,5597595828
1604,1307835388,5600098264
1605,1310681984,5602944860
1606,1314387628,5606650504
1607,1315097736,5607360612
1608,1319836748,5612099624
1609,1320125608,5612388484
1610,1323796976,5616059852
1611,1326995592,5619258468
1612,1331252992,5623515868
1613,1336942684,5629205560
1614,1338274908,5630537784
1615,1338277472,5630540348
1616,1341446816,5633709692
1617,1346141296,5638404172
1618,1352984628,5645247504
1619,1353885420,5646148296
1620,1356860188,5649123064
1621,1357900624,5650163500
1622,1365944352,5658207228
1623,1367317156,5659580032
1624,1373634292,5665897168
1625,1377152160,5669415036
1626,1377878804,5670141680
1627,1378606248,5670869124
1628,1397301480,5689564356
1629,1401007024,5693269900
1630,1401367496,5693630372
1631,1402806280,5695069156
1632,1403219220,5695482096
1633,1406512508,5698775384
1634,1408604964,5700867840
1635,1410739640,5703002516
1636,1418151192,5710414068
1637,1420230872,5712493748
1638,1422860468,5715123344
1639,1424760164,5717023040
1640,1425379976,5717642852
1641,1430527584,5722790460
1642,1432872428,5725135304
1643,1437400232,5729663108
1644,1438220456,5730483332
1645,1442545540,5734808416
1646,1451973504,5744236380
1647,1453889120,5746151996
1648,1457555876,5749818752
1649,1464694468,5756957344
1650,1466742824,5759005700
1651,1468133928,5760396804
1652,1476322472,5768585348
1653,1478631724,5770894600
1654,1480420796,5772683672
1655,1482287040,5774549916
1656,1486299904,5778562780
1657,1492131328,5784394204
1658,1503099468,5795362344
1659,1505736744,5797999620
1660,1513555984,5805818860
1661,1524664928,5816927804
1662,1532600676,5824863552
1663,1538761016,5831023892
1664,1544170692,5836433568
1665,1545140080,5837402956
1666,1546914952,5839177828
1667,1549333276,5841596152
1668,1550358012,5842620888
1669,1550491172,5842754048
1670,1551282120,5843544996
1671,1559782616,5852045492
1672,1560347544,5852610420
1673,1577858944,5870121820
1674,1584603980,5876866856
1675,1589492352,5881755228
1676,1593586728,5885849604
1677,1597415180,5889678056
1678,1598981236,5891244112
1679,1606651824,5898914700
1680,1607145260,5899408136
1681,1614921324,5907184200
1682,1618095820,5910358696
1683,1623310716,5915573592
1684,1633651628,5925914504
1685,1634309412,5926572288
1686,1634620436,5926883312
1687,1635380140,5927643016
1688,1637414820,5929677696
1689,1646779832,5939042708
1690,1651991296,5944254172
1691,1653496852,5945759728
1692,1654693556,5946956432
1693,1656031240,5948294116
1694,1663081872,5955344748
1695,1663512152,5955775028
1696,1664971868,5957234744
1697,1671367300,5963630176
1698,1672896752,5965159628
1699,1673652868,5965915744
1700,1682814224,5975077100
1701,1686171400,5978434276
1702,1687917616,5980180492
1703,1691244552,5983507428
1704,1693077768,5985340644
1705,1694308064,5986570940
1706,1699964776,5992227652
1707,1701048048,5993310924
1708,1701067156,5993330032
1709,1711055468,6003318344
1710,1712123360,6004386236
1711,1712916684,6005179560
1712,1718157600,6010420476
1713,1721081968,6013344844
1714,1723220964,6015483840
1715,1728926652,6021189528
1716,1728974672,6021237548
1717,1729522380,6021785256
1718,1730858448,6023121324
1719,1738871428,6031134304
1720,1739101536,6031364412
1721,1739283280,6031546156
1722,1743055568,6035318444
1723,1751690164,6043953040
1724,1757503196,6049766072
1725,1759577208,6051840084
1726,1767051180,6059314056
1727,1770386572,6062649448
1728,1770980404,6063243280
1729,1773421364,6065684240
1730,1776193636,6068456512
1731,1788022800,6080285676
1732,1788023784,6080286660
1733,1788732468,6080995344
1734,1801671000,6093933876
1735,1802351076,6094613952
1736,1802571624,6094834500
1737,1805402648,6097665524
1738,1807159084,6099421960
1739,1810752136,6103015012
1740,1815263060,6107525936
1741,1815562756,6107825632
1742,1816793340,6109056216
1743,1820292512,6112555388
1744,1822628772,6114891648
1745,1828303788,6120566664
1746,1832051776,6124314652
1747,1846668996,6138931872
1748,1847176856,6139439732
1749,1853843320,6146106196
1750,1859138396,6151401272
1751,1859317504,6151580380
1752,1865190056,6157452932
1753,1872649332,6164912208
1754,1872892348,6165155224
1755,1876932988,6169195864
1756,1876935952,6169198828
1757,1884490128,6176753004
1758,1885955876,6178218752
1759,1886841796,6179104672
1760,1892626300,6184889176
1761,1896655204,6188918080
1762,1902398868,6194661744
1763,1908841808,6201104684
1764,1910296856,6202559732
1765,1911407804,6203670680
1766,1911502420,6203765296
1767,1914194360,6206457236
1768,1916676108,6208938984
1769,1919162408,6211425284
1770,1931054380,6223317256
1771,1936276068,6228538944
1772,1941663528,6233926404
1773,1943694844,6235957720
1774,1959864524,6252127400
1775,1964845000,6257107876
1776,1977236120,6269498996
1777,1980584396,6272847272
1778,1980897708,6273160584
1779,1981106740,6273369616
1780,1989269412,6281532288
1781,1991819972,6284082848
1782,1993722528,6285985404
1783,1998362364,6290625240
1784,1999479176,6291742052
1785,2001641128,6293904004
1786,2002056880,6294319756
1787,2004163816,6296426692
1788,2015477344,6307740220
1789,2018547532,6310810408
1790,2028116664,6320379540
1791,2028117768,6320380644
1792,2031878608,6324141484
1793,2033978676,6326241552
1794,2036992400,6329255276
1795,2037520376,6329783252
1796,2037689344,6329952220
1797,2049574964,6341837840
1798,2050249472,6342512348
1799,2052486728,6344749604
1800,2056576176,6348839052
1801,2065556268,6357819144
1802,2068189000,6360451876
1803,2074640492,6366903368
1804,2074671112,6366933988
1805,2074733636,6366996512
1806,2080285956,6372548832
1807,2080389560,6372652436
1808,2087031716,6379294592
1809,2087761588,6380024464
1810,2090273776,6382536652
1811,2091979784,6384242660
1812,2094423868,6386686744
1813,2098541440,6390804316
1814,2105546636,6397809512
1815,2106074480,6398337356
1816,2107410272,6399673148
1817,2108973284,6401236160
1818,2115655056,6407917932
1819,2119333784,6411596660
1820,2124297268,6416560144
1821,2134411872,6426674748
1822,2137719144,6429982020
1823,2139857044,6432119920
1824,2140788416,6433051292
1825,2142054196,6434317072
1826,2145424292,6437687168
1827,2146224616,6438487492
1828,2151744960,6444007836
1829,2154289368,6446552244
1830,2172155816,6464418692
1831,2177079744,6469342620
1832,2180716068,6472978944
1833,2185872716,6478135592
1834,2187477144,6479740020
1835,2187551964,6479814840
1836,2190958712,6483221588
1837,2202622456,6494885332
1838,2204684404,6496947280
1839,2206344256,6498607132
1840,2207246836,6499509712
1841,2220716876,6512979752
1842,2221427016,6513689892
1843,2230527460,6522790336
1844,2233740844,6526003720
1845,2235635408,6527898284
1846,2237385092,6529647968
1847,2240556764,6532819640
1848,2252729636,6544992512
1849,2253441184,6545704060
1850,2254139332,6546402208
1851,2255331140,6547594016
1852,2259117964,6551380840
1853,2264238420,6556501296
1854,2288830432,6581093308
1855,2290090960,6582353836
1856,2290828176,6583091052
1857,2292997472,6585260348
1858,2296715176,6588978052
1859,2296922808,6589185684
1860,2303736608,6595999484
1861,2305524448,6597787324
1862,2305702980,6597965856
1863,2309899308,6602162184
1864,2310878280,6603141156
1865,2315011056,6607273932
1866,2318945416,6611208292
1867,2322291772,6614554648
1868,2331127096,6623389972
1869,2333267532,6625530408
1870,2337186680,6629449556
1871,2339633276,6631896152
1872,2343900544,6636163420
1873,2348800720,6641063596
1874,2355878148,6648141024
1875,2358558504,6650821380
1876,2358951224,6651214100
1877,2374239500,6666502376
1878,2380574880,6672837756
1879,2381677536,6673940412
1880,2386841800,6679104676
1881,2388054460,6680317336
1882,2388825780,6681088656
1883,2392640392,6684903268
1884,2394388608,6686651484
1885,2395926472,6688189348
1886,2396921540,6689184416
1887,2396940108,6689202984
1888,2398552620,6690815496
1889,2403742356,6696005232
1890,2404534048,6696796924
1891,2405193172,6697456048
1892,2405525428,6697788304
1893,2405904992,6698167868
1894,2410051780,6702314656
1895,2417026540,6709289416
1896,2417825508,6710088384
1897,2419407804,6711670680
1898,2428640860,6720903736
1899,2434882752,6727145628
1900,2435108596,6727371472
1901,2443847388,6736110264
1902,2450191704,6742454580
1903,2453254856,6745517732
1904,2453713452,6745976328
1905,2455190000,6747452876
1906,2455721484,6747984360
1907,2456767520,6749030396
1908,2460546640,6752809516
1909,2460907656,6753170532
1910,2463216992,6755479868
1911,2469194044,6761456920
1912,2469964400,6762227276
1913,2473469360,6765732236
1914,2481051796,6773314672
1915,2486382848,6778645724
1916,2490323364,6782586240
1917,2491415952,6783678828
1918,2494902784,6787165660
1919,2502411744,6794674620
1920,2504893136,6797156012
1921,2509338924,6801601800
1922,2511086244,6803349120
1923,2514245948,6806508824
1924,2531396584,6823659460
1925,2536351584,6828614460
1926,2539048028,6831310904
1927,2552285644,6844548520
1928,2552546408,6844809284
1929,2554504888,6846767764
1930,2555785468,6848048344
1931,2556547624,6848810500
1932,2558965564,6851228440
1933,2562807060,6855069936
1934,2565214428,6857477304
1935,2566366204,6858629080
1936,2579488992,6871751868
1937,2583217880,6875480756
1938,2587860320,6880123196
1939,2591771580,6884034456
1940,2596967588,6889230464
1941,2608166200,6900429076
1942,2612166008,6904428884
1943,2613030840,6905293716
1944,2613413380,6905676256
1945,2613807316,6906070192
1946,2615273716,6907536592
1947,2615608584,6907871460
1948,2615811316,6908074192
1949,2617067852,6909330728
1950,2620034180,6912297056
1951,2621993336,6914256212
1952,2624887692,6917150568
1953,2628111264,6920374140
1954,2628525772,6920788648
1955,2631623924,6923886800
1956,2633505644,6925768520
1957,2633802996,6926065872
1958,2636567648,6928830524
1959,2646255624,6938518500
1960,2648591792,6940854668
1961,2650188680,6942451556
1962,2650459816,6942722692
1963,2656178252,6948441128
1964,2658052036,6950314912
1965,2664152264,6956415140
1966,2671229700,6963492576
1967,2675350056,6967612932
1968,2681917012,6974179888
1969,2683167552,6975430428
1970,2683628300,6975891176
1971,2686526748,6978789624
1972,2688197916,6980460792
1973,2693319056,6985581932
1974,2694478512,6986741388
1975,2698995668,6991258544
1976,2708603756,7000866632
1977,2710200284,7002463160
1978,2711967012,7004229888
1979,2712956824,7005219700
1980,2718102012,7010364888
1981,2719140628,7011403504
1982,2724012420,7016275296
1983,2725678612,7017941488
1984,2726795156,7019058032
1985,2730108312,7022371188
1986,2732112204,7024375080
1987,2732907192,7025170068
1988,2734847304,7027110180
1989,2734961816,7027224692
1990,2743304552,7035567428
1991,2744972776,7037235652
1992,2756209008,7048471884
1993,2765174144,7057437020
1994,2766036788,7058299664
1995,2770815676,7063078552
1996,2776389640,7068652516
1997,2777436440,7069699316
1998,2778839608,7071102484
1999,2785235804,7077498680
2000,2791025320,7083288196
2001,2791351576,7083614452
2002,2792145780,7084408656
2003,2793692252,7085955128
2004,2794822516,7087085392
2005,2799811484,7092074360
2006,2802318500,7094581376
2007,2802604816,7094867692
2008,2806454584,7098717460
2009,2806584428,7098847304
2010,2816438332,7108701208
2011,2817404536,7109667412
2012,2820140268,7112403144
2013,2824052948,7116315824
2014,2825735000,7117997876
2015,2831297848,7123560724
2016,2835583552,7127846428
2017,2840726184,7132989060
2018,2842311400,7134574276
2019,2844582108,7136844984
2020,2844707344,7136970220
2021,2844936904,7137199780
2022,2848627156,7140890032
2023,2852189796,7144452672
2024,2855976008,7148238884
2025,2859220312,7151483188
2026,2860343352,7152606228
2027,2864923252,7157186128
2028,2865423920,7157686796
2029,2865892944,7158155820
2030,2874506576,7166769452
2031,2875656148,7167919024
2032,2876173228,7168436104
2033,2881253224,7173516100
2034,2882922716,7175185592
2035,2884747436,7177010312
2036,2884956584,7177219460
2037,2891136728,7183399604
2038,2892062564,7184325440
2039,2909324896,7201587772
2040,2912329172,7204592048
2041,2920394536,7212657412
2042,2929278324,7221541200
2043,2930596704,7222859580
2044,2931067288,7223330164
2045,2937186324,7229449200
2046,2937277616,7229540492
2047,2937523240,7229786116
2048,2938054180,7230317056
2049,2947615668,7239878544
2050,2948646660,7240909536
2051,2954131372,7246394248
2052,2971528900,7263791776
2053,2974074000,7266336876
2054,2976787128,7269050004
2055,2982849776,7275112652
2056,2988394200,7280657076
2057,2988828592,7281091468
2058,2988969552,7281232428
2059,2991463064,7283725940
2060,3008324860,7300587736
2061,3010503204,7302766080
2062,3012535340,7304798216
2063,3019823636,7312086512
2064,3022108820,7314371696
2065,3023907688,7316170564
2066,3031227936,7323490812
2067,3032356584,7324619460
2068,3033648140,7325911016
2069,3040763428,7333026304
2070,3041320244,7333583120
2071,3052223144,7344486020
2072,3055244204,7347507080
2073,3056429612,7348692488
2074,3060797544,7353060420
2075,3070254316,7362517192
2076,3072538448,7364801324
2077,3072875304,7365138180
2078,3082939340,7375202216
2079,3090704232,7382967108
2080,3092220112,7384482988
2081,3096860000,7389122876
2082,3102528096,7394790972
2083,3108601732,7400864608
2084,3110949472,7403212348
2085,3113099788,7405362664
2086,3113996796,7406259672
2087,3116785064,7409047940
2088,3119887016,7412149892
2089,3127370864,7419633740
2090,3127740888,7420003764
2091,3130653728,7422916604
2092,3131378424,7423641300
2093,3137975744,7430238620
2094,3154598704,7446861580
2095,3155238004,7447500880
2096,3163773716,7456036592
2097,3166480888,7458743764
2098,3171871316,7464134192
2099,3175144072,7467406948
2100,3176787072,7469049948
2101,3184974284,7477237160
2102,3189034536,7481297412
2103,3197064336,7489327212
2104,3198521524,7490784400
2105,3206053120,7498315996
2106,3206573440,7498836316
2107,3210996436,7503259312
2108,3212818372,7505081248
2109,3213155488,7505418364
2110,3215451452,7507714328
2111,3221823144,7514086020
2112,3224466376,7516729252
2113,3226113288,7518376164
2114,3231487044,7523749920
2115,3231958128,7524221004
2116,3232778192,7525041068
2117,3233257056,7525519932
2118,3235980500,7528243376
2119,3239058348,7531321224
2120,3244842360,7537105236
2121,3250742892,7543005768
2122,3252687136,7544950012
2123,3257229912,7549492788
2124,3267078296,7559341172
2125,3267769864,7560032740
2126,3276958476,7569221352
2127,3278584180,7570847056
2128,3288121140,7580384016
2129,3289027888,7581290764
2130,3292168064,7584430940
2131,3293477920,7585740796
2132,3298104764,7590367640
2133,3299069036,7591331912
2134,3302513932,7594776808
2135,3307489008,7599751884
2136,3316038840,7608301716
2137,3316144200,7608407076
2138,3323886504,7616149380
2139,3332914940,7625177816
2140,3334560104,7626822980
2141,3335564608,7627827484
2142,3335635496,7627898372
2143,3344605588,7636868464
2144,3347261644,7639524520
2145,3350329760,7642592636
2146,3351931384,7644194260
2147,3364366088,7656628964
2148,3371034588,7663297464
2149,3372849456,7665112332
2150,3375262360,7667525236
2151,3375585896,7667848772
2152,3376701684,7668964560
2153,3388938652,7681201528
2154,3396352384,7688615260
2155,3399853892,7692116768
2156,3409177028,7701439904
2157,3415119724,7707382600
2158,3421702492,7713965368
2159,3428386180,7720649056
2160,3428867896,7721130772
2161,3432914944,7725177820
2162,3435247152,7727510028
2163,3440661128,7732924004
2164,3441137864,7733400740
2165,3442494064,7734756940
2166,3442650000,7734912876
2167,3446129416,7738392292
2168,3447616844,7739879720
2169,3452675228,7744938104
2170,3453152732,7745415608
2171,3454401880,7746664756
2172,3456687740,7748950616
2173,3457269748,7749532624
2174,3457344552,7749607428
2175,3458944300,7751207176
2176,3459180528,7751443404
2177,3459303628,7751566504
2178,3462609960,7754872836
2179,3463020256,7755283132
2180,3477996516,7770259392
2181,3480965596,7773228472
2182,3481718092,7773980968
2183,3485002140,7777265016
2184,3487670104,7779932980
2185,3488718588,7780981464
2186,3494092012,7786354888
2187,3497909904,7790172780
2188,3499542572,7791805448
2189,3510283368,7802546244
2190,3514588736,7806851612
2191,3523382108,7815644984
2192,3530248236,7822511112
2193,3530365856,7822628732
2194,3531123916,7823386792
2195,3534576704,7826839580
2196,3540030224,7832293100
2197,3545138388,7837401264
2198,3545969504,7838232380
2199,3549736128,7841999004
2200,3549838056,7842100932
2201,3552384360,7844647236
2202,3553053316,7845316192
2203,3557402896,7849665772
2204,3560650548,7852913424
2205,3567391888,7859654764
2206,3569753192,7862016068
2207,3570802248,7863065124
2208,3574577920,7866840796
2209,3577792280,7870055156
2210,3578308460,7870571336
2211,3578575256,7870838132
2212,3578833216,7871096092
2213,3579212736,7871475612
2214,3579225456,7871488332
2215,3580646448,7872909324
2216,3587168728,7879431604
2217,3592185232,7884448108
2218,3593046428,7885309304
2219,3596759116,7889021992
2220,3599525000,7891787876
2221,3603882544,7896145420
2222,3606845568,7899108444
2223,3611034800,7903297676
2224,3614261652,7906524528
2225,3614691508,7906954384
2226,3616691892,7908954768
2227,3617445972,7909708848
2228,3619483968,7911746844
2229,3624833212,7917096088
2230,3634294440,7926557316
2231,3641490744,7933753620
2232,3641685396,7933948272
2233,3642660384,7934923260
2234,3645082096,7937344972
2235,3656630824,7948893700
2236,3657691444,7949954320
2237,3658243432,7950506308
2238,3658686968,7950949844
2239,3660503100,7952765976
2240,3661654404,7953917280
2241,3663082168,7955345044
2242,3666974356,7959237232
2243,3668025996,7960288872
2244,3677266900,7969529776
2245,3683743256,7976006132
2246,3686671556,7978934432
2247,3687479872,7979742748
2248,3690049240,7982312116
2249,3691052020,7983314896
2250,3693448160,7985711036
2251,3694708552,7986971428
2252,3702649608,7994912484
2253,3703311360,7995574236
2254,3706676780,7998939656
2255,3714560564,8006823440
2256,3718730996,8010993872
2257,3722642508,8014905384
2258,3724441156,8016704032
2259,3726802516,8019065392
2260,3726866680,8019129556
2261,3728020876,8020283752
2262,3730441060,8022703936
2263,3731251184,8023514060
2264,3734785640,8027048516
2265,3735769640,8028032516
2266,3743653000,8035915876
2267,3751212284,8043475160
2268,3751812268,8044075144
2269,3754452604,8046715480
2270,3758477972,8050740848
2271,3761669032,8053931908
2272,3762391908,8054654784
2273,3763296448,8055559324
2274,3765552340,8057815216
2275,3771679616,8063942492
2276,3775846908,8068109784
2277,3776704672,8068967548
2278,3777337904,8069600780
2279,3782819600,8075082476
2280,3785289236,8077552112
2281,3788639788,8080902664
2282,3789913900,8082176776
2283,3790963196,8083226072
2284,3791364520,8083627396
2285,3792177752,8084440628
2286,3795725824,8087988700
2287,3800812760,8093075636
2288,3806100148,8098363024
2289,3808921744,8101184620
2290,3811503692,8103766568
2291,3812513996,8104776872
2292,3819252796,8111515672
2293,3822508220,8114771096
2294,3824172572,8116435448
2295,3825579516,8117842392
2296,3829296540,8121559416
2297,3833722820,8125985696
2298,3834460544,8126723420
2299,3837465260,8129728136
2300,3837759976,8130022852
2301,3837896800,8130159676
2302,3837899752,8130162628
2303,3838488620,8130751496
2304,3841436972,8133699848
2305,3841808448,8134071324
2306,3842438560,8134701436
2307,3842493888,8134756764
2308,3847312232,8139575108
2309,3847715792,8139978668
2310,3849543124,8141806000
2311,3850319928,8142582804
2312,3855422660,8147685536
2313,3866039708,8158302584
2314,3868611704,8160874580
2315,3871571352,8163834228
2316,3872916768,8165179644
2317,3874841376,8167104252
2318,3876377460,8168640336
2319,3878952896,8171215772
2320,3887367560,8179630436
2321,3887597408,8179860284
2322,3888474756,8180737632
2323,3890006204,8182269080
2324,3896355848,8188618724
2325,3899429400,8191692276
2326,3905009492,8197272368
2327,3906563620,8198826496
2328,3913000064,8205262940
2329,3915927176,8208190052
2330,3917224536,8209487412
2331,3918529984,8210792860
2332,3918750504,8211013380
2333,3920105792,8212368668
2334,3924290272,8216553148
2335,3927563896,8219826772
2336,3931294576,8223557452
2337,3935326356,8227589232
2338,3937465240,8229728116
2339,3938094528,8230357404
2340,3939584816,8231847692
2341,3940904808,8233167684
2342,3943432048,8235694924
2343,3944777156,8237040032
2344,3946573180,8238836056
2345,3951664124,8243927000
2346,3951885416,8244148292
2347,3960400240,8252663116
2348,3964471864,8256734740
2349,3967253216,8259516092
2350,3969070452,8261333328
2351,3969568964,8261831840
2352,3975582400,8267845276
2353,3976326660,8268589536
2354,3981842408,8274105284
2355,3982911072,8275173948
2356,3990596416,8282859292
2357,3994305788,8286568664
2358,3994654824,8286917700
2359,3999411560,8291674436
2360,4011431420,8303694296
2361,4012917736,8305180612
2362,4013007120,8305269996
2363,4016241208,8308504084
2364,4016407300,8308670176
2365,4019647388,8311910264
2366,4019936052,8312198928
2367,4022559160,8314822036
2368,4024924952,8317187828
2369,4029331680,8321594556
2370,4034618004,8326880880
2371,4049012448,8341275324
2372,4056588296,8348851172
2373,4057422364,8349685240
2374,4065228008,8357490884
2375,4077155148,8369418024
2376,4092311328,8384574204
2377,4095439992,8387702868
2378,4097655340,8389918216
2379,4109917008,8402179884
2380,4111199180,8403462056
2381,4116289288,8408552164
2382,4121670064,8413932940
2383,4122193972,8414456848
2384,4124691496,8416954372
2385,4129937556,8422200432
2386,4132472288,8424735164
2387,4134789416,8427052292
2388,4139166208,8431429084
2389,4145040048,8437302924
2390,4145714516,8437977392
2391,4146124112,8438386988
2392,4154033292,8446296168
2393,4155830780,8448093656
2394,4159412968,8451675844
2395,4160988604,8453251480
2396,4161323712,8453586588
2397,4161760472,8454023348
2398,4163572100,8455834976
2399,4168248704,8460511580
2400,4172886052,8465148928
2401,4177926676,8470189552
2402,4186701224,8478964100
2403,4190220080,8482482956
2404,4191415492,8483678368
2405,4191918436,8484181312
2406,4192289412,8484552288
2407,4198852420,8491115296
2408,4199952672,8492215548
2409,4200731188,8492994064
2410,4204911364,8497174240
2411,4208390900,8500653776
2412,4210117964,8502380840
2413,4211251396,8503514272
2414,4211360592,8503623468
2415,4220326900,8512589776
2416,4221462568,8513725444
2417,4222940832,8515203708
2418,4238255300,8530518176
2419,4239414596,8531677472
2420,4241903368,8534166244
2421,4243277804,8535540680
2422,4244147884,8536410760
2423,4244364848,8536627724
2424,4246480988,8538743864
2425,4246947608,8539210484
2426,4249955108,8542217984
2427,4252898360,8545161236
2428,4253776356,8546039232
2429,4256344444,8548607320
2430,4259645844,8551908720
2431,4261778324,8554041200
2432,4263982916,8556245792
2433,4274406504,8566669380
2434,4278027304,8570290180
2435,4278898344,8571161220
2436,4282728056,8574990932
2437,4288390340,8580653216
2438,3950908,8591181080
2439,6569820,8593799992
2440,12870824,8600100996
2441,12939288,8600169460
2442,14005340,8601235512
2443,20978460,8608208632
2444,22578992,8609809164
2445,26001856,8613232028
2446,28091820,8615321992
2447,29081732,8616311904
2448,31544960,8618775132
2449,33786236,8621016408
2450,43025248,8630255420
2451,46978492,8634208664
2452,47712204,8634942376
2453,59524484,8646754656
2454,63378544,8650608716
2455,70381088,8657611260
2456,71807620,8659037792
2457,72899924,8660130096
2458,74044452,8661274624
2459,88220936,8675451108
2460,94501300,8681731472
2461,97161144,8684391316
2462,97505424,8684735596
2463,98745000,8685975172
2464,99219412,8686449584
2465,99847492,8687077664
2466,106482872,8693713044
2467,108862188,8696092360
2468,110671616,8697901788
2469,110974104,8698204276
2470,112146276,8699376448
2471,116778652,8704008824
2472,117207504,8704437676
2473,122831528,8710061700
2474,125973676,8713203848
2475,139535144,8726765316
2476,142981520,8730211692
2477,155194600,8742424772
2478,155869652,8743099824
2479,156051992,8743282164
2480,156383088,8743613260
2481,164668684,8751898856
2482,167639856,8754870028
2483,184799096,8772029268
2484,185013436,8772243608
2485,197189768,8784419940
2486,202060308,8789290480
2487,202081036,8789311208
2488,203490856,8790721028
2489,206040084,8793270256
2490,206335416,8793565588
2491,207307380,8794537552
2492,218998564,8806228736
2493,221165432,8808395604
2494,221334300,8808564472
2495,221360012,8808590184
2496,224016156,8811246328
2497,225896208,8813126380
2498,228439500,8815669672
2499,232261676,8819491848
2500,232442592,8819672764
2501,236578184,8823808356
2502,241371524,8828601696
2503,241865368,8829095540
2504,241942740,8829172912
2505,252838488,8840068660
2506,254129660,8841359832
2507,255641112,8842871284
2508,261700616,8848930788
2509,265417868,8852648040
2510,267743488,8854973660
2511,274604132,8861834304
2512,281700796,8868930968
2513,282197008,8869427180
2514,282694792,8869924964
2515,282724512,8869954684
2516,282728476,8869958648
2517,287862120,8875092292
2518,290803548,8878033720
2519,291244092,8878474264
2520,295130988,8882361160
2521,299568172,8886798344
2522,302258504,8889488676
2523,309035112,8896265284
2524,310130372,8897360544
2525,312984636,8900214808
2526,317660408,8904890580
2527,318263376,8905493548
2528,322438644,8909668816
2529,324611784,8911841956
2530,326161328,8913391500
2531,330067340,8917297512
2532,340020984,8927251156
2533,344069584,8931299756
2534,344250720,8931480892
2535,345968208,8933198380
2536,348901568,8936131740
2537,351242448,8938472620
2538,356712592,8943942764
2539,360020056,8947250228
2540,360318060,8947548232
2541,362004488,8949234660
2542,364773360,8952003532
2543,368674916,8955905088
2544,371099560,8958329732
2545,373185100,8960415272
2546,373950188,8961180360
2547,374679968,8961910140
2548,379114656,8966344828
2549,384717268,8971947440
2550,391366560,8978596732
2551,393451560,8980681732
2552,395722788,8982952960
2553,396561720,8983791892
2554,399077996,8986308168
2555,400778268,8988008440
2556,403480084,8990710256
2557,406979824,8994209996
2558,408002408,8995232580
2559,413094068,9000324240
2560,414840460,9002070632
2561,416938624,9004168796
2562,417848312,9005078484
2563,418987780,9006217952
2564,422005216,9009235388
2565,424813644,9012043816
2566,425361772,9012591944
2567,430361532,9017591704
2568,435873984,9023104156
2569,440676228,9027906400
2570,443166644,9030396816
2571,444810868,9032041040
2572,445117480,9032347652
2573,447796776,9035026948
2574,451188332,9038418504
2575,452967460,9040197632
2576,454596244,9041826416
2577,463922780,9051152952
2578,468604688,9055834860
2579,471431100,9058661272
2580,472382068,9059612240
2581,472763404,9059993576
2582,473470948,9060701120
2583,477204300,9064434472
2584,480788796,9068018968
2585,484539668,9071769840
2586,484749268,9071979440
2587,485339744,9072569916
2588,487109828,9074340000
2589,488843384,9076073556
2590,488872260,9076102432
2591,488948340,9076178512
2592,500356452,9087586624
2593,509911004,9097141176
2594,516552156,9103782328
2595,519778452,9107008624
2596,525131492,9112361664
2597,530684072,9117914244
2598,531523460,9118753632
2599,531562020,9118792192
2600,540903056,9128133228
2601,543687156,9130917328
2602,548640600,9135870772
2603,548954124,9136184296
2604,549745240,9136975412
2605,552340048,9139570220
2606,552639132,9139869304
2607,557460092,9144690264
2608,557824640,9145054812
2609,558745156,9145975328
2610,563082700,9150312872
2611,563600348,9150830520
2612,573364060,9160594232
2613,578363768,9165593940
2614,579339960,9166570132
2615,582534692,9169764864
2616,596944460,9184174632
2617,607381168,9194611340
2618,609153472,9196383644
2619,614966444,9202196616
2620,619061472,9206291644
2621,627064428,9214294600
2622,634634912,9221865084
2623,635479028,9222709200
2624,645606060,9232836232
2625,651796980,9239027152
2626,655688960,9242919132
2627,656442512,9243672684
2628,661259528,9248489700
2629,665152968,9252383140
2630,670375556,9257605728
2631,677086020,9264316192
2632,681776224,9269006396
2633,685063576,9272293748
2634,690462320,9277692492
2635,692002260,9279232432
2636,695336144,9282566316
2637,696170912,9283401084
2638,701993956,9289224128
2639,708943076,9296173248
2640,709890696,9297120868
2641,713160636,9300390808
2642,713498972,9300729144
2643,716974440,9304204612
2644,731099572,9318329744
2645,731284044,9318514216
2646,731759408,9318989580
2647,732546744,9319776916
2648,733589876,9320820048
2649,733862820,9321092992
2650,739859028,9327089200
2651,740852332,9328082504
2652,754403956,9341634128
2653,758366260,9345596432
2654,764248716,9351478888
2655,764858308,9352088480
2656,768850800,9356080972
2657,777033980,9364264152
2658,777676548,9364906720
2659,781447924,9368678096
2660,786739168,9373969340
2661,805764704,9392994876
2662,811097200,9398327372
2663,814106368,9401336540
2664,816013940,9403244112
2665,821510016,9408740188
2666,823537768,9410767940
2667,830526668,9417756840
2668,833176976,9420407148
2669,837187704,9424417876
2670,843458092,9430688264
2671,845460900,9432691072
2672,846146976,9433377148
2673,847314080,9434544252
2674,848379656,9435609828
2675,851309844,9438540016
2676,857140540,9444370712
2677,860698000,9447928172
2678,862647916,9449878088
2679,864756120,9451986292
2680,877208028,9464438200
2681,877554024,9464784196
2682,880686492,9467916664
2683,884296296,9471526468
2684,891546368,9478776540
2685,892869792,9480099964
2686,893110228,9480340400
2687,895738012,9482968184
2688,902657588,9489887760
2689,905150460,9492380632
2690,919823820,9507053992
2691,924418484,9511648656
2692,931450928,9518681100
2693,931590356,9518820528
2694,933222632,9520452804
2695,939041884,9526272056
2696,940808764,9528038936
2697,944098420,9531328592
2698,948462312,9535692484
2699,950308804,9537538976
2700,965433384,9552663556
2701,965968720,9553198892
2702,967577852,9554808024
2703,968098340,9555328512
2704,974057464,9561287636
2705,974277952,9561508124
2706,974766272,9561996444
2707,980026464,9567256636
2708,985253888,9572484060
2709,987076508,9574306680
2710,989533512,9576763684
2711,990703848,9577934020
2712,991277676,9578507848
2713,992258820,9579488992
2714,999578000,9586808172
2715,1001502216,9588732388
2716,1001996820,9589226992
2717,1002118548,9589348720
2718,1003165592,9590395764
2719,1004784996,9592015168
2720,1005282536,9592512708
2721,1008356676,9595586848
2722,1008695832,9595926004
2723,1008906284,9596136456
2724,1012391248,9599621420
2725,1013467844,9600698016
2726,1018970144,9606200316
2727,1019109024,9606339196
2728,1023671136,9610901308
2729,1024117228,9611347400
2730,1024654016,9611884188
2731,1026670384,9613900556
2732,1026714480,9613944652
2733,1027694588,9614924760
2734,1029321412,9616551584
2735,1029328488,9616558660
2736,1029518804,9616748976
2737,1030082220,9617312392
2738,1030338856,9617569028
2739,1032401680,9619631852
2740,1044067496,9631297668
2741,1045405120,9632635292
2742,1047471056,9634701228
2743,1050776104,9638006276
2744,1052600480,9639830652
2745,1067514600,9654744772
2746,1068112168,9655342340
2747,1072211740,9659441912
2748,1074089952,9661320124
2749,1080820132,9668050304
2750,1084665952,9671896124
2751,1089007964,9676238136
2752,1089136792,9676366964
2753,1095092716,9682322888
2754,1099672236,9686902408
2755,1100503348,9687733520
2756,1102620244,9689850416
2757,1102821448,9690051620
2758,1105484856,9692715028
2759,1105595984,9692826156
2760,1106367972,9693598144
2761,1107440892,9694671064
2762,1112205736,9699435908
2763,1112745224,9699975396
2764,1116480368,9703710540
2765,1118457276,9705687448
2766,1118717944,9705948116
2767,1121454804,9708684976
2768,1135084668,9722314840
2769,1137610248,9724840420
2770,1141098096,9728328268
2771,1146421324,9733651496
2772,1147007008,9734237180
2773,1151090040,9738320212
2774,1156045600,9743275772
2775,1162412928,9749643100
2776,1164855116,9752085288
2777,1179372332,9766602504
2778,1180367340,9767597512
2779,1184163756,9771393928
2780,1184802652,9772032824
2781,1197241920,9784472092
2782,1200915696,9788145868
2783,1202877256,9790107428
2784,1202901292,9790131464
2785,1203153580,9790383752
2786,1204083200,9791313372
2787,1204962044,9792192216
2788,1205657792,9792887964
2789,1206376404,9793606576
2790,1214053704,9801283876
2791,1220038684,9807268856
2792,1220968288,9808198460
2793,1225466352,9812696524
2794,1230563200,9817793372
2795,1231928892,9819159064
2796,1232063176,9819293348
2797,1245122112,9832352284
2798,1247137264,9834367436
2799,1248707204,9835937376
2800,1250588000,9837818172
2801,1252000880,9839231052
2802,1255648000,9842878172
2803,1261326316,9848556488
2804,1263617988,9850848160
2805,1264764360,9851994532
2806,1270056416,9857286588
2807,1270140676,9857370848
2808,1277660628,9864890800
2809,1279526836,9866757008
2810,1284161028,9871391200
2811,1289017704,9876247876
2812,1290810764,9878040936
2813,1292516028,9879746200
2814,1293080676,9880310848
2815,1296558240,9883788412
2816,1296754996,9883985168
2817,1299050176,9886280348
2818,1305696680,9892926852
2819,1307854968,9895085140
2820,1308680820,9895910992
2821,1309791956,9897022128
2822,1312530652,9899760824
2823,1317275900,9904506072
2824,1318367920,9905598092
2825,1323533964,9910764136
2826,1325739380,9912969552
2827,1326711980,9913942152
2828,1329268656,9916498828
2829,1332277632,9919507804
2830,1332869944,9920100116
2831,1339135468,9926365640
2832,1339406284,9926636456
2833,1346591268,9933821440
2834,1347420512,9934650684
2835,1352358232,9939588404
2836,1361060484,9948290656
2837,1364797732,9952027904
2838,1365313492,9952543664
2839,1365614732,9952844904
2840,1366697724,9953927896
2841,1367772080,9955002252
2842,1368872648,9956102820
2843,1374540172,9961770344
2844,1376797020,9964027192
2845,1382343880,9969574052
2846,1382808564,9970038736
2847,1391779396,9979009568
2848,1391800344,9979030516
2849,1392919456,9980149628
2850,1402279440,9989509612
2851,1403945816,9991175988
2852,1406091788,9993321960
2853,1409425632,9996655804
2854,1412351548,9999581720
2855,1421144368,10008374540
2856,1424258508,10011488680
2857,1426941728,10014171900
2858,1428519548,10015749720
2859,1433397140,10020627312
2860,1434834912,10022065084
2861,1437374012,10024604184
2862,1439487388,10026717560
2863,1441413380,10028643552
2864,1449701912,10036932084
2865,1459520784,10046750956
2866,1462423160,10049653332
2867,1469277676,10056507848
2868,1477442460,10064672632
2869,1482542232,10069772404
2870,1483348208,10070578380
2871,1484335768,10071565940
2872,1484422232,10071652404
2873,1485302272,10072532444
2874,1485792364,10073022536
2875,1488617896,10075848068
2876,1504663156,10091893328
2877,1506113880,10093344052
2878,1507201776,10094431948
2879,1507644752,10094874924
2880,1510932088,10098162260
2881,1511216028,10098446200
2882,1513075752,10100305924
2883,1517601364,10104831536
2884,1521077892,10108308064
2885,1523174956,10110405128
2886,1526086268,10113316440
2887,1529560140,10116790312
2888,1534173444,10121403616
2889,1538515520,10125745692
2890,1541158908,10128389080
2891,1549293288,10136523460
2892,1551141996,10138372168
2893,1553345148,10140575320
2894,1555905888,10143136060
2895,1558325256,10145555428
2896,1563424600,10150654772
2897,1563529068,10150759240
2898,1566097488,10153327660
2899,1568846328,10156076500
2900,1568989172,10156219344
2901,1569196616,10156426788
2902,1571490032,10158720204
2903,1575078136,10162308308
2904,1575467200,10162697372
2905,1577456192,10164686364
2906,1581133788,10168363960
2907,1581705396,10168935568
2908,1582891176,10170121348
2909,1583095556,10170325728
2910,1586526436,10173756608
2911,1590969168,10178199340
2912,1600553060,10187783232
2913,1606031604,10193261776
2914,1606535988,10193766160
2915,1612852312,10200082484
2916,1619582384,10206812556
2917,1619727572,10206957744
2918,1622090996,10209321168
2919,1623614192,10210844364
2920,1624570492,10211800664
2921,1625232436,10212462608
2922,1629304928,10216535100
2923,1630301852,10217532024
2924,1640084488,10227314660
2925,1642876876,10230107048
2926,1653986232,10241216404
2927,1661169420,10248399592
2928,1661409840,10248640012
2929,1661433848,10248664020
2930,1665487616,10252717788
2931,1667886060,10255116232
2932,1671328436,10258558608
2933,1671907912,10259138084
2934,1673248004,10260478176
2935,1674081956,10261312128
2936,1675432672,10262662844
2937,1675450480,10262680652
2938,1676388432,10263618604
2939,1677625324,10264855496
2940,1679301412,10266531584
2941,1690957564,10278187736
2942,1694869748,10282099920
2943,1700457008,10287687180
2944,1700638660,10287868832
2945,1700958128,10288188300
2946,1702458148,10289688320
2947,1704900452,10292130624
2948,1705797036,10293027208
2949,1707574952,10294805124
2950,1711842868,10299073040
2951,1714074020,10301304192
2952,1715997868,10303228040
2953,1717438376,10304668548
2954,1718355960,10305586132
2955,1720935200,10308165372
2956,1723321516,10310551688
2957,1725052188,10312282360
2958,1733575032,10320805204
2959,1737095836,10324326008
2960,1737537040,10324767212
2961,1741624596,10328854768
2962,1741962656,10329192828
2963,1745972464,10333202636
2964,1759299296,10346529468
2965,1762184416,10349414588
2966,1762286424,10349516596
2967,1762510012,10349740184
2968,1762698736,10349928908
2969,1763628276,10350858448
2970,1767282760,10354512932
2971,1768890924,10356121096
2972,1774106480,10361336652
2973,1775994560,10363224732
2974,1776301128,10363531300
2975,1781729208,10368959380
2976,1790917324,10378147496
2977,1796112400,10383342572
2978,1797027568,10384257740
2979,1799926656,10387156828
2980,1800528932,10387759104
2981,1804620464,10391850636
2982,1811620928,10398851100
2983,1814043020,10401273192
2984,1823723052,10410953224
2985,1824259688,10411489860
2986,1828339796,10415569968
2987,1836435264,10423665436
2988,1843996356,10431226528
2989,1844435568,10431665740
2990,1844553980,10431784152
2991,1846938320,10434168492
2992,1847529680,10434759852
2993,1848342120,10435572292
2994,1850314912,10437545084
2995,1852106684,10439336856
2996,1857565928,10444796100
2997,1859878220,10447108392
2998,1862159056,10449389228
2999,1869397656,10456627828
3000,1873830840,10461061012
3001,1875920568,10463150740
3002,1886500144,10473730316
3003,1886873464,10474103636
3004,1892923668,10480153840
3005,1897725512,10484955684
3006,1900109912,10487340084
3007,1901525976,10488756148
3008,1909881292,10497111464
3009,1932437624,10519667796
3010,1933899524,10521129696
3011,1939168200,10526398372
3012,1943938256,10531168428
3013,1947654316,10534884488
3014,1947916212,10535146384
3015,1949026656,10536256828
3016,1951521628,10538751800
3017,1955840468,10543070640
3018,1959978932,10547209104
3019,1968961204,10556191376
3020,1974200444,10561430616
3021,1978658920,10565889092
3022,1980320660,10567550832
3023,1981503388,10568733560
3024,1982308824,10569538996
3025,1983388236,10570618408
3026,1988945588,10576175760
3027,1993872448,10581102620
3028,2002824884,10590055056
3029,2007905596,10595135768
3030,2014019516,10601249688
3031,2014109644,10601339816
3032,2023342312,10610572484
3033,2023589272,10610819444
3034,2023596264,10610826436
3035,2026906068,10614136240
3036,2026930024,10614160196
3037,2026978964,10614209136
3038,2029155344,10616385516
3039,2032166484,10619396656
3040,2033646356,10620876528
3041,2043182832,10630413004
3042,2047043784,10634273956
3043,2047270616,10634500788
3044,2050995636,10638225808
3045,2051136796,10638366968
3046,2052795096,10640025268
3047,2066068756,10653298928
3048,2077348228,10664578400
3049,2087984772,10675214944
3050,2090643664,10677873836
3051,2092478984,10679709156
3052,2094645804,10681875976
3053,2095045768,10682275940
3054,2095834848,10683065020
3055,2097454628,10684684800
3056,2099840760,10687070932
3057,2099916848,10687147020
3058,2099982776,10687212948
3059,2100442260,10687672432
3060,2104113612,10691343784
3061,2105093088,10692323260
3062,2109152348,10696382520
3063,2122412708,10709642880
3064,2130239368,10717469540
3065,2132193260,10719423432
3066,2137534884,10724765056
3067,2138139404,10725369576
3068,2142026452,10729256624
3069,2146548260,10733778432
3070,2151612292,10738842464
3071,2153069756,10740299928
3072,2153643080,10740873252
3073,2159284108,10746514280
3074,2162216628,10749446800
3075,2165276832,10752507004
3076,2171656236,10758886408
3077,2174032488,10761262660
3078,2175931424,10763161596
3079,2176308592,10763538764
3080,2178939732,10766169904
3081,2180751656,10767981828
3082,2185264200,10772494372
3083,2185265752,10772495924
3084,2189364508,10776594680
3085,2196757656,10783987828
3086,2199701192,10786931364
3087,2200981060,10788211232
3088,2203000744,10790230916
3089,2204215448,10791445620
3090,2208723460,10795953632
3091,2216304400,10803534572
3092,2225151108,10812381280
3093,2229177456,10816407628
3094,2238109576,10825339748
3095,2238489132,10825719304
3096,2239133284,10826363456
3097,2248244892,10835475064
3098,2248300580,10835530752
3099,2258097560,10845327732
3100,2261400736,10848630908
3101,2264857196,10852087368
3102,2264859752,10852089924
3103,2269849640,10857079812
3104,2271564584,10858794756
3105,2272248212,10859478384
3106,2278294360,10865524532
3107,2283216888,10870447060
3108,2286995336,10874225508
3109,2287640568,10874870740
3110,2287857976,10875088148
3111,2297989344,10885219516
3112,2298957992,10886188164
3113,2306592804,10893822976
3114,2313795772,10901025944
3115,2316817692,10904047864
3116,2321765908,10908996080
3117,2323347808,10910577980
3118,2324787048,10912017220
3119,2331007440,10918237612
3120,2333518732,10920748904
3121,2345658408,10932888580
3122,2354235576,10941465748
3123,2356316008,10943546180
3124,2357350372,10944580544
3125,2359839192,10947069364
3126,2361179876,10948410048
3127,2361361444,10948591616
3128,2362427820,10949657992
3129,2370842316,10958072488
3130,2374507468,10961737640
3131,2376447868,10963678040
3132,2380863484,10968093656
3133,2382086384,10969316556
3134,2384247236,10971477408
3135,2384672424,10971902596
3136,2388966176,10976196348
3137,2392277620,10979507792
3138,2393118872,10980349044
3139,2410071912,10997302084
3140,2412651204,10999881376
3141,2413447200,11000677372
3142,2413801608,11001031780
3143,2416171524,11003401696
3144,2416569232,11003799404
3145,2418271128,11005501300
3146,2420654184,11007884356
3147,2421810924,11009041096
3148,2432181244,11019411416
3149,2435716316,11022946488
3150,2436674288,11023904460
3151,2439890132,11027120304
3152,2440420288,11027650460
3153,2441709148,11028939320
3154,2443578148,11030808320
3155,2446198160,11033428332
3156,2447039820,11034269992
3157,2447459008,11034689180
3158,2453074048,11040304220
3159,2458149748,11045379920
3160,2461442932,11048673104
3161,2467087796,11054317968
3162,2467551732,11054781904
3163,2473115384,11060345556
3164,2476215044,11063445216
3165,2476302496,11063532668
3166,2479211660,11066441832
3167,2480883332,11068113504
3168,2482736960,11069967132
3169,2487013016,11074243188
3170,2490639300,11077869472
3171,2492785588,11080015760
3172,2495352584,11082582756
3173,2502982500,11090212672
3174,2504453820,11091683992
3175,2504942252,11092172424
3176,2505936852,11093167024
3177,2507186436,11094416608
3178,2509347964,11096578136
3179,2513962964,11101193136
3180,2516301148,11103531320
3181,2517967652,11105197824
3182,2528550172,11115780344
3183,2534582232,11121812404
3184,2538557376,11125787548
3185,2538875628,11126105800
3186,2550676136,11137906308
3187,2563762188,11150992360
3188,2577375144,11164605316
3189,2588977112,11176207284
3190,2592549720,11179779892
3191,2606617700,11193847872
3192,2607388104,11194618276
3193,2609399096,11196629268
3194,2614008816,11201238988
3195,2623517956,11210748128
3196,2628175492,11215405664
3197,2629381820,11216611992
3198,2631118672,11218348844
3199,2637812420,11225042592
3200,2638330176,11225560348
3201,2638820172,11226050344
3202,2639188820,11226418992
3203,2639299336,11226529508
3204,2642202408,11229432580
3205,2645406640,11232636812
3206,2648317064,11235547236
3207,2649633736,11236863908
3208,2651858588,11239088760
3209,2657349880,11244580052
3210,2658880676,11246110848
3211,2658976272,11246206444
3212,2659800600,11247030772
3213,2666333020,11253563192
3214,2667537816,11254767988
3215,2672262724,11259492896
3216,2673175908,11260406080
3217,2673993932,11261224104
3218,2678496964,11265727136
3219,2681461448,11268691620
3220,2683246964,11270477136
3221,2694098284,11281328456
3222,2696124804,11283354976
3223,2703177660,11290407832
3224,2705400328,11292630500
3225,2710307796,11297537968
3226,2716712888,11303943060
3227,2718040852,11305271024
3228,2722965728,11310195900
3229,2723137852,11310368024
3230,2724499096,11311729268
3231,2726599040,11313829212
3232,2727527524,11314757696
3233,2734622160,11321852332
3234,2735594480,11322824652
3235,2739300692,11326530864
3236,2741912428,11329142600
3237,2743371980,11330602152
3238,2746252264,11333482436
3239,2748385280,11335615452
3240,2753898448,11341128620
3241,2756277208,11343507380
3242,2761417288,11348647460
3243,2763586348,11350816520
3244,2764736132,11351966304
3245,2775092376,11362322548
3246,2776148440,11363378612
3247,2781785056,11369015228
3248,2782445164,11369675336
3249,2784193216,11371423388
3250,2785396608,11372626780
3251,2785787116,11373017288
3252,2786345712,11373575884
3253,2787568640,11374798812
3254,2790541628,11377771800
3255,2796432276,11383662448
3256,2796750856,11383981028
3257,2798121096,11385351268
3258,2798598628,11385828800
3259,2809426516,11396656688
3260,2813903244,11401133416
3261,2819467152,11406697324
3262,2827521176,11414751348
3263,2829310736,11416540908
3264,2836875496,11424105668
3265,2844842516,11432072688
3266,2846617244,11433847416
3267,2854698192,11441928364
3268,2855651196,11442881368
3269,2861787192,11449017364
3270,2862064124,11449294296
3271,2866960884,11454191056
3272,2867284188,11454514360
3273,2868068524,11455298696
3274,2875589796,11462819968
3275,2876414688,11463644860
3276,2882276132,11469506304
3277,2883248660,11470478832
3278,2885380856,11472611028
3279,2887700152,11474930324
3280,2888769968,11476000140
3281,2893321764,11480551936
3282,2898984476,11486214648
3283,2900032868,11487263040
3284,2900823748,11488053920
3285,2901949108,11489179280
3286,2907178384,11494408556
3287,2911816956,11499047128
3288,2912102364,11499332536
3289,2914203424,11501433596
3290,2916217144,11503447316
3291,2921226804,11508456976
3292,2927484084,11514714256
3293,2941978020,11529208192
3294,2950060372,11537290544
3295,2956659900,11543890072
3296,2957783364,11545013536
3297,2964222684,11551452856
3298,2966174944,11553405116
3299,2966665416,11553895588
3300,2969631260,11556861432
3301,2972082080,11559312252
3302,2972109056,11559339228
3303,2975520948,11562751120
3304,2979008052,11566238224
3305,2981328636,11568558808
3306,2987252332,11574482504
3307,2993358036,11580588208
3308,2995199316,11582429488
3309,2998741836,11585972008
3310,3007750888,11594981060
3311,3011436676,11598666848
3312,3030418664,11617648836
3313,3034979388,11622209560
3314,3036046576,11623276748
3315,3038228068,11625458240
3316,3038323400,11625553572
3317,3039816856,11627047028
3318,3040325344,11627555516
3319,3042100732,11629330904
3320,3043159308,11630389480
3321,3044766956,11631997128
3322,3048079788,11635309960
3323,3052528128,11639758300
3324,3053349020,11640579192
3325,3055589448,11642819620
3326,3060409296,11647639468
3327,3061913404,11649143576
3328,3065166108,11652396280
3329,3065821460,11653051632
3330,3067863636,11655093808
3331,3075759780,11662989952
3332,3075795252,11663025424
3333,3082703184,11669933356
3334,3083570780,11670800952
3335,3083814076,11671044248
3336,3083907624,11671137796
3337,3084770672,11672000844
3338,3086615916,11673846088
3339,3089904808,11677134980
3340,3091779328,11679009500
3341,3098096380,11685326552
3342,3102010056,11689240228
3343,3116759212,11703989384
3344,3118813812,11706043984
3345,3119117132,11706347304
3346,3119917784,11707147956
3347,3121294548,11708524720
3348,3122443376,11709673548
3349,3129691892,11716922064
3350,3156658532,11743888704
3351,3160038628,11747268800
3352,3160620956,11747851128
3353,3167677644,11754907816
3354,3175027500,11762257672
3355,3176326416,11763556588
3356,3182099908,11769330080
3357,3182486116,11769716288
3358,3182741852,11769972024
3359,3183143252,11770373424
3360,3188376244,11775606416
3361,3190838280,11778068452
3362,3190931856,11778162028
3363,3194935456,11782165628
3364,3195823112,11783053284
3365,3208786004,11796016176
3366,3212831504,11800061676
3367,3214612328,11801842500
3368,3214691208,11801921380
3369,3215710600,11802940772
3370,3216722764,11803952936
3371,3217520464,11804750636
3372,3219791368,11807021540
3373,3220317956,11807548128
3374,3225144588,11812374760
3375,3227606668,11814836840
3376,3228126892,11815357064
3377,3234997176,11822227348
3378,3244443936,11831674108
3379,3249389216,11836619388
3380,3253735664,11840965836
3381,3254066736,11841296908
3382,3269919692,11857149864
3383,3270292424,11857522596
3384,3273060484,11860290656
3385,3274201768,11861431940
3386,3274807404,11862037576
3387,3288540512,11875770684
3388,3289335560,11876565732
3389,3294055012,11881285184
3390,3295104620,11882334792
3391,3303268608,11890498780
3392,3305237156,11892467328
3393,3309462480,11896692652
3394,3319258988,11906489160
3395,3334762212,11921992384
3396,3339725200,11926955372
3397,3342997964,11930228136
3398,3345117556,11932347728
3399,3345334496,11932564668
3400,3346045592,11933275764
3401,3352743752,11939973924
3402,3352756592,11939986764
3403,3356430856,11943661028
3404,3357049060,11944279232
3405,3357591064,11944821236
3406,3361698596,11948928768
3407,3363741676,11950971848
3408,3363928296,11951158468
3409,3369742912,11956973084
3410,3370573080,11957803252
3411,3370804968,11958035140
3412,3373924292,11961154464
3413,3375480408,11962710580
3414,3376804672,11964034844
3415,3389458536,11976688708
3416,3390153600,11977383772
3417,3394071700,11981301872
3418,3400510200,11987740372
3419,3409475880,11996706052
3420,3415906140,12003136312
3421,3418471336,12005701508
3422,3424978444,12012208616
3423,3431787300,12019017472
3424,3433562416,12020792588
3425,3433736812,12020966984
3426,3438611176,12025841348
3427,3441784364,12029014536
3428,3444660048,12031890220
3429,3449352820,12036582992
3430,3450278928,12037509100
3431,3452722268,12039952440
3432,3453291028,12040521200
3433,3457230768,12044460940
3434,3457321724,12044551896
3435,3461702184,12048932356
3436,3487273640,12074503812
3437,3488601164,12075831336
3438,3489017044,12076247216
3439,3490665612,12077895784
3440,3491320780,12078550952
3441,3495935520,12083165692
3442,3499920500,12087150672
3443,3506826416,12094056588
3444,3511640108,12098870280
3445,3520430860,12107661032
3446,3523501404,12110731576
3447,3527217828,12114448000
3448,3527501708,12114731880
3449,3529474392,12116704564
3450,3529902788,12117132960
3451,3531915744,12119145916
3452,3533304504,12120534676
3453,3535573516,12122803688
3454,3539377224,12126607396
3455,3539965996,12127196168
3456,3541654456,12128884628
3457,3545165688,12132395860
3458,3548641796,12135871968
3459,3559650792,12146880964
3460,3563790124,12151020296
3461,3565641920,12152872092
3462,3565747848,12152978020
3463,3568847236,12156077408
3464,3569681352,12156911524
3465,3576011120,12163241292
3466,3576444488,12163674660
3467,3578314368,12165544540
3468,3580231924,12167462096
3469,3585745168,12172975340
3470,3588163980,12175394152
3471,3592856388,12180086560
3472,3593381372,12180611544
3473,3594082568,12181312740
3474,3610718936,12197949108
3475,3614374344,12201604516
3476,3616679084,12203909256
3477,3617454748,12204684920
3478,3622267200,12209497372
3479,3624729780,12211959952
3480,3632661948,12219892120
3481,3644275920,12231506092
3482,3645209772,12232439944
3483,3651711768,12238941940
3484,3652204004,12239434176
3485,3656122512,12243352684
3486,3658610780,12245840952
3487,3661734056,12248964228
3488,3667710512,12254940684
3489,3673422964,12260653136
3490,3677752108,12264982280
3491,3681251948,12268482120
3492,3685295000,12272525172
3493,3690929180,12278159352
3494,3696400668,12283630840
3495,3697100168,12284330340
3496,3702167660,12289397832
3497,3708925500,12296155672
3498,3709387944,12296618116
3499,3713871456,12301101628
3500,3718483312,12305713484
3501,3720329792,12307559964
3502,3730237352,12317467524
3503,3734777344,12322007516
3504,3740621992,12327852164
3505,3743327100,12330557272
3506,3755935164,12343165336
3507,3769549588,12356779760
3508,3780587232,12367817404
3509,3780965828,12368196000
3510,3786342692,12373572864
3511,3792676660,12379906832
3512,3793052984,12380283156
3513,3812745328,12399975500
3514,3824821744,12412051916
3515,3829096528,12416326700
3516,3830299640,12417529812
3517,3830965876,12418196048
3518,3840520264,12427750436
3519,3846067280,12433297452
3520,3846871964,12434102136
3521,3851336512,12438566684
3522,3855892708,12443122880
3523,3859364320,12446594492
3524,3881455336,12468685508
3525,3881958164,12469188336
3526,3884491784,12471721956
3527,3886166688,12473396860
3528,3888727656,12475957828
3529,3893819140,12481049312
3530,3898097240,12485327412
3531,3900880580,12488110752
3532,3901194372,12488424544
3533,3916642708,12503872880
3534,3920706980,12507937152
3535,3924270604,12511500776
3536,3925621196,12512851368
3537,3927784380,12515014552
3538,3931749024,12518979196
3539,3932821620,12520051792
3540,3955971052,12543201224
3541,3959061844,12546292016
3542,3965230844,12552461016
3543,3966472544,12553702716
3544,3967507796,12554737968
3545,3982605840,12569836012
3546,3983325428,12570555600
3547,3984802172,12572032344
3548,3986455220,12573685392
3549,3987279408,12574509580
3550,3993002532,12580232704
3551,3995003112,12582233284
3552,3997207064,12584437236
3553,3997531396,12584761568
3554,3999957248,12587187420
3555,4002001352,12589231524
3556,4002047204,12589277376
3557,4006663696,12593893868
3558,4006878736,12594108908
3559,4006996440,12594226612
3560,4011930960,12599161132
3561,4015592336,12602822508
3562,4021217372,12608447544
3563,4021238444,12608468616
3564,4028174064,12615404236
3565,4030499876,12617730048
3566,4036344088,12623574260
3567,4043214064,12630444236
3568,4047485060,12634715232
3569,4055380036,12642610208
3570,4058704328,12645934500
3571,4063442352,12650672524
3572,4069372324,12656602496
3573,4071964544,12659194716
3574,4073423476,12660653648
3575,4080712572,12667942744
3576,4086911184,12674141356
3577,4090587916,12677818088
3578,4097316176,12684546348
3579,4104832812,12692062984
3580,4110078620,12697308792
3581,4110741376,12697971548
3582,4116988112,12704218284
3583,4122998120,12710228292
3584,4124049444,12711279616
3585,4134881708,12722111880
3586,4138172016,12725402188
3587,4141342236,12728572408
3588,4145820272,12733050444
3589,4161840776,12749070948
3590,4172075912,12759306084
3591,4185625648,12772855820
3592,4185884604,12773114776
3593,4186029652,12773259824
3594,4187890404,12775120576
3595,4189697660,12776927832
3596,4191948404,12779178576
3597,4201212248,12788442420
3598,4201881412,12789111584
3599,4204321940,12791552112
3600,4207942668,12795172840
3601,4210174660,12797404832
3602,4212411844,12799642016
3603,4214085356,12801315528
3604,4227233168,12814463340
3605,4230835344,12818065516
3606,4239701808,12826931980
3607,4241388908,12828619080
3608,4244959132,12832189304
3609,4248864084,12836094256
3610,4249162508,12836392680
3611,4256092132,12843322304
3612,4262718852,12849949024
3613,4263598500,12850828672
3614,4265530772,12852760944
3615,4265933656,12853163828
3616,4269077576,12856307748
3617,4289600252,12876830424
3618,4293398836,12880629008
3619,4294422832,12881653004
3620,4360512,12886557980
3621,7707796,12889905264
3622,16125244,12898322712
3623,16759060,12898956528
3624,22485040,12904682508
3625,25902088,12908099556
3626,36945644,12919143112
3627,37619644,12919817112
3628,38952448,12921149916
3629,46987516,12929184984
3630,51590024,12933787492
3631,63711604,12945909072
3632,66144568,12948342036
3633,67004412,12949201880
3634,67460544,12949658012
3635,70254380,12952451848
3636,72567724,12954765192
3637,73804064,12956001532
3638,75799280,12957996748
3639,85641232,12967838700
3640,89215068,12971412536
3641,89989872,12972187340
3642,90946728,12973144196
3643,100373104,12982570572
3644,101058376,12983255844
3645,101714364,12983911832
3646,101775256,12983972724
3647,102002504,12984199972
3648,105115392,12987312860
3649,115653184,12997850652
3650,116921528,12999118996
3651,117294124,12999491592
3652,120125388,13002322856
3653,121374620,13003572088
3654,126976240,13009173708
3655,128971500,13011168968
3656,131663588,13013861056
3657,131785544,13013983012
3658,132405488,13014602956
3659,133537832,13015735300
3660,135279100,13017476568
3661,143749884,13025947352
3662,145508844,13027706312
3663,146355328,13028552796
3664,152189440,13034386908
3665,157350380,13039547848
3666,159057708,13041255176
3667,160019736,13042217204
3668,162768508,13044965976
3669,163949640,13046147108
3670,164611528,13046808996
3671,173054768,13055252236
3672,194186344,13076383812
3673,195710100,13077907568
3674,197585164,13079782632
3675,200331584,13082529052
3676,200616480,13082813948
3677,207630984,13089828452
3678,208759660,13090957128
3679,214258208,13096455676
3680,215517616,13097715084
3681,219925260,13102122728
3682,221488176,13103685644
3683,224513120,13106710588
3684,226371884,13108569352
3685,231847516,13114044984
3686,235770644,13117968112
3687,236153688,13118351156
3688,236440232,13118637700
3689,239658596,13121856064
3690,243702748,13125900216
3691,244979252,13127176720
3692,250309996,13132507464
3693,251587308,13133784776
3694,254898900,13137096368
3695,259380736,13141578204
3696,259532136,13141729604
3697,260403584,13142601052
3698,265699272,13147896740
3699,273093420,13155290888
3700,274102824,13156300292
3701,299950292,13182147760
3702,306420260,13188617728
3703,309568460,13191765928
3704,311128244,13193325712
3705,313019932,13195217400
3706,314353832,13196551300
3707,316919368,13199116836
3708,318102460,13200299928
3709,321940496,13204137964
3710,322247028,13204444496
3711,329210852,13211408320
3712,338332596,13220530064
3713,338574456,13220771924
3714,339752084,13221949552
3715,340047296,13222244764
3716,348924780,13231122248
3717,359985220,13242182688
3718,363712332,13245909800
3719,368521512,13250718980
3720,388767792,13270965260
3721,390602856,13272800324
3722,402418388,13284615856
3723,405231776,13287429244
3724,405740268,13287937736
3725,405797088,13287994556
3726,411831152,13294028620
3727,412508184,13294705652
3728,416159316,13298356784
3729,420448504,13302645972
3730,420738960,13302936428
3731,421552584,13303750052
3732,423574280,13305771748
3733,428409120,13310606588
3734,429331760,13311529228
3735,429797500,13311994968
3736,440653996,13322851464
3737,440906272,13323103740
3738,442868112,13325065580
3739,445199488,13327396956
3740,451343564,13333541032
3741,451742900,13333940368
3742,454233468,13336430936
3743,456646064,13338843532
3744,458671768,13340869236
3745,463505388,13345702856
3746,465215028,13347412496
3747,477588416,13359785884
3748,479167864,13361365332
3749,483325880,13365523348
3750,485994740,13368192208
3751,492199128,13374396596
3752,492610888,13374808356
3753,493510908,13375708376
3754,497521236,13379718704
3755,500886920,13383084388
3756,504076720,13386274188
3757,506589928,13388787396
3758,510529912,13392727380
3759,512788344,13394985812
3760,516380428,13398577896
3761,517040296,13399237764
3762,520761716,13402959184
3763,522761952,13404959420
3764,523308448,13405505916
3765,524167268,13406364736
3766,524370924,13406568392
3767,527406952,13409604420
3768,532445956,13414643424
3769,532636592,13414834060
3770,535565928,13417763396
3771,538309996,13420507464
3772,544054200,13426251668
3773,547393184,13429590652
3774,550508464,13432705932
3775,561656532,13443854000
3776,562440892,13444638360
3777,562628368,13444825836
3778,563781408,13445978876
3779,564705484,13446902952
3780,572779124,13454976592
3781,576377252,13458574720
3782,579422832,13461620300
3783,591721276,13473918744
3784,592963488,13475160956
3785,594655424,13476852892
3786,601219456,13483416924
3787,603000688,13485198156
3788,606815204,13489012672
3789,608542972,13490740440
3790,621801424,13503998892
3791,630647200,13512844668
3792,632614852,13514812320
3793,633407716,13515605184
3794,640296068,13522493536
3795,642276604,13524474072
3796,650283700,13532481168
3797,659206528,13541403996
3798,661634564,13543832032
3799,663421288,13545618756
3800,666561316,13548758784
3801,670227372,13552424840
3802,671950232,13554147700
3803,681355464,13563552932
3804,682071924,13564269392
3805,684973384,13567170852
3806,691650492,13573847960
3807,698554244,13580751712
3808,708629604,13590827072
3809,712426860,13594624328
3810,714801312,13596998780
3811,720907712,13603105180
3812,723379704,13605577172
3813,724266860,13606464328
3814,728695444,13610892912
3815,730728936,13612926404
3816,732300016,13614497484
3817,742436652,13624634120
3818,743782360,13625979828
3819,746371040,13628568508
3820,747367484,13629564952
3821,748148460,13630345928
3822,755630704,13637828172
3823,771188736,13653386204
3824,772556252,13654753720
3825,777528284,13659725752
3826,779683120,13661880588
3827,779770404,13661967872
3828,787242064,13669439532
3829,789121452,13671318920
3830,790236264,13672433732
3831,801478228,13683675696
3832,803104616,13685302084
3833,807175924,13689373392
3834,809166332,13691363800
3835,821471668,13703669136
3836,828030916,13710228384
3837,829252040,13711449508
3838,855068116,13737265584
3839,858609364,13740806832
3840,859034688,13741232156
3841,861263368,13743460836
3842,866471252,13748668720
3843,871482192,13753679660
3844,877364924,13759562392
3845,877825472,13760022940
3846,880043824,13762241292
3847,882856228,13765053696
3848,897246532,13779444000
3849,899041228,13781238696
3850,900765808,13782963276
3851,908745680,13790943148
3852,910008800,13792206268
3853,911158232,13793355700
3854,911190432,13793387900
3855,917795108,13799992576
3856,919506904,13801704372
3857,919681864,13801879332
3858,926796516,13808993984
3859,928200312,13810397780
3860,928982704,13811180172
3861,935623520,13817820988
3862,936208224,13818405692
3863,945998340,13828195808
3864,949632948,13831830416
3865,966450924,13848648392
3866,971753880,13853951348
3867,972755920,13854953388
3868,973706564,13855904032
3869,974848416,13857045884
3870,978612952,13860810420
3871,980123524,13862320992
3872,987224252,13869421720
3873,988318752,13870516220
3874,998742384,13880939852
3875,999525812,13881723280
3876,1021251548,13903449016
3877,1024215436,13906412904
3878,1027132800,13909330268
3879,1027223100,13909420568
3880,1030167984,13912365452
3881,1033029100,13915226568
3882,1037219656,13919417124
3883,1044843976,13927041444
3884,1044849660,13927047128
3885,1052352672,13934550140
3886,1060536052,13942733520
3887,1062850420,13945047888
3888,1067668968,13949866436
3889,1080309580,13962507048
3890,1083455108,13965652576
3891,1090570140,13972767608
3892,1091559988,13973757456
3893,1092927304,13975124772
3894,1103264128,13985461596
3895,1109297852,13991495320
3896,1111794328,13993991796
3897,1113492044,13995689512
3898,1117168048,13999365516
3899,1117745260,13999942728
3900,1118827060,14001024528
3901,1122776216,14004973684
3902,1130884496,14013081964
3903,1137272608,14019470076
3904,1138441876,14020639344
3905,1139060720,14021258188
3906,1142756160,14024953628
3907,1142798560,14024996028
3908,1144273324,14026470792
3909,1146038820,14028236288
3910,1150393780,14032591248
3911,1155954004,14038151472
3912,1157568712,14039766180
3913,1160542076,14042739544
3914,1162872704,14045070172
3915,1177602848,14059800316
3916,1192136520,14074333988
3917,1193789448,14075986916
3918,1196764708,14078962176
3919,1197779204,14079976672
3920,1204081012,14086278480
3921,1208901064,14091098532
3922,1210213812,14092411280
3923,1212974116,14095171584
3924,1217127336,14099324804
3925,1227232276,14109429744
3926,1227835656,14110033124
3927,1235512652,14117710120
3928,1243131108,14125328576
3929,1243870468,14126067936
3930,1245289132,14127486600
3931,1247089580,14129287048
3932,1249103468,14131300936
3933,1249642116,14131839584
3934,1254556312,14136753780
3935,1257388260,14139585728
3936,1263750152,14145947620
3937,1264346148,14146543616
3938,1269706508,14151903976
3939,1269764884,14151962352
3940,1270255908,14152453376
3941,1289380284,14171577752
3942,1290100032,14172297500
3943,1290254100,14172451568
3944,1295721288,14177918756
3945,1310450572,14192648040
3946,1314862820,14197060288
3947,1316450520,14198647988
3948,1320520740,14202718208
3949,1320573948,14202771416
3950,1321245388,14203442856
3951,1325136520,14207333988
3952,1330968500,14213165968
3953,1338845732,14221043200
3954,1350401732,14232599200
3955,1353015392,14235212860
3956,1356919596,14239117064
3957,1359583400,14241780868
3958,1362337836,14244535304
3959,1373053884,14255251352
3960,1373472292,14255669760
3961,1377837652,14260035120
3962,1378368192,14260565660
3963,1385771328,14267968796
3964,1392662944,14274860412
3965,1404781332,14286978800
3966,1409507104,14291704572
3967,1410857208,14293054676
3968,1410921368,14293118836
3969,1414508400,14296705868
3970,1421901616,14304099084
3971,1425093792,14307291260
3972,1425766180,14307963648
3973,1427780616,14309978084
3974,1428834904,14311032372
3975,1428871048,14311068516
3976,1429125824,14311323292
3977,1432524772,14314722240
3978,1444161604,14326359072
3979,1446345548,14328543016
3980,1446707700,14328905168
3981,1452772604,14334970072
3982,1453200168,14335397636
3983,1458102148,14340299616
3984,1461039284,14343236752
3985,1466604172,14348801640
3986,1469622164,14351819632
3987,1469795948,14351993416
3988,1478522048,14360719516
3989,1486867200,14369064668
3990,1492167496,14374364964
3991,1496308296,14378505764
3992,1499243672,14381441140
3993,1511692564,14393890032
3994,1513128856,14395326324
3995,1521711188,14403908656
3996,1533955196,14416152664
3997,1541836284,14424033752
3998,1552485284,14434682752
3999,1563937128,14446134596
4000,1564047228,14446244696
4001,1572253508,14454450976
4002,1576319312,14458516780
4003,1576906324,14459103792
4004,1578081276,14460278744
4005,1582075144,14464272612
4006,1585435976,14467633444
4007,1591681180,14473878648
4008,1595537696,14477735164
4009,1606300932,14488498400
4010,1608680812,14490878280
4011,1608874164,14491071632
4012,1610463372,14492660840
4013,1611407644,14493605112
4014,1611415464,14493612932
4015,1612676832,14494874300
4016,1613962988,14496160456
4017,1616994392,14499191860
4018,1617265696,14499463164
4019,1633415308,14515612776
4020,1634395604,14516593072
4021,1637723708,14519921176
4022,1639116024,14521313492
4023,1639444440,14521641908
4024,1641418196,14523615664
4025,1643879928,14526077396
4026,1645083208,14527280676
4027,1646504816,14528702284
4028,1654203208,14536400676
4029,1658081848,14540279316
4030,1668108364,14550305832
4031,1670653936,14552851404
4032,1674693012,14556890480
4033,1676379032,14558576500
4034,1676987268,14559184736
4035,1678059684,14560257152
4036,1679263556,14561461024
4037,1684082004,14566279472
4038,1685514452,14567711920
4039,1690645228,14572842696
4040,1690956464,14573153932
4041,1693456708,14575654176
4042,1695459312,14577656780
4043,1699453596,14581651064
4044,1699975232,14582172700
4045,1702609296,14584806764
4046,1705774972,14587972440
4047,1705816600,14588014068
4048,1706478628,14588676096
4049,1709040236,14591237704
4050,1712703588,14594901056
4051,1713896748,14596094216
4052,1715362452,14597559920
4053,1717682968,14599880436
4054,1717822484,14600019952
4055,1718840096,14601037564
4056,1721020800,14603218268
4057,1722116808,14604314276
4058,1723055584,14605253052
4059,1737523576,14619721044
4060,1743766608,14625964076
4061,1744654852,14626852320
4062,1744711544,14626909012
4063,1751856124,14634053592
4064,1752271280,14634468748
4065,1755341792,14637539260
4066,1756702292,14638899760
4067,1760489676,14642687144
4068,1771184720,14653382188
4069,1776095080,14658292548
4070,1780725256,14662922724
4071,1783725300,14665922768
4072,1784529388,14666726856
4073,1785265424,14667462892
4074,1789665868,14671863336
4075,1791380192,14673577660
4076,1800915916,14683113384
4077,1806846376,14689043844
4078,1809525860,14691723328
4079,1815476064,14697673532
4080,1815727592,14697925060
4081,1817536712,14699734180
4082,1820527800,14702725268
4083,1824639388,14706836856
4084,1825744780,14707942248
4085,1825847024,14708044492
4086,1826146500,14708343968
4087,1832387248,14714584716
4088,1833688644,14715886112
4089,1839017432,14721214900
4090,1846265016,14728462484
4091,1858294152,14740491620
4092,1859612772,14741810240
4093,1859704200,14741901668
4094,1862512332,14744709800
4095,1863010992,14745208460
4096,1864224828,14746422296
4097,1866735672,14748933140
4098,1871032608,14753230076
4099,1873822668,14756020136
4100,1876232428,14758429896
4101,1882036576,14764234044
4102,1885887156,14768084624
4103,1885904216,14768101684
4104,1887892708,14770090176
4105,1888872304,14771069772
4106,1893072860,14775270328
4107,1894418512,14776615980
4108,1902679692,14784877160
4109,1905900388,14788097856
4110,1911739664,14793937132
4111,1916226332,14798423800
4112,1919100720,14801298188
4113,1928485500,14810682968
4114,1933393088,14815590556
4115,1937154836,14819352304
4116,1942080716,14824278184
4117,1956436224,14838633692
4118,1966826412,14849023880
4119,1966838292,14849035760
4120,1969433408,14851630876
4121,1969968988,14852166456
4122,1969972468,14852169936
4123,1970467936,14852665404
4124,1971634904,14853832372
4125,1977328360,14859525828
4126,1982331736,14864529204
4127,1984985508,14867182976
4128,1992367620,14874565088
4129,1995200984,14877398452
4130,1996105948,14878303416
4131,1996526492,14878723960
4132,1998194076,14880391544
4133,2002063244,14884260712
4134,2005072996,14887270464
4135,2007754268,14889951736
4136,2013820920,14896018388
4137,2014784996,14896982464
4138,2018093144,14900290612
4139,2021831640,14904029108
4140,2022408792,14904606260
4141,2023477608,14905675076
4142,2027027196,14909224664
4143,2033770432,14915967900
4144,2036448704,14918646172
4145,2040496000,14922693468
4146,2044303284,14926500752
4147,2045010152,14927207620
4148,2048352620,14930550088
4149,2048554136,14930751604
4150,2057817392,14940014860
4151,2062903940,14945101408
4152,2066575288,14948772756
4153,2067477680,14949675148
4154,2075947312,14958144780
4155,2081212812,14963410280
4156,2082813720,14965011188
4157,2086914520,14969111988
4158,2094147992,14976345460
4159,2098395492,14980592960
4160,2105617076,14987814544
4161,2105723112,14987920580
4162,2106004160,14988201628
4163,2106966664,14989164132
4164,2114021508,14996218976
4165,2114705324,14996902792
4166,2116979336,14999176804
4167,2121674160,15003871628
4168,2125758708,15007956176
4169,2138887232,15021084700
4170,2139367536,15021565004
4171,2143135780,15025333248
4172,2145986700,15028184168
4173,2148379732,15030577200
4174,2149819088,15032016556
4175,2151039016,15033236484
4176,2155871624,15038069092
4177,2158015484,15040212952
4178,2165481528,15047678996
4179,2166254588,15048452056
4180,2170277228,15052474696
4181,2175690508,15057887976
4182,2180023324,15062220792
4183,2181990116,15064187584
4184,2186982892,15069180360
4185,2188806408,15071003876
4186,2199949544,15082147012
4187,2206968940,15089166408
4188,2209354084,15091551552
4189,2216187036,15098384504
4190,2216443340,15098640808
4191,2228988884,15111186352
4192,2244477740,15126675208
4193,2266050332,15148247800
4194,2274349040,15156546508
4195,2277316936,15159514404
4196,2281137792,15163335260
4197,2282405144,15164602612
4198,2283070460,15165267928
4199,2286515032,15168712500
4200,2287518836,15169716304
4201,2289940384,15172137852
4202,2293259604,15175457072
4203,2293485384,15175682852
4204,2295233956,15177431424
4205,2299470584,15181668052
4206,2301092744,15183290212
4207,2302847312,15185044780
4208,2310969392,15193166860
4209,2317345100,15199542568
4210,2317864836,15200062304
4211,2321136040,15203333508
4212,2329370148,15211567616
4213,2336335376,15218532844
4214,2338831160,15221028628
4215,2339072168,15221269636
4216,2349495336,15231692804
4217,2358986964,15241184432
4218,2366266056,15248463524
4219,2374486120,15256683588
4220,2378417864,15260615332
4221,2378779052,15260976520
4222,2381393164,15263590632
4223,2392602748,15274800216
4224,2395329872,15277527340
4225,2395738596,15277936064
4226,2397263032,15279460500
4227,2402002748,15284200216
4228,2402519892,15284717360
4229,2406108124,15288305592
4230,2406792384,15288989852
4231,2407260972,15289458440
4232,2414113592,15296311060
4233,2417953900,15300151368
4234,2419354028,15301551496
4235,2421905216,15304102684
4236,2425269780,15307467248
4237,2426756932,15308954400
4238,2428005352,15310202820
4239,2436468076,15318665544
4240,2436808816,15319006284
4241,2438785564,15320983032
4242,2445762004,15327959472
4243,2455063264,15337260732
4244,2457773884,15339971352
4245,2458313292,15340510760
4246,2464765580,15346963048
4247,2465836512,15348033980
4248,2473002656,15355200124
4249,2475432224,15357629692
4250,2476249944,15358447412
4251,2479315448,15361512916
4252,2480073124,15362270592
4253,2486253536,15368451004
4254,2486743308,15368940776
4255,2500800288,15382997756
4256,2501520680,15383718148
4257,2507838888,15390036356
4258,2512811220,15395008688
4259,2518039020,15400236488
4260,2524804004,15407001472
4261,2524914656,15407112124
4262,2525574220,15407771688
4263,2526559536,15408757004
4264,2527667400,15409864868
4265,2532885648,15415083116
4266,2534639768,15416837236
4267,2536036196,15418233664
4268,2540014872,15422212340
4269,2540048248,15422245716
4270,2544637184,15426834652
4271,2551445232,15433642700
4272,2568112348,15450309816
4273,2573111128,15455308596
4274,2580003096,15462200564
4275,2580269832,15462467300
4276,2584908908,15467106376
4277,2587680332,15469877800
4278,2588165328,15470362796
4279,2589540808,15471738276
4280,2596914440,15479111908
4281,2599978404,15482175872
4282,2602132444,15484329912
4283,2605334588,15487532056
4284,2606563868,15488761336
4285,2612217384,15494414852
4286,2613409172,15495606640
4287,2615729600,15497927068
4288,2620234520,15502431988
4289,2621416364,15503613832
4290,2624737936,15506935404
4291,2629338308,15511535776
4292,2636159992,15518357460
4293,2638696964,15520894432
4294,2643605996,15525803464
4295,2644735700,15526933168
4296,2645611852,15527809320
4297,2646421420,15528618888
4298,2646538304,15528735772
4299,2650398040,15532595508
4300,2652323128,15534520596
4301,2655046008,15537243476
4302,2663066132,15545263600
4303,2663436568,15545634036
4304,2663987180,15546184648
4305,2670150688,15552348156
4306,2670454004,15552651472
4307,2670611336,15552808804
4308,2674057660,15556255128
4309,2677731964,15559929432
4310,2681634716,15563832184
4311,2687192672,15569390140
4312,2690761560,15572959028
4313,2691206272,15573403740
4314,2697341988,15579539456
4315,2697523008,15579720476
4316,2699200272,15581397740
4317,2700879776,15583077244
4318,2706845888,15589043356
4319,2707800608,15589998076
4320,2709405200,15591602668
4321,2709979272,15592176740
4322,2711265648,15593463116
4323,2724819856,15607017324
4324,2726325572,15608523040
4325,2733631092,15615828560
4326,2734295104,15616492572
4327,2735337116,15617534584
4328,2738695972,15620893440
4329,2739586820,15621784288
4330,2740907764,15623105232
4331,2742702176,15624899644
4332,2750113324,15632310792
4333,2752272872,15634470340
4334,2752692760,15634890228
4335,2756781928,15638979396
4336,2776527128,15658724596
4337,2777590352,15659787820
4338,2781619876,15663817344
4339,2785405920,15667603388
4340,2788259868,15670457336
4341,2789128496,15671325964
4342,2794900780,15677098248
4343,2796983724,15679181192
4344,2798173740,15680371208
4345,2802537416,15684734884
4346,2803771988,15685969456
4347,2808165756,15690363224
4348,2810480840,15692678308
4349,2814258020,15696455488
4350,2820923036,15703120504
4351,2822203472,15704400940
4352,2823671324,15705868792
4353,2831974452,15714171920
4354,2832338524,15714535992
4355,2832614844,15714812312
4356,2835024732,15717222200
4357,2835216200,15717413668
4358,2840813016,15723010484
4359,2846746536,15728944004
4360,2847231580,15729429048
4361,2853896124,15736093592
4362,2862875312,15745072780
4363,2864470404,15746667872
4364,2865222884,15747420352
4365,2865722216,15747919684
4366,2878293812,15760491280
4367,2879370344,15761567812
4368,2880120660,15762318128
4369,2883908792,15766106260
4370,2891004656,15773202124
4371,2901011388,15783208856
4372,2902244568,15784442036
4373,2905313848,15787511316
4374,2905455672,15787653140
4375,2908027580,15790225048
4376,2908183608,15790381076
4377,2914632572,15796830040
4378,2920590872,15802788340
4379,2923525032,15805722500
4380,2931539268,15813736736
4381,2933024512,15815221980
4382,2934194164,15816391632
4383,2934547584,15816745052
4384,2934609104,15816806572
4385,2935345348,15817542816
4386,2945261732,15827459200
4387,2947609776,15829807244
4388,2948904636,15831102104
4389,2952172028,15834369496
4390,2956364636,15838562104
4391,2965405284,15847602752
4392,2966256768,15848454236
4393,2968091452,15850288920
4394,2971206464,15853403932
4395,2980278132,15862475600
4396,2980330948,15862528416
4397,2987524020,15869721488
4398,2989421464,15871618932
4399,3001048184,15883245652
4400,3007710012,15889907480
4401,3012171452,15894368920
4402,3020186652,15902384120
4403,3021269348,15903466816
4404,3022557676,15904755144
4405,3023339184,15905536652
4406,3023572604,15905770072
4407,3034695436,15916892904
4408,3041510868,15923708336
4409,3045552224,15927749692
4410,3056461988,15938659456
4411,3058260204,15940457672
4412,3066070096,15948267564
4413,3084906640,15967104108
4414,3094622432,15976819900
4415,3094702240,15976899708
4416,3096846928,15979044396
4417,3106324836,15988522304
4418,3107105220,15989302688
4419,3109580100,15991777568
4420,3111053824,15993251292
4421,3111877804,15994075272
4422,3113263240,15995460708
4423,3114939904,15997137372
4424,3118740248,16000937716
4425,3122212484,16004409952
4426,3127449680,16009647148
4427,3129676424,16011873892
4428,3134089296,16016286764
4429,3139216276,16021413744
4430,3142606588,16024804056
4431,3144657604,16026855072
4432,3147199756,16029397224
4433,3149832092,16032029560
4434,3152288196,16034485664
4435,3153203572,16035401040
4436,3154446400,16036643868
4437,3154791776,16036989244
4438,3156734216,16038931684
4439,3160873560,16043071028
4440,3161361048,16043558516
4441,3162762216,16044959684
4442,3165922656,16048120124
4443,3173788108,16055985576
4444,3175518216,16057715684
4445,3180180736,16062378204
4446,3182449168,16064646636
4447,3186819172,16069016640
4448,3187398352,16069595820
4449,3188566632,16070764100
4450,3192027508,16074224976
4451,3209620620,16091818088
4452,3217065076,16099262544
4453,3221047148,16103244616
4454,3226628740,16108826208
4455,3227505608,16109703076
4456,3227690212,16109887680
4457,3227774900,16109972368
4458,3231623664,16113821132
4459,3231848820,16114046288
4460,3232092020,16114289488
4461,3240375872,16122573340
4462,3241074636,16123272104
4463,3246876348,16129073816
4464,3249832496,16132029964
4465,3249856620,16132054088
4466,3250391944,16132589412
4467,3256459932,16138657400
4468,3256721192,16138918660
4469,3268419848,16150617316
4470,3269862216,16152059684
4471,3272004912,16154202380
4472,3275206472,16157403940
4473,3279504336,16161701804
4474,3284082232,16166279700
4475,3288721900,16170919368
4476,3290238720,16172436188
4477,3296782472,16178979940
4478,3297879512,16180076980
4479,3298317852,16180515320
4480,3299424172,16181621640
4481,3299465448,16181662916
4482,3309195080,16191392548
4483,3314811960,16197009428
4484,3315184292,16197381760
4485,3315427304,16197624772
4486,3339130340,16221327808
4487,3340024596,16222222064
4488,3340986540,16223184008
4489,3345718836,16227916304
4490,3347242100,16229439568
4491,3348344824,16230542292
4492,3348875128,16231072596
4493,3355381192,16237578660
4494,3363146904,16245344372
4495,3363727060,16245924528
4496,3366483204,16248680672
4497,3370203944,16252401412
4498,3376115036,16258312504
4499,3376592936,16258790404
4500,3381942692,16264140160
4501,3392120752,16274318220
4502,3393293788,16275491256
4503,3403598120,16285795588
4504,3405525884,16287723352
4505,3405911236,16288108704
4506,3408585496,16290782964
4507,3411089032,16293286500
4508,3412293460,16294490928
4509,3414616736,16296814204
4510,3422014400,16304211868
4511,3423689356,16305886824
4512,3425514740,16307712208
4513,3425745896,16307943364
4514,3427569728,16309767196
4515,3438992944,16321190412
4516,3441190500,16323387968
4517,3442605372,16324802840
4518,3451463452,16333660920
4519,3454198620,16336396088
4520,3461057148,16343254616
4521,3461331536,16343529004
4522,3465239652,16347437120
4523,3466604108,16348801576
4524,3473033248,16355230716
4525,3478533524,16360730992
4526,3479395664,16361593132
4527,3480028068,16362225536
4528,3486536848,16368734316
4529,3486564228,16368761696
4530,3486897852,16369095320
4531,3487513828,16369711296
4532,3489115560,16371313028
4533,3490562132,16372759600
4534,3490875032,16373072500
4535,3493566956,16375764424
4536,3493574148,16375771616
4537,3496062968,16378260436
4538,3500284576,16382482044
4539,3502162672,16384360140
4540,3502472840,16384670308
4541,3503008748,16385206216
4542,3508337304,16390534772
4543,3508403476,16390600944
4544,3512695896,16394893364
4545,3513198200,16395395668
4546,3516489424,16398686892
4547,3518935656,16401133124
4548,3521026280,16403223748
4549,3525085420,16407282888
4550,3526215456,16408412924
4551,3530522512,16412719980
4552,3530929168,16413126636
4553,3531809300,16414006768
4554,3533545972,16415743440
4555,3544556064,16426753532
4556,3551319684,16433517152
4557,3563413716,16445611184
4558,3571798448,16453995916
4559,3577365948,16459563416
4560,3584382136,16466579604
4561,3585876380,16468073848
4562,3588762952,16470960420
4563,3592309388,16474506856
4564,3594332204,16476529672
4565,3598131312,16480328780
4566,3603281372,16485478840
4567,3604490284,16486687752
4568,3605374916,16487572384
4569,3606942688,16489140156
4570,3612075856,16494273324
4571,3612999504,16495196972
4572,3613165996,16495363464
4573,3620428548,16502626016
4574,3623457424,16505654892
4575,3625426068,16507623536
4576,3629834020,16512031488
4577,3630021336,16512218804
4578,3637766528,16519963996
4579,3637960008,16520157476
4580,3643840544,16526038012
4581,3650894116,16533091584
4582,3651383132,16533580600
4583,3659636292,16541833760
4584,3669759368,16551956836
4585,3675986668,16558184136
4586,3677066028,16559263496
4587,3680112940,16562310408
4588,3682689120,16564886588
4589,3688508652,16570706120
4590,3688730072,16570927540
4591,3689858724,16572056192
4592,3694718412,16576915880
4593,3703085384,16585282852
4594,3703965020,16586162488
4595,3706997672,16589195140
4596,3708984088,16591181556
4597,3709493500,16591690968
4598,3724393636,16606591104
4599,3725094040,16607291508
4600,3727063328,16609260796
4601,3730394072,16612591540
4602,3733695484,16615892952
4603,3735915472,16618112940
4604,3744478000,16626675468
4605,3744501436,16626698904
4606,3744859572,16627057040
4607,3753541064,16635738532
4608,3760275984,16642473452
4609,3768856892,16651054360
4610,3769597972,16651795440
4611,3774295336,16656492804
4612,3783830712,16666028180
4613,3785777108,16667974576
4614,3785905300,16668102768
4615,3787209784,16669407252
4616,3788006392,16670203860
4617,3796059324,16678256792
4618,3796306540,16678504008
4619,3807943204,16690140672
4620,3809582000,16691779468
4621,3810610756,16692808224
4622,3815027624,16697225092
4623,3820915244,16703112712
4624,3821438048,16703635516
4625,3827992740,16710190208
4626,3830743464,16712940932
4627,3832311064,16714508532
4628,3835405940,16717603408
4629,3839417340,16721614808
4630,3843289928,16725487396
4631,3849594892,16731792360
4632,3854362976,16736560444
4633,3859124244,16741321712
4634,3862871028,16745068496
4635,3867476476,16749673944
4636,3884489648,16766687116
4637,3884781440,16766978908
4638,3890776952,16772974420
4639,3891327608,16773525076
4640,3891562880,16773760348
4641,3891929688,16774127156
4642,3892379640,16774577108
4643,3897365388,16779562856
4644,3901864384,16784061852
4645,3905131896,16787329364
4646,3906725320,16788922788
4647,3907687604,16789885072
4648,3922925952,16805123420
4649,3926782144,16808979612
4650,3927936908,16810134376
4651,3929368144,16811565612
4652,3930845880,16813043348
4653,3939193232,16821390700
4654,3944804660,16827002128
4655,3945884580,16828082048
4656,3946180468,16828377936
4657,3946498112,16828695580
4658,3947312872,16829510340
4659,3947544396,16829741864
4660,3954342888,16836540356
4661,3961028812,16843226280
4662,3961207808,16843405276
4663,3962945564,16845143032
4664,3968955592,16851153060
4665,3972228516,16854425984
4666,3975605752,16857803220
4667,3978632436,16860829904
4668,3980289472,16862486940
4669,3984667608,16866865076
4670,3987071980,16869269448
4671,3988712172,16870909640
4672,3991671296,16873868764
4673,3992549788,16874747256
4674,3993690232,16875887700
4675,4001568340,16883765808
4676,4011285704,16893483172
4677,4012019872,16894217340
4678,4015202424,16897399892
4679,4015608444,16897805912
4680,4017045212,16899242680
4681,4018009640,16900207108
4682,4025240208,16907437676
4683,4027918476,16910115944
4684,4029936076,16912133544
4685,4033793340,16915990808
4686,4036616684,16918814152
4687,4039910604,16922108072
4688,4040516100,16922713568
4689,4040627244,16922824712
4690,4048639268,16930836736
4691,4055207128,16937404596
4692,4055937076,16938134544
4693,4060898680,16943096148
4694,4062341372,16944538840
4695,4064725744,16946923212
4696,4064771440,16946968908
4697,4066772628,16948970096
4698,4072833000,16955030468
4699,4075425792,16957623260
4700,4079845824,16962043292
4701,4085345584,16967543052
4702,4095053740,16977251208
4703,4096110040,16978307508
4704,4104822848,16987020316
4705,4110979780,16993177248
4706,4112616444,16994813912
4707,4116751928,16998949396
4708,4125405056,17007602524
4709,4128867920,17011065388
4710,4129664124,17011861592
4711,4130893056,17013090524
4712,4132013836,17014211304
4713,4137080512,17019277980
4714,4138799216,17020996684
4715,4140490196,17022687664
4716,4141393184,17023590652
4717,4145640652,17027838120
4718,4154669828,17036867296
4719,4159064612,17041262080
4720,4161031684,17043229152
4721,4164585480,17046782948
4722,4166361056,17048558524
4723,4174305420,17056502888
4724,4181529756,17063727224
4725,4181818844,17064016312
4726,4186350352,17068547820
4727,4195172700,17077370168
4728,4197585228,17079782696
4729,4198943212,17081140680
4730,4205749944,17087947412
4731,4213910036,17096107504
4732,4216178476,17098375944
4733,4216273748,17098471216
4734,4216929788,17099127256
4735,4218039036,17100236504
4736,4225391616,17107589084
4737,4228564024,17110761492
4738,4232686104,17114883572
4739,4234715912,17116913380
4740,4234859844,17117057312
4741,4238176396,17120373864
4742,4239334844,17121532312
4743,4252336052,17134533520
4744,4253366380,17135563848
4745,4253408200,17135605668
4746,4260907564,17143105032
4747,4262646340,17144843808
4748,4264350804,17146548272
4749,4277838240,17160035708
4750,4280871256,17163068724
4751,4281421636,17163619104
4752,4281965912,17164163380
4753,4287263116,17169460584
4754,4287739420,17169936888
4755,4288474084,17170671552
4756,4292226092,17174423560
4757,4293179712,17175377180
4758,2605852,17179770616
4759,7099212,17184263976
4760,8195152,17185359916
4761,12381924,17189546688
4762,13283552,17190448316
4763,17701880,17194866644
4764,21760388,17198925152
4765,22099168,17199263932
4766,24703112,17201867876
4767,28334720,17205499484
4768,32814160,17209978924
4769,36467456,17213632220
4770,39315256,17216480020
4771,42946772,17220111536
4772,51769824,17228934588
4773,54994772,17232159536
4774,56421816,17233586580
4775,56568428,17233733192
4776,56818124,17233982888
4777,67205168,17244369932
4778,70964304,17248129068
4779,73671024,17250835788
4780,75391116,17252555880
4781,75455848,17252620612
4782,78217144,17255381908
4783,81656440,17258821204
4784,82500352,17259665116
4785,83508976,17260673740
4786,90504928,17267669692
4787,93509148,17270673912
4788,106061092,17283225856
4789,108110748,17285275512
4790,109771296,17286936060
4791,110466000,17287630764
4792,112483944,17289648708
4793,113752660,17290917424
4794,116172892,17293337656
4795,118564960,17295729724
4796,120518212,17297682976
4797,123654416,17300819180
4798,130235104,17307399868
4799,135608156,17312772920
4800,141253868,17318418632
4801,150648376,17327813140
4802,154156136,17331320900
4803,154167532,17331332296
4804,156121540,17333286304
4805,159953232,17337117996
4806,167730656,17344895420
4807,170387224,17347551988
4808,170617608,17347782372
4809,174373244,17351538008
4810,176402536,17353567300
4811,177939208,17355103972
4812,182980328,17360145092
4813,183968692,17361133456
4814,184311696,17361476460
4815,189913968,17367078732
4816,195159980,17372324744
4817,198643864,17375808628
4818,200492120,17377656884
4819,205663348,17382828112
4820,207680036,17384844800
4821,207725036,17384889800
4822,208222308,17385387072
4823,210272540,17387437304
4824,213480640,17390645404
4825,216092100,17393256864
4826,219408156,17396572920
4827,221262220,17398426984
4828,222912696,17400077460
4829,223196236,17400361000
4830,226764428,17403929192
4831,229116448,17406281212
4832,230448296,17407613060
4833,236912728,17414077492
4834,237284940,17414449704
4835,240013376,17417178140
4836,244614416,17421779180
4837,244721156,17421885920
4838,245752536,17422917300
4839,246586620,17423751384
4840,248583504,17425748268
4841,251932600,17429097364
4842,255602108,17432766872
4843,256899224,17434063988
4844,257888008,17435052772
4845,258908964,17436073728
4846,259888324,17437053088
4847,262332612,17439497376
4848,262658644,17439823408
4849,264933112,17442097876
4850,265119860,17442284624
4851,280855064,17458019828
4852,281788860,17458953624
4853,287928084,17465092848
4854,291413564,17468578328
4855,292811812,17469976576
4856,297278568,17474443332
4857,303828064,17480992828
4858,309429840,17486594604
4859,310058408,17487223172
4860,317579928,17494744692
4861,318053324,17495218088
4862,322594544,17499759308
4863,331039544,17508204308
4864,335370320,17512535084
4865,337634048,17514798812
4866,346820464,17523985228
4867,351025192,17528189956
4868,358968456,17536133220
4869,364829856,17541994620
4870,370364764,17547529528
4871,374547592,17551712356
4872,376250132,17553414896
4873,376728020,17553892784
4874,383255336,17560420100
4875,386302636,17563467400
4876,387574524,17564739288
4877,389980528,17567145292
4878,390342472,17567507236
4879,392224880,17569389644
4880,406513100,17583677864
4881,418325224,17595489988
4882,419065028,17596229792
4883,425289916,17602454680
4884,427569084,17604733848
4885,435138256,17612303020
4886,435242736,17612407500
4887,436239488,17613404252
4888,437094264,17614259028
4889,446994544,17624159308
4890,447344648,17624509412
4891,453949320,17631114084
4892,455221628,17632386392
4893,458618976,17635783740
4894,465165684,17642330448
4895,468509268,17645674032
4896,475065680,17652230444
4897,482349936,17659514700
4898,487385444,17664550208
4899,488072896,17665237660
4900,488807400,17665972164
4901,490181492,17667346256
4902,496449060,17673613824
4903,498028744,17675193508
4904,500011280,17677176044
4905,505686972,17682851736
4906,509918584,17687083348
4907,511516932,17688681696
4908,514830100,17691994864
4909,520959784,17698124548
4910,524851092,17702015856
4911,534416508,17711581272
4912,535485580,17712650344
4913,539995420,17717160184
4914,544601540,17721766304
4915,550186592,17727351356
4916,550657544,17727822308
4917,556330016,17733494780
4918,556618868,17733783632
4919,558395076,17735559840
4920,561179424,17738344188
4921,561537020,17738701784
4922,564560992,17741725756
4923,573883712,17751048476
4924,576534184,17753698948
4925,578216784,17755381548
4926,584669780,17761834544
4927,591714320,17768879084
4928,599511224,17776675988
4929,607920224,17785084988
4930,608457920,17785622684
4931,611205516,17788370280
4932,613241232,17790405996
4933,615933824,17793098588
4934,620359944,17797524708
4935,621078644,17798243408
4936,629063220,17806227984
4937,629484396,17806649160
4938,631050960,17808215724
4939,632964868,17810129632
4940,632978164,17810142928
4941,634309436,17811474200
4942,635426668,17812591432
4943,636006628,17813171392
4944,637264148,17814428912
4945,643824860,17820989624
4946,647982776,17825147540
4947,673535080,17850699844
4948,675291488,17852456252
4949,681439004,17858603768
4950,685575396,17862740160
4951,696223672,17873388436
4952,705337740,17882502504
4953,707229276,17884394040
4954,712867012,17890031776
4955,713091704,17890256468
4956,713775040,17890939804
4957,726447880,17903612644
4958,728356648,17905521412
4959,730170320,17907335084
4960,733581584,17910746348
4961,748853800,17926018564
4962,750833772,17927998536
4963,757766264,17934931028
4964,758840292,17936005056
4965,759980552,17937145316
4966,766772148,17943936912
4967,770231152,17947395916
4968,776577536,17953742300
4969,780304660,17957469424
4970,784257436,17961422200
4971,784583176,17961747940
4972,785030152,17962194916
4973,787798608,17964963372
4974,792402372,17969567136
4975,801439280,17978604044
4976,802369104,17979533868
4977,810461048,17987625812
4978,811729656,17988894420
4979,812618300,17989783064
4980,817019072,17994183836
4981,822461172,17999625936
4982,823380268,18000545032
4983,829909812,18007074576
4984,833752568,18010917332
4985,838255364,18015420128
4986,838458388,18015623152
4987,839303996,18016468760
4988,843434716,18020599480
4989,845502504,18022667268
4990,846948372,18024113136
4991,851221476,18028386240
4992,856173304,18033338068
4993,859258996,18036423760
4994,863216612,18040381376
4995,869563548,18046728312
4996,880466824,18057631588
4997,884871208,18062035972
4998,885290892,18062455656
4999,895854072,18073018836
5000,898911412,18076076176
5001,902555580,18079720344
5002,903876552,18081041316
5003,907577972,18084742736
5004,914248472,18091413236
5005,914873508,18092038272
5006,916645320,18093810084
5007,919515112,18096679876
5008,927181280,18104346044
5009,935268704,18112433468
5010,935311676,18112476440
5011,935893852,18113058616
5012,951307376,18128472140
5013,952884468,18130049232
5014,960683076,18137847840
5015,965010028,18142174792
5016,967773612,18144938376
5017,975134044,18152298808
5018,975265332,18152430096
5019,980512276,18157677040
5020,982165204,18159329968
5021,985644912,18162809676
5022,988424652,18165589416
5023,988650780,18165815544
5024,991043768,18168208532
5025,991468792,18168633556
5026,991886508,18169051272
5027,993437520,18170602284
5028,994152444,18171317208
5029,997090904,18174255668
5030,997142608,18174307372
5031,1000349512,18177514276
5032,1000580656,18177745420
5033,1001630680,18178795444
5034,1003809768,18180974532
5035,1010787760,18187952524
5036,1010951376,18188116140
5037,1011419932,18188584696
5038,1012564840,18189729604
5039,1012977664,18190142428
5040,1017345816,18194510580
5041,1026029704,18203194468
5042,1026036748,18203201512
5043,1030319160,18207483924
5044,1041086620,18218251384
5045,1041313232,18218477996
5046,1043249292,18220414056
5047,1043520780,18220685544
5048,1051206100,18228370864
5049,1058252324,18235417088
5050,1061614860,18238779624
5051,1062386908,18239551672
5052,1067640208,18244804972
5053,1068518656,18245683420
5054,1071422188,18248586952
5055,1072648732,18249813496
5056,1079180748,18256345512
5057,1082832396,18259997160
5058,1087140464,18264305228
5059,1089111264,18266276028
5060,1093794956,18270959720
5061,1102258780,18279423544
5062,1103652568,18280817332
5063,1116051692,18293216456
5064,1119342032,18296506796
5065,1125494056,18302658820
5066,1125513496,18302678260
5067,1127806560,18304971324
5068,1129622004,18306786768
5069,1130358364,18307523128
5070,1130738212,18307902976
5071,1131636548,18308801312
5072,1131896252,18309061016
5073,1136531456,18313696220
5074,1138090680,18315255444
5075,1140523628,18317688392
5076,1142557528,18319722292
5077,1148472412,18325637176
5078,1152718616,18329883380
5079,1157966872,18335131636
5080,1160412716,18337577480
5081,1160552408,18337717172
5082,1168068288,18345233052
5083,1175391224,18352555988
5084,1175645848,18352810612
5085,1180564984,18357729748
5086,1188530004,18365694768
5087,1192744172,18369908936
5088,1198404092,18375568856
5089,1202738984,18379903748
5090,1208315396,18385480160
5091,1212298936,18389463700
5092,1212604000,18389768764
5093,1215018516,18392183280
5094,1220380408,18397545172
5095,1222641388,18399806152
5096,1224337772,18401502536
5097,1232969092,18410133856
5098,1234701600,18411866364
5099,1235075304,18412240068
5100,1235774796,18412939560
5101,1236967100,18414131864
5102,1239664888,18416829652
5103,1240985928,18418150692
5104,1241640404,18418805168
5105,1245004312,18422169076
5106,1256320992,18433485756
5107,1266044216,18443208980
5108,1268438716,18445603480
5109,1269417032,18446581796
5110,1276816272,18453981036
5111,1279034424,18456199188
5112,1280701492,18457866256
5113,1289838364,18467003128
5114,1292363276,18469528040
5115,1296853280,18474018044
5116,1298502200,18475666964
5117,1300116532,18477281296
5118,1302389720,18479554484
5119,1307757396,18484922160
5120,1310097000,18487261764
5121,1310579100,18487743864
5122,1311512228,18488676992
5123,1313388228,18490552992
5124,1315942012,18493106776
5125,1315988480,18493153244
5126,1317230712,18494395476
5127,1322523864,18499688628
5128,1331644912,18508809676
5129,1336240048,18513404812
5130,1340990928,18518155692
5131,1346637416,18523802180
5132,1347708760,18524873524
5133,1350728884,18527893648
5134,1350800600,18527965364
5135,1351546168,18528710932
5136,1361404900,18538569664
5137,1361695164,18538859928
5138,1362076476,18539241240
5139,1363601792,18540766556
5140,1363733860,18540898624
5141,1365165796,18542330560
5142,1365957648,18543122412
5143,1366734372,18543899136
5144,1367341108,18544505872
5145,1373076432,18550241196
5146,1381642268,18558807032
5147,1386740756,18563905520
5148,1387213540,18564378304
5149,1388137332,18565302096
5150,1389345064,18566509828
5151,1389551328,18566716092
5152,1395171388,18572336152
5153,1396096372,18573261136
5154,1398698080,18575862844
5155,1399449436,18576614200
5156,1400497052,18577661816
5157,1401180944,18578345708
5158,1403018436,18580183200
5159,1413144384,18590309148
5160,1419444328,18596609092
5161,1429141232,18606305996
5162,1431764800,18608929564
5163,1440148940,18617313704
5164,1441301908,18618466672
5165,1444590116,18621754880
5166,1445692300,18622857064
5167,1453400992,18630565756
5168,1454192520,18631357284
5169,1455946548,18633111312
5170,1458640644,18635805408
5171,1460393608,18637558372
5172,1460992780,18638157544
5173,1465773536,18642938300
5174,1465793968,18642958732
5175,1472435012,18649599776
5176,1473267836,18650432600
5177,1486316040,18663480804
5178,1491399376,18668564140
5179,1491575772,18668740536
5180,1498154640,18675319404
5181,1505193064,18682357828
5182,1518102020,18695266784
5183,1518651920,18695816684
5184,1518905396,18696070160
5185,1521751600,18698916364
5186,1524509132,18701673896
5187,1530113624,18707278388
5188,1530621276,18707786040
5189,1541975148,18719139912
5190,1544792136,18721956900
5191,1549267864,18726432628
5192,1549345228,18726509992
5193,1550493812,18727658576
5194,1558762812,18735927576
5195,1561326740,18738491504
5196,1561662812,18738827576
5197,1576044872,18753209636
5198,1581051236,18758216000
5199,1586427656,18763592420
5200,1588140140,18765304904
5201,1588889952,18766054716
5202,1592536940,18769701704
5203,1592924356,18770089120
5204,1592944436,18770109200
5205,1603751572,18780916336
5206,1605345960,18782510724
5207,1618359612,18795524376
5208,1627979840,18805144604
5209,1629003436,18806168200
5210,1631264356,18808429120
5211,1634127940,18811292704
5212,1634442616,18811607380
5213,1635625300,18812790064
5214,1639225944,18816390708
5215,1641459612,18818624376
5216,1646242884,18823407648
5217,1651498324,18828663088
5218,1652158776,18829323540
5219,1652861496,18830026260
5220,1657059132,18834223896
5221,1657481604,18834646368
5222,1666590876,18843755640
5223,1668219856,18845384620
5224,1669314184,18846478948
5225,1676216692,18853381456
5226,1677635568,18854800332
5227,1677884256,18855049020
5228,1681712324,18858877088
5229,1684046748,18861211512
5230,1684669308,18861834072
5231,1687313112,18864477876
5232,1693760168,18870924932
5233,1697051656,18874216420
5234,1697590172,18874754936
5235,1705620560,18882785324
5236,1706822740,18883987504
5237,1718560768,18895725532
5238,1722509240,18899674004
5239,1723590500,18900755264
5240,1732016472,18909181236
5241,1733177672,18910342436
5242,1742265308,18919430072
5243,1743773648,18920938412
5244,1744431028,18921595792
5245,1751496912,18928661676
5246,1751726164,18928890928
5247,1760853284,18938018048
5248,1762156104,18939320868
5249,1768512464,18945677228
5250,1774002040,18951166804
5251,1778310716,18955475480
5252,1782330100,18959494864
5253,1785588068,18962752832
5254,1789395080,18966559844
5255,1792601820,18969766584
5256,1800879780,18978044544
5257,1801722132,18978886896
5258,1804901564,18982066328
5259,1826012772,19003177536
5260,1830825340,19007990104
5261,1830907008,19008071772
5262,1835483732,19012648496
5263,1838974916,19016139680
5264,1842983048,19020147812
5265,1848161104,19025325868
5266,1859537016,19036701780
5267,1871630804,19048795568
5268,1873481500,19050646264
5269,1876550356,19053715120
5270,1877923536,19055088300
5271,1882550736,19059715500
5272,1886718672,19063883436
5273,1890592780,19067757544
5274,1893289476,19070454240
5275,1893698188,19070862952
5276,1896033952,19073198716
5277,1896727616,19073892380
5278,1902724268,19079889032
5279,1905543988,19082708752
5280,1913804728,19090969492
5281,1917363600,19094528364
5282,1918063036,19095227800
5283,1926561344,19103726108
5284,1931542500,19108707264
5285,1943401912,19120566676
5286,1951659416,19128824180
5287,1952062968,19129227732
5288,1959133408,19136298172
5289,1962305156,19139469920
5290,1969361304,19146526068
5291,1975258004,19152422768
5292,1984064480,19161229244
5293,1984407516,19161572280
5294,1987636072,19164800836
5295,1988583216,19165747980
5296,1991453332,19168618096
5297,1991673492,19168838256
5298,1992120732,19169285496
5299,1993630644,19170795408
5300,1996894144,19174058908
5301,2001278164,19178442928
5302,2002151312,19179316076
5303,2004022732,19181187496
5304,2010439048,19187603812
5305,2012076900,19189241664
5306,2014785096,19191949860
5307,2014851448,19192016212
5308,2016182640,19193347404
5309,2023804364,19200969128
5310,2031039844,19208204608
5311,2031242128,19208406892
5312,2031377168,19208541932
5313,2033009364,19210174128
5314,2035327552,19212492316
5315,2041466804,19218631568
5316,2045162272,19222327036
5317,2046306580,19223471344
5318,2047032720,19224197484
5319,2057249420,19234414184
5320,2064051180,19241215944
5321,2065610808,19242775572
5322,2069785136,19246949900
5323,2075313688,19252478452
5324,2077484964,19254649728
5325,2078300960,19255465724
5326,2078995164,19256159928
5327,2083062952,19260227716
5328,2087940836,19265105600
5329,2099200540,19276365304
5330,2101363220,19278527984
5331,2105923972,19283088736
5332,2109897272,19287062036
5333,2109945680,19287110444
5334,2113073004,19290237768
5335,2117986788,19295151552
5336,2117990952,19295155716
5337,2126897832,19304062596
5338,2137399112,19314563876
5339,2141295304,19318460068
5340,2141635516,19318800280
5341,2141954728,19319119492
5342,2143993908,19321158672
5343,2152334196,19329498960
5344,2154948276,19332113040
5345,2158105264,19335270028
5346,2160462468,19337627232
5347,2165881116,19343045880
5348,2172169976,19349334740
5349,2177819492,19354984256
5350,2178374696,19355539460
5351,2179341128,19356505892
5352,2181848300,19359013064
5353,2183319344,19360484108
5354,2183796768,19360961532
5355,2185022212,19362186976
5356,2185740880,19362905644
5357,2190231544,19367396308
5358,2191537908,19368702672
5359,2194193288,19371358052
5360,2194601076,19371765840
5361,2196177844,19373342608
5362,2198400912,19375565676
5363,2198963532,19376128296
5364,2202792312,19379957076
5365,2209364756,19386529520
5366,2210080924,19387245688
5367,2214115172,19391279936
5368,2214749236,19391914000
5369,2222645892,19399810656
5370,2226110152,19403274916
5371,2226418320,19403583084
5372,2230569848,19407734612
5373,2230797920,19407962684
5374,2234590076,19411754840
5375,2236206476,19413371240
5376,2244327712,19421492476
5377,2246999792,19424164556
5378,2250186220,19427350984
5379,2250669604,19427834368
5380,2252438420,19429603184
5381,2256460624,19433625388
5382,2265516112,19442680876
5383,2266173296,19443338060
5384,2273747324,19450912088
5385,2274847944,19452012708
5386,2282439872,19459604636
5387,2284526436,19461691200
5388,2284977084,19462141848
5389,2287082544,19464247308
5390,2291103560,19468268324
5391,2297605132,19474769896
5392,2309859928,19487024692
5393,2311546496,19488711260
5394,2324377976,19501542740
5395,2325461200,19502625964
5396,2337600844,19514765608
5397,2340429920,19517594684
5398,2342091412,19519256176
5399,2347205496,19524370260
5400,2347381708,19524546472
5401,2353905856,19531070620
5402,2357044900,19534209664
5403,2361077020,19538241784
5404,2361500796,19538665560
5405,2364362424,19541527188
5406,2365169016,19542333780
5407,2366220116,19543384880
5408,2370074528,19547239292
5409,2378108368,19555273132
5410,2381401312,19558566076
5411,2382504648,19559669412
5412,2386934908,19564099672
5413,2394324496,19571489260
5414,2395042992,19572207756
5415,2396813996,19573978760
5416,2400298820,19577463584
5417,2401235180,19578399944
5418,2407993204,19585157968
5419,2415103348,19592268112
5420,2416499700,19593664464
5421,2417296572,19594461336
5422,2422151936,19599316700
5423,2426216532,19603381296
5424,2430046712,19607211476
5425,2432262800,19609427564
5426,2437701632,19614866396
5427,2444055744,19621220508
5428,2445655576,19622820340
5429,2455019496,19632184260
5430,2457010492,19634175256
5431,2457823144,19634987908
5432,2466360692,19643525456
5433,2471548088,19648712852
5434,2476062312,19653227076
5435,2477774048,19654938812
5436,2484151212,19661315976
5437,2485067160,19662231924
5438,2486007084,19663171848
5439,2494243944,19671408708
5440,2495456996,19672621760
5441,2497099996,19674264760
5442,2497514764,19674679528
5443,2498528676,19675693440
5444,2501582952,19678747716
5445,2508488580,19685653344
5446,2510243856,19687408620
5447,2514760348,19691925112
5448,2530346836,19707511600
5449,2530743112,19707907876
5450,2534071864,19711236628
5451,2534094640,19711259404
5452,2536137044,19713301808
5453,2536257112,19713421876
5454,2538669848,19715834612
5455,2539872928,19717037692
5456,2539879484,19717044248
5457,2541718540,19718883304
5458,2545845176,19723009940
5459,2548527780,19725692544
5460,2552537872,19729702636
5461,2555323212,19732487976
5462,2556215156,19733379920
5463,2556785076,19733949840
5464,2557343712,19734508476
5465,2559048920,19736213684
5466,2562646972,19739811736
5467,2571193248,19748358012
5468,2571482980,19748647744
5469,2575843060,19753007824
5470,2586884364,19764049128
5471,2590005444,19767170208
5472,2597613600,19774778364
5473,2599339176,19776503940
5474,2602739724,19779904488
5475,2609554280,19786719044
5476,2610378536,19787543300
5477,2613994564,19791159328
5478,2624268924,19801433688
5479,2628658028,19805822792
5480,2631758144,19808922908
5481,2649548604,19826713368
5482,2651228588,19828393352
5483,2652761904,19829926668
5484,2658767224,19835931988
5485,2669842364,19847007128
5486,2673424368,19850589132
5487,2674734180,19851898944
5488,2678141380,19855306144
5489,2694782660,19871947424
5490,2696674696,19873839460
5491,2707765324,19884930088
5492,2714628528,19891793292
5493,2716243208,19893407972
5494,2722414696,19899579460
5495,2726220688,19903385452
5496,2729958284,19907123048
5497,2739716684,19916881448
5498,2741667188,19918831952
5499,2745010084,19922174848
5500,2755166708,19932331472
5501,2762225904,19939390668
5502,2765470644,19942635408
5503,2766301236,19943466000
5504,2771402216,19948566980
5505,2771650068,19948814832
5506,2773194544,19950359308
5507,2773339396,19950504160
5508,2778553444,19955718208
5509,2781809828,19958974592
5510,2784827208,19961991972
5511,2789935232,19967099996
5512,2791402176,19968566940
5513,2793081036,19970245800
5514,2794532212,19971696976
5515,2797346748,19974511512
5516,2798815688,19975980452
5517,2799496904,19976661668
5518,2800168180,19977332944
5519,2804250172,19981414936
5520,2807027672,19984192436
5521,2810393628,19987558392
5522,2814556932,19991721696
5523,2819165984,19996330748
5524,2824034084,20001198848
5525,2824613516,20001778280
5526,2824773828,20001938592
5527,2829573636,20006738400
5528,2830111964,20007276728
5529,2838848036,20016012800
5530,2842251284,20019416048
5531,2848144884,20025309648
5532,2849537864,20026702628
5533,2850362396,20027527160
5534,2858203376,20035368140
5535,2858829596,20035994360
5536,2859643260,20036808024
5537,2863177120,20040341884
5538,2869233936,20046398700
5539,2871009016,20048173780
5540,2872915328,20050080092
5541,2877720660,20054885424
5542,2878744348,20055909112
5543,2885357308,20062522072
5544,2890619724,20067784488
5545,2892356448,20069521212
5546,2895177600,20072342364
5547,2899290660,20076455424
5548,2903164032,20080328796
5549,2905304116,20082468880
5550,2906914916,20084079680
5551,2913940524,20091105288
5552,2916792044,20093956808
5553,2940974476,20118139240
5554,2941748244,20118913008
5555,2942293116,20119457880
5556,2942895128,20120059892
5557,2945168992,20122333756
5558,2946421028,20123585792
5559,2954299228,20131463992
5560,2955663040,20132827804
5561,2957221164,20134385928
5562,2958618768,20135783532
5563,2968573820,20145738584
5564,2972988484,20150153248
5565,2983037024,20160201788
5566,2983482088,20160646852
5567,2986777260,20163942024
5568,2990526304,20167691068
5569,2993556712,20170721476
5570,2994168088,20171332852
5571,2994512048,20171676812
5572,2998161884,20175326648
5573,2999774476,20176939240
5574,3007648624,20184813388
5575,3011505992,20188670756
5576,3013459932,20190624696
5577,3016404436,20193569200
5578,3017584452,20194749216
5579,3021369540,20198534304
5580,3021429116,20198593880
5581,3028795472,20205960236
5582,3028924076,20206088840
5583,3034891224,20212055988
5584,3038103620,20215268384
5585,3045273336,20222438100
5586,3045955312,20223120076
5587,3052458732,20229623496
5588,3059208944,20236373708
5589,3060319672,20237484436
5590,3064335132,20241499896
5591,3065397044,20242561808
5592,3067531776,20244696540
5593,3069203792,20246368556
5594,3070657020,20247821784
5595,3076822616,20253987380
5596,3078648848,20255813612
5597,3078823884,20255988648
5598,3080724688,20257889452
5599,3082769588,20259934352
5600,3085015336,20262180100
5601,3089577528,20266742292
5602,3090905576,20268070340
5603,3095228276,20272393040
5604,3096648188,20273812952
5605,3097561916,20274726680
5606,3108948392,20286113156
5607,3109273068,20286437832
5608,3111989324,20289154088
5609,3114277400,20291442164
5610,3115667080,20292831844
5611,3118073660,20295238424
5612,3120775620,20297940384
5613,3129827156,20306991920
5614,3136755492,20313920256
5615,3136859008,20314023772
5616,3141132620,20318297384
5617,3142047096,20319211860
5618,3143191624,20320356388
5619,3143893380,20321058144
5620,3154344756,20331509520
5621,3157028188,20334192952
5622,3159879052,20337043816
5623,3165998896,20343163660
5624,3168647432,20345812196
5625,3172296172,20349460936
5626,3175508956,20352673720
5627,3176586324,20353751088
5628,3177437560,20354602324
5629,3180052268,20357217032
5630,3187079248,20364244012
5631,3188774168,20365938932
5632,3195680572,20372845336
5633,3198496920,20375661684
5634,3205647644,20382812408
5635,3209280884,20386445648
5636,3211242780,20388407544
5637,3213882140,20391046904
5638,3214752408,20391917172
5639,3225328136,20402492900
5640,3228598008,20405762772
5641,3231131668,20408296432
5642,3232679644,20409844408
5643,3234892128,20412056892
5644,3235962240,20413127004
5645,3235970336,20413135100
5646,3247487428,20424652192
5647,3249183100,20426347864
5648,3252552976,20429717740
5649,3256238452,20433403216
5650,3259301208,20436465972
5651,3262073248,20439238012
5652,3264249712,20441414476
5653,3266047512,20443212276
5654,3270347980,20447512744
5655,3273165964,20450330728
5656,3278658784,20455823548
5657,3284510500,20461675264
5658,3287700576,20464865340
5659,3288019316,20465184080
5660,3299078644,20476243408
5661,3301227844,20478392608
5662,3303270636,20480435400
5663,3309070388,20486235152
5664,3314421996,20491586760
5665,3317120336,20494285100
5666,3317230232,20494394996
5667,3327512228,20504676992
5668,3329075060,20506239824
5669,3332549600,20509714364
5670,3333188644,20510353408
5671,3337818496,20514983260
5672,3340334120,20517498884
5673,3340559636,20517724400
5674,3343667372,20520832136
5675,3345165864,20522330628
5676,3346862144,20524026908
5677,3347828820,20524993584
5678,3353973892,20531138656
5679,3357803160,20534967924
5680,3360924216,20538088980
5681,3362942684,20540107448
5682,3367424908,20544589672
5683,3371969560,20549134324
5684,3374537308,20551702072
5685,3383135268,20560300032
5686,3389265908,20566430672
5687,3392458188,20569622952
5688,3392933240,20570098004
5689,3393096324,20570261088
5690,3406174976,20583339740
5691,3411674272,20588839036
5692,3415110636,20592275400
5693,3423132124,20600296888
5694,3431143812,20608308576
5695,3431533716,20608698480
5696,3433522908,20610687672
5697,3436608332,20613773096
5698,3442673196,20619837960
5699,3444783000,20621947764
5700,3445906188,20623070952
5701,3450852540,20628017304
5702,3453125840,20630290604
5703,3456800268,20633965032
5704,3461136568,20638301332
5705,3466312080,20643476844
5706,3466640796,20643805560
5707,3469561172,20646725936
5708,3472788592,20649953356
5709,3480764752,20657929516
5710,3490850024,20668014788
5711,3492525960,20669690724
5712,3495323324,20672488088
5713,3495680572,20672845336
5714,3496450008,20673614772
5715,3500277820,20677442584
5716,3501846832,20679011596
5717,3507922504,20685087268
5718,3508320620,20685485384
5719,3514719276,20691884040
5720,3517817584,20694982348
5721,3522669160,20699833924
5722,3529610276,20706775040
5723,3548594432,20725759196
5724,3551024472,20728189236
5725,3553848060,20731012824
5726,3554359172,20731523936
5727,3557767176,20734931940
5728,3567505236,20744670000
5729,3569647736,20746812500
5730,3570702724,20747867488
5731,3572103572,20749268336
5732,3582913728,20760078492
5733,3585936208,20763100972
5734,3588494652,20765659416
5735,3588718720,20765883484
5736,3588955084,20766119848
5737,3589707232,20766871996
5738,3590626476,20767791240
5739,3599364700,20776529464
5740,3604877756,20782042520
5741,3609037984,20786202748
5742,3621613000,20798777764
5743,3626338080,20803502844
5744,3633054436,20810219200
5745,3634478840,20811643604
5746,3635720508,20812885272
5747,3636688652,20813853416
5748,3643953716,20821118480
5749,3645029244,20822194008
5750,3653646968,20830811732
5751,3654430328,20831595092
5752,3656603156,20833767920
5753,3663478560,20840643324
5754,3663698504,20840863268
5755,3667654044,20844818808
5756,3669140580,20846305344
5757,3669327984,20846492748
5758,3670430400,20847595164
5759,3672504948,20849669712
5760,3675281088,20852445852
5761,3680775936,20857940700
5762,3685307148,20862471912
5763,3685375092,20862539856
5764,3689686188,20866850952
5765,3694045616,20871210380
5766,3713951404,20891116168
5767,3715082500,20892247264
5768,3718971672,20896136436
5769,3721182100,20898346864
5770,3727663128,20904827892
5771,3727744860,20904909624
5772,3732982204,20910146968
5773,3734683192,20911847956
5774,3742215544,20919380308
5775,3751408508,20928573272
5776,3751806456,20928971220
5777,3753674916,20930839680
5778,3757022216,20934186980
5779,3763149508,20940314272
5780,3773335604,20950500368
5781,3776147376,20953312140
5782,3779190100,20956354864
5783,3781886016,20959050780
5784,3782025500,20959190264
5785,3782590504,20959755268
5786,3788416840,20965581604
5787,3788783368,20965948132
5788,3789709844,20966874608
5789,3790872348,20968037112
5790,3795272424,20972437188
5791,3796577944,20973742708
5792,3798970704,20976135468
5793,3803391256,20980556020
5794,3811234472,20988399236
5795,3811285640,20988450404
5796,3811527120,20988691884
5797,3814267204,20991431968
5798,3814276544,20991441308
5799,3815100876,20992265640
5800,3819548684,20996713448
5801,3825210640,21002375404
5802,3828052284,21005217048
5803,3829584384,21006749148
5804,3837374688,21014539452
5805,3854106016,21031270780
5806,3856338628,21033503392
5807,3856410780,21033575544
5808,3859124236,21036289000
5809,3859861908,21037026672
5810,3863224160,21040388924
5811,3863782220,21040946984
5812,3864054588,21041219352
5813,3864263656,21041428420
5814,3869559044,21046723808
5815,3870831132,21047995896
5816,3873232852,21050397616
5817,3874483048,21051647812
5818,3878364036,21055528800
5819,3882839420,21060004184
5820,3889594524,21066759288
5821,3889610176,21066774940
5822,3895893824,21073058588
5823,3898277960,21075442724
5824,3898822692,21075987456
5825,3900969172,21078133936
5826,3904370892,21081535656
5827,3905168500,21082333264
5828,3905283388,21082448152
5829,3912002136,21089166900
5830,3915183976,21092348740
5831,3917241660,21094406424
5832,3925439500,21102604264
5833,3926212760,21103377524
5834,3927495580,21104660344
5835,3929942360,21107107124
5836,3932408956,21109573720
5837,3937397968,21114562732
5838,3943114164,21120278928
5839,3944767932,21121932696
5840,3944899448,21122064212
5841,3949734796,21126899560
5842,3952714436,21129879200
5843,3954475900,21131640664
5844,3956303244,21133468008
5845,3962093976,21139258740
5846,3969070676,21146235440
5847,3969701260,21146866024
5848,3972246588,21149411352
5849,3976018040,21153182804
5850,3982317592,21159482356
5851,3982491092,21159655856
5852,3985032656,21162197420
5853,3993490420,21170655184
5854,3993633884,21170798648
5855,3994932552,21172097316
5856,4000239416,21177404180
5857,4011914784,21189079548
5858,4014926604,21192091368
5859,4024792408,21201957172
5860,4026464228,21203628992
5861,4027710524,21204875288
5862,4028634672,21205799436
5863,4032619620,21209784384
5864,4047184364,21224349128
5865,4052679244,21229844008
5866,4055982048,21233146812
5867,4057032776,21234197540
5868,4057252976,21234417740
5869,4058171736,21235336500
5870,4067922152,21245086916
5871,4067956716,21245121480
5872,4073286596,21250451360
5873,4078645908,21255810672
5874,4078853452,21256018216
5875,4082979140,21260143904
5876,4089539044,21266703808
5877,4110621012,21287785776
5878,4114047536,21291212300
5879,4119487200,21296651964
5880,4120829208,21297993972
5881,4137001132,21314165896
5882,4139253544,21316418308
5883,4143263824,21320428588
5884,4143980004,21321144768
5885,4152751404,21329916168
5886,4153686628,21330851392
5887,4157246188,21334410952
5888,4159249440,21336414204
5889,4160717020,21337881784
5890,4173941496,21351106260
5891,4177240776,21354405540
5892,4183536444,21360701208
5893,4183709984,21360874748
5894,4184053584,21361218348
5895,4184521452,21361686216
5896,4189487780,21366652544
5897,4196645144,21373809908
5898,4199093240,21376258004
5899,4202616728,21379781492
5900,4204945668,21382110432
5901,4205561212,21382725976
5902,4207308148,21384472912
5903,4227791520,21404956284
5904,4236460800,21413625564
5905,4238700020,21415864784
5906,4241279212,21418443976
5907,4247245468,21424410232
5908,4250794296,21427959060
5909,4264636964,21441801728
5910,4264772356,21441937120
5911,4266516640,21443681404
5912,4270185040,21447349804
5913,4276150284,21453315048
5914,4277117908,21454282672
5915,4277913184,21455077948
5916,4281281188,21458445952
5917,4282896188,21460060952
5918,4285993132,21463157896
5919,106648,21472238708
5920,5888944,21478021004
5921,7130600,21479262660
5922,15996636,21488128696
5923,16352200,21488484260
5924,16455552,21488587612
5925,18124608,21490256668
5926,18500968,21490633028
5927,20329980,21492462040
5928,23963888,21496095948
5929,35653760,21507785820
5930,40575292,21512707352
5931,45617444,21517749504
5932,45988748,21518120808
5933,49701332,21521833392
5934,51209460,21523341520
5935,63568396,21535700456
5936,64465552,21536597612
5937,69085436,21541217496
5938,69225852,21541357912
5939,70061732,21542193792
5940,70538176,21542670236
5941,72095304,21544227364
5942,72906544,21545038604
5943,76101268,21548233328
5944,83420484,21555552544
5945,87686480,21559818540
5946,91457500,21563589560
5947,100711020,21572843080
5948,101208112,21573340172
5949,102255312,21574387372
5950,107718604,21579850664
5951,107820140,21579952200
5952,115488784,21587620844
5953,128419900,21600551960
5954,130123684,21602255744
5955,141995276,21614127336
5956,142040356,21614172416
5957,150364292,21622496352
5958,162468264,21634600324
5959,162680936,21634812996
5960,165709800,21637841860
5961,177136368,21649268428
5962,178296024,21650428084
5963,187981728,21660113788
5964,191219092,21663351152
5965,191818312,21663950372
5966,193739556,21665871616
5967,199265076,21671397136
5968,200625544,21672757604
5969,218821892,21690953952
5970,219926076,21692058136
5971,220006548,21692138608
5972,221367704,21693499764
5973,222822584,21694954644
5974,224401260,21696533320
5975,228026300,21700158360
5976,229653368,21701785428
5977,229821808,21701953868
5978,229978240,21702110300
5979,233568440,21705700500
5980,236525680,21708657740
5981,249584528,21721716588
5982,252724388,21724856448
5983,254585784,21726717844
5984,258931396,21731063456
5985,261243032,21733375092
5986,263625692,21735757752
5987,271416060,21743548120
5988,271817596,21743949656
5989,293416064,21765548124
5990,295797092,21767929152
5991,299694092,21771826152
5992,300238528,21772370588
5993,304336128,21776468188
5994,314983820,21787115880
5995,315856352,21787988412
5996,316493984,21788626044
5997,317417452,21789549512
5998,322480840,21794612900
5999,322594900,21794726960
6000,329310776,21801442836
6001,329752600,21801884660
6002,334449412,21806581472
6003,334523888,21806655948
6004,340731660,21812863720
6005,341010200,21813142260
6006,341615136,21813747196
6007,341688988,21813821048
6008,350909484,21823041544
6009,353122960,21825255020
6010,355111884,21827243944
6011,357802600,21829934660
6012,373971432,21846103492
6013,375072220,21847204280
6014,378393448,21850525508
6015,383070840,21855202900
6016,383509736,21855641796
6017,388675664,21860807724
6018,388989612,21861121672
6019,390118624,21862250684
6020,391529936,21863661996
6021,393137076,21865269136
6022,396547584,21868679644
6023,410005208,21882137268
6024,413415688,21885547748
6025,417934376,21890066436
6026,420062652,21892194712
6027,425147920,21897279980
6028,425340796,21897472856
6029,426333832,21898465892
6030,427252092,21899384152
6031,427719808,21899851868
6032,428895480,21901027540
6033,444545612,21916677672
6034,449905908,21922037968
6035,451507644,21923639704
6036,453793716,21925925776
6037,458624828,21930756888
6038,465366568,21937498628
6039,468524808,21940656868
6040,473606860,21945738920
6041,473620240,21945752300
6042,473762236,21945894296
6043,473816444,21945948504
6044,475874516,21948006576
6045,479517236,21951649296
6046,485410648,21957542708
6047,494673412,21966805472
6048,499214184,21971346244
6049,500436868,21972568928
6050,500702812,21972834872
6051,504688912,21976820972
6052,505254668,21977386728
6053,509937016,21982069076
6054,520115832,21992247892
6055,522805876,21994937936
6056,523080052,21995212112
6057,525172028,21997304088
6058,528507168,22000639228
6059,528985764,22001117824
6060,534389644,22006521704
6061,538830052,22010962112
6062,541978028,22014110088
6063,543783524,22015915584
6064,544133520,22016265580
6065,545676180,22017808240
6066,551865380,22023997440
6067,558294912,22030426972
6068,559974284,22032106344
6069,560344060,22032476120
6070,574464284,22046596344
6071,575942044,22048074104
6072,577972352,22050104412
6073,579525236,22051657296
6074,580075020,22052207080
6075,587186308,22059318368
6076,589873932,22062005992
6077,595116744,22067248804
6078,597518808,22069650868
6079,597968332,22070100392
6080,600482244,22072614304
6081,600809572,22072941632
6082,600834696,22072966756
6083,609282496,22081414556
6084,609739800,22081871860
6085,610295824,22082427884
6086,611407196,22083539256
6087,613586232,22085718292
6088,618739308,22090871368
6089,625292416,22097424476
6090,625459100,22097591160
6091,631658048,22103790108
6092,636372216,22108504276
6093,636442148,22108574208
6094,651776552,22123908612
6095,652696776,22124828836
6096,655138812,22127270872
6097,656181756,22128313816
6098,657164448,22129296508
6099,657869188,22130001248
6100,669179548,22141311608
6101,672335440,22144467500
6102,673471352,22145603412
6103,674124572,22146256632
6104,681068896,22153200956
6105,683997440,22156129500
6106,684011528,22156143588
6107,688161600,22160293660
6108,692839160,22164971220
6109,695020408,22167152468
6110,695541048,22167673108
6111,696953040,22169085100
6112,698515044,22170647104
6113,704407436,22176539496
6114,705267996,22177400056
6115,705432696,22177564756
6116,706659448,22178791508
6117,710028636,22182160696
6118,715796328,22187928388
6119,716476324,22188608384
6120,723451960,22195584020
6121,736676288,22208808348
6122,751108548,22223240608
6123,755886964,22228019024
6124,761071400,22233203460
6125,765805176,22237937236
6126,767922776,22240054836
6127,770123392,22242255452
6128,775204880,22247336940
6129,775807284,22247939344
6130,782188392,22254320452
6131,788278052,22260410112
6132,789515756,22261647816
6133,789548032,22261680092
6134,790667804,22262799864
6135,795000220,22267132280
6136,795132516,22267264576
6137,798206824,22270338884
6138,799426340,22271558400
6139,800804356,22272936416
6140,803353596,22275485656
6141,804079728,22276211788
6142,805993944,22278126004
6143,808709944,22280842004
6144,814118152,22286250212
6145,820263408,22292395468
6146,827287228,22299419288
6147,827960044,22300092104
6148,829935884,22302067944
6149,831816352,22303948412
6150,835857920,22307989980
6151,843043484,22315175544
6152,843512752,22315644812
6153,848948100,22321080160
6154,849884240,22322016300
6155,853549888,22325681948
6156,859767084,22331899144
6157,869432732,22341564792
6158,873200020,22345332080
6159,884239372,22356371432
6160,885753080,22357885140
6161,890260588,22362392648
6162,890658772,22362790832
6163,891000264,22363132324
6164,894192648,22366324708
6165,904856884,22376988944
6166,905139736,22377271796
6167,907162512,22379294572
6168,915407824,22387539884
6169,919544656,22391676716
6170,925311964,22397444024
6171,926332240,22398464300
6172,926924376,22399056436
6173,931036180,22403168240
6174,934335300,22406467360
6175,937369864,22409501924
6176,938689732,22410821792
6177,939198844,22411330904
6178,941978488,22414110548
6179,942460624,22414592684
6180,942763120,22414895180
6181,947116652,22419248712
6182,947575584,22419707644
6183,951547316,22423679376
6184,951765308,22423897368
6185,953430096,22425562156
6186,955050352,22427182412
6187,958082356,22430214416
6188,969180808,22441312868
6189,976139916,22448271976
6190,984769732,22456901792
6191,985547472,22457679532
6192,995727328,22467859388
6193,1004941524,22477073584
6194,1020568752,22492700812
6195,1025840732,22497972792
6196,1027725704,22499857764
6197,1031440692,22503572752
6198,1035193652,22507325712
6199,1040275760,22512407820
6200,1041658304,22513790364
6201,1043075492,22515207552
6202,1048684776,22520816836
6203,1048941888,22521073948
6204,1049806040,22521938100
6205,1060746028,22532878088
6206,1062489904,22534621964
6207,1066856100,22538988160
6208,1071282668,22543414728
6209,1072645136,22544777196
6210,1073081184,22545213244
6211,1074250116,22546382176
6212,1080253052,22552385112
6213,1096014840,22568146900
6214,1097450016,22569582076
6215,1104519704,22576651764
6216,1108321568,22580453628
6217,1111154132,22583286192
6218,1112332640,22584464700
6219,1114645440,22586777500
6220,1114790524,22586922584
6221,1117131340,22589263400
6222,1118907176,22591039236
6223,1120809528,22592941588
6224,1147398108,22619530168
6225,1156308268,22628440328
6226,1157741720,22629873780
6227,1160327068,22632459128
6228,1160566836,22632698896
6229,1165944696,22638076756
6230,1171637992,22643770052
6231,1186771204,22658903264
6232,1188016108,22660148168
6233,1190685224,22662817284
6234,1193004100,22665136160
6235,1197337456,22669469516
6236,1199562232,22671694292
6237,1201081076,22673213136
6238,1201300860,22673432920
6239,1202319456,22674451516
6240,1203927672,22676059732
6241,1205347444,22677479504
6242,1209688424,22681820484
6243,1212505124,22684637184
6244,1221372392,22693504452
6245,1223794356,22695926416
6246,1233620012,22705752072
6247,1236446244,22708578304
6248,1238041196,22710173256
6249,1246847344,22718979404
6250,1252187196,22724319256
6251,1257210360,22729342420
6252,1261388732,22733520792
6253,1276334468,22748466528
6254,1276688232,22748820292
6255,1280311140,22752443200
6256,1280409840,22752541900
6257,1284007152,22756139212
6258,1287953712,22760085772
6259,1288052112,22760184172
6260,1288541252,22760673312
6261,1292052188,22764184248
6262,1300780244,22772912304
6263,1308964732,22781096792
6264,1319077796,22791209856
6265,1321971320,22794103380
6266,1329604844,22801736904
6267,1330877968,22803010028
6268,1331645364,22803777424
6269,1332606352,22804738412
6270,1338475756,22810607816
6271,1340544176,22812676236
6272,1347668276,22819800336
6273,1349645500,22821777560
6274,1354147108,22826279168
6275,1361340340,22833472400
6276,1369064680,22841196740
6277,1373947992,22846080052
6278,1378294392,22850426452
6279,1380129488,22852261548
6280,1380682080,22852814140
6281,1390658556,22862790616
6282,1392990764,22865122824
6283,1398174704,22870306764
6284,1409431740,22881563800
6285,1417261744,22889393804
6286,1417967576,22890099636
6287,1417993736,22890125796
6288,1427257164,22899389224
6289,1427300972,22899433032
6290,1433925516,22906057576
6291,1434301520,22906433580
6292,1439249372,22911381432
6293,1444168884,22916300944
6294,1447555888,22919687948
6295,1448695336,22920827396
6296,1460850020,22932982080
6297,1462197368,22934329428
6298,1464162472,22936294532
6299,1465478824,22937610884
6300,1468923536,22941055596
6301,1477952068,22950084128
6302,1478905964,22951038024
6303,1485240868,22957372928
6304,1489578320,22961710380
6305,1489837576,22961969636
6306,1491684096,22963816156
6307,1492544000,22964676060
6308,1509535804,22981667864
6309,1514985928,22987117988
6310,1517608452,22989740512
6311,1533698896,23005830956
6312,1539018952,23011151012
6313,1539466376,23011598436
6314,1540326008,23012458068
6315,1542071680,23014203740
6316,1542761628,23014893688
6317,1554694184,23026826244
6318,1558352528,23030484588
6319,1562024728,23034156788
6320,1564099040,23036231100
6321,1566790296,23038922356
6322,1573997660,23046129720
6323,1580416520,23052548580
6324,1583664428,23055796488
6325,1585770720,23057902780
6326,1596036496,23068168556
6327,1604155244,23076287304
6328,1605892336,23078024396
6329,1606063884,23078195944
6330,1609398032,23081530092
6331,1613891776,23086023836
6332,1620742264,23092874324
6333,1621750760,23093882820
6334,1626419604,23098551664
6335,1629708260,23101840320
6336,1634971072,23107103132
6337,1635713720,23107845780
6338,1636755296,23108887356
6339,1637770720,23109902780
6340,1638300648,23110432708
6341,1645061480,23117193540
6342,1647123052,23119255112
6343,1657025204,23129157264
6344,1657203480,23129335540
6345,1662329012,23134461072
6346,1663686376,23135818436
6347,1668404124,23140536184
6348,1673552868,23145684928
6349,1676898228,23149030288
6350,1679397592,23151529652
6351,1680096620,23152228680
6352,1680558004,23152690064
6353,1681481252,23153613312
6354,1684427516,23156559576
6355,1684646912,23156778972
6356,1694671800,23166803860
6357,1698324020,23170456080
6358,1707550648,23179682708
6359,1707867004,23179999064
6360,1710913788,23183045848
6361,1710969524,23183101584
6362,1714343408,23186475468
6363,1719812832,23191944892
6364,1722403044,23194535104
6365,1723348876,23195480936
6366,1733205684,23205337744
6367,1737484788,23209616848
6368,1752978520,23225110580
6369,1758589780,23230721840
6370,1761898244,23234030304
6371,1763677572,23235809632
6372,1765354116,23237486176
6373,1769686948,23241819008
6374,1772543424,23244675484
6375,1780870932,23253002992
6376,1786092356,23258224416
6377,1786724196,23258856256
6378,1792710540,23264842600
6379,1794123228,23266255288
6380,1798708332,23270840392
6381,1802626348,23274758408
6382,1803779056,23275911116
6383,1805247080,23277379140
6384,1808520916,23280652976
6385,1809723424,23281855484
6386,1811021788,23283153848
6387,1811844800,23283976860
6388,1824386716,23296518776
6389,1829739608,23301871668
6390,1830628368,23302760428
6391,1837089808,23309221868
6392,1837140172,23309272232
6393,1841203288,23313335348
6394,1846466596,23318598656
6395,1848093004,23320225064
6396,1849315680,23321447740
6397,1849894452,23322026512
6398,1866293556,23338425616
6399,1870208576,23342340636
6400,1882421132,23354553192
6401,1884598768,23356730828
6402,1891725700,23363857760
6403,1894153068,23366285128
6404,1895833592,23367965652
6405,1896728616,23368860676
6406,1898906900,23371038960
6407,1901377436,23373509496
6408,1906468332,23378600392
6409,1907105720,23379237780
6410,1908028612,23380160672
6411,1908258592,23380390652
6412,1909086672,23381218732
6413,1913254636,23385386696
6414,1913320496,23385452556
6415,1917186136,23389318196
6416,1921168768,23393300828
6417,1922788188,23394920248
6418,1927302780,23399434840
6419,1936364000,23408496060
6420,1937163748,23409295808
6421,1942428208,23414560268
6422,1945270880,23417402940
6423,1951260104,23423392164
6424,1956538600,23428670660
6425,1963766456,23435898516
6426,1972634544,23444766604
6427,1990204944,23462337004
6428,1993493216,23465625276
6429,1994396492,23466528552
6430,1994976592,23467108652
6431,1995708428,23467840488
6432,1996789232,23468921292
6433,2001409412,23473541472
6434,2002112540,23474244600
6435,2004011104,23476143164
6436,2007649808,23479781868
6437,2018443700,23490575760
6438,2020373172,23492505232
6439,2022403036,23494535096
6440,2036383212,23508515272
6441,2039243492,23511375552
6442,2048471384,23520603444
6443,2053437020,23525569080
6444,2054593736,23526725796
6445,2058500164,23530632224
6446,2058769248,23530901308
6447,2058906488,23531038548
6448,2059769228,23531901288
6449,2065560844,23537692904
6450,2068262212,23540394272
6451,2071864512,23543996572
6452,2074525264,23546657324
6453,2077091804,23549223864
6454,2081310012,23553442072
6455,2085639752,23557771812
6456,2087632708,23559764768
6457,2087857556,23559989616
6458,2092164080,23564296140
6459,2094472560,23566604620
6460,2094625812,23566757872
6461,2095040948,23567173008
6462,2095560628,23567692688
6463,2099907416,23572039476
6464,2101102112,23573234172
6465,2105208352,23577340412
6466,2109291184,23581423244
6467,2111522040,23583654100
6468,2111538408,23583670468
6469,2114689400,23586821460
6470,2115550088,23587682148
6471,2118268700,23590400760
6472,2118607160,23590739220
6473,2124826912,23596958972
6474,2136897044,23609029104
6475,2141650636,23613782696
6476,2143425672,23615557732
6477,2144122936,23616254996
6478,2147544176,23619676236
6479,2152609984,23624742044
6480,2152961724,23625093784
6481,2153924184,23626056244
6482,2157819524,23629951584
6483,2160464064,23632596124
6484,2160943604,23633075664
6485,2166267896,23638399956
6486,2175570960,23647703020
6487,2176429256,23648561316
6488,2181252416,23653384476
6489,2182428960,23654561020
6490,2186553716,23658685776
6491,2187855372,23659987432
6492,2191000064,23663132124
6493,2192068556,23664200616
6494,2192936088,23665068148
6495,2193472212,23665604272
6496,2193955732,23666087792
6497,2194889752,23667021812
6498,2202283276,23674415336
6499,2203616336,23675748396
6500,2206775348,23678907408
6501,2210893304,23683025364
6502,2212817856,23684949916
6503,2214698064,23686830124
6504,2222268520,23694400580
6505,2230116600,23702248660
6506,2230652596,23702784656
6507,2231838860,23703970920
6508,2233636092,23705768152
6509,2243028776,23715160836
6510,2244094580,23716226640
6511,2244704176,23716836236
6512,2248302904,23720434964
6513,2250214528,23722346588
6514,2250919228,23723051288
6515,2254445600,23726577660
6516,2256881928,23729013988
6517,2262535508,23734667568
6518,2265681588,23737813648
6519,2271374812,23743506872
6520,2284184244,23756316304
6521,2287275596,23759407656
6522,2289738580,23761870640
6523,2292376680,23764508740
6524,2297034680,23769166740
6525,2301885880,23774017940
6526,2303002720,23775134780
6527,2312277068,23784409128
6528,2317555052,23789687112
6529,2325046792,23797178852
6530,2325282756,23797414816
6531,2326991820,23799123880
6532,2328851984,23800984044
6533,2329549236,23801681296
6534,2331650388,23803782448
6535,2332713332,23804845392
6536,2335777408,23807909468
6537,2340055612,23812187672
6538,2341438164,23813570224
6539,2341843760,23813975820
6540,2345015216,23817147276
6541,2345610844,23817742904
6542,2345989548,23818121608
6543,2350301976,23822434036
6544,2353678312,23825810372
6545,2355000064,23827132124
6546,2355634040,23827766100
6547,2358906888,23831038948
6548,2361166360,23833298420
6549,2366768812,23838900872
6550,2369814548,23841946608
6551,2372007304,23844139364
6552,2372188972,23844321032
6553,2373236336,23845368396
6554,2377097768,23849229828
6555,2379309724,23851441784
6556,2380464220,23852596280
6557,2382052492,23854184552
6558,2383183432,23855315492
6559,2390945716,23863077776
6560,2392010852,23864142912
6561,2394803004,23866935064
6562,2398845952,23870978012
6563,2408417376,23880549436
6564,2410548368,23882680428
6565,2411156876,23883288936
6566,2414364552,23886496612
6567,2422063936,23894195996
6568,2437019576,23909151636
6569,2440122272,23912254332
6570,2448097680,23920229740
6571,2450880884,23923012944
6572,2452218628,23924350688
6573,2466722012,23938854072
6574,2478679192,23950811252
6575,2482660516,23954792576
6576,2483210940,23955343000
6577,2489374876,23961506936
6578,2489597340,23961729400
6579,2496257496,23968389556
6580,2502488340,23974620400
6581,2507215620,23979347680
6582,2508865364,23980997424
6583,2515241488,23987373548
6584,2523184580,23995316640
6585,2524932872,23997064932
6586,2525839312,23997971372
6587,2527446776,23999578836
6588,2534146900,24006278960
6589,2535667372,24007799432
6590,2537539844,24009671904
6591,2543895808,24016027868
6592,2546813284,24018945344
6593,2547285012,24019417072
6594,2548239140,24020371200
6595,2549603584,24021735644
6596,2563195816,24035327876
6597,2563706260,24035838320
6598,2567862048,24039994108
6599,2573928268,24046060328
6600,2579861520,24051993580
6601,2587495588,24059627648
6602,2588938620,24061070680
6603,2592853952,24064986012
6604,2593664384,24065796444
6605,2594846920,24066978980
6606,2596474888,24068606948
6607,2599093244,24071225304
6608,2607765948,24079898008
6609,2608685828,24080817888
6610,2609778960,24081911020
6611,2614088824,24086220884
6612,2615927028,24088059088
6613,2618255948,24090388008
6614,2618548804,24090680864
6615,2622730028,24094862088
6616,2628966832,24101098892
6617,2630341276,24102473336
6618,2632569188,24104701248
6619,2634491764,24106623824
6620,2636985312,24109117372
6621,2640564332,24112696392
6622,2643609140,24115741200
6623,2644449888,24116581948
6624,2645533976,24117666036
6625,2646197848,24118329908
6626,2646455420,24118587480
6627,2647186980,24119319040
6628,2651544624,24123676684
6629,2661374576,24133506636
6630,2661602448,24133734508
6631,2662898624,24135030684
6632,2665113972,24137246032
6633,2673368036,24145500096
6634,2674145008,24146277068
6635,2681165436,24153297496
6636,2683063468,24155195528
6637,2685247684,24157379744
6638,2687204752,24159336812
6639,2690561708,24162693768
6640,2690972032,24163104092
6641,2693723432,24165855492
6642,2699433604,24171565664
6643,2699572676,24171704736
6644,2699830972,24171963032
6645,2706466152,24178598212
6646,2708122632,24180254692
6647,2715126776,24187258836
6648,2715905928,24188037988
6649,2717860796,24189992856
6650,2721446664,24193578724
6651,2723756360,24195888420
6652,2726622336,24198754396
6653,2728327600,24200459660
6654,2731539076,24203671136
6655,2735458460,24207590520
6656,2737644348,24209776408
6657,2738923764,24211055824
6658,2740856480,24212988540
6659,2751297136,24223429196
6660,2754820340,24226952400
6661,2755097504,24227229564
6662,2764619612,24236751672
6663,2765527092,24237659152
6664,2773376448,24245508508
6665,2777874872,24250006932
6666,2779286132,24251418192
6667,2779416156,24251548216
6668,2779995952,24252128012
6669,2782169968,24254302028
6670,2785601892,24257733952
6671,2785892876,24258024936
6672,2786949440,24259081500
6673,2787186576,24259318636
6674,2793245520,24265377580
6675,2816832512,24288964572
6676,2818157160,24290289220
6677,2822388948,24294521008
6678,2823785024,24295917084
6679,2824672264,24296804324
6680,2827427916,24299559976
6681,2829466680,24301598740
6682,2830128676,24302260736
6683,2843038412,24315170472
6684,2847787916,24319919976
6685,2850212736,24322344796
6686,2854847896,24326979956
6687,2855363640,24327495700
6688,2864464860,24336596920
6689,2865512336,24337644396
6690,2867779440,24339911500
6691,2897983480,24370115540
6692,2899548532,24371680592
6693,2899830036,24371962096
6694,2900819536,24372951596
6695,2906672700,24378804760
6696,2907425972,24379558032
6697,2908593192,24380725252
6698,2910307844,24382439904
6699,2913520820,24385652880
6700,2918873340,24391005400
6701,2925166976,24397299036
6702,2927265584,24399397644
6703,2931060412,24403192472
6704,2939842384,24411974444
6705,2940573132,24412705192
6706,2946158832,24418290892
6707,2948375640,24420507700
6708,2950419576,24422551636
6709,2961947748,24434079808
6710,2962525732,24434657792
6711,2964819932,24436951992
6712,2967130372,24439262432
6713,2968314064,24440446124
6714,2970138632,24442270692
6715,2977372744,24449504804
6716,2979569888,24451701948
6717,2988178748,24460310808
6718,2991450968,24463583028
6719,2992376732,24464508792
6720,2997519748,24469651808
6721,3003586488,24475718548
6722,3010161492,24482293552
6723,3012725904,24484857964
6724,3013745080,24485877140
6725,3019049064,24491181124
6726,3020179684,24492311744
6727,3020281124,24492413184
6728,3026139248,24498271308
6729,3027480324,24499612384
6730,3029468836,24501600896
6731,3030715884,24502847944
6732,3030908644,24503040704
6733,3033221980,24505354040
6734,3035108936,24507240996
6735,3039516900,24511648960
6736,3042493836,24514625896
6737,3043362812,24515494872
6738,3044948364,24517080424
6739,3046630632,24518762692
6740,3047908072,24520040132
6741,3049874548,24522006608
6742,3051354008,24523486068
6743,3055179332,24527311392
6744,3057087396,24529219456
6745,3057241324,24529373384
6746,3057870508,24530002568
6747,3057888512,24530020572
6748,3062496456,24534628516
6749,3064654876,24536786936
6750,3065514360,24537646420
6751,3066236964,24538369024
6752,3070154784,24542286844
6753,3070629140,24542761200
6754,3070727260,24542859320
6755,3077135484,24549267544
6756,3087226760,24559358820
6757,3088937900,24561069960
6758,3094110476,24566242536
6759,3095613764,24567745824
6760,3095638800,24567770860
6761,3096271328,24568403388
6762,3106945436,24579077496
6763,3118291976,24590424036
6764,3144279172,24616411232
6765,3151697476,24623829536
6766,3154522844,24626654904
6767,3159224036,24631356096
6768,3163506908,24635638968
6769,3172645012,24644777072
6770,3176608028,24648740088
6771,3180787972,24652920032
6772,3183608684,24655740744
6773,3183900288,24656032348
6774,3188627088,24660759148
6775,3190535624,24662667684
6776,3200754512,24672886572
6777,3203931364,24676063424
6778,3205010944,24677143004
6779,3205993880,24678125940
6780,3207676156,24679808216
6781,3212469360,24684601420
6782,3215848904,24687980964
6783,3217942672,24690074732
6784,3219516272,24691648332
6785,3223775736,24695907796
6786,3223992780,24696124840
6787,3227586812,24699718872
6788,3230123368,24702255428
6789,3233768500,24705900560
6790,3233860640,24705992700
6791,3234649108,24706781168
6792,3237338408,24709470468
6793,3237845288,24709977348
6794,3241197432,24713329492
6795,3241517964,24713650024
6796,3244258344,24716390404
6797,3260746932,24732878992
6798,3262455980,24734588040
6799,3266567560,24738699620
6800,3269917332,24742049392
6801,3272173180,24744305240
6802,3278052104,24750184164
6803,3280732944,24752865004
6804,3282883908,24755015968
6805,3288777016,24760909076
6806,3291594396,24763726456
6807,3291711292,24763843352
6808,3291786280,24763918340
6809,3296756756,24768888816
6810,3309252316,24781384376
6811,3309254368,24781386428
6812,3313174380,24785306440
6813,3322200684,24794332744
6814,3325619292,24797751352
6815,3328350120,24800482180
6816,3335057292,24807189352
6817,3343020800,24815152860
6818,3348416740,24820548800
6819,3354051168,24826183228
6820,3363063928,24835195988
6821,3373575500,24845707560
6822,3376675732,24848807792
6823,3378324028,24850456088
6824,3385319128,24857451188
6825,3385793188,24857925248
6826,3390709452,24862841512
6827,3392580444,24864712504
6828,3392912648,24865044708
6829,3392934472,24865066532
6830,3393338928,24865470988
6831,3398512832,24870644892
6832,3403064824,24875196884
6833,3405528016,24877660076
6834,3410296432,24882428492
6835,3413134280,24885266340
6836,3428068536,24900200596
6837,3428434160,24900566220
6838,3431050812,24903182872
6839,3431339796,24903471856
6840,3432705820,24904837880
6841,3439005124,24911137184
6842,3445422480,24917554540
6843,3445862192,24917994252
6844,3448387212,24920519272
6845,3448948312,24921080372
6846,3457196708,24929328768
6847,3465267092,24937399152
6848,3466299716,24938431776
6849,3473278844,24945410904
6850,3476301456,24948433516
6851,3481234844,24953366904
6852,3484948612,24957080672
6853,3497989720,24970121780
6854,3499444100,24971576160
6855,3502440144,24974572204
6856,3510070140,24982202200
6857,3510864228,24982996288
6858,3511328316,24983460376
6859,3513822188,24985954248
6860,3523682996,24995815056
6861,3523868552,24996000612
6862,3533526080,25005658140
6863,3534193084,25006325144
6864,3536778188,25008910248
6865,3538232840,25010364900
6866,3540075084,25012207144
6867,3543222340,25015354400
6868,3546044256,25018176316
6869,3550903468,25023035528
6870,3553059688,25025191748
6871,3553405704,25025537764
6872,3555003280,25027135340
6873,3561262760,25033394820
6874,3562913232,25035045292
6875,3564237856,25036369916
6876,3567925028,25040057088
6877,3580889816,25053021876
6878,3583082240,25055214300
6879,3592705636,25064837696
6880,3593804028,25065936088
6881,3594243624,25066375684
6882,3601002444,25073134504
6883,3601500388,25073632448
6884,3606688076,25078820136
6885,3607746968,25079879028
6886,3608011804,25080143864
6887,3615409076,25087541136
6888,3619216784,25091348844
6889,3621145112,25093277172
6890,3624276372,25096408432
6891,3625014392,25097146452
6892,3631254864,25103386924
6893,3634430768,25106562828
6894,3634568708,25106700768
6895,3635816012,25107948072
6896,3637993420,25110125480
6897,3638049008,25110181068
6898,3639825372,25111957432
6899,3641601176,25113733236
6900,3646688584,25118820644
6901,3657710836,25129842896
6902,3660972152,25133104212
6903,3682714028,25154846088
6904,3686506048,25158638108
6905,3687037280,25159169340
6906,3687638404,25159770464
6907,3688810104,25160942164
6908,3689060492,25161192552
6909,3691291880,25163423940
6910,3693153296,25165285356
6911,3702124720,25174256780
6912,3702860152,25174992212
6913,3703092816,25175224876
6914,3704579864,25176711924
6915,3708123780,25180255840
6916,3712510044,25184642104
6917,3715170584,25187302644
6918,3717134216,25189266276
6919,3717298840,25189430900
6920,3719538196,25191670256
6921,3728699652,25200831712
6922,3732964680,25205096740
6923,3735955388,25208087448
6924,3741692528,25213824588
6925,3744914752,25217046812
6926,3746114596,25218246656
6927,3753496112,25225628172
6928,3754325596,25226457656
6929,3758466144,25230598204
6930,3759700680,25231832740
6931,3768810684,25240942744
6932,3770995400,25243127460
6933,3784340460,25256472520
6934,3789837816,25261969876
6935,3791021384,25263153444
6936,3792329828,25264461888
6937,3797539280,25269671340
6938,3804982732,25277114792
6939,3822571592,25294703652
6940,3825653024,25297785084
6941,3828812968,25300945028
6942,3832527348,25304659408
6943,3849557068,25321689128
6944,3849717164,25321849224
6945,3853080924,25325212984
6946,3856945824,25329077884
6947,3860043868,25332175928
6948,3863274220,25335406280
6949,3865157296,25337289356
6950,3865186132,25337318192
6951,3868511136,25340643196
6952,3869272700,25341404760
6953,3873940868,25346072928
6954,3875415904,25347547964
6955,3886772392,25358904452
6956,3898974160,25371106220
6957,3901601372,25373733432
6958,3906976592,25379108652
6959,3908030628,25380162688
6960,3908605716,25380737776
6961,3919343684,25391475744
6962,3922092492,25394224552
6963,3923194788,25395326848
6964,3924995620,25397127680
6965,3927058336,25399190396
6966,3933409048,25405541108
6967,3934199596,25406331656
6968,3934777100,25406909160
6969,3936201296,25408333356
6970,3936618056,25408750116
6971,3940615120,25412747180
6972,3942811540,25414943600
6973,3945942464,25418074524
6974,3947656464,25419788524
6975,3950613024,25422745084
6976,3952236516,25424368576
6977,3958277292,25430409352
6978,3959403396,25431535456
6979,3961534248,25433666308
6980,3964828412,25436960472
6981,3972431264,25444563324
6982,3975254132,25447386192
6983,3978712632,25450844692
6984,3980462568,25452594628
6985,3981741940,25453874000
6986,3992247652,25464379712
6987,3992688916,25464820976
6988,3992743300,25464875360
6989,3994201368,25466333428
6990,3994429844,25466561904
6991,3996562832,25468694892
6992,3997489820,25469621880
6993,3997569604,25469701664
6994,4010186896,25482318956
6995,4019683076,25491815136
6996,4022060924,25494192984
6997,4025222080,25497354140
6998,4029892988,25502025048
6999,4035989996,25508122056
7000,4036123308,25508255368
7001,4039776108,25511908168
7002,4042389108,25514521168
7003,4044537588,25516669648
7004,4047286252,25519418312
7005,4048422728,25520554788
7006,4051008816,25523140876
7007,4058410572,25530542632
7008,4067544088,25539676148
7009,4073326164,25545458224
7010,4074884632,25547016692
7011,4076274432,25548406492
7012,4085381476,25557513536
7013,4086801432,25558933492
7014,4088837764,25560969824
7015,4092845180,25564977240
7016,4097413500,25569545560
7017,4098369532,25570501592
7018,4100525104,25572657164
7019,4100952140,25573084200
7020,4103286432,25575418492
7021,4104104668,25576236728
7022,4114592220,25586724280
7023,4118851548,25590983608
7024,4125555544,25597687604
7025,4128467532,25600599592
7026,4139296936,25611428996
7027,4140299552,25612431612
7028,4144694464,25616826524
7029,4144760864,25616892924
7030,4150047524,25622179584
7031,4155993816,25628125876
7032,4162375828,25634507888
7033,4162589796,25634721856
7034,4163425592,25635557652
7035,4165490756,25637622816
7036,4167077660,25639209720
7037,4167105088,25639237148
7038,4171939144,25644071204
7039,4174209640,25646341700
7040,4174422404,25646554464
7041,4176355652,25648487712
7042,4183307344,25655439404
7043,4186223584,25658355644
7044,4187045692,25659177752
7045,4191007080,25663139140
7046,4192810304,25664942364
7047,4198737220,25670869280
7048,4200953576,25673085636
7049,4205035112,25677167172
7050,4216838020,25688970080
7051,4217313436,25689445496
7052,4223499148,25695631208
7053,4224008136,25696140196
7054,4233194488,25705326548
7055,4236990348,25709122408
7056,4240805836,25712937896
7057,4242307864,25714439924
7058,4245780664,25717912724
7059,4247240460,25719372520
7060,4251210480,25723342540
7061,4253591260,25725723320
7062,4261957736,25734089796
7063,4280241592,25752373652
7064,4280353288,25752485348
7065,4283922004,25756054064
7066,4284900332,25757032392
7067,4289088872,25761220932
7068,4292020492,25764152552
7069,2059532,25769158888
7070,8138832,25775238188
7071,27669460,25794768816
7072,28373664,25795473020
7073,28464448,25795563804
7074,29786504,25796885860
7075,30685768,25797785124
7076,31253704,25798353060
7077,34999700,25802099056
7078,39157068,25806256424
7079,50948476,25818047832
7080,52254536,25819353892
7081,59575360,25826674716
7082,66114300,25833213656
7083,68213220,25835312576
7084,73849244,25840948600
7085,76075956,25843175312
7086,77231816,25844331172
7087,85770060,25852869416
7088,87573284,25854672640
7089,98989980,25866089336
7090,101726548,25868825904
7091,103795852,25870895208
7092,107549860,25874649216
7093,117236028,25884335384
7094,117826448,25884925804
7095,117939840,25885039196
7096,121608156,25888707512
7097,122205500,25889304856
7098,123789320,25890888676
7099,125535108,25892634464
7100,127276928,25894376284
7101,128867284,25895966640
7102,142310500,25909409856
7103,146564512,25913663868
7104,147205572,25914304928
7105,153398312,25920497668
7106,154357408,25921456764
7107,155840268,25922939624
7108,162797740,25929897096
7109,172389948,25939489304
7110,173121604,25940220960
7111,174441416,25941540772
7112,176036380,25943135736
7113,179708072,25946807428
7114,183992676,25951092032
7115,191694712,25958794068
7116,195927288,25963026644
7117,195975580,25963074936
7118,200033940,25967133296
7119,208288624,25975387980
7120,217166076,25984265432
7121,221635980,25988735336
7122,232317592,25999416948
7123,234068468,26001167824
7124,234930416,26002029772
7125,240948352,26008047708
7126,243770180,26010869536
7127,245875016,26012974372
7128,250500172,26017599528
7129,251124228,26018223584
7130,259384432,26026483788
7131,260859572,26027958928
7132,266873424,26033972780
7133,267062740,26034162096
7134,270159412,26037258768
7135,271948796,26039048152
7136,280916632,26048015988
7137,283915136,26051014492
7138,284396444,26051495800
7139,288311516,26055410872
7140,296262632,26063361988
7141,297752744,26064852100
7142,310105480,26077204836
7143,312667240,26079766596
7144,315320008,26082419364
7145,315582428,26082681784
7146,322218028,26089317384
7147,327546556,26094645912
7148,330422704,26097522060
7149,331898248,26098997604
7150,334135588,26101234944
7151,342026540,26109125896
7152,350463024,26117562380
7153,350615884,26117715240
7154,355146044,26122245400
7155,355924836,26123024192
7156,358552292,26125651648
7157,365111412,26132210768
7158,366066476,26133165832
7159,369017700,26136117056
7160,369709088,26136808444
7161,378372932,26145472288
7162,378603068,26145702424
7163,378620352,26145719708
7164,381574580,26148673936
7165,385046692,26152146048
7166,385683856,26152783212
7167,385800580,26152899936
7168,385979240,26153078596
7169,390900744,26158000100
7170,408543792,26175643148
7171,408894332,26175993688
7172,409777588,26176876944
7173,411140296,26178239652
7174,412178568,26179277924
7175,421472264,26188571620
7176,425489944,26192589300
7177,426064404,26193163760
7178,429323800,26196423156
7179,435752172,26202851528
7180,436636392,26203735748
7181,440779016,26207878372
7182,442984620,26210083976
7183,452985636,26220084992
7184,454448584,26221547940
7185,464319380,26231418736
7186,468846500,26235945856
7187,469557388,26236656744
7188,471843968,26238943324
7189,475796816,26242896172
7190,475849704,26242949060
7191,479937988,26247037344
7192,481328500,26248427856
7193,485632596,26252731952
7194,486775748,26253875104
7195,487093372,26254192728
7196,488526496,26255625852
7197,490679276,26257778632
7198,491997812,26259097168
7199,500931328,26268030684
7200,506971720,26274071076
7201,507118416,26274217772
7202,508277200,26275376556
7203,511863860,26278963216
7204,515218920,26282318276
7205,522329040,26289428396
7206,524311648,26291411004
7207,526684780,26293784136
7208,527021636,26294120992
7209,528879636,26295978992
7210,528977740,26296077096
7211,538297040,26305396396
7212,545791864,26312891220
7213,550021092,26317120448
7214,556337428,26323436784
7215,563511824,26330611180
7216,568414496,26335513852
7217,572762952,26339862308
7218,572998656,26340098012
7219,590416560,26357515916
7220,592308344,26359407700
7221,592720124,26359819480
7222,596401420,26363500776
7223,603913408,26371012764
7224,604053204,26371152560
7225,605549552,26372648908
7226,620574484,26387673840
7227,621075524,26388174880
7228,626239824,26393339180
7229,630911044,26398010400
7230,632199376,26399298732
7231,633494384,26400593740
7232,637947008,26405046364
7233,639495848,26406595204
7234,640434360,26407533716
7235,642564856,26409664212
7236,654029272,26421128628
7237,664190932,26431290288
7238,665143052,26432242408
7239,666447120,26433546476
7240,678057096,26445156452
7241,679893132,26446992488
7242,681708476,26448807832
7243,687176828,26454276184
7244,689987592,26457086948
7245,692665900,26459765256
7246,697609476,26464708832
7247,706394140,26473493496
7248,710264656,26477364012
7249,710951980,26478051336
7250,712152636,26479251992
7251,718748604,26485847960
7252,720683460,26487782816
7253,736105556,26503204912
7254,736190756,26503290112
7255,736545940,26503645296
7256,739073300,26506172656
7257,740531368,26507630724
7258,741151580,26508250936
7259,742379780,26509479136
7260,742420004,26509519360
7261,748437884,26515537240
7262,752782236,26519881592
7263,755239996,26522339352
7264,757328440,26524427796
7265,783325020,26550424376
7266,788088788,26555188144
7267,795067808,26562167164
7268,797596896,26564696252
7269,797880320,26564979676
7270,798722604,26565821960
7271,809377516,26576476872
7272,811379212,26578478568
7273,812745768,26579845124
7274,824178968,26591278324
7275,824756336,26591855692
7276,827014664,26594114020
7277,832113152,26599212508
7278,832959000,26600058356
7279,845634900,26612734256
7280,847860428,26614959784
7281,849805400,26616904756
7282,850354500,26617453856
7283,850886024,26617985380
7284,852554080,26619653436
7285,861635136,26628734492
7286,867234292,26634333648
7287,870939664,26638039020
7288,875274732,26642374088
7289,877354384,26644453740
7290,890890856,26657990212
7291,893325512,26660424868
7292,895284576,26662383932
7293,898083412,26665182768
7294,902309284,26669408640
7295,902680664,26669780020
7296,903860948,26670960304
7297,909051000,26676150356
7298,913458956,26680558312
7299,915128616,26682227972
7300,922951500,26690050856
7301,923609292,26690708648
7302,932418560,26699517916
7303,947908076,26715007432
7304,948817668,26715917024
7305,949437304,26716536660
7306,952718132,26719817488
7307,965680924,26732780280
7308,972902684,26740002040
7309,973809456,26740908812
7310,976390140,26743489496
7311,981877696,26748977052
7312,982963048,26750062404
7313,985482124,26752581480
7314,990428728,26757528084
7315,998723088,26765822444
7316,1001657440,26768756796
7317,1005854368,26772953724
7318,1012891200,26779990556
7319,1014473728,26781573084
7320,1015093476,26782192832
7321,1017985908,26785085264
7322,1019162540,26786261896
7323,1021931696,26789031052
7324,1022526908,26789626264
7325,1028939540,26796038896
7326,1030809120,26797908476
7327,1037274740,26804374096
7328,1038320912,26805420268
7329,1038907996,26806007352
7330,1039278792,26806378148
7331,1041324496,26808423852
7332,1048469728,26815569084
7333,1058030192,26825129548
7334,1058819408,26825918764
7335,1064862040,26831961396
7336,1066409420,26833508776
7337,1068565092,26835664448
7338,1069362456,26836461812
7339,1083035076,26850134432
7340,1083483612,26850582968
7341,1084538048,26851637404
7342,1088396828,26855496184
7343,1094883528,26861982884
7344,1094926840,26862026196
7345,1097481280,26864580636
7346,1107876416,26874975772
7347,1109035480,26876134836
7348,1109767096,26876866452
7349,1112507304,26879606660
7350,1118287292,26885386648
7351,1120513080,26887612436
7352,1123568364,26890667720
7353,1123623980,26890723336
7354,1124445784,26891545140
7355,1132989284,26900088640
7356,1133176064,26900275420
7357,1136495024,26903594380
7358,1137469072,26904568428
7359,1141251340,26908350696
7360,1144322996,26911422352
7361,1146106168,26913205524
7362,1148642508,26915741864
7363,1150762572,26917861928
7364,1151095012,26918194368
7365,1151585004,26918684360
7366,1158012692,26925112048
7367,1158823108,26925922464
7368,1159163104,26926262460
7369,1162258580,26929357936
7370,1165304124,26932403480
7371,1181036996,26948136352
7372,1184704028,26951803384
7373,1185955740,26953055096
7374,1186869636,26953968992
7375,1190516164,26957615520
7376,1192810420,26959909776
7377,1199453528,26966552884
7378,1202816328,26969915684
7379,1203225112,26970324468
7380,1204105092,26971204448
7381,1209246948,26976346304
7382,1209956100,26977055456
7383,1213744780,26980844136
7384,1215143636,26982242992
7385,1215469988,26982569344
7386,1219338728,26986438084
7387,1226149496,26993248852
7388,1229751152,26996850508
7389,1234441180,27001540536
7390,1235434560,27002533916
7391,1237704800,27004804156
7392,1247483556,27014582912
7393,1254169832,27021269188
7394,1255561092,27022660448
7395,1256114380,27023213736
7396,1257573068,27024672424
7397,1260108424,27027207780
7398,1261300892,27028400248
7399,1274195768,27041295124
7400,1274567632,27041666988
7401,1282156844,27049256200
7402,1287490732,27054590088
7403,1287842496,27054941852
7404,1291478688,27058578044
7405,1293871184,27060970540
7406,1298817264,27065916620
7407,1302500816,27069600172
7408,1309794556,27076893912
7409,1312460084,27079559440
7410,1314971080,27082070436
7411,1319377240,27086476596
7412,1323057212,27090156568
7413,1323325256,27090424612
7414,1335444888,27102544244
7415,1337427252,27104526608
7416,1337618188,27104717544
7417,1343788980,27110888336
7418,1345527332,27112626688
7419,1349990540,27117089896
7420,1351305528,27118404884
7421,1354030844,27121130200
7422,1355596024,27122695380
7423,1358297956,27125397312
7424,1366240168,27133339524
7425,1374393512,27141492868
7426,1375976820,27143076176
7427,1377369292,27144468648
7428,1377477440,27144576796
7429,1385193908,27152293264
7430,1393620144,27160719500
7431,1393925748,27161025104
7432,1396179200,27163278556
7433,1397129464,27164228820
7434,1397953560,27165052916
7435,1403597912,27170697268
7436,1404500600,27171599956
7437,1406215452,27173314808
7438,1409593304,27176692660
7439,1409720608,27176819964
7440,1418410356,27185509712
7441,1420991548,27188090904
7442,1427039168,27194138524
7443,1427097892,27194197248
7444,1427560392,27194659748
7445,1429891028,27196990384
7446,1433079768,27200179124
7447,1433775140,27200874496
7448,1435367916,27202467272
7449,1436327288,27203426644
7450,1441657328,27208756684
7451,1442155380,27209254736
7452,1452002640,27219101996
7453,1452490192,27219589548
7454,1456293568,27223392924
7455,1456926312,27224025668
7456,1458005144,27225104500
7457,1470326464,27237425820
7458,1475261688,27242361044
7459,1475331796,27242431152
7460,1475808712,27242908068
7461,1475864172,27242963528
7462,1475923480,27243022836
7463,1480035380,27247134736
7464,1480892156,27247991512
7465,1485658480,27252757836
7466,1486931524,27254030880
7467,1487513280,27254612636
7468,1490446168,27257545524
7469,1493889148,27260988504
7470,1502793676,27269893032
7471,1507031488,27274130844
7472,1507589624,27274688980
7473,1510067000,27277166356
7474,1516365272,27283464628
7475,1518799072,27285898428
7476,1520811136,27287910492
7477,1524111116,27291210472
7478,1527555944,27294655300
7479,1533535528,27300634884
7480,1536283736,27303383092
7481,1536842896,27303942252
7482,1543914568,27311013924
7483,1546066464,27313165820
7484,1547267772,27314367128
7485,1547875588,27314974944
7486,1550254420,27317353776
7487,1551165308,27318264664
7488,1551960064,27319059420
7489,1562359108,27329458464
7490,1565400300,27332499656
7491,1565877332,27332976688
7492,1567032480,27334131836
7493,1569584684,27336684040
7494,1577423880,27344523236
7495,1577999608,27345098964
7496,1579556696,27346656052
7497,1580385540,27347484896
7498,1586750248,27353849604
7499,1587852684,27354952040
7500,1590883900,27357983256
7501,1594738924,27361838280
7502,1607972644,27375072000
7503,1609380396,27376479752
7504,1610737344,27377836700
7505,1614233384,27381332740
7506,1618590688,27385690044
7507,1619189912,27386289268
7508,1624367340,27391466696
7509,1626980192,27394079548
7510,1626996548,27394095904
7511,1628690588,27395789944
7512,1639220152,27406319508
7513,1641107840,27408207196
7514,1645904976,27413004332
7515,1655299388,27422398744
7516,1657072364,27424171720
7517,1658803412,27425902768
7518,1661020292,27428119648
7519,1662347272,27429446628
7520,1664079336,27431178692
7521,1665228928,27432328284
7522,1670238332,27437337688
7523,1673497980,27440597336
7524,1673891080,27440990436
7525,1674200516,27441299872
7526,1676226464,27443325820
7527,1677918040,27445017396
7528,1678431784,27445531140
7529,1681224792,27448324148
7530,1682734536,27449833892
7531,1684068756,27451168112
7532,1687725616,27454824972
7533,1694215588,27461314944
7534,1697655320,27464754676
7535,1701502112,27468601468
7536,1701653580,27468752936
7537,1708494828,27475594184
7538,1713992908,27481092264
7539,1715576384,27482675740
7540,1717603148,27484702504
7541,1719899232,27486998588
7542,1723423716,27490523072
7543,1727028144,27494127500
7544,1731967692,27499067048
7545,1740698720,27507798076
7546,1744991208,27512090564
7547,1747482968,27514582324
7548,1755369560,27522468916
7549,1757241236,27524340592
7550,1758654512,27525753868
7551,1760263648,27527363004
7552,1762159936,27529259292
7553,1765497524,27532596880
7554,1766871800,27533971156
7555,1770573420,27537672776
7556,1776564792,27543664148
7557,1784169896,27551269252
7558,1794234948,27561334304
7559,1795327420,27562426776
7560,1798355512,27565454868
7561,1804190092,27571289448
7562,1806950992,27574050348
7563,1810182996,27577282352
7564,1812094180,27579193536
7565,1814002968,27581102324
7566,1814141568,27581240924
7567,1818673780,27585773136
7568,1833403808,27600503164
7569,1834058340,27601157696
7570,1851580532,27618679888
7571,1853121860,27620221216
7572,1853430916,27620530272
7573,1855447556,27622546912
7574,1858796232,27625895588
7575,1862887556,27629986912
7576,1865530732,27632630088
7577,1865595736,27632695092
7578,1866434120,27633533476
7579,1866954224,27634053580
7580,1867716808,27634816164
7581,1870736024,27637835380
7582,1871282680,27638382036
7583,1873826484,27640925840
7584,1874818592,27641917948
7585,1884113352,27651212708
7586,1886305932,27653405288
7587,1888857360,27655956716
7588,1891444576,27658543932
7589,1894275152,27661374508
7590,1906033440,27673132796
7591,1907677580,27674776936
7592,1908377636,27675476992
7593,1908581388,27675680744
7594,1908856728,27675956084
7595,1917886136,27684985492
7596,1918292640,27685391996
7597,1919303844,27686403200
7598,1921774752,27688874108
7599,1925281752,27692381108
7600,1925613200,27692712556
7601,1928475660,27695575016
7602,1929714168,27696813524
7603,1934926296,27702025652
7604,1942237880,27709337236
7605,1942970452,27710069808
7606,1945227396,27712326752
7607,1949491020,27716590376
7608,1950498720,27717598076
7609,1950689076,27717788432
7610,1956014096,27723113452
7611,1960085660,27727185016
7612,1961133600,27728232956
7613,1963526552,27730625908
7614,1963655936,27730755292
7615,1967494128,27734593484
7616,1971895392,27738994748
7617,1974301524,27741400880
7618,1976939724,27744039080
7619,1977283580,27744382936
7620,1977631320,27744730676
7621,1985524448,27752623804
7622,1988789588,27755888944
7623,1995422976,27762522332
7624,1996340316,27763439672
7625,1997893600,27764992956
7626,2000375004,27767474360
7627,2003822568,27770921924
7628,2013351556,27780450912
7629,2013705996,27780805352
7630,2015071652,27782171008
7631,2023588280,27790687636
7632,2025948208,27793047564
7633,2034567864,27801667220
7634,2038830336,27805929692
7635,2041809056,27808908412
7636,2049483132,27816582488
7637,2052853728,27819953084
7638,2058165404,27825264760
7639,2060740544,27827839900
7640,2064191720,27831291076
7641,2075161104,27842260460
7642,2077392748,27844492104
7643,2078333664,27845433020
7644,2078519452,27845618808
7645,2078759844,27845859200
7646,2081612828,27848712184
7647,2096758672,27863858028
7648,2108387380,27875486736
7649,2111396664,27878496020
7650,2115744540,27882843896
7651,2119882772,27886982128
7652,2120189948,27887289304
7653,2123381336,27890480692
7654,2132342152,27899441508
7655,2136340676,27903440032
7656,2138218184,27905317540
7657,2138851980,27905951336
7658,2144495384,27911594740
7659,2154793232,27921892588
7660,2156024204,27923123560
7661,2158590384,27925689740
7662,2160522400,27927621756
7663,2162261888,27929361244
7664,2162417540,27929516896
7665,2163823872,27930923228
7666,2168721524,27935820880
7667,2168984060,27936083416
7668,2183090080,27950189436
7669,2187814620,27954913976
7670,2191017584,27958116940
7671,2193973220,27961072576
7672,2194509796,27961609152
7673,2198158272,27965257628
7674,2198204912,27965304268
7675,2200191804,27967291160
7676,2203898432,27970997788
7677,2205677824,27972777180
7678,2214142604,27981241960
7679,2214155760,27981255116
7680,2217489900,27984589256
7681,2221107008,27988206364
7682,2221566608,27988665964
7683,2224551680,27991651036
7684,2229373520,27996472876
7685,2231004216,27998103572
7686,2234432628,28001531984
7687,2237091300,28004190656
7688,2237471616,28004570972
7689,2244475432,28011574788
7690,2245986072,28013085428
7691,2246670040,28013769396
7692,2246959688,28014059044
7693,2248056920,28015156276
7694,2253456792,28020556148
7695,2254593200,28021692556
7696,2264551120,28031650476
7697,2273393456,28040492812
7698,2273963812,28041063168
7699,2274399080,28041498436
7700,2276224468,28043323824
7701,2276313348,28043412704
7702,2277532552,28044631908
7703,2278522780,28045622136
7704,2279457908,28046557264
7705,2279692600,28046791956
7706,2280335784,28047435140
7707,2281437024,28048536380
7708,2292151232,28059250588
7709,2296093024,28063192380
7710,2296762564,28063861920
7711,2299718140,28066817496
7712,2302083336,28069182692
7713,2311581636,28078680992
7714,2311934684,28079034040
7715,2313032328,28080131684
7716,2315163756,28082263112
7717,2316017076,28083116432
7718,2317330136,28084429492
7719,2318745476,28085844832
7720,2319537820,28086637176
7721,2319893016,28086992372
7722,2321263896,28088363252
7723,2325947640,28093046996
7724,2327131028,28094230384
7725,2333769016,28100868372
7726,2334774728,28101874084
7727,2338910968,28106010324
7728,2346807284,28113906640
7729,2349339772,28116439128
7730,2352166432,28119265788
7731,2361220180,28128319536
7732,2362256328,28129355684
7733,2365260216,28132359572
7734,2373355132,28140454488
7735,2374249016,28141348372
7736,2374921072,28142020428
7737,2375083392,28142182748
7738,2376670568,28143769924
7739,2376925076,28144024432
7740,2379082664,28146182020
7741,2381688412,28148787768
7742,2387483148,28154582504
7743,2387508172,28154607528
7744,2393230996,28160330352
7745,2419955360,28187054716
7746,2423267980,28190367336
7747,2431075544,28198174900
7748,2431427256,28198526612
7749,2432015456,28199114812
7750,2435033608,28202132964
7751,2438158280,28205257636
7752,2440943884,28208043240
7753,2444480964,28211580320
7754,2450028264,28217127620
7755,2453205696,28220305052
7756,2453679340,28220778696
7757,2456947064,28224046420
7758,2458463284,28225562640
7759,2459924024,28227023380
7760,2465058300,28232157656
7761,2469171352,28236270708
7762,2472439388,28239538744
7763,2482392800,28249492156
7764,2490471068,28257570424
7765,2495165180,28262264536
7766,2495933272,28263032628
7767,2497458124,28264557480
7768,2506704516,28273803872
7769,2510876548,28277975904
7770,2514949104,28282048460
7771,2523446492,28290545848
7772,2529961920,28297061276
7773,2536307780,28303407136
7774,2536765632,28303864988
7775,2542401712,28309501068
7776,2548696128,28315795484
7777,2562682232,28329781588
7778,2565008036,28332107392
7779,2574856456,28341955812
7780,2575348936,28342448292
7781,2577440152,28344539508
7782,2578317808,28345417164
7783,2581802956,28348902312
7784,2587932336,28355031692
7785,2588341444,28355440800
7786,2592331456,28359430812
7787,2594961300,28362060656
7788,2599539824,28366639180
7789,2609121064,28376220420
7790,2612673000,28379772356
7791,2617323172,28384422528
7792,2621361944,28388461300
7793,2628589944,28395689300
7794,2632823304,28399922660
7795,2637277260,28404376616
7796,2640645908,28407745264
7797,2641444768,28408544124
7798,2641467944,28408567300
7799,2642484888,28409584244
7800,2650136676,28417236032
7801,2656219832,28423319188
7802,2657966344,28425065700
7803,2658040912,28425140268
7804,2661745196,28428844552
7805,2661891624,28428990980
7806,2667914232,28435013588
7807,2671905056,28439004412
7808,2671988072,28439087428
7809,2673374176,28440473532
7810,2674165160,28441264516
7811,2674586192,28441685548
7812,2677249152,28444348508
7813,2678327348,28445426704
7814,2701432864,28468532220
7815,2703791060,28470890416
7816,2707106236,28474205592
7817,2707942556,28475041912
7818,2719176496,28486275852
7819,2725825680,28492925036
7820,2728651860,28495751216
7821,2732508528,28499607884
7822,2733625008,28500724364
7823,2734827568,28501926924
7824,2740833068,28507932424
7825,2745462348,28512561704
7826,2747389960,28514489316
7827,2752087156,28519186512
7828,2754299788,28521399144
7829,2754465892,28521565248
7830,2760744880,28527844236
7831,2767574460,28534673816
7832,2768547800,28535647156
7833,2772199484,28539298840
7834,2778222568,28545321924
7835,2781461588,28548560944
7836,2781826584,28548925940
7837,2782051648,28549151004
7838,2785413776,28552513132
7839,2790789360,28557888716
7840,2791095656,28558195012
7841,2791510748,28558610104
7842,2797204084,28564303440
7843,2801358856,28568458212
7844,2806817644,28573917000
7845,2814971600,28582070956
7846,2815349884,28582449240
7847,2816431268,28583530624
7848,2816559568,28583658924
7849,2828493436,28595592792
7850,2829912112,28597011468
7851,2834868972,28601968328
7852,2835405980,28602505336
7853,2835414972,28602514328
7854,2837259244,28604358600
7855,2837639940,28604739296
7856,2837723396,28604822752
7857,2838818148,28605917504
7858,2840561604,28607660960
7859,2846929772,28614029128
7860,2850813308,28617912664
7861,2857258236,28624357592
7862,2867909676,28635009032
7863,2869223964,28636323320
7864,2873878100,28640977456
7865,2888662768,28655762124
7866,2888863132,28655962488
7867,2894164060,28661263416
7868,2895252188,28662351544
7869,2904135412,28671234768
7870,2904281168,28671380524
7871,2910735712,28677835068
7872,2912800788,28679900144
7873,2921368516,28688467872
7874,2922980552,28690079908
7875,2924117232,28691216588
7876,2927362540,28694461896
7877,2929075076,28696174432
7878,2929181420,28696280776
7879,2935181060,28702280416
7880,2942389260,28709488616
7881,2946832200,28713931556
7882,2949129532,28716228888
7883,2959794528,28726893884
7884,2964343780,28731443136
7885,2969148188,28736247544
7886,2969573064,28736672420
7887,2987557064,28754656420
7888,2988325192,28755424548
7889,2996580324,28763679680
7890,3000356024,28767455380
7891,3001049608,28768148964
7892,3001202656,28768302012
7893,3004756992,28771856348
7894,3005197496,28772296852
7895,3010527992,28777627348
7896,3011984624,28779083980
7897,3012812796,28779912152
7898,3013532528,28780631884
7899,3014347024,28781446380
7900,3015882148,28782981504
7901,3018573420,28785672776
7902,3029905572,28797004928
7903,3034823324,28801922680
7904,3038566968,28805666324
7905,3041263220,28808362576
7906,3046450616,28813549972
7907,3048575908,28815675264
7908,3049147836,28816247192
7909,3056216812,28823316168
7910,3056765464,28823864820
7911,3060198548,28827297904
7912,3065624864,28832724220
7913,3068962020,28836061376
7914,3070661652,28837761008
7915,3085841872,28852941228
7916,3086731280,28853830636
7917,3094264228,28861363584
7918,3096192112,28863291468
7919,3098315216,28865414572
7920,3104386484,28871485840
7921,3109644452,28876743808
7922,3111105600,28878204956
7923,3112219332,28879318688
7924,3112266012,28879365368
7925,3115552080,28882651436
7926,3120954644,28888054000
7927,3123205960,28890305316
7928,3125380796,28892480152
7929,3126402416,28893501772
7930,3128150396,28895249752
7931,3130449144,28897548500
7932,3131125904,28898225260
7933,3137639788,28904739144
7934,3143470588,28910569944
7935,3147269104,28914368460
7936,3148236864,28915336220
7937,3151016208,28918115564
7938,3152441432,28919540788
7939,3155003840,28922103196
7940,3157392908,28924492264
7941,3161047032,28928146388
7942,3161640952,28928740308
7943,3167828844,28934928200
7944,3168039304,28935138660
7945,3176372820,28943472176
7946,3180813332,28947912688
7947,3182183468,28949282824
7948,3183946032,28951045388
7949,3184141528,28951240884
7950,3185328648,28952428004
7951,3188219324,28955318680
7952,3203292032,28970391388
7953,3208210172,28975309528
7954,3208678624,28975777980
7955,3214120112,28981219468
7956,3223150004,28990249360
7957,3235140864,29002240220
7958,3237322416,29004421772
7959,3238032648,29005132004
7960,3240801644,29007901000
7961,3253426984,29020526340
7962,3256721472,29023820828
7963,3259729392,29026828748
7964,3259807504,29026906860
7965,3269806796,29036906152
7966,3276492584,29043591940
7967,3276550588,29043649944
7968,3279733956,29046833312
7969,3283685920,29050785276
7970,3290295960,29057395316
7971,3291391880,29058491236
7972,3296842708,29063942064
7973,3305977504,29073076860
7974,3306473644,29073573000
7975,3313020248,29080119604
7976,3320062644,29087162000
7977,3326284320,29093383676
7978,3328189276,29095288632
7979,3331182024,29098281380
7980,3335241280,29102340636
7981,3340267096,29107366452
7982,3341480044,29108579400
7983,3345759468,29112858824
7984,3353601376,29120700732
7985,3356576892,29123676248
7986,3376611756,29143711112
7987,3380706580,29147805936
7988,3388551684,29155651040
7989,3389366080,29156465436
7990,3394010596,29161109952
7991,3397831628,29164930984
7992,3399252736,29166352092
7993,3402722696,29169822052
7994,3403557288,29170656644
7995,3403769040,29170868396
7996,3405388280,29172487636
7997,3412658628,29179757984
7998,3412914808,29180014164
7999,3414915504,29182014860
8000,3414976696,29182076052
8001,3426539652,29193639008
8002,3426877276,29193976632
8003,3431688384,29198787740
8004,3433488724,29200588080
8005,3433529456,29200628812
8006,3438500024,29205599380
8007,3445944744,29213044100
8008,3447255680,29214355036
8009,3450166196,29217265552
8010,3453069156,29220168512
8011,3453102064,29220201420
8012,3453292724,29220392080
8013,3457361968,29224461324
8014,3459518828,29226618184
8015,3461312584,29228411940
8016,3461597544,29228696900
8017,3464970800,29232070156
8018,3466947812,29234047168
8019,3475384716,29242484072
8020,3485961788,29253061144
8021,3490739552,29257838908
8022,3492395796,29259495152
8023,3492866596,29259965952
8024,3496126912,29263226268
8025,3497820512,29264919868
8026,3498322504,29265421860
8027,3499832208,29266931564
8028,3501462696,29268562052
8029,3504352148,29271451504
8030,3506117392,29273216748
8031,3508275520,29275374876
8032,3510988928,29278088284
8033,3515718884,29282818240
8034,3519413256,29286512612
8035,3521250532,29288349888
8036,3525159812,29292259168
8037,3526481284,29293580640
8038,3529248968,29296348324
8039,3530843824,29297943180
8040,3532922184,29300021540
8041,3541233024,29308332380
8042,3544760320,29311859676
8043,3545341976,29312441332
8044,3547842660,29314942016
8045,3552081308,29319180664
8046,3562047720,29329147076
8047,3563032532,29330131888
8048,3563456432,29330555788
8049,3564853220,29331952576
8050,3566788436,29333887792
8051,3567063264,29334162620
8052,3569187688,29336287044
8053,3572958292,29340057648
8054,3573473996,29340573352
8055,3578555900,29345655256
8056,3580592752,29347692108
8057,3580965800,29348065156
8058,3581076560,29348175916
8059,3582703452,29349802808
8060,3584966264,29352065620
8061,3585437352,29352536708
8062,3588773240,29355872596
8063,3594559376,29361658732
8064,3601049332,29368148688
8065,3625783248,29392882604
8066,3626008232,29393107588
8067,3626722292,29393821648
8068,3626798956,29393898312
8069,3632189264,29399288620
8070,3632458412,29399557768
8071,3635004352,29402103708
8072,3637439512,29404538868
8073,3639601648,29406701004
8074,3647025192,29414124548
8075,3655552888,29422652244
8076,3656350120,29423449476
8077,3659223704,29426323060
8078,3660433500,29427532856
8079,3660623576,29427722932
8080,3661427724,29428527080
8081,3662566412,29429665768
8082,3663761096,29430860452
8083,3667415468,29434514824
8084,3683960152,29451059508
8085,3690049684,29457149040
8086,3691105960,29458205316
8087,3692258680,29459358036
8088,3692753904,29459853260
8089,3695049612,29462148968
8090,3696543532,29463642888
8091,3702583744,29469683100
8092,3706527428,29473626784
8093,3709135636,29476234992
8094,3712488464,29479587820
8095,3714215524,29481314880
8096,3727306712,29494406068
8097,3731015204,29498114560
8098,3744094704,29511194060
8099,3749823888,29516923244
8100,3755779920,29522879276
8101,3755851504,29522950860
8102,3759505616,29526604972
8103,3760979228,29528078584
8104,3768671988,29535771344
8105,3772129176,29539228532
8106,3774708208,29541807564
8107,3780291924,29547391280
8108,3780608152,29547707508
8109,3781890316,29548989672
8110,3788307128,29555406484
8111,3793687708,29560787064
8112,3795534392,29562633748
8113,3799055528,29566154884
8114,3801079516,29568178872
8115,3801094504,29568193860
8116,3801876384,29568975740
8117,3807175284,29574274640
8118,3813036332,29580135688
8119,3820505756,29587605112
8120,3822511396,29589610752
8121,3822602872,29589702228
8122,3823468308,29590567664
8123,3823762480,29590861836
8124,3829392196,29596491552
8125,3830975024,29598074380
8126,3831284004,29598383360
8127,3832808376,29599907732
8128,3832934728,29600034084
8129,3834381592,29601480948
8130,3834389936,29601489292
8131,3835029912,29602129268
8132,3841228608,29608327964
8133,3841688136,29608787492
8134,3845588132,29612687488
8135,3847310508,29614409864
8136,3849192876,29616292232
8137,3855349240,29622448596
8138,3855825620,29622924976
8139,3856371400,29623470756
8140,3860648840,29627748196
8141,3863889120,29630988476
8142,3884606596,29651705952
8143,3888821216,29655920572
8144,3891936572,29659035928
8145,3892660600,29659759956
8146,3898709000,29665808356
8147,3899300968,29666400324
8148,3899477676,29666577032
8149,3901590228,29668689584
8150,3902177168,29669276524
8151,3902773444,29669872800
8152,3903336584,29670435940
8153,3905207632,29672306988
8154,3913957556,29681056912
8155,3914971328,29682070684
8156,3915593920,29682693276
8157,3917326460,29684425816
8158,3918118200,29685217556
8159,3919101608,29686200964
8160,3923236920,29690336276
8161,3923800712,29690900068
8162,3925042204,29692141560
8163,3928713100,29695812456
8164,3929750860,29696850216
8165,3934281444,29701380800
8166,3934785760,29701885116
8167,3940001044,29707100400
8168,3940724744,29707824100
8169,3942340504,29709439860
8170,3946108168,29713207524
8171,3950757752,29717857108
8172,3963234624,29730333980
8173,3967481440,29734580796
8174,3967771800,29734871156
8175,3968118860,29735218216
8176,3980184376,29747283732
8177,3985977496,29753076852
8178,3988858720,29755958076
8179,3988938900,29756038256
8180,3993929376,29761028732
8181,3994409860,29761509216
8182,3999206800,29766306156
8183,3999375916,29766475272
8184,4007590564,29774689920
8185,4009623080,29776722436
8186,4009821272,29776920628
8187,4027926664,29795026020
8188,4028528212,29795627568
8189,4030156024,29797255380
8190,4030900088,29797999444
8191,4031659992,29798759348
8192,4032560400,29799659756
8193,4042748820,29809848176
8194,4048481224,29815580580
8195,4054858348,29821957704
8196,4061399712,29828499068
8197,4062714116,29829813472
8198,4066310124,29833409480
8199,4068443268,29835542624
8200,4070671296,29837770652
8201,4089603124,29856702480
8202,4091892620,29858991976
8203,4092889728,29859989084
8204,4095621672,29862721028
8205,4100304540,29867403896
8206,4107286232,29874385588
8207,4107355644,29874455000
8208,4117271524,29884370880
8209,4120632796,29887732152
8210,4120676576,29887775932
8211,4122946116,29890045472
8212,4130366008,29897465364
8213,4139825820,29906925176
8214,4140330452,29907429808
8215,4141808192,29908907548
8216,4146341600,29913440956
8217,4147434272,29914533628
8218,4151766708,29918866064
8219,4151844852,29918944208
8220,4153311084,29920410440
8221,4155905060,29923004416
8222,4157941868,29925041224
8223,4159219052,29926318408
8224,4163609012,29930708368
8225,4166284068,29933383424
8226,4176225376,29943324732
8227,4176851724,29943951080
8228,4178053312,29945152668
8229,4178964316,29946063672
8230,4182307840,29949407196
8231,4183666620,29950765976
8232,4186072724,29953172080
8233,4189903572,29957002928
8234,4191861404,29958960760
8235,4196253752,29963353108
8236,4197491220,29964590576
8237,4211798748,29978898104
8238,4212178952,29979278308
8239,4214429688,29981529044
8240,4219963388,29987062744
8241,4220054768,29987154124
8242,4220497356,29987596712
8243,4223806268,29990905624
8244,4224198144,29991297500
8245,4226684856,29993784212
8246,4227095760,29994195116
8247,4227228472,29994327828
8248,4233649736,30000749092
8249,4236657152,30003756508
8250,4242216668,30009316024
8251,4244043172,30011142528
8252,4247366240,30014465596
8253,4251606024,30018705380
8254,4252890756,30019990112
8255,4256220980,30023320336
8256,4260109868,30027209224
8257,4261122468,30028221824
8258,4261701696,30028801052
8259,4267247000,30034346356
8260,4267627956,30034727312
8261,4269632424,30036731780
8262,4281435104,30048534460
8263,4283027564,30050126920
8264,4289833604,30056932960
8265,610444,30062677096
8266,10746700,30072813352
8267,12648220,30074714872
8268,16868656,30078935308
8269,22712252,30084778904
8270,24669248,30086735900
8271,28609556,30090676208
8272,29240800,30091307452
8273,32964208,30095030860
8274,35647548,30097714200
8275,39162244,30101228896
8276,42436560,30104503212
8277,45945700,30108012352
8278,50309612,30112376264
8279,51716076,30113782728
8280,57942888,30120009540
8281,63525720,30125592372
8282,63657016,30125723668
8283,66748220,30128814872
8284,69164480,30131231132
8285,70120276,30132186928
8286,70510368,30132577020
8287,71771144,30133837796
8288,73747520,30135814172
8289,75683400,30137750052
8290,76199300,30138265952
8291,78444332,30140510984
8292,81447904,30143514556
8293,83292712,30145359364
8294,84288400,30146355052
8295,88753868,30150820520
8296,90441600,30152508252
8297,90702424,30152769076
8298,91659428,30153726080
8299,93071116,30155137768
8300,106010620,30168077272
8301,110113472,30172180124
8302,113680496,30175747148
8303,113984280,30176050932
8304,117685588,30179752240
8305,118740420,30180807072
8306,121713312,30183779964
8307,131639668,30193706320
8308,133949452,30196016104
8309,134275048,30196341700
8310,137335472,30199402124
8311,138264096,30200330748
8312,148478660,30210545312
8313,159589024,30221655676
8314,161533856,30223600508
8315,171052652,30233119304
8316,171493664,30233560316
8317,178751096,30240817748
8318,187367000,30249433652
8319,197807836,30259874488
8320,198865000,30260931652
8321,207444372,30269511024
8322,211308300,30273374952
8323,216032728,30278099380
8324,216454260,30278520912
8325,217502688,30279569340
8326,221546828,30283613480
8327,223318736,30285385388
8328,230757020,30292823672
8329,231750224,30293816876
8330,238125100,30300191752
8331,240073368,30302140020
8332,246182668,30308249320
8333,247525476,30309592128
8334,253003604,30315070256
8335,253340880,30315407532
8336,254052116,30316118768
8337,257509368,30319576020
8338,259482372,30321549024
8339,265908492,30327975144
8340,266201812,30328268464
8341,266738380,30328805032
8342,268156384,30330223036
8343,271953804,30334020456
8344,271989396,30334056048
8345,277345452,30339412104
8346,277577808,30339644460
8347,277859308,30339925960
8348,288931396,30350998048
8349,294270264,30356336916
8350,296093776,30358160428
8351,299638072,30361704724
8352,306442388,30368509040
8353,307432380,30369499032
8354,309847004,30371913656
8355,319317616,30381384268
8356,327375644,30389442296
8357,329494376,30391561028
8358,334625608,30396692260
8359,334911852,30396978504
8360,340206116,30402272768
8361,347122696,30409189348
8362,355509780,30417576432
8363,355720816,30417787468
8364,358518044,30420584696
8365,366993372,30429060024
8366,373933124,30435999776
8367,375990556,30438057208
8368,376813724,30438880376
8369,380288476,30442355128
8370,381698872,30443765524
8371,384765280,30446831932
8372,385336568,30447403220
8373,390198028,30452264680
8374,390246548,30452313200
8375,401120656,30463187308
8376,402493852,30464560504
8377,402854080,30464920732
8378,403412800,30465479452
8379,405391976,30467458628
8380,409780660,30471847312
8381,410576868,30472643520
8382,412006340,30474072992
8383,412674664,30474741316
8384,416269928,30478336580
8385,419527676,30481594328
8386,427068392,30489135044
8387,428085432,30490152084
8388,439583596,30501650248
8389,440247108,30502313760
8390,440434424,30502501076
8391,441997692,30504064344
8392,443727488,30505794140
8393,444240228,30506306880
8394,445704720,30507771372
8395,446759096,30508825748
8396,454709744,30516776396
8397,459910972,30521977624
8398,460703064,30522769716
8399,462943808,30525010460
8400,464013280,30526079932
8401,469171996,30531238648
8402,472878728,30534945380
8403,473597668,30535664320
8404,480234068,30542300720
8405,482179108,30544245760
8406,484940620,30547007272
8407,488241668,30550308320
8408,497850144,30559916796
8409,505699576,30567766228
8410,506309172,30568375824
8411,511470188,30573536840
8412,511990652,30574057304
8413,518370412,30580437064
8414,520822308,30582888960
8415,521795924,30583862576
8416,525023488,30587090140
8417,529678912,30591745564
8418,535598344,30597664996
8419,542812648,30604879300
8420,543406252,30605472904
8421,549605616,30611672268
8422,558094508,30620161160
8423,558822052,30620888704
8424,560792620,30622859272
8425,562464872,30624531524
8426,562862160,30624928812
8427,564485600,30626552252
8428,565075276,30627141928
8429,566609772,30628676424
8430,568124776,30630191428
8431,570532236,30632598888
8432,570971320,30633037972
8433,573922856,30635989508
8434,574753312,30636819964
8435,576996096,30639062748
8436,582764644,30644831296
8437,583180676,30645247328
8438,585895944,30647962596
8439,588459896,30650526548
8440,594041892,30656108544
8441,599267576,30661334228
8442,606778744,30668845396
8443,615575336,30677641988
8444,615956896,30678023548
8445,618557760,30680624412
8446,627909440,30689976092
8447,631311852,30693378504
8448,632286080,30694352732
8449,634120104,30696186756
8450,635163548,30697230200
8451,635857072,30697923724
8452,643395320,30705461972
8453,645340676,30707407328
8454,648594204,30710660856
8455,653499104,30715565756
8456,660106924,30722173576
8457,667405768,30729472420
8458,672531160,30734597812
8459,678132340,30740198992
8460,681752612,30743819264
8461,682332960,30744399612
8462,691000012,30753066664
8463,692363936,30754430588
8464,692590412,30754657064
8465,697447096,30759513748
8466,698421752,30760488404
8467,699567272,30761633924
8468,707341248,30769407900
8469,711070276,30773136928
8470,729860560,30791927212
8471,730486736,30792553388
8472,735959376,30798026028
8473,738174840,30800241492
8474,743898564,30805965216
8475,746162912,30808229564
8476,756579440,30818646092
8477,759020464,30821087116
8478,759125820,30821192472
8479,761112512,30823179164
8480,764148732,30826215384
8481,766180700,30828247352
8482,768593936,30830660588
8483,771504624,30833571276
8484,773932468,30835999120
8485,774743620,30836810272
8486,777572676,30839639328
8487,778988572,30841055224
8488,779265696,30841332348
8489,781709448,30843776100
8490,784163272,30846229924
8491,784608100,30846674752
8492,791664664,30853731316
8493,793159904,30855226556
8494,794279884,30856346536
8495,795168104,30857234756
8496,799360428,30861427080
8497,809216672,30871283324
8498,810355492,30872422144
8499,811039564,30873106216
8500,822407220,30884473872
8501,823589344,30885655996
8502,824501376,30886568028
8503,826548372,30888615024
8504,829056728,30891123380
8505,832469516,30894536168
8506,832817112,30894883764
8507,838366708,30900433360
8508,839463144,30901529796
8509,849352064,30911418716
8510,850603696,30912670348
8511,851727336,30913793988
8512,858194240,30920260892
8513,858245416,30920312068
8514,866532188,30928598840
8515,866898052,30928964704
8516,869852304,30931918956
8517,876351016,30938417668
8518,877561668,30939628320
8519,880305312,30942371964
8520,881979064,30944045716
8521,884570696,30946637348
8522,886662064,30948728716
8523,888725616,30950792268
8524,896172380,30958239032
8525,896716680,30958783332
8526,903182508,30965249160
8527,904105644,30966172296
8528,906270616,30968337268
8529,913188820,30975255472
8530,913222696,30975289348
8531,915206856,30977273508
8532,922473188,30984539840
8533,924802096,30986868748
8534,932122756,30994189408
8535,941643072,31003709724
8536,950106280,31012172932
8537,951376228,31013442880
8538,969422516,31031489168
8539,972054068,31034120720
8540,972513460,31034580112
8541,972795816,31034862468
8542,976048376,31038115028
8543,978002932,31040069584
8544,984056080,31046122732
8545,985448880,31047515532
8546,986490436,31048557088
8547,987609704,31049676356
8548,991001276,31053067928
8549,998557836,31060624488
8550,1000926408,31062993060
8551,1004207820,31066274472
8552,1006328220,31068394872
8553,1012396124,31074462776
8554,1018277688,31080344340
8555,1019619036,31081685688
8556,1030953248,31093019900
8557,1043358280,31105424932
8558,1046163468,31108230120
8559,1051370644,31113437296
8560,1064529216,31126595868
8561,1064986312,31127052964
8562,1066775260,31128841912
8563,1067978272,31130044924
8564,1083479248,31145545900
8565,1087185632,31149252284
8566,1089973444,31152040096
8567,1095983348,31158050000
8568,1099846252,31161912904
8569,1104428780,31166495432
8570,1108114656,31170181308
8571,1108680208,31170746860
8572,1108962312,31171028964
8573,1113357760,31175424412
8574,1114020628,31176087280
8575,1123282248,31185348900
8576,1136134188,31198200840
8577,1136759984,31198826636
8578,1137985236,31200051888
8579,1139361520,31201428172
8580,1142060216,31204126868
8581,1142193352,31204260004
8582,1145382448,31207449100
8583,1149402652,31211469304
8584,1152611792,31214678444
8585,1154527808,31216594460
8586,1160833904,31222900556
8587,1163196468,31225263120
8588,1165906680,31227973332
8589,1170013268,31232079920
8590,1172820916,31234887568
8591,1174165064,31236231716
8592,1177956032,31240022684
8593,1182127300,31244193952
8594,1184148976,31246215628
8595,1198959924,31261026576
8596,1199224344,31261290996
8597,1204580220,31266646872
8598,1208405152,31270471804
8599,1210096660,31272163312
8600,1210427052,31272493704
8601,1214081720,31276148372
8602,1215806208,31277872860
8603,1218790796,31280857448
8604,1219221128,31281287780
8605,1228363520,31290430172
8606,1233340572,31295407224
8607,1233853188,31295919840
8608,1236995408,31299062060
8609,1237201092,31299267744
8610,1239602072,31301668724
8611,1248933776,31311000428
8612,1249325728,31311392380
8613,1251015944,31313082596
8614,1251301116,31313367768
8615,1255958124,31318024776
8616,1262210904,31324277556
8617,1262793012,31324859664
8618,1265161296,31327227948
8619,1270438796,31332505448
8620,1270487720,31332554372
8621,1271257672,31333324324
8622,1274617588,31336684240
8623,1279097656,31341164308
8624,1280323788,31342390440
8625,1282647228,31344713880
8626,1283209644,31345276296
8627,1287011344,31349077996
8628,1288691024,31350757676
8629,1289514852,31351581504
8630,1290457236,31352523888
8631,1290632640,31352699292
8632,1291194264,31353260916
8633,1294868460,31356935112
8634,1295949192,31358015844
8635,1298134308,31360200960
8636,1306796784,31368863436
8637,1308591416,31370658068
8638,1323997616,31386064268
8639,1326909216,31388975868
8640,1327798432,31389865084
8641,1332522384,31394589036
8642,1333226460,31395293112
8643,1334428640,31396495292
8644,1337109892,31399176544
8645,1337804396,31399871048
8646,1338069940,31400136592
8647,1338728588,31400795240
8648,1344810440,31406877092
8649,1345534072,31407600724
8650,1345619496,31407686148
8651,1353945264,31416011916
8652,1357496320,31419562972
8653,1364865904,31426932556
8654,1366655028,31428721680
8655,1368974968,31431041620
8656,1370128800,31432195452
8657,1377009180,31439075832
8658,1383294004,31445360656
8659,1384897928,31446964580
8660,1386114308,31448180960
8661,1386690988,31448757640
8662,1387170740,31449237392
8663,1388437280,31450503932
8664,1389045232,31451111884
8665,1389574996,31451641648
8666,1389979408,31452046060
8667,1392898644,31454965296
8668,1393187012,31455253664
8669,1395980836,31458047488
8670,1402560308,31464626960
8671,1406710412,31468777064
8672,1408734828,31470801480
8673,1409477096,31471543748
8674,1417887496,31479954148
8675,1424775292,31486841944
8676,1427626148,31489692800
8677,1429219604,31491286256
8678,1429510868,31491577520
8679,1429548636,31491615288
8680,1434408088,31496474740
8681,1441014768,31503081420
8682,1446187624,31508254276
8683,1446346492,31508413144
8684,1452272448,31514339100
8685,1452829832,31514896484
8686,1453602072,31515668724
8687,1454106080,31516172732
8688,1456831596,31518898248
8689,1459701072,31521767724
8690,1459758936,31521825588
8691,1467343036,31529409688
8692,1471628132,31533694784
8693,1471988440,31534055092
8694,1472428468,31534495120
8695,1472555592,31534622244
8696,1476357588,31538424240
8697,1476614428,31538681080
8698,1478676936,31540743588
8699,1478820956,31540887608
8700,1485873932,31547940584
8701,1493235532,31555302184
8702,1496234012,31558300664
8703,1496656728,31558723380
8704,1502602556,31564669208
8705,1503277504,31565344156
8706,1507469376,31569536028
8707,1507956332,31570022984
8708,1512756432,31574823084
8709,1513827624,31575894276
8710,1515709628,31577776280
8711,1517372892,31579439544
8712,1522198332,31584264984
8713,1527923332,31589989984
8714,1528609772,31590676424
8715,1528995780,31591062432
8716,1529550136,31591616788
8717,1529801868,31591868520
8718,1538412424,31600479076
8719,1546419372,31608486024
8720,1546523716,31608590368
8721,1548211628,31610278280
8722,1551552580,31613619232
8723,1552138964,31614205616
8724,1554562688,31616629340
8725,1555241156,31617307808
8726,1564628620,31626695272
8727,1569383460,31631450112
8728,1572899948,31634966600
8729,1575435904,31637502556
8730,1577881668,31639948320
8731,1578631012,31640697664
8732,1579472088,31641538740
8733,1582693376,31644760028
8734,1586603424,31648670076
8735,1590301328,31652367980
8736,1595917236,31657983888
8737,1600728088,31662794740
8738,1603707584,31665774236
8739,1614380648,31676447300
8740,1617654832,31679721484
8741,1619099420,31681166072
8742,1619295084,31681361736
8743,1631309288,31693375940
8744,1632578972,31694645624
8745,1633419920,31695486572
8746,1634875132,31696941784
8747,1635623060,31697689712
8748,1637689304,31699755956
8749,1639226200,31701292852
8750,1640658472,31702725124
8751,1643904328,31705970980
8752,1644973344,31707039996
8753,1645070696,31707137348
8754,1651885632,31713952284
8755,1667213672,31729280324
8756,1676356008,31738422660
8757,1678541988,31740608640
8758,1683104784,31745171436
8759,1684802320,31746868972
8760,1685273400,31747340052
8761,1687257596,31749324248
8762,1690705444,31752772096
8763,1691697108,31753763760
8764,1691994160,31754060812
8765,1693954944,31756021596
8766,1694125716,31756192368
8767,1694952364,31757019016
8768,1702432108,31764498760
8769,1702602136,31764668788
8770,1702617008,31764683660
8771,1705787164,31767853816
8772,1707757072,31769823724
8773,1713177772,31775244424
8774,1714722932,31776789584
8775,1724724560,31786791212
8776,1728669352,31790736004
8777,1728871660,31790938312
8778,1730292096,31792358748
8779,1737383344,31799449996
8780,1738728384,31800795036
8781,1739479692,31801546344
8782,1751764740,31813831392
8783,1752942320,31815008972
8784,1754392140,31816458792
8785,1755526440,31817593092
8786,1762378244,31824444896
8787,1764699236,31826765888
8788,1765141464,31827208116
8789,1776690012,31838756664
8790,1789790524,31851857176
8791,1791729560,31853796212
8792,1792239548,31854306200
8793,1795212596,31857279248
8794,1797177144,31859243796
8795,1798921880,31860988532
8796,1804159988,31866226640
8797,1806621432,31868688084
8798,1812626676,31874693328
8799,1813119964,31875186616
8800,1813620380,31875687032
8801,1815493740,31877560392
8802,1818053116,31880119768
8803,1832595996,31894662648
8804,1846691996,31908758648
8805,1847478648,31909545300
8806,1849062076,31911128728
8807,1850949876,31913016528
8808,1850959652,31913026304
8809,1854133840,31916200492
8810,1863559268,31925625920
8811,1868005776,31930072428
8812,1868263740,31930330392
8813,1871662508,31933729160
8814,1872373044,31934439696
8815,1872618684,31934685336
8816,1879418096,31941484748
8817,1882173396,31944240048
8818,1885375848,31947442500
8819,1909988980,31972055632
8820,1911490516,31973557168
8821,1911815252,31973881904
8822,1912607008,31974673660
8823,1914890312,31976956964
8824,1917373624,31979440276
8825,1918353556,31980420208
8826,1918798888,31980865540
8827,1920433688,31982500340
8828,1922066308,31984132960
8829,1922924644,31984991296
8830,1923381552,31985448204
8831,1927739296,31989805948
8832,1935109536,31997176188
8833,1940356960,32002423612
8834,1942306164,32004372816
8835,1945854748,32007921400
8836,1946921364,32008988016
8837,1947698800,32009765452
8838,1952160892,32014227544
8839,1954647984,32016714636
8840,1957040052,32019106704
8841,1957973160,32020039812
8842,1958719032,32020785684
8843,1968168180,32030234832
8844,1982656180,32044722832
8845,1982768812,32044835464
8846,1983057624,32045124276
8847,1986255588,32048322240
8848,1986507144,32048573796
8849,1992039896,32054106548
8850,1992374004,32054440656
8851,1995433212,32057499864
8852,1996656064,32058722716
8853,2000759716,32062826368
8854,2001451740,32063518392
8855,2009242268,32071308920
8856,2010735100,32072801752
8857,2010810928,32072877580
8858,2011932604,32073999256
8859,2012888968,32074955620
8860,2016365872,32078432524
8861,2024248836,32086315488
8862,2028324684,32090391336
8863,2028436444,32090503096
8864,2034921832,32096988484
8865,2043204024,32105270676
8866,2047204364,32109271016
8867,2054268580,32116335232
8868,2058100620,32120167272
8869,2060987688,32123054340
8870,2061717228,32123783880
8871,2062562120,32124628772
8872,2063069956,32125136608
8873,2069584616,32131651268
8874,2071628588,32133695240
8875,2072626184,32134692836
8876,2075454616,32137521268
8877,2075984880,32138051532
8878,2082523488,32144590140
8879,2089830376,32151897028
8880,2091335780,32153402432
8881,2093960204,32156026856
8882,2096384280,32158450932
8883,2098422956,32160489608
8884,2101532932,32163599584
8885,2102246084,32164312736
8886,2105000072,32167066724
8887,2109696440,32171763092
8888,2111022200,32173088852
8889,2115319260,32177385912
8890,2117759392,32179826044
8891,2118288720,32180355372
8892,2118351276,32180417928
8893,2120636468,32182703120
8894,2121449940,32183516592
8895,2125430536,32187497188
8896,2134089584,32196156236
8897,2135239712,32197306364
8898,2138291608,32200358260
8899,2140492052,32202558704
8900,2143275496,32205342148
8901,2145889208,32207955860
8902,2149950800,32212017452
8903,2154360492,32216427144
8904,2154455440,32216522092
8905,2156330248,32218396900
8906,2159934252,32222000904
8907,2162846768,32224913420
8908,2172170580,32234237232
8909,2173161360,32235228012
8910,2173199548,32235266200
8911,2176878700,32238945352
8912,2177546548,32239613200
8913,2180401736,32242468388
8914,2181537236,32243603888
8915,2182231220,32244297872
8916,2184894532,32246961184
8917,2184997752,32247064404
8918,2189583748,32251650400
8919,2194474352,32256541004
8920,2204487008,32266553660
8921,2213692716,32275759368
8922,2213694404,32275761056
8923,2213716192,32275782844
8924,2224249644,32286316296
8925,2227827044,32289893696
8926,2231317572,32293384224
8927,2238732936,32300799588
8928,2246587016,32308653668
8929,2258204100,32320270752
8930,2260820456,32322887108
8931,2262614472,32324681124
8932,2264287788,32326354440
8933,2264936456,32327003108
8934,2267935320,32330001972
8935,2268986532,32331053184
8936,2269583468,32331650120
8937,2276031632,32338098284
8938,2281479596,32343546248
8939,2283639852,32345706504
8940,2284149444,32346216096
8941,2286205136,32348271788
8942,2286765172,32348831824
8943,2286894216,32348960868
8944,2287878296,32349944948
8945,2290322244,32352388896
8946,2306046272,32368112924
8947,2306409484,32368476136
8948,2308524512,32370591164
8949,2309792724,32371859376
8950,2309891948,32371958600
8951,2314798172,32376864824
8952,2322311744,32384378396
8953,2323564348,32385631000
8954,2330435524,32392502176
8955,2331430812,32393497464
8956,2332684424,32394751076
8957,2334666400,32396733052
8958,2339848236,32401914888
8959,2341816600,32403883252
8960,2352403364,32414470016
8961,2359570564,32421637216
8962,2360210800,32422277452
8963,2360289500,32422356152
8964,2361669824,32423736476
8965,2363439680,32425506332
8966,2365132284,32427198936
8967,2365283352,32427350004
8968,2365333388,32427400040
8969,2365608960,32427675612
8970,2365950848,32428017500
8971,2366971448,32429038100
8972,2373940224,32436006876
8973,2375810536,32437877188
8974,2377256720,32439323372
8975,2386285052,32448351704
8976,2386715888,32448782540
8977,2386858220,32448924872
8978,2388284168,32450350820
8979,2389221200,32451287852
8980,2392093256,32454159908
8981,2392629572,32454696224
8982,2395931028,32457997680
8983,2402434984,32464501636
8984,2403761528,32465828180
8985,2409970272,32472036924
8986,2412800480,32474867132
8987,2416047124,32478113776
8988,2416968060,32479034712
8989,2417303540,32479370192
8990,2417550984,32479617636
8991,2419249584,32481316236
8992,2421143084,32483209736
8993,2423029772,32485096424
8994,2423482012,32485548664
8995,2427126352,32489193004
8996,2457013180,32519079832
8997,2463027768,32525094420
8998,2463865300,32525931952
8999,2463899056,32525965708
9000,2470473268,32532539920
9001,2471523792,32533590444
9002,2477247584,32539314236
9003,2484814884,32546881536
9004,2498855208,32560921860
9005,2504040992,32566107644
9006,2505981012,32568047664
9007,2511402188,32573468840
9008,2513996784,32576063436
9009,2523364300,32585430952
9010,2523423312,32585489964
9011,2529112332,32591178984
9012,2532132872,32594199524
9013,2535703724,32597770376
9014,2538697496,32600764148
9015,2541183336,32603249988
9016,2544385360,32606452012
9017,2544659796,32606726448
9018,2546235044,32608301696
9019,2550775592,32612842244
9020,2551926880,32613993532
9021,2552607504,32614674156
9022,2555740840,32617807492
9023,2564337404,32626404056
9024,2566911816,32628978468
9025,2571584968,32633651620
9026,2574238504,32636305156
9027,2575815992,32637882644
9028,2576300480,32638367132
9029,2577154716,32639221368
9030,2577804180,32639870832
9031,2578623496,32640690148
9032,2582543172,32644609824
9033,2583662000,32645728652
9034,2586324220,32648390872
9035,2587807400,32649874052
9036,2589554932,32651621584
9037,2594559336,32656625988
9038,2598299316,32660365968
9039,2607657832,32669724484
9040,2612100188,32674166840
9041,2616493132,32678559784
9042,2630558984,32692625636
9043,2632455160,32694521812
9044,2637130128,32699196780
9045,2638811272,32700877924
9046,2641379240,32703445892
9047,2641384068,32703450720
9048,2643179252,32705245904
9049,2649451832,32711518484
9050,2649610732,32711677384
9051,2650383512,32712450164
9052,2650891060,32712957712
9053,2660630228,32722696880
9054,2664146656,32726213308
9055,2667742676,32729809328
9056,2680179952,32742246604
9057,2681909100,32743975752
9058,2693022200,32755088852
9059,2696617436,32758684088
9060,2700052180,32762118832
9061,2700903644,32762970296
9062,2701289808,32763356460
9063,2701375836,32763442488
9064,2703142980,32765209632
9065,2705949756,32768016408
9066,2708086740,32770153392
9067,2714077336,32776143988
9068,2720377824,32782444476
9069,2720657092,32782723744
9070,2722485584,32784552236
9071,2722560500,32784627152
9072,2725288360,32787355012
9073,2726768364,32788835016
9074,2728311624,32790378276
9075,2735872160,32797938812
9076,2736995792,32799062444
9077,2740411932,32802478584
9078,2742814636,32804881288
9079,2747685096,32809751748
9080,2748586812,32810653464
9081,2749764000,32811830652
9082,2755329092,32817395744
9083,2757153052,32819219704
9084,2768616676,32830683328
9085,2769884016,32831950668
9086,2771651908,32833718560
9087,2774603048,32836669700
9088,2776853592,32838920244
9089,2780339436,32842406088
9090,2786951432,32849018084
9091,2790627916,32852694568
9092,2794022596,32856089248
9093,2794537528,32856604180
9094,2796489808,32858556460
9095,2799743252,32861809904
9096,2806568004,32868634656
9097,2807322328,32869388980
9098,2819658012,32881724664
9099,2823409096,32885475748
9100,2825892312,32887958964
9101,2828267960,32890334612
9102,2829805368,32891872020
9103,2832333184,32894399836
9104,2835976416,32898043068
9105,2841237216,32903303868
9106,2842727944,32904794596
9107,2844746812,32906813464
9108,2845944220,32908010872
9109,2849454520,32911521172
9110,2854025928,32916092580
9111,2855250644,32917317296
9112,2862282076,32924348728
9113,2863266000,32925332652
9114,2869103768,32931170420
9115,2871115456,32933182108
9116,2878235516,32940302168
9117,2879671056,32941737708
9118,2884540528,32946607180
9119,2889877904,32951944556
9120,2893568152,32955634804
9121,2894724976,32956791628
9122,2897410440,32959477092
9123,2899807820,32961874472
9124,2901604252,32963670904
9125,2902362428,32964429080
9126,2902588584,32964655236
9127,2905671608,32967738260
9128,2907347476,32969414128
9129,2909346112,32971412764
9130,2910367972,32972434624
9131,2913921332,32975987984
9132,2916524120,32978590772
9133,2916799248,32978865900
9134,2916861088,32978927740
9135,2918211856,32980278508
9136,2936640896,32998707548
9137,2938860184,33000926836
9138,2939000480,33001067132
9139,2939317216,33001383868
9140,2942427528,33004494180
9141,2945206780,33007273432
9142,2946233496,33008300148
9143,2947059004,33009125656
9144,2950348972,33012415624
9145,2950351864,33012418516
9146,2951617908,33013684560
9147,2952725408,33014792060
9148,2954726932,33016793584
9149,2957211496,33019278148
9150,2958432512,33020499164
9151,2964414368,33026481020
9152,2965229452,33027296104
9153,2966677296,33028743948
9154,2967209856,33029276508
9155,2977544788,33039611440
9156,2983748992,33045815644
9157,2993744548,33055811200
9158,2995734760,33057801412
9159,2995741364,33057808016
9160,3003305608,33065372260
9161,3007445600,33069512252
9162,3009724544,33071791196
9163,3010398768,33072465420
9164,3011573348,33073640000
9165,3012001456,33074068108
9166,3013598692,33075665344
9167,3013727320,33075793972
9168,3016668268,33078734920
9169,3023141968,33085208620
9170,3027309076,33089375728
9171,3028177812,33090244464
9172,3031016892,33093083544
9173,3031315824,33093382476
9174,3033003824,33095070476
9175,3033207868,33095274520
9176,3036964088,33099030740
9177,3040567640,33102634292
9178,3043001252,33105067904
9179,3043546956,33105613608
9180,3044341188,33106407840
9181,3049860528,33111927180
9182,3049940332,33112006984
9183,3052746244,33114812896
9184,3057130508,33119197160
9185,3061240060,33123306712
9186,3065015764,33127082416
9187,3066350396,33128417048
9188,3070804912,33132871564
9189,3073070956,33135137608
9190,3074165004,33136231656
9191,3078834980,33140901632
9192,3079557328,33141623980
9193,3082253848,33144320500
9194,3084819972,33146886624
9195,3085568472,33147635124
9196,3088120756,33150187408
9197,3094714292,33156780944
9198,3100741840,33162808492
9199,3103347740,33165414392
9200,3111033852,33173100504
9201,3111597400,33173664052
9202,3114604672,33176671324
9203,3118013804,33180080456
9204,3123365292,33185431944
9205,3133534200,33195600852
9206,3140992132,33203058784
9207,3143225820,33205292472
9208,3144656824,33206723476
9209,3145398728,33207465380
9210,3147659256,33209725908
9211,3151681856,33213748508
9212,3152236664,33214303316
9213,3152597848,33214664500
9214,3154366604,33216433256
9215,3160454380,33222521032
9216,3161811300,33223877952
9217,3162518208,33224584860
9218,3169179020,33231245672
9219,3169369268,33231435920
9220,3169489836,33231556488
9221,3170989912,33233056564
9222,3173126760,33235193412
9223,3184540920,33246607572
9224,3189424996,33251491648
9225,3189427120,33251493772
9226,3191798524,33253865176
9227,3197865416,33259932068
9228,3198583176,33260649828
9229,3202891888,33264958540
9230,3212798156,33274864808
9231,3213031156,33275097808
9232,3218204016,33280270668
9233,3219392888,33281459540
9234,3223001920,33285068572
9235,3226125532,33288192184
9236,3231704900,33293771552
9237,3233571640,33295638292
9238,3234769964,33296836616
9239,3237455828,33299522480
9240,3238190072,33300256724
9241,3239500896,33301567548
9242,3240445624,33302512276
9243,3241649196,33303715848
9244,3242147768,33304214420
9245,3247796312,33309862964
9246,3248544420,33310611072
9247,3252494336,33314560988
9248,3253793416,33315860068
9249,3254426264,33316492916
9250,3265585160,33327651812
9251,3267061504,33329128156
9252,3278755036,33340821688
9253,3285201816,33347268468
9254,3285350956,33347417608
9255,3286674816,33348741468
9256,3288848000,33350914652
9257,3290581028,33352647680
9258,3290786864,33352853516
9259,3293303552,33355370204
9260,3298564628,33360631280
9261,3298950576,33361017228
9262,3303501712,33365568364
9263,3303737452,33365804104
9264,3311571672,33373638324
9265,3314797028,33376863680
9266,3315385892,33377452544
9267,3321788444,33383855096
9268,3322130584,33384197236
9269,3332008936,33394075588
9270,3339167184,33401233836
9271,3340445640,33402512292
9272,3342627904,33404694556
9273,3350965752,33413032404
9274,3351463968,33413530620
9275,3359417908,33421484560
9276,3369579156,33431645808
9277,3370377540,33432444192
9278,3381236852,33443303504
9279,3392050564,33454117216
9280,3399960492,33462027144
9281,3401955924,33464022576
9282,3408750388,33470817040
9283,3416253060,33478319712
9284,3418634412,33480701064
9285,3422924456,33484991108
9286,3423444956,33485511608
9287,3437852020,33499918672
9288,3439306764,33501373416
9289,3441427392,33503494044
9290,3445328712,33507395364
9291,3448267512,33510334164
9292,3449315696,33511382348
9293,3465842288,33527908940
9294,3466378536,33528445188
9295,3473628440,33535695092
9296,3475495288,33537561940
9297,3476127084,33538193736
9298,3479699628,33541766280
9299,3487799980,33549866632
9300,3487887528,33549954180
9301,3490573808,33552640460
9302,3495432348,33557499000
9303,3496200336,33558266988
9304,3501453252,33563519904
9305,3503464148,33565530800
9306,3504535452,33566602104
9307,3504948024,33567014676
9308,3512760344,33574826996
9309,3515449996,33577516648
9310,3523958928,33586025580
9311,3524198432,33586265084
9312,3524247468,33586314120
9313,3532822568,33594889220
9314,3536310320,33598376972
9315,3544531364,33606598016
9316,3545362056,33607428708
9317,3547200228,33609266880
9318,3549390672,33611457324
9319,3551593012,33613659664
9320,3558898584,33620965236
9321,3562971564,33625038216
9322,3563096148,33625162800
9323,3564147820,33626214472
9324,3568067528,33630134180
9325,3571127232,33633193884
9326,3572242144,33634308796
9327,3572257604,33634324256
9328,3572944324,33635010976
9329,3574580168,33636646820
9330,3577344496,33639411148
9331,3590687556,33652754208
9332,3601271260,33663337912
9333,3606758688,33668825340
9334,3614307460,33676374112
9335,3616438940,33678505592
9336,3620051832,33682118484
9337,3627153988,33689220640
9338,3627525144,33689591796
9339,3628106144,33690172796
9340,3630302092,33692368744
9341,3630350336,33692416988
9342,3631003252,33693069904
9343,3633443928,33695510580
9344,3634968168,33697034820
9345,3638248656,33700315308
9346,3643551168,33705617820
9347,3645861372,33707928024
9348,3646391968,33708458620
9349,3653958208,33716024860
9350,3656328472,33718395124
9351,3666595792,33728662444
9352,3667276700,33729343352
9353,3667722056,33729788708
9354,3671245076,33733311728
9355,3671334416,33733401068
9356,3672801384,33734868036
9357,3673447044,33735513696
9358,3676088492,33738155144
9359,3678370892,33740437544
9360,3679217004,33741283656
9361,3685127396,33747194048
9362,3685386148,33747452800
9363,3686416412,33748483064
9364,3690544016,33752610668
9365,3692108436,33754175088
9366,3692290968,33754357620
9367,3692633960,33754700612
9368,3694580780,33756647432
9369,3696407080,33758473732
9370,3698928328,33760994980
9371,3704834368,33766901020
9372,3709646248,33771712900
9373,3709732792,33771799444
9374,3716687556,33778754208
9375,3718371912,33780438564
9376,3733714576,33795781228
9377,3735086712,33797153364
9378,3740211456,33802278108
9379,3742362340,33804428992
9380,3747319708,33809386360
9381,3747562596,33809629248
9382,3754704600,33816771252
9383,3757430428,33819497080
9384,3758697936,33820764588
9385,3759818448,33821885100
9386,3765245640,33827312292
9387,3766621408,33828688060
9388,3767641600,33829708252
9389,3770684724,33832751376
9390,3772593312,33834659964
9391,3778082080,33840148732
9392,3778113208,33840179860
9393,3783109428,33845176080
9394,3791647412,33853714064
9395,3796385900,33858452552
9396,3798327044,33860393696
9397,3810027884,33872094536
9398,3816348696,33878415348
9399,3830337528,33892404180
9400,3831898892,33893965544
9401,3832903340,33894969992
9402,3836813188,33898879840
9403,3837677920,33899744572
9404,3845732620,33907799272
9405,3850906648,33912973300
9406,3864008400,33926075052
9407,3869363936,33931430588
9408,3882517032,33944583684
9409,3887585864,33949652516
9410,3889938740,33952005392
9411,3889940392,33952007044
9412,3893678968,33955745620
9413,3893774044,33955840696
9414,3899405156,33961471808
9415,3905825880,33967892532
9416,3907694720,33969761372
9417,3914425388,33976492040
9418,3918134336,33980200988
9419,3928300588,33990367240
9420,3931174048,33993240700
9421,3933760712,33995827364
9422,3934878420,33996945072
9423,3939992576,34002059228
9424,3941671096,34003737748
9425,3943025552,34005092204
9426,3943695372,34005762024
9427,3944810164,34006876816
9428,3945067812,34007134464
9429,3947043240,34009109892
9430,3949103472,34011170124
9431,3954084328,34016150980
9432,3957383392,34019450044
9433,3959534748,34021601400
9434,3959556192,34021622844
9435,3962833184,34024899836
9436,3968450960,34030517612
9437,3973687240,34035753892
9438,3989972144,34052038796
9439,3990219728,34052286380
9440,3998842644,34060909296
9441,4000244032,34062310684
9442,4017959544,34080026196
9443,4023909696,34085976348
9444,4027347928,34089414580
9445,4032456724,34094523376
9446,4042399112,34104465764
9447,4042736664,34104803316
9448,4045338660,34107405312
9449,4049956400,34112023052
9450,4055294812,34117361464
9451,4057909140,34119975792
9452,4058364144,34120430796
9453,4068653140,34130719792
9454,4074213052,34136279704
9455,4080273808,34142340460
9456,4084130648,34146197300
9457,4089162052,34151228704
9458,4090631716,34152698368
9459,4090662400,34152729052
9460,4093336348,34155403000
9461,4096802056,34158868708
9462,4097002808,34159069460
9463,4103619248,34165685900
9464,4121198520,34183265172
9465,4122516112,34184582764
9466,4123123916,34185190568
9467,4126366020,34188432672
9468,4128023448,34190090100
9469,4134658536,34196725188
9470,4135541572,34197608224
9471,4137469456,34199536108
9472,4148761620,34210828272
9473,4148944796,34211011448
9474,4151003124,34213069776
9475,4151602936,34213669588
9476,4153013192,34215079844
9477,4155252220,34217318872
9478,4174137212,34236203864
9479,4174543920,34236610572
9480,4174610116,34236676768
9481,4183002240,34245068892
9482,4183620624,34245687276
9483,4191056396,34253123048
9484,4191774792,34253841444
9485,4193161904,34255228556
9486,4193214184,34255280836
9487,4197870280,34259936932
9488,4198624508,34260691160
9489,4200341640,34262408292
9490,4206985532,34269052184
9491,4207486612,34269553264
9492,4209512176,34271578828
9493,4209854216,34271920868
9494,4215835032,34277901684
9495,4223837240,34285903892
9496,4230983160,34293049812
9497,4233206116,34295272768
9498,4235489756,34297556408
9499,4240322656,34302389308
9500,4246573788,34308640440
9501,4252942076,34315008728
9502,4260536216,34322602868
9503,4262940560,34325007212
9504,4265804072,34327870724
9505,4268335168,34330401820
9506,4271716856,34333783508
9507,4278815200,34340881852
9508,4280998544,34343065196
9509,4283372472,34345439124
9510,4291124620,34353191272
9511,4293358792,34355425444
9512,4294958800,34357025452
9513,3479552,34360513500
9514,10756080,34367790028
9515,12205676,34369239624
9516,12674696,34369708644
9517,12691464,34369725412
9518,13266104,34370300052
9519,17229372,34374263320
9520,20483176,34377517124
9521,24908588,34381942536
9522,25838312,34382872260
9523,26638124,34383672072
9524,26797468,34383831416
9525,28412136,34385446084
9526,28801860,34385835808
9527,28858932,34385892880
9528,34943688,34391977636
9529,35215396,34392249344
9530,35411484,34392445432
9531,36441736,34393475684
9532,40784588,34397818536
9533,45076988,34402110936
9534,49994300,34407028248
9535,51002656,34408036604
9536,51175280,34408209228
9537,51190664,34408224612
9538,51350108,34408384056
9539,54982420,34412016368
9540,64856672,34421890620
9541,70502304,34427536252
9542,71565244,34428599192
9543,78210300,34435244248
9544,84677300,34441711248
9545,84684104,34441718052
9546,86461460,34443495408
9547,92113056,34449147004
9548,94243324,34451277272
9549,95262124,34452296072
9550,101106748,34458140696
9551,103026580,34460060528
9552,104305480,34461339428
9553,104700148,34461734096
9554,117671736,34474705684
9555,118952612,34475986560
9556,120783148,34477817096
9557,121535240,34478569188
9558,124678624,34481712572
9559,126983896,34484017844
9560,127763248,34484797196
9561,128327456,34485361404
9562,130406708,34487440656
9563,130771236,34487805184
9564,135771512,34492805460
9565,136203716,34493237664
9566,143231788,34500265736
9567,145945208,34502979156
9568,147433604,34504467552
9569,148192180,34505226128
9570,152917520,34509951468
9571,159800012,34516833960
9572,161196584,34518230532
9573,166656240,34523690188
9574,168957292,34525991240
9575,172611144,34529645092
9576,172860480,34529894428
9577,175791308,34532825256
9578,187903328,34544937276
9579,194713484,34551747432
9580,206366508,34563400456
9581,208173780,34565207728
9582,208686988,34565720936
9583,218655688,34575689636
9584,221585852,34578619800
9585,221895716,34578929664
9586,224571740,34581605688
9587,224704956,34581738904
9588,226058168,34583092116
9589,227755516,34584789464
9590,230457936,34587491884
9591,231557920,34588591868
9592,232852880,34589886828
9593,242343616,34599377564
9594,243788288,34600822236
9595,250206360,34607240308
9596,258217472,34615251420
9597,259003500,34616037448
9598,265716760,34622750708
9599,267489200,34624523148
9600,269892132,34626926080
9601,271916432,34628950380
9602,273672388,34630706336
9603,276897616,34633931564
9604,280228580,34637262528
9605,285784772,34642818720
9606,286075912,34643109860
9607,296906520,34653940468
9608,303115752,34660149700
9609,303345156,34660379104
9610,304993604,34662027552
9611,312612164,34669646112
9612,315407492,34672441440
9613,317963760,34674997708
9614,320402856,34677436804
9615,320723852,34677757800
9616,335048656,34692082604
9617,336702260,34693736208
9618,337371556,34694405504
9619,338397364,34695431312
9620,344409944,34701443892
9621,347099316,34704133264
9622,353338488,34710372436
9623,365529724,34722563672
9624,375182240,34732216188
9625,377846340,34734880288
9626,379323656,34736357604
9627,379784328,34736818276
9628,381867136,34738901084
9629,384142092,34741176040
9630,385592800,34742626748
9631,387112564,34744146512
9632,392749676,34749783624
9633,392754060,34749788008
9634,396143152,34753177100
9635,401398092,34758432040
9636,401981020,34759014968
9637,404970848,34762004796
9638,406007468,34763041416
9639,418958680,34775992628
9640,424493524,34781527472
9641,424914072,34781948020
9642,432377676,34789411624
9643,433918460,34790952408
9644,435478152,34792512100
9645,435744956,34792778904
9646,435774580,34792808528
9647,437098800,34794132748
9648,437679860,34794713808
9649,449266092,34806300040
9650,455850472,34812884420
9651,457313440,34814347388
9652,458989440,34816023388
9653,461011944,34818045892
9654,466141912,34823175860
9655,469547832,34826581780
9656,469706524,34826740472
9657,473884068,34830918016
9658,479950856,34836984804
9659,485349788,34842383736
9660,489507052,34846541000
9661,504575800,34861609748
9662,505094972,34862128920
9663,517557604,34874591552
9664,528463596,34885497544
9665,530727256,34887761204
9666,531877676,34888911624
9667,536003652,34893037600
9668,547485960,34904519908
9669,548452412,34905486360
9670,548530040,34905563988
9671,550085788,34907119736
9672,550983104,34908017052
9673,551073328,34908107276
9674,551645688,34908679636
9675,553459792,34910493740
9676,562296280,34919330228
9677,570816860,34927850808
9678,574532540,34931566488
9679,574756976,34931790924
9680,575580244,34932614192
9681,580232456,34937266404
9682,580424856,34937458804
9683,583229048,34940262996
9684,586137312,34943171260
9685,592207684,34949241632
9686,592921628,34949955576
9687,594137508,34951171456
9688,595304772,34952338720
9689,597326084,34954360032
9690,600835748,34957869696
9691,602614024,34959647972
9692,603662072,34960696020
9693,604487040,34961520988
9694,607680496,34964714444
9695,613850692,34970884640
9696,614226716,34971260664
9697,615130540,34972164488
9698,622183196,34979217144
9699,623125020,34980158968
9700,624789732,34981823680
9701,626237676,34983271624
9702,630539612,34987573560
9703,634591052,34991625000
9704,636278184,34993312132
9705,637734720,34994768668
9706,637821008,34994854956
9707,640851156,34997885104
9708,646247608,35003281556
9709,647938848,35004972796
9710,650676140,35007710088
9711,652108220,35009142168
9712,652247660,35009281608
9713,652818268,35009852216
9714,652953580,35009987528
9715,655144076,35012178024
9716,655188192,35012222140
9717,655388884,35012422832
9718,658554536,35015588484
9719,667072804,35024106752
9720,667234724,35024268672
9721,670430676,35027464624
9722,677645232,35034679180
9723,679435996,35036469944
9724,680696892,35037730840
9725,685337172,35042371120
9726,686038380,35043072328
9727,687523572,35044557520
9728,691273708,35048307656
9729,693850860,35050884808
9730,706634844,35063668792
9731,708525252,35065559200
9732,710019496,35067053444
9733,710789148,35067823096
9734,712709428,35069743376
9735,718257172,35075291120
9736,725657180,35082691128
9737,729968884,35087002832
9738,732637888,35089671836
9739,734239532,35091273480
9740,734890860,35091924808
9741,737920168,35094954116
9742,739014468,35096048416
9743,743305868,35100339816
9744,743448216,35100482164
9745,746520824,35103554772
9746,755621476,35112655424
9747,756754964,35113788912
9748,759465092,35116499040
9749,761649040,35118682988
9750,763236336,35120270284
9751,765924304,35122958252
9752,767794348,35124828296
9753,780699644,35137733592
9754,781614528,35138648476
9755,784935324,35141969272
9756,786122368,35143156316
9757,786293080,35143327028
9758,786767048,35143800996
9759,805577668,35162611616
9760,808165104,35165199052
9761,810200376,35167234324
9762,813477572,35170511520
9763,816519288,35173553236
9764,817394896,35174428844
9765,818259560,35175293508
9766,818332060,35175366008
9767,821661720,35178695668
9768,824726408,35181760356
9769,826291104,35183325052
9770,826996144,35184030092
9771,830406992,35187440940
9772,832661724,35189695672
9773,833958304,35190992252
9774,835225216,35192259164
9775,839523424,35196557372
9776,839800604,35196834552
9777,840436940,35197470888
9778,841458528,35198492476
9779,846511720,35203545668
9780,847464620,35204498568
9781,847849020,35204882968
9782,849130096,35206164044
9783,850380948,35207414896
9784,855060536,35212094484
9785,857088340,35214122288
9786,858514632,35215548580
9787,859251160,35216285108
9788,864040128,35221074076
9789,864081816,35221115764
9790,864665424,35221699372
9791,868787244,35225821192
9792,873409280,35230443228
9793,875298536,35232332484
9794,877095884,35234129832
9795,878789528,35235823476
9796,882271504,35239305452
9797,886690972,35243724920
9798,893242772,35250276720
9799,897967344,35255001292
9800,898414576,35255448524
9801,898502636,35255536584
9802,901723836,35258757784
9803,909347800,35266381748
9804,909570528,35266604476
9805,910579084,35267613032
9806,911937312,35268971260
9807,918362700,35275396648
9808,925680684,35282714632
9809,926844308,35283878256
9810,927155040,35284188988
9811,931072504,35288106452
9812,931414480,35288448428
9813,935087528,35292121476
9814,940906600,35297940548
9815,943869456,35300903404
9816,945045872,35302079820
9817,946427020,35303460968
9818,947334656,35304368604
9819,954370736,35311404684
9820,961553968,35318587916
9821,967204680,35324238628
9822,969303496,35326337444
9823,974911516,35331945464
9824,983884696,35340918644
9825,991168892,35348202840
9826,995665728,35352699676
9827,997097256,35354131204
9828,1012024192,35369058140
9829,1012775144,35369809092
9830,1020054708,35377088656
9831,1021062864,35378096812
9832,1021860044,35378893992
9833,1022549236,35379583184
9834,1034371176,35391405124
9835,1038878028,35395911976
9836,1039704564,35396738512
9837,1042974388,35400008336
9838,1045018772,35402052720
9839,1045401060,35402435008
9840,1060977608,35418011556
9841,1061782324,35418816272
9842,1065158368,35422192316
9843,1083093556,35440127504
9844,1085476992,35442510940
9845,1086333308,35443367256
9846,1088816896,35445850844
9847,1088922644,35445956592
9848,1091504572,35448538520
9849,1094864756,35451898704
9850,1100702896,35457736844
9851,1104334560,35461368508
9852,1108356500,35465390448
9853,1110133240,35467167188
9854,1111339896,35468373844
9855,1114501688,35471535636
9856,1123708520,35480742468
9857,1125820432,35482854380
9858,1129503620,35486537568
9859,1133968216,35491002164
9860,1134818248,35491852196
9861,1138508996,35495542944
9862,1139798364,35496832312
9863,1148188920,35505222868
9864,1148311324,35505345272
9865,1148986336,35506020284
9866,1154982220,35512016168
9867,1159576716,35516610664
9868,1160872044,35517905992
9869,1166636120,35523670068
9870,1174849564,35531883512
9871,1175567180,35532601128
9872,1177172520,35534206468
9873,1178095660,35535129608
9874,1178204376,35535238324
9875,1179379216,35536413164
9876,1181426968,35538460916
9877,1182815636,35539849584
9878,1192318476,35549352424
9879,1197473420,35554507368
9880,1197738672,35554772620
9881,1199267884,35556301832
9882,1205044436,35562078384
9883,1208395876,35565429824
9884,1216889340,35573923288
9885,1217118064,35574152012
9886,1226481436,35583515384
9887,1229389844,35586423792
9888,1239034992,35596068940
9889,1240319968,35597353916
9890,1249437120,35606471068
9891,1252454104,35609488052
9892,1254404048,35611437996
9893,1255761400,35612795348
9894,1265999776,35623033724
9895,1267810240,35624844188
9896,1269134200,35626168148
9897,1270310112,35627344060
9898,1275337076,35632371024
9899,1281303280,35638337228
9900,1282849296,35639883244
9901,1284562532,35641596480
9902,1287602440,35644636388
9903,1294487464,35651521412
9904,1295469656,35652503604
9905,1300771352,35657805300
9906,1308053132,35665087080
9907,1310452648,35667486596
9908,1311246224,35668280172
9909,1313363784,35670397732
9910,1316313432,35673347380
9911,1331191848,35688225796
9912,1337081592,35694115540
9913,1339885108,35696919056
9914,1343368496,35700402444
9915,1346559972,35703593920
9916,1350154548,35707188496
9917,1350256884,35707290832
9918,1350835504,35707869452
9919,1353984892,35711018840
9920,1356259736,35713293684
9921,1359895740,35716929688
9922,1366724652,35723758600
9923,1368840804,35725874752
9924,1369532796,35726566744
9925,1373494660,35730528608
9926,1374010724,35731044672
9927,1384903220,35741937168
9928,1386189468,35743223416
9929,1394402204,35751436152
9930,1394792276,35751826224
9931,1395419036,35752452984
9932,1399399620,35756433568
9933,1405150544,35762184492
9934,1405564272,35762598220
9935,1408912848,35765946796
9936,1418422180,35775456128
9937,1418473592,35775507540
9938,1421585060,35778619008
9939,1428187128,35785221076
9940,1430985408,35788019356
9941,1441132436,35798166384
9942,1443614840,35800648788
9943,1444004636,35801038584
9944,1444140216,35801174164
9945,1444424532,35801458480
9946,1444484668,35801518616
9947,1446698416,35803732364
9948,1450343076,35807377024
9949,1450556656,35807590604
9950,1457069224,35814103172
9951,1461790676,35818824624
9952,1462962240,35819996188
9953,1464691044,35821724992
9954,1469824348,35826858296
9955,1471591768,35828625716
9956,1474806728,35831840676
9957,1476016816,35833050764
9958,1482009348,35839043296
9959,1486215908,35843249856
9960,1486968452,35844002400
9961,1490531856,35847565804
9962,1490558604,35847592552
9963,1492288096,35849322044
9964,1492819784,35849853732
9965,1494211124,35851245072
9966,1494424356,35851458304
9967,1502091936,35859125884
9968,1502138720,35859172668
9969,1505106624,35862140572
9970,1505251456,35862285404
9971,1505536588,35862570536
9972,1508267040,35865300988
9973,1518631352,35875665300
9974,1520301408,35877335356
9975,1520592656,35877626604
9976,1521560096,35878594044
9977,1533457892,35890491840
9978,1535792500,35892826448
9979,1535837988,35892871936
9980,1535887760,35892921708
9981,1537590576,35894624524
9982,1552753768,35909787716
9983,1553539368,35910573316
9984,1558803580,35915837528
9985,1562334456,35919368404
9986,1566817172,35923851120
9987,1568055840,35925089788
9988,1569338208,35926372156
9989,1571658720,35928692668
9990,1576548924,35933582872
9991,1580499184,35937533132
9992,1582874592,35939908540
9993,1582903524,35939937472
9994,1588725988,35945759936
9995,1591869180,35948903128
9996,1598792496,35955826444
9997,1599739232,35956773180
9998,1603171528,35960205476
9999,1609347044,35966380992
